anticodon.dna,anticodon,three.letter,Seq
AGC,IGC,Ala,59077.4890331922
TGC,UGC,Ala,24127.9648538566
ACG,ICG,Arg,5705.07435009872
CCG,CCG,Arg,7182.64643971082
CCT,CCU,Arg,25338.9360545948
TCT,1CU,Arg,129999.954116794
GTT,GUU,Asn,74798.3044446361
GTC,GUC,Asp,110387.35795919
GCA,GCA,Cys,37475.1190656349
CTG,CUG,Gln,2214.23829413782
TTG,3UG,Gln,16066.1417441833
CTC,CUC,Glu,24000.989011299
TTC,3UC,Glu,123048.456221799
CCC,CCC,Gly,10402.9418777823
GCC,GCC,Gly,156463.366767734
TCC,NCC,Gly,20594.7879007839
GTG,GUG,His,19147.6613538545
AAT,IAU,Ile,47363.3842855601
GAT,GAU,Ile,0
TAT,PAU,Ile,9040.61619349511
CAA,?AA,Leu,54389.5855768244
GAG,GAG,Leu,1304.71658187581
TAA,~AA,Leu,46996.8546185266
TAG,UAG,Leu,24827.6424693355
CTT,CUU,Lys,125277.748640256
TTT,3UU,Lys,82334.7493164817
CAT,CAU,Met,11578.2435616573
GAA,#AA,Phe,144768.955155994
AGG,AGG,Pro,10529.7009228908
TGG,NGG,Pro,62063.5231898334
AGA,IGA,Ser,94028.2258149749
CGA,CGA,Ser,1570.46456776658
GCT,GCU,Ser,24625.8400228872
TGA,NGA,Ser,22122.4602556777
AGT,IGU,Thr,65052.6510137083
CGT,CGU,Thr,4814.32850694523
TGT,UGU,Thr,27861.0379418761
CCA,BCA,Trp,46538.1257605076
GTA,GUA,Tyr,69166.1398900962
AAC,IAC,Val,67485.1395212654
CAC,CAC,Val,9446.4526880508
TAC,&AC,Val,7994.71651537456
