"codon","average_decoding_time"
"AAA",0.4579617077084493
"AAC",0.3266988481860203
"AAG",0.23000088694462242
"AAU",0.5613595899377122
"ACA",0.3497058071920151
"ACC",0.38259359359400164
"ACG",0.6876127837295453
"ACU",0.22955019546785435
"AGA",0.14774093186001375
"AGC",1.3943032540263072
"AGG",0.3071702111816334
"AGU",1.7497930104607693
"AUA",0.4428333734167505
"AUC",0.47237890601147936
"AUG",0.5496611826362074
"AUU",0.27850695570504475
"CAA",0.46506320667235285
"CAC",0.5337707013313212
"CAG",0.6439215077772826
"CAU",0.7894849180667666
"CCA",0.31742421522815545
"CCC",2.187196836306639
"CCG",0.4505829262239453
"CCU",1.7928210915455198
"CGA",0.5104525144131535
"CGC",0.6334368736593224
"CGG",2.2020768291449677
"CGU",0.39205757788637163
"CUA",1.371154663144778
"CUC",1.2066716301140257
"CUG",1.4649007544525925
"CUU",1.2915739510317144
"GAA",0.3044127043995971
"GAC",0.2790155238586689
"GAG",0.46477252729437
"GAU",0.507465536898779
"GCA",0.32693157889412566
"GCC",0.3697629437460629
"GCG",0.857302160176202
"GCU",0.22630419143470626
"GGA",1.0232419545361806
"GGC",0.1715999893077128
"GGG",0.6835703346111001
"GGU",0.38644403762690305
"GUA",0.40552980615539275
"GUC",0.512865894155598
"GUG",0.9943931397703478
"GUU",0.2858801829647722
"UAC",0.533847487178249
"UAU",0.7903725761144899
"UCA",0.37703056100495413
"UCC",0.5415389706313178
"UCG",0.7898203748240685
"UCU",0.3103257799589867
"UGC",0.7043934239692782
"UGG",0.353790598015515
"UGU",0.9817335459691728
"UUA",0.5796438333945075
"UUC",0.34253063221875324
"UUG",0.3258538083757057
"UUU",0.5771827315585297
