"codon","average_decoding_time"
"AAA",0.4002695983790528
"AAC",0.3272236559365858
"AAG",0.20766749905349968
"AAU",0.5598272706567186
"ACA",0.3377175141169998
"ACC",0.3619329210040062
"ACG",0.5659511806224791
"ACU",0.21065923068337788
"AGA",0.09816393877850818
"AGC",1.2206696408376412
"AGG",0.2867331117808681
"AGU",1.5517865250766891
"AUA",0.35134255543496773
"AUC",0.3907114556503721
"AUG",0.44245400635633025
"AUU",0.2049472832056378
"CAA",0.46563953129633506
"CAC",0.5327924805991814
"CAG",0.6446299980230381
"CAU",0.7878325297416102
"CCA",0.3448113218590938
"CCC",2.184424032876357
"CCG",0.44847585811316354
"CCU",1.7881656328892417
"CGA",0.5092203305899327
"CGC",0.6313250043403851
"CGG",2.206368571916888
"CGU",0.3923729755800379
"CUA",1.3715601610329946
"CUC",1.2058297002944698
"CUG",1.4640254943741526
"CUU",1.2910513247472104
"GAA",0.3045913938364917
"GAC",0.2786726274930175
"GAG",0.46652880414773257
"GAU",0.5073436287653977
"GCA",0.3198205437243711
"GCC",0.3700089997001906
"GCG",0.8536956017475058
"GCU",0.22656069518016506
"GGA",1.024803589873931
"GGC",0.171792058377365
"GGG",0.6826193409065019
"GGU",0.3863182195767785
"GUA",0.4041917230791357
"GUC",0.5126645897291202
"GUG",0.9955856363922959
"GUU",0.2853960883112456
"UAC",0.5335871875260597
"UAU",0.7891302324451831
"UCA",0.3772770636482986
"UCC",0.5438041074364044
"UCG",0.7892953389757662
"UCU",0.309760619050861
"UGC",0.7045602147787413
"UGG",0.35413825590250164
"UGU",0.9817336018291174
"UUA",0.5777209384211488
"UUC",0.3426919623817494
"UUG",0.2634613900614115
"UUU",0.5754266594981647
