"codon","average_decoding_time"
"AAA",0.45783332991599796
"AAC",0.32744985984274005
"AAG",0.22989487671442246
"AAU",0.5599365356907323
"ACA",0.35081862994091395
"ACC",0.3815764417133876
"ACG",0.5778607352690193
"ACU",0.2293670396499637
"AGA",0.14813319582016213
"AGC",1.396523910020082
"AGG",0.2920696377142842
"AGU",1.7452943772877656
"AUA",0.44380305574554163
"AUC",0.4717352356389298
"AUG",0.5515146456438631
"AUU",0.27879449250221033
"CAA",0.4637341135666755
"CAC",0.533462519427114
"CAG",0.6447247338314674
"CAU",0.7898640945729515
"CCA",0.31683569758379876
"CCC",2.187775258382625
"CCG",1.843819494875267
"CCU",1.7963246956094012
"CGA",0.5113400951783086
"CGC",0.6332134553668253
"CGG",2.0244658920861682
"CGU",0.39352323005535267
"CUA",1.3722286536242463
"CUC",1.2059274494499637
"CUG",1.4623194756772642
"CUU",1.2899788722502556
"GAA",0.3038484703456217
"GAC",0.2793834946217316
"GAG",0.46577215486944973
"GAU",0.5073964651211691
"GCA",0.3251926339523892
"GCC",0.36890285689141833
"GCG",0.7437968380379705
"GCU",0.22594949942637074
"GGA",1.0261622678741833
"GGC",0.17170755446208652
"GGG",1.3698167181697363
"GGU",0.3856030691374579
"GUA",0.40518139502041445
"GUC",0.5136922963549327
"GUG",0.995325741511127
"GUU",0.28482533781418246
"UAC",0.5332728083386277
"UAU",0.791223814482067
"UCA",0.37725993913540856
"UCC",0.5421542631429676
"UCG",2.914679844563732
"UCU",0.31164157564900724
"UGC",0.7056170387231432
"UGG",0.32422866206114764
"UGU",0.983753645222323
"UUA",0.5790059641889563
"UUC",0.3425119245214769
"UUG",0.2636141254170445
"UUU",0.5769164305882928
