"codon","average_decoding_time"
"AAA",0.4581745086161083
"AAC",0.3261397101859303
"AAG",0.23001120034541328
"AAU",0.5593720640474373
"ACA",0.34991370911255837
"ACC",0.44440653254434187
"ACG",0.6872081122395121
"ACU",0.22983377242604
"AGA",0.14786467755663604
"AGC",1.394704493358126
"AGG",0.30718694214450437
"AGU",1.7472388880289011
"AUA",0.44326160061928443
"AUC",0.4577461830523971
"AUG",0.5501201100741553
"AUU",0.27856988993429727
"CAA",0.2993283588812968
"CAC",0.3691858669411156
"CAG",0.5730342372973348
"CAU",0.6067344812961216
"CCA",0.3114693335359125
"CCC",1.8089180398318707
"CCG",0.38887665234107505
"CCU",1.7669300425461374
"CGA",0.4817856022948168
"CGC",0.5104391557352114
"CGG",2.089459279618375
"CGU",0.28139024832965176
"CUA",1.2343053342436474
"CUC",3.3986785720077286
"CUG",1.164103017208685
"CUU",1.1583123872081071
"GAA",0.303681449382889
"GAC",0.2786972190567522
"GAG",0.46462351055477424
"GAU",0.5077632539014658
"GCA",0.32604704773051146
"GCC",0.48098051395089697
"GCG",0.8542650049183826
"GCU",0.22555575260062755
"GGA",1.0270603477199012
"GGC",0.17215609572609708
"GGG",0.6829590189356808
"GGU",0.3864406901120721
"GUA",0.40525492284556097
"GUC",0.4983344913235849
"GUG",0.9966912736174897
"GUU",0.28543164307451746
"UAC",0.5337165870641487
"UAU",0.7903188773567249
"UCA",0.3777765643182044
"UCC",0.5051311622330072
"UCG",0.7890190839895022
"UCU",0.31089005102281697
"UGC",0.7056980495755213
"UGG",0.3533524026086262
"UGU",0.9786461821644398
"UUA",0.5779682508421456
"UUC",0.34354297246863824
"UUG",0.2636378868878896
"UUU",0.5775708887167473
