"codon","average_decoding_time"
"AAA",0.39979554190186545
"AAC",0.3265226063548613
"AAG",0.20760068192311018
"AAU",0.5600833158783004
"ACA",0.33785536211641226
"ACC",0.3622348003864988
"ACG",0.5694004434442863
"ACU",0.21001320511803895
"AGA",0.09785909207520187
"AGC",1.2196785830087478
"AGG",0.28660906766056254
"AGU",1.5496038951294056
"AUA",0.3520529063415966
"AUC",0.39097397814838925
"AUG",0.4127304476415617
"AUU",0.20535032342783954
"CAA",0.4656364340928756
"CAC",0.5329040713186339
"CAG",0.6455934723607174
"CAU",0.7899267313146513
"CCA",0.3450179305340706
"CCC",2.188616030682066
"CCG",0.4497500835974305
"CCU",1.7946481968518382
"CGA",0.5097146855721699
"CGC",0.6322062018821405
"CGG",2.195736039763694
"CGU",0.39349095978115145
"CUA",1.3714021074771117
"CUC",1.2074762827768966
"CUG",1.4030080029737095
"CUU",1.2952721087988388
"GAA",0.3041450395449947
"GAC",0.27953310470108245
"GAG",0.46504880062936177
"GAU",0.507940611060567
"GCA",0.3186304615503656
"GCC",0.3696597573501018
"GCG",0.8546332820148838
"GCU",0.22574315527254366
"GGA",1.0245463630830918
"GGC",0.17134699006146706
"GGG",0.6818832796380825
"GGU",0.38724148706506795
"GUA",0.4057262776945262
"GUC",0.5122525527534454
"GUG",2.078289138186963
"GUU",0.28486343739260805
"UAC",0.5312225503917046
"UAU",0.7888176543853064
"UCA",0.3784652765163359
"UCC",0.5418186051711029
"UCG",0.7893038704751203
"UCU",0.31023392012597323
"UGC",0.705416125974919
"UGG",0.3543464745196307
"UGU",0.9822727398604145
"UUA",0.5796096831271323
"UUC",0.34338895697539606
"UUG",0.2534662825744359
"UUU",0.5763928197870136
