"codon","average_decoding_time"
"AAA",0.46026356687202136
"AAC",0.3268108243515495
"AAG",0.23000551125658117
"AAU",0.559523260037282
"ACA",0.35064907857903155
"ACC",0.3817417604514238
"ACG",0.6865097642357382
"ACU",0.22908673993769615
"AGA",0.1485026772579895
"AGC",1.3924798574963175
"AGG",1.798559086420564
"AGU",1.7494690184371873
"AUA",0.444522271308215
"AUC",0.4707572510671152
"AUG",0.549623979045973
"AUU",0.2773432475704447
"CAA",0.46517368017729815
"CAC",0.5332597846870437
"CAG",0.6443203875170627
"CAU",0.788922076189663
"CCA",0.3177795094929363
"CCC",2.1809590181529104
"CCG",0.450156092477897
"CCU",1.7933748662714415
"CGA",0.5099957934145457
"CGC",0.6307955293262002
"CGG",2.1965764890292254
"CGU",0.39193506561513985
"CUA",1.3705511508713775
"CUC",1.2072064272185126
"CUG",1.4651842887654705
"CUU",1.2914703884484382
"GAA",0.30427227465128037
"GAC",0.2796628781041995
"GAG",0.465853132714378
"GAU",0.5066955896021329
"GCA",0.3264259105880119
"GCC",0.36967817504652384
"GCG",0.8529007469392353
"GCU",0.22650592907878483
"GGA",1.0220907583221466
"GGC",0.17151115291524655
"GGG",0.6834746123986855
"GGU",0.38642700424185483
"GUA",0.4057707247456332
"GUC",0.5133390163759011
"GUG",0.9978343081995646
"GUU",0.28548537613823205
"UAC",0.5326448022592518
"UAU",0.7902285450525919
"UCA",0.37753211023486377
"UCC",0.5421730818966919
"UCG",0.7865686366428788
"UCU",0.31018347943763347
"UGC",0.7044286362400068
"UGG",0.35401108600268366
"UGU",0.9816329537079214
"UUA",0.577664602162428
"UUC",0.34316549236367333
"UUG",0.26430568009301125
"UUU",0.5793718562708136
