"codon","average_decoding_time"
"AAA",0.4599210463973411
"AAC",0.32685056932191764
"AAG",0.22964627574823684
"AAU",0.5607559431839977
"ACA",0.35054724371595775
"ACC",0.38161495893159053
"ACG",0.6861300174209423
"ACU",0.22955402983380477
"AGA",0.1483834744602491
"AGC",1.3935184102738578
"AGG",0.30701588369354377
"AGU",1.744451805148754
"AUA",0.4435754391172491
"AUC",0.4715515339886336
"AUG",0.550771397316614
"AUU",0.27746015543970903
"CAA",0.46437042444117677
"CAC",0.5336092223179085
"CAG",0.6444397536793591
"CAU",0.7904841775521917
"CCA",0.317238736859314
"CCC",2.189682996325167
"CCG",0.44831220656400733
"CCU",1.790564246803504
"CGA",0.5111987983254483
"CGC",0.634240181042592
"CGG",2.1941514999888403
"CGU",0.39264118490718275
"CUA",1.373222142291583
"CUC",1.210069355300439
"CUG",1.4658360345320975
"CUU",1.288319956464012
"GAA",0.3041953922606452
"GAC",0.279784836559387
"GAG",0.4650629538054214
"GAU",0.507220980985602
"GCA",0.326268442173659
"GCC",0.36922677414689853
"GCG",0.8537359003362616
"GCU",0.22556291662519337
"GGA",1.0208435012641226
"GGC",0.17181155336602166
"GGG",0.6815584034020744
"GGU",0.3864497606845841
"GUA",0.40687470647671214
"GUC",0.5130024102656895
"GUG",0.9975020710272877
"GUU",0.2849534769919243
"UAC",0.5339147858049429
"UAU",0.7891769926533323
"UCA",0.37773933313660896
"UCC",0.5409083395446675
"UCG",0.790699792041327
"UCU",0.3108037152690786
"UGC",0.7029699670220284
"UGG",0.3527279827268808
"UGU",0.9804725197366658
"UUA",0.5789755893393044
"UUC",0.3423900219885642
"UUG",0.264382019797417
"UUU",0.5783471203734418
