"codon","average_decoding_time"
"AAA",0.45928504544271254
"AAC",0.32640711945392537
"AAG",0.22943008681579002
"AAU",0.5588884800568845
"ACA",0.35077468262354383
"ACC",0.3823771778517855
"ACG",0.6875214597953634
"ACU",0.22421624654545586
"AGA",0.14810138320070076
"AGC",1.3916911449845422
"AGG",0.307293099091787
"AGU",1.743203210042628
"AUA",0.44418378245910173
"AUC",0.4711710789119783
"AUG",0.5497834361794833
"AUU",0.2652739606817273
"CAA",0.4640907029586297
"CAC",0.5346867274635992
"CAG",0.6445019965588473
"CAU",0.7897251434948782
"CCA",0.31603608196214944
"CCC",2.1871629946840674
"CCG",0.4491364959298649
"CCU",1.62184892544168
"CGA",0.5105202219347419
"CGC",0.6319908578410686
"CGG",2.200650063736385
"CGU",0.3930392924227093
"CUA",1.36848245168002
"CUC",1.2115128754197675
"CUG",1.4647097300197403
"CUU",4.442473155551853
"GAA",0.3046228689811202
"GAC",0.2789777890816734
"GAG",0.46546154294681985
"GAU",0.5064560399211321
"GCA",0.32611687026510244
"GCC",0.36968782591628047
"GCG",0.8527002391986253
"GCU",0.2566737704275467
"GGA",1.023444823298291
"GGC",0.17064405254113116
"GGG",0.6829267472404273
"GGU",0.3862653487716816
"GUA",0.4051685500269444
"GUC",0.5128946708884652
"GUG",0.9949028918371121
"GUU",0.27294072891349985
"UAC",0.3698235438879957
"UAU",0.6077067348299797
"UCA",0.3725843745119022
"UCC",0.5366634491923981
"UCG",0.6472581197857971
"UCU",0.24576764458481154
"UGC",0.5128299024284477
"UGG",0.3337114087899005
"UGU",0.7672460355911019
"UUA",0.5196985084411921
"UUC",0.2995512503272978
"UUG",0.21258195865759366
"UUU",0.5290294901068813
