"codon","average_decoding_time"
"AAA",0.4599295664749847
"AAC",0.3264227291640832
"AAG",0.23039457003028854
"AAU",0.5598523162352421
"ACA",0.35069639558928434
"ACC",0.38239927513377564
"ACG",0.6856689626157785
"ACU",0.22958916035150992
"AGA",0.1481337419816098
"AGC",1.3917710587850738
"AGG",0.30677896697795154
"AGU",1.7415996260519824
"AUA",0.4431990226551869
"AUC",0.47067312517297366
"AUG",0.552439371259841
"AUU",0.2785151951328601
"CAA",0.4642476418152558
"CAC",0.5319727966438738
"CAG",0.6450856100964191
"CAU",0.7885598527510781
"CCA",0.3177759312805264
"CCC",2.1905991114726366
"CCG",0.44898509012609544
"CCU",1.7944922508648526
"CGA",0.5096355935028117
"CGC",0.6326369989166186
"CGG",2.201626105825552
"CGU",0.39217368210714804
"CUA",1.3681078842109324
"CUC",1.2072647872354991
"CUG",1.4653655097325384
"CUU",1.290414121197795
"GAA",0.30423342566097544
"GAC",0.27980263468508854
"GAG",0.4657668944325565
"GAU",0.5071616758590908
"GCA",0.3266074318155557
"GCC",0.3698449380971773
"GCG",0.8527900209861209
"GCU",0.22726640177346707
"GGA",1.0290862627490718
"GGC",0.17108922812811034
"GGG",0.6829239452522499
"GGU",0.3873061518656552
"GUA",0.40477864617359516
"GUC",0.5129946008700306
"GUG",0.9987214528833448
"GUU",0.284643240709075
"UAC",0.5333595463497036
"UAU",0.7886505870520583
"UCA",0.3776095165328716
"UCC",0.5413199528228158
"UCG",0.7907869947923358
"UCU",0.31072180380172015
"UGC",0.7038688500671199
"UGG",0.3537726923264269
"UGU",0.981839102263037
"UUA",0.5797350897894618
"UUC",0.34285844124994264
"UUG",0.2640207657166243
"UUU",0.5760948106478304
