"codon","average_decoding_time"
"AAA",0.400070687065933
"AAC",0.32633297760646696
"AAG",0.12688562727673353
"AAU",0.5584776804438523
"ACA",0.3382253851415046
"ACC",0.3617194298423717
"ACG",0.41632759132346947
"ACU",0.21047389556848753
"AGA",0.09784794555092621
"AGC",1.2184307006194657
"AGG",0.2716862199853587
"AGU",1.5550222304603387
"AUA",0.3519455424884068
"AUC",0.3910081541933518
"AUG",0.44119177472708293
"AUU",0.20477364907405485
"CAA",0.4652030726798695
"CAC",0.5330004394226964
"CAG",3.4564086515167545
"CAU",0.7888149901777581
"CCA",0.3455899722403406
"CCC",2.193669082886366
"CCG",1.8359715847331795
"CCU",1.7972578370782208
"CGA",0.5083401301968876
"CGC",0.6320295798433964
"CGG",2.0309547209394303
"CGU",0.393404730653829
"CUA",1.3688558535378506
"CUC",1.2101167571627003
"CUG",1.4659715119601027
"CUU",1.2889559789572822
"GAA",0.30462188994365147
"GAC",0.27939696249770635
"GAG",2.1597762438592656
"GAU",0.50724115461092
"GCA",0.31936366066570737
"GCC",0.36819650378228647
"GCG",0.7440622945716372
"GCU",0.22610456310446708
"GGA",1.0250387179397746
"GGC",0.17177125155786982
"GGG",1.3677544250216613
"GGU",0.38638692227593335
"GUA",0.4040806144492369
"GUC",0.5127471418298272
"GUG",0.9942010549325891
"GUU",0.2846025761189401
"UAC",0.5326219066311451
"UAU",0.7897044170511371
"UCA",0.3769605244293578
"UCC",0.5411044475214875
"UCG",2.918007554840024
"UCU",0.3102710081751343
"UGC",0.7047915056321417
"UGG",0.32454990570158543
"UGU",0.9818700978626358
"UUA",0.5772352285813033
"UUC",0.3429814647683061
"UUG",0.26370381195568576
"UUU",0.5778275135656763
