"codon","average_decoding_time"
"AAA",0.4000123907666326
"AAC",0.3264839051810042
"AAG",0.20715063264827016
"AAU",0.560865916813526
"ACA",0.33757672605220745
"ACC",0.3621498559135545
"ACG",0.5688497950662291
"ACU",0.19667406433555873
"AGA",0.09789560627230895
"AGC",1.218281766731576
"AGG",0.2870195867427493
"AGU",1.5567143330195983
"AUA",0.35169869021216393
"AUC",0.3918691136991767
"AUG",0.4426426746804402
"AUU",0.19180749106716746
"CAA",0.4650565210872199
"CAC",0.5320325081677089
"CAG",0.6432505603562777
"CAU",0.7897531882871399
"CCA",0.34434039832891433
"CCC",2.1897237749768452
"CCG",0.4495016930401127
"CCU",1.623418049121828
"CGA",0.5094680708190797
"CGC",0.6327666206342162
"CGG",2.193015774433845
"CGU",0.39236783915625806
"CUA",1.3721405257666521
"CUC",1.2057742452015139
"CUG",1.4689909384914739
"CUU",4.433757982881163
"GAA",0.30381673673817666
"GAC",0.2791126806694855
"GAG",0.46645758788247
"GAU",0.5076489446870439
"GCA",0.3193234284987275
"GCC",0.3689126986132703
"GCG",0.8497130816300963
"GCU",0.25714225063840346
"GGA",1.0228090702984718
"GGC",0.1716922494689597
"GGG",0.6856641205297063
"GGU",0.3857710696980431
"GUA",0.4052455738408506
"GUC",0.5141462938224673
"GUG",0.9973636916154959
"GUU",0.272124095466027
"UAC",0.369281949487758
"UAU",0.6082306185321464
"UCA",0.37447109496218495
"UCC",0.535799928029656
"UCG",0.6468705536128994
"UCU",0.24575657123570374
"UGC",0.5124813887539665
"UGG",0.33368303951194433
"UGU",0.7687399546829574
"UUA",0.517082105156519
"UUC",0.299299504967042
"UUG",0.21211617095143212
"UUU",0.5287653542871992
