"codon","average_decoding_time"
"AAA",0.4590337119316201
"AAC",0.32663848232262843
"AAG",0.23012034822868563
"AAU",0.5591729073781213
"ACA",0.349966426482941
"ACC",0.38245155544401943
"ACG",0.6877039693358065
"ACU",0.23021513110514158
"AGA",0.14799018681069878
"AGC",1.3904432308337273
"AGG",0.30682457827950016
"AGU",1.7478032100486895
"AUA",0.44353406176748067
"AUC",0.47293376789954733
"AUG",0.5515222315895065
"AUU",0.2787493017826947
"CAA",0.46476389181059813
"CAC",0.5325326335548726
"CAG",0.6441108831822848
"CAU",0.7902468982901362
"CCA",0.31673868648397535
"CCC",2.188951767112251
"CCG",0.44968022762240994
"CCU",1.7899671578279086
"CGA",0.5102002365940844
"CGC",0.632339605622509
"CGG",2.199826251979461
"CGU",0.3921564527753399
"CUA",1.3691879159039353
"CUC",1.2056742859162952
"CUG",1.464460505510937
"CUU",1.2893406262776703
"GAA",0.30410755322972494
"GAC",0.27990951179986007
"GAG",0.4665766149784575
"GAU",0.5068357945813914
"GCA",0.32675012926563274
"GCC",0.3698227008883216
"GCG",0.8531417599038434
"GCU",0.22585223962339418
"GGA",1.028602228413824
"GGC",0.1714154304166063
"GGG",0.6820319157793994
"GGU",0.3871149232820477
"GUA",0.4058233227230617
"GUC",0.5138807203435156
"GUG",0.9976719777908871
"GUU",0.28334106516815455
"UAC",0.5331603816512942
"UAU",0.7909879823344117
"UCA",0.37883974861153563
"UCC",0.5419700431405274
"UCG",0.7899642775902839
"UCU",0.31096591293980347
"UGC",0.7048908749638882
"UGG",0.35332848968654007
"UGU",0.9797748368288635
"UUA",0.5783260154184868
"UUC",0.34252401763244217
"UUG",0.26427485250058924
"UUU",0.5779700810398556
