"codon","average_decoding_time"
"AAA",0.4587536822265291
"AAC",0.32621631758724856
"AAG",0.22949454506606212
"AAU",0.5594285235814945
"ACA",0.3499881010326929
"ACC",0.38243108932089204
"ACG",0.6860782425184566
"ACU",0.22917155035288117
"AGA",0.14884550844942712
"AGC",1.3968443532945969
"AGG",0.3068635162031803
"AGU",1.7495615563667732
"AUA",0.4443735221709012
"AUC",0.4717887799086502
"AUG",0.5497927226269493
"AUU",0.27830488830417993
"CAA",0.463716672864861
"CAC",0.5342693410712872
"CAG",0.6454912124026336
"CAU",0.7910911831105065
"CCA",0.3165891872805791
"CCC",2.192014015081938
"CCG",0.4496445027235493
"CCU",1.794055900463158
"CGA",0.5111738399603796
"CGC",0.6330531354202206
"CGG",2.1962132516441453
"CGU",0.3926008510226972
"CUA",1.3730101550133103
"CUC",1.2079105334717013
"CUG",1.4626828980666653
"CUU",1.2911599522513233
"GAA",0.30362978753043524
"GAC",0.27946553726289397
"GAG",0.4670449128058439
"GAU",0.5063488678901269
"GCA",0.3261528692485661
"GCC",0.36963736246736445
"GCG",0.8563643005467297
"GCU",0.22612038139721552
"GGA",1.023811923322711
"GGC",0.17160741622759595
"GGG",0.680951406617475
"GGU",0.38653041985731074
"GUA",0.4050653918099561
"GUC",0.5141138756406322
"GUG",0.9969474824451344
"GUU",0.28401154769878495
"UAC",0.5341861835866253
"UAU",0.7902743134730464
"UCA",0.3761127581196904
"UCC",0.5410559720539941
"UCG",0.7892072305775946
"UCU",0.3106273768754091
"UGC",0.7049801112752376
"UGG",0.3531747890308252
"UGU",0.9817627530937322
"UUA",0.5790047948177813
"UUC",0.3435452992339294
"UUG",0.26421078360073635
"UUU",0.5793713495538161
