"codon","average_decoding_time"
"AAA",0.3991052383041297
"AAC",0.32613563498541936
"AAG",0.2063516916406697
"AAU",0.5591405711102562
"ACA",0.3379769441038429
"ACC",0.3616838610657919
"ACG",0.5683486396700692
"ACU",0.21021079446517082
"AGA",0.09797195415591728
"AGC",1.225987743934526
"AGG",0.2862095648659988
"AGU",1.5525629032339683
"AUA",0.3521463379626698
"AUC",0.3910138947149233
"AUG",0.4422646703308673
"AUU",0.20560969424523962
"CAA",0.46427758841801814
"CAC",0.5343048650261394
"CAG",0.645687530416005
"CAU",0.7903174611746473
"CCA",0.3443213811233562
"CCC",2.1914868645629366
"CCG",0.4497991321730595
"CCU",1.7960999685729115
"CGA",0.5111503556172373
"CGC",0.634032649862076
"CGG",2.1956291080293138
"CGU",0.39351386147778133
"CUA",1.37684839052548
"CUC",1.2040712736174257
"CUG",1.4635847796619808
"CUU",1.2909851986074772
"GAA",0.3030894905357464
"GAC",0.28004183286792445
"GAG",0.4650328095077243
"GAU",0.5069650203811448
"GCA",0.31876720227390093
"GCC",0.3694322336964631
"GCG",0.8550010653671298
"GCU",0.22582236613934242
"GGA",1.0259502684074104
"GGC",0.17100876542509105
"GGG",0.6839129308049089
"GGU",0.38611228813158477
"GUA",0.4053966776381292
"GUC",0.5133232423456462
"GUG",0.995110255255782
"GUU",0.2843964260109817
"UAC",0.5323215246959185
"UAU",0.7891108872695924
"UCA",0.3784942649460649
"UCC",0.5435921001198021
"UCG",0.7886115679905586
"UCU",0.311348007936496
"UGC",0.7065988058655842
"UGG",0.3552922762129372
"UGU",0.983140852842425
"UUA",0.5780873118606499
"UUC",0.34281975143456533
"UUG",0.2629855051085608
"UUU",0.5775404436091993
