"codon","average_decoding_time"
"AAA",0.45902821488159234
"AAC",0.3271474537622868
"AAG",0.22951673952755022
"AAU",0.5596901590059588
"ACA",0.349806874893851
"ACC",0.381626437152626
"ACG",0.6868738974273848
"ACU",0.22335113339627094
"AGA",0.14802389815877617
"AGC",1.3919548346721964
"AGG",0.3075575519133436
"AGU",1.745270625691492
"AUA",0.44347433315456275
"AUC",0.4713224699830874
"AUG",0.5518356435814676
"AUU",0.2656263728992055
"CAA",0.46542031061559364
"CAC",0.5334937591091842
"CAG",0.6456837688949016
"CAU",0.7904204735582353
"CCA",0.31672762945610394
"CCC",2.1916105853373575
"CCG",0.44929081687930456
"CCU",1.620523203230057
"CGA",0.5100745133803606
"CGC",0.6331407531434275
"CGG",2.2002513524672636
"CGU",0.3914765067103181
"CUA",1.3684162088014087
"CUC",1.2096118778197997
"CUG",1.4639309970502177
"CUU",4.430561221309319
"GAA",0.3036909456265958
"GAC",0.2785679642239096
"GAG",0.46502681337616814
"GAU",0.5058610778690767
"GCA",0.32664074424003064
"GCC",0.36928607798473645
"GCG",0.8532543175123363
"GCU",0.2558722288037271
"GGA",1.0232791724934738
"GGC",0.17161152404464147
"GGG",0.6847361356667827
"GGU",0.3869928261248089
"GUA",0.4047806311070534
"GUC",0.5147707740496479
"GUG",0.9971201513011266
"GUU",0.27271323139982967
"UAC",0.3704709546685259
"UAU",0.6072238463607622
"UCA",0.37256652375255644
"UCC",0.5353845713120491
"UCG",0.6453477838878124
"UCU",0.24606379371675144
"UGC",0.513647626355664
"UGG",0.3326888446081222
"UGU",0.7663920242637655
"UUA",0.518050591440533
"UUC",0.2997769564474417
"UUG",0.21275066161222603
"UUU",0.5306414402932523
