"codon","average_decoding_time"
"AAA",0.39919588099746683
"AAC",0.3269879119360711
"AAG",0.20740178706619455
"AAU",0.5602637364189238
"ACA",0.3386246380047918
"ACC",0.3620435186358633
"ACG",0.5688977953348346
"ACU",0.2103339562362698
"AGA",0.09797268416816905
"AGC",1.2221359590929657
"AGG",0.2866159494965806
"AGU",1.5541186439413603
"AUA",0.35176479706397956
"AUC",0.3920318978044107
"AUG",0.443723150616259
"AUU",0.20502365938599576
"CAA",0.4634062752206772
"CAC",0.5334252741271488
"CAG",0.6439368080222629
"CAU",0.7886717628117884
"CCA",0.34424788933043504
"CCC",2.1891162747093005
"CCG",0.4486364602488361
"CCU",1.7947813578275367
"CGA",0.5102492958694608
"CGC",0.6321787881225824
"CGG",2.202098548206652
"CGU",0.3911585436201836
"CUA",1.3711111999519507
"CUC",1.2071489407508333
"CUG",1.4669642038770108
"CUU",1.2904773647571006
"GAA",0.30371221122189257
"GAC",0.2793246300413957
"GAG",0.46560825439261067
"GAU",0.5074204592443364
"GCA",0.31883303011909003
"GCC",0.3695764953402165
"GCG",0.8519816216115137
"GCU",0.22596635390737627
"GGA",1.0216869478926394
"GGC",0.17103981180879957
"GGG",0.6840317427259804
"GGU",0.3869229139192129
"GUA",0.40486804397242204
"GUC",0.5130849744173904
"GUG",0.9963135951008758
"GUU",0.28573950364086703
"UAC",0.5312159617738658
"UAU",0.7894840929987342
"UCA",0.37735745097340145
"UCC",0.5436681994547858
"UCG",0.7872432652767897
"UCU",0.3103532414528508
"UGC",0.7044631882813865
"UGG",0.35300761389414936
"UGU",0.9823851548658843
"UUA",0.5799960963182639
"UUC",0.34255481068376153
"UUG",0.26388637386998187
"UUU",0.5790461996133817
