"codon","average_decoding_time"
"AAA",0.4007689754169456
"AAC",0.3268076169819931
"AAG",0.2073287460721591
"AAU",0.5587636373465917
"ACA",0.3389990703791622
"ACC",0.36104200555700044
"ACG",0.5686251810510085
"ACU",0.20990202930988294
"AGA",0.09788020614865878
"AGC",1.2239353979354957
"AGG",0.2863381573792865
"AGU",1.5535678611363788
"AUA",0.3519529590980297
"AUC",0.39104940500106483
"AUG",0.3730527532810847
"AUU",0.20465958602530865
"CAA",0.4628143770455279
"CAC",0.5331574369178278
"CAG",0.6444237698209596
"CAU",0.7880315093476399
"CCA",0.34399629424404055
"CCC",2.1893966590147196
"CCG",0.4492702840084546
"CCU",1.7933790652654742
"CGA",0.5096585761661623
"CGC",0.6320081620360282
"CGG",2.2023320590978415
"CGU",0.3924939193858114
"CUA",1.370017733569769
"CUC",1.2072653660272843
"CUG",1.465092254987272
"CUU",1.293501938000551
"GAA",0.3036327642170851
"GAC",0.28001324886624607
"GAG",0.46550611724362
"GAU",0.5078379489866751
"GCA",0.3185166308713644
"GCC",0.3694261455265245
"GCG",0.854327206523876
"GCU",0.225674822929656
"GGA",1.0253641226699695
"GGC",0.17110681920109674
"GGG",0.6831362914527414
"GGU",0.38671520700519313
"GUA",0.40512702657286914
"GUC",0.5138260555817326
"GUG",0.9945216569783836
"GUU",0.28556525624102547
"UAC",0.533797699193183
"UAU",0.7905116893985186
"UCA",0.3775887472502195
"UCC",0.5424703112839713
"UCG",0.7880175373121733
"UCU",0.3102822414673729
"UGC",0.7059315237821295
"UGG",0.354446543231291
"UGU",0.9826027142046153
"UUA",0.5795253353485542
"UUC",0.3435160959304433
"UUG",0.3263509636124173
"UUU",0.5778321987777534
