"codon","average_decoding_time"
"AAA",0.4001027577920762
"AAC",0.3276397924095417
"AAG",0.20756670807826452
"AAU",0.5608925565892356
"ACA",0.33818909425235333
"ACC",0.36132589586167463
"ACG",0.5686097332638439
"ACU",0.21064687203100024
"AGA",0.09844869028494449
"AGC",1.2226248261171442
"AGG",0.28710032451774875
"AGU",1.5553184069185393
"AUA",0.3512090493196088
"AUC",0.39109389801370603
"AUG",0.44290361865447486
"AUU",0.2047731853198947
"CAA",0.4649227533129076
"CAC",0.532876738555531
"CAG",0.6451063755766244
"CAU",0.7888125723579318
"CCA",0.3435597779216286
"CCC",2.193629041729412
"CCG",0.448506859273881
"CCU",1.7995361262285559
"CGA",0.5110241496467446
"CGC",0.6332872241307914
"CGG",2.1945221496940364
"CGU",0.3907413716752494
"CUA",1.3709324380577186
"CUC",1.2045465733009586
"CUG",1.4645818086766322
"CUU",1.289587026289525
"GAA",0.30354313958862467
"GAC",0.27979907434361834
"GAG",0.465303860803441
"GAU",0.5076236239963248
"GCA",0.3178596125686317
"GCC",0.3689694912513392
"GCG",0.8513129600694416
"GCU",0.22621229981369523
"GGA",1.021078476782811
"GGC",0.1716990113793477
"GGG",0.6833668772881829
"GGU",0.3865306905168465
"GUA",0.4040603558547314
"GUC",0.5125438532262564
"GUG",0.9985608679067237
"GUU",0.2855002227009069
"UAC",0.5327176194619834
"UAU",0.7914919933059029
"UCA",0.3771371010314904
"UCC",0.5421035904396224
"UCG",0.7896877743122311
"UCU",0.31048787945282325
"UGC",0.7064029361701283
"UGG",0.3533696040864435
"UGU",0.9810568386079496
"UUA",0.5790931638207588
"UUC",0.3427331409301091
"UUG",0.2639349677365611
"UUU",0.5775824704906146
