"codon","average_decoding_time"
"AAA",0.4009803443276817
"AAC",0.3273263659777044
"AAG",0.20724684495008397
"AAU",0.5584448134264869
"ACA",0.3380802781218844
"ACC",0.4145526560138983
"ACG",0.5673455096932373
"ACU",0.20940043831590555
"AGA",0.09770138983926183
"AGC",1.217991415263041
"AGG",0.28706428265773354
"AGU",1.5549073020484612
"AUA",0.3525851424729806
"AUC",0.37686000322136576
"AUG",0.44260259141420355
"AUU",0.20452436599361754
"CAA",0.2996689156908981
"CAC",0.3702440190724436
"CAG",0.5742115313023837
"CAU",0.6087335634138485
"CCA",0.33790321705928267
"CCC",1.8091526733180843
"CCG",0.38811476023121416
"CCU",1.7637628990959888
"CGA",0.4821134209007367
"CGC",0.5099874193641671
"CGG",2.0846010563470094
"CGU",0.28299326504136574
"CUA",1.238166956427281
"CUC",3.408547330499143
"CUG",1.1602501897639823
"CUU",1.1608459101398203
"GAA",0.30460818345704727
"GAC",0.28020332614833404
"GAG",0.4652844106812448
"GAU",0.5079714460370283
"GCA",0.31895359549192487
"GCC",0.4813338713377471
"GCG",0.8527489833167221
"GCU",0.2259936041583357
"GGA",1.0233604818122572
"GGC",0.17135666743966702
"GGG",0.6842339412016755
"GGU",0.38628902426947304
"GUA",0.4059616018162782
"GUC",0.49960273522972304
"GUG",0.9972796817665739
"GUU",0.2849236613534161
"UAC",0.5340591800456287
"UAU",0.7865837083987952
"UCA",0.3779195453146983
"UCC",0.5054026773893899
"UCG",0.790440258870619
"UCU",0.30981728331027586
"UGC",0.7042682081756213
"UGG",0.3539629516439241
"UGU",0.9818481638854035
"UUA",0.5787195081043633
"UUC",0.3431191528923143
"UUG",0.264517422893373
"UUU",0.5770871140473475
