"codon","average_decoding_time"
"AAA",0.4583050948412597
"AAC",0.3263014454093126
"AAG",0.23009480010800296
"AAU",0.5587399263259162
"ACA",0.34998213280159157
"ACC",0.38123173253749365
"ACG",0.6840636732316797
"ACU",0.22962874370253475
"AGA",0.1477489415489815
"AGC",1.394288404449958
"AGG",0.30774775770560353
"AGU",1.7463250834489716
"AUA",0.4444432067106256
"AUC",0.4715522969821661
"AUG",0.5510509032685971
"AUU",0.27821848799335375
"CAA",0.46369147651643844
"CAC",0.5333902051289311
"CAG",0.6444322835774043
"CAU",0.790102494099246
"CCA",0.3176489867473102
"CCC",2.191608095105582
"CCG",0.4493028070759131
"CCU",1.7973577123231141
"CGA",0.5098623254177665
"CGC",0.6352433673178715
"CGG",2.2008746600314604
"CGU",0.3924294887179348
"CUA",1.3693463338967398
"CUC",1.2067668675537275
"CUG",1.4696878849567174
"CUU",1.2881805094183956
"GAA",0.3035885268073828
"GAC",0.2791791315822782
"GAG",0.46408931659013236
"GAU",0.5077944896407941
"GCA",0.3260669225050168
"GCC",0.3697579174638832
"GCG",0.8534305990807546
"GCU",0.22643490270104555
"GGA",1.0228123240642022
"GGC",0.17115822283165832
"GGG",0.6820670839901857
"GGU",0.3872686057888574
"GUA",0.4051228188539051
"GUC",0.5137106057144398
"GUG",0.9960738560825646
"GUU",0.28441926389467675
"UAC",0.5327485585232252
"UAU",0.7893232442539277
"UCA",0.3770858111142466
"UCC",0.5415187122957612
"UCG",0.7893867495937114
"UCU",0.3103690215263461
"UGC",0.705172736111948
"UGG",0.3532934577520286
"UGU",0.9825408658410133
"UUA",0.5806174194114225
"UUC",0.3429805243401316
"UUG",0.2630261451181259
"UUU",0.5768696629036895
