"codon","average_decoding_time"
"AAA",0.4002111102173257
"AAC",0.3262839363577023
"AAG",0.20715867509728936
"AAU",0.5597193511153926
"ACA",0.33769577013372487
"ACC",0.3618830838188103
"ACG",0.5673388246383103
"ACU",0.21066351378312667
"AGA",0.09808564337333078
"AGC",1.2210160391930691
"AGG",0.28634788841651193
"AGU",1.5495185740031774
"AUA",0.3519114370712789
"AUC",0.39196395397173983
"AUG",0.44212276236280307
"AUU",0.20535836245025144
"CAA",0.46474230800635724
"CAC",0.5331740360545115
"CAG",0.6461182465820363
"CAU",0.7906072846761221
"CCA",0.3436732048407118
"CCC",2.19379150886981
"CCG",0.4500633436921062
"CCU",1.7931658570921774
"CGA",0.5113119206346178
"CGC",0.6332203950173431
"CGG",2.1924421670248604
"CGU",0.3922778791247428
"CUA",1.3720246322342438
"CUC",1.2080444480551322
"CUG",1.4652015833487468
"CUU",1.290104805647556
"GAA",0.3036643245427794
"GAC",0.2797268805285378
"GAG",0.46566440258074054
"GAU",0.5076938184881082
"GCA",0.31936854162683126
"GCC",0.3687921322957299
"GCG",0.851896278629791
"GCU",0.22525052035096071
"GGA",1.022503210778397
"GGC",0.1712827497953758
"GGG",0.6826687268204839
"GGU",0.3860920831005163
"GUA",0.40422044640639154
"GUC",0.5144573617530731
"GUG",0.9982550186526036
"GUU",0.28459029609967984
"UAC",0.5337005401193068
"UAU",0.7875376744252766
"UCA",0.3776420867055568
"UCC",0.54104262795414
"UCG",0.7882035824958831
"UCU",0.31031859131114137
"UGC",0.7057489568043176
"UGG",0.3539555819526301
"UGU",0.9812770902788835
"UUA",0.5783943413398573
"UUC",0.34394008997828207
"UUG",0.2639465391637071
"UUU",0.577630007987944
