"codon","average_decoding_time"
"AAA",0.3997073315611332
"AAC",0.3276320449876235
"AAG",0.20717538359410115
"AAU",0.5589424640905425
"ACA",0.3374936185320753
"ACC",0.3614222585796571
"ACG",0.5465587948483187
"ACU",0.19715278713192327
"AGA",0.09782708011142575
"AGC",1.2232720194482
"AGG",0.2865958071916282
"AGU",1.5563547437677434
"AUA",0.35274341587510993
"AUC",0.3915226164674984
"AUG",0.4417192300315505
"AUU",0.19240554816573185
"CAA",0.4661704232242948
"CAC",0.5351953809456665
"CAG",0.6444728055872123
"CAU",0.7926055475214494
"CCA",0.3443814684903818
"CCC",2.1869872099672305
"CCG",0.5061834175638572
"CCU",1.6183512074025217
"CGA",0.5091425033880158
"CGC",0.6322738357248247
"CGG",2.1979567189505604
"CGU",0.39360211235344383
"CUA",1.3709282268986454
"CUC",1.206333378437162
"CUG",1.466979485462713
"CUU",4.445458110353614
"GAA",0.2723025063682912
"GAC",0.280432305489639
"GAG",0.4355759932023123
"GAU",0.5062169915135846
"GCA",0.3148179250922183
"GCC",0.34958099337286275
"GCG",0.7112876520584865
"GCU",0.22879736908030254
"GGA",0.8312655633647174
"GGC",0.14909362584036526
"GGG",0.631897784947706
"GGU",0.3617655658576441
"GUA",0.3236115418002609
"GUC",0.43257934136962395
"GUG",0.8607966934304954
"GUU",0.20011596897974687
"UAC",0.37175135724899827
"UAU",0.6063415653873212
"UCA",0.37250473605136414
"UCC",0.5359080948841548
"UCG",0.6476637066914893
"UCU",0.2466086151817016
"UGC",0.5142007564067465
"UGG",0.3325372261595364
"UGU",0.7680910979454516
"UUA",0.5169800633112166
"UUC",0.2990312901337795
"UUG",0.21225368009179327
"UUU",0.5304855126850491
