"codon","average_decoding_time"
"AAA",0.4600783402831106
"AAC",0.3270604859960719
"AAG",0.22969875703338324
"AAU",0.5600973194131467
"ACA",0.34974970452214965
"ACC",0.38153540306297984
"ACG",0.6862436482490695
"ACU",0.229081355514137
"AGA",0.14798404132524215
"AGC",1.3932204226852942
"AGG",1.806540965472221
"AGU",1.7489262408298378
"AUA",0.4438084346823603
"AUC",0.4714530056963913
"AUG",0.5526118718471535
"AUU",0.2780349412085347
"CAA",0.4643157188199807
"CAC",0.5342102187990299
"CAG",0.6458129643721676
"CAU",0.7900751378869194
"CCA",0.3170466173882185
"CCC",2.189330402133791
"CCG",0.4489053891647472
"CCU",1.791032542306397
"CGA",0.5110954104952586
"CGC",0.6328809635147988
"CGG",2.1983457699863087
"CGU",0.39304335819531583
"CUA",1.3714644733879606
"CUC",1.2073662517609909
"CUG",1.4634476284096254
"CUU",1.2900836600390027
"GAA",0.30359314285366146
"GAC",0.27928439101302927
"GAG",0.46562540724238305
"GAU",0.5073807266557996
"GCA",0.32610518092857793
"GCC",0.36855645428751277
"GCG",0.8545654977717398
"GCU",0.2259300655250353
"GGA",1.0254124447404442
"GGC",0.17147770174199148
"GGG",0.6831846967232728
"GGU",0.3865937151984096
"GUA",0.40625885366563064
"GUC",0.5127357301022872
"GUG",0.9958820945697674
"GUU",0.2855048611948495
"UAC",0.5331345743897372
"UAU",0.7889180173192889
"UCA",0.3774681276206574
"UCC",0.5430144891067314
"UCG",0.7874701241138621
"UCU",0.3110022231300185
"UGC",0.7035512551352453
"UGG",0.3525455152180236
"UGU",0.9811650554789948
"UUA",0.5781403163080219
"UUC",0.34457018440566756
"UUG",0.26376410030342445
"UUU",0.5783379199260354
