"codon","average_decoding_time"
"AAA",0.45891797757404323
"AAC",0.3273365484425328
"AAG",0.22962661749840627
"AAU",0.5608540425235203
"ACA",0.3507537758137532
"ACC",0.38168580570581556
"ACG",0.687204595538778
"ACU",0.22993170003826735
"AGA",0.1473848924008259
"AGC",1.3880278137957
"AGG",0.3078691463220074
"AGU",1.7451875952120675
"AUA",0.4431060251535674
"AUC",0.47118883946614293
"AUG",0.5521431658870306
"AUU",0.27903941107123664
"CAA",0.4643285073935804
"CAC",0.5353027611373423
"CAG",0.6460326383798111
"CAU",0.7882720578789904
"CCA",0.31692233633423145
"CCC",2.1801914422665254
"CCG",0.44847172439280153
"CCU",1.7909934005199657
"CGA",0.5089452926785195
"CGC",0.632000508465369
"CGG",2.2049901859673784
"CGU",0.3914144238485425
"CUA",1.3699976792118351
"CUC",1.2048816101906967
"CUG",1.4648139296943234
"CUU",1.2895875592036359
"GAA",0.30288060272821005
"GAC",0.2800240278104921
"GAG",0.46521715569834204
"GAU",0.506948402036174
"GCA",0.3253117710752242
"GCC",0.36915823071711074
"GCG",0.8524425733304706
"GCU",0.22560814425326262
"GGA",1.0232496946783933
"GGC",0.17069568731912602
"GGG",0.684861554146534
"GGU",0.38629970081096227
"GUA",0.40481249171568506
"GUC",0.5137089890332796
"GUG",0.9998873784504464
"GUU",0.2846697967230242
"UAC",0.5340954910685569
"UAU",0.7883170161596508
"UCA",0.37665433052860964
"UCC",0.5417085295198192
"UCG",0.7872207886659675
"UCU",0.31076428900832914
"UGC",0.7035846289102219
"UGG",0.354543376253517
"UGU",0.9824972893976267
"UUA",0.5785434764038615
"UUC",0.34216619136675386
"UUG",0.3256936589607768
"UUU",0.5785394161581762
