"codon","average_decoding_time"
"AAA",0.4589166303019337
"AAC",0.32735128015288634
"AAG",0.23017882707897894
"AAU",0.5595107439182511
"ACA",0.35024809184983585
"ACC",0.38267053805035933
"ACG",0.6877200560322475
"ACU",0.22937776739323396
"AGA",0.14829088174156868
"AGC",1.3956460522657295
"AGG",0.3068922314295289
"AGU",1.7427921025879918
"AUA",0.4439845624275806
"AUC",0.47125452807518226
"AUG",0.5230175014786375
"AUU",0.27786814202735904
"CAA",0.46454347366136955
"CAC",0.53242820523882
"CAG",0.6434766319096475
"CAU",0.7872685970989707
"CCA",0.31879438131526766
"CCC",2.19162081340955
"CCG",0.44980720887718867
"CCU",1.7953801146394508
"CGA",0.510820723173576
"CGC",0.6340545160297997
"CGG",2.199416922317738
"CGU",0.39225938762057516
"CUA",1.3668968344891086
"CUC",1.206601869598143
"CUG",1.40432385476902
"CUU",1.28867439515587
"GAA",0.3052463177692392
"GAC",0.27899608616890675
"GAG",0.46588003737364136
"GAU",0.5063229621089128
"GCA",0.32606714900356176
"GCC",0.3685784937916571
"GCG",0.8543783022563342
"GCU",0.22589469252870972
"GGA",1.0218336938655062
"GGC",0.17143718560467358
"GGG",0.6832946372495932
"GGU",0.38679197453038516
"GUA",0.4062006048864758
"GUC",0.5137783751160538
"GUG",2.0751327542602866
"GUU",0.28550720422546266
"UAC",0.5305609054388692
"UAU",0.7904286104409669
"UCA",0.3777978414722689
"UCC",0.5420433424735914
"UCG",0.7860231549319192
"UCU",0.31030984731788447
"UGC",0.7047221062805925
"UGG",0.35271543638444963
"UGU",0.9843282056914586
"UUA",0.5790373055752785
"UUC",0.3433015682885228
"UUG",0.30822034970391815
"UUU",0.5777259807598855
