"codon","average_decoding_time"
"AAA",0.45978178713936807
"AAC",0.3255842843043109
"AAG",0.22918478913269863
"AAU",0.5594001938823253
"ACA",0.3501949094556871
"ACC",0.3830125459048407
"ACG",0.6871043627184447
"ACU",0.22968026323571647
"AGA",0.14796628169545806
"AGC",1.395334707481123
"AGG",0.30629711088098305
"AGU",1.7412741534752674
"AUA",0.44449606165165517
"AUC",0.4714817961035673
"AUG",0.5510129722684728
"AUU",0.27799074799530593
"CAA",0.4646249377177141
"CAC",0.533502936548798
"CAG",0.6446713878652401
"CAU",0.7876426652830747
"CCA",0.3153992220014999
"CCC",2.190171197627908
"CCG",0.4495740255995578
"CCU",1.7898047457318094
"CGA",0.5094118435543759
"CGC",0.633996569614949
"CGG",2.2004605329916296
"CGU",0.39325302901937553
"CUA",1.3744001416365317
"CUC",1.2087034560803087
"CUG",1.4638821632147063
"CUU",1.2914929788644478
"GAA",0.3037508726121788
"GAC",0.27912371808804526
"GAG",0.46511329589084227
"GAU",0.5079369962022076
"GCA",0.3265867993163199
"GCC",0.36868412493332986
"GCG",0.8528481401501657
"GCU",0.22564536300762592
"GGA",1.022436270757076
"GGC",0.17130673863292123
"GGG",0.6818892409176278
"GGU",0.38717265759452074
"GUA",0.4051098867488532
"GUC",0.5121213936117073
"GUG",0.9942438779865607
"GUU",0.2856904371010911
"UAC",0.5360148537121918
"UAU",0.7909642813795338
"UCA",0.37762818776103857
"UCC",0.5410869183832324
"UCG",0.7883423710369667
"UCU",0.3091678679375248
"UGC",0.7044277780827183
"UGG",0.3546944350203905
"UGU",0.9805864051975085
"UUA",0.5798841899114456
"UUC",0.3439901229183777
"UUG",0.26435836689895525
"UUU",0.5778554041662689
