"codon","average_decoding_time"
"AAA",0.45918223648585105
"AAC",0.32683068005146854
"AAG",0.2300903261349781
"AAU",0.5610178639429085
"ACA",0.3512618562102182
"ACC",0.3830387906062575
"ACG",0.6882891023856121
"ACU",0.22970615411203393
"AGA",0.14811876670893553
"AGC",1.3938528350379067
"AGG",0.3072950447123501
"AGU",1.7479050014898523
"AUA",0.444521587964804
"AUC",0.4711070040223326
"AUG",0.5523987908084966
"AUU",0.2785685585432397
"CAA",0.4641632363556985
"CAC",0.5327971438117555
"CAG",0.6463047173508238
"CAU",0.7887006922087447
"CCA",0.31715001799696835
"CCC",2.184287701698236
"CCG",0.44887453194784827
"CCU",1.7931182809218649
"CGA",0.5095678911048955
"CGC",0.6348158856993512
"CGG",2.203058977347813
"CGU",0.3915734989669423
"CUA",1.3720040036055026
"CUC",1.2065563202668228
"CUG",1.4665165804386253
"CUU",1.2902871653382255
"GAA",0.30306975926189283
"GAC",0.2796733489693629
"GAG",0.46596186692159786
"GAU",0.5076153441350736
"GCA",0.3256984850926223
"GCC",0.3691332705729396
"GCG",0.8546027500014097
"GCU",0.22569101968807329
"GGA",1.025500997148052
"GGC",0.17094324035160557
"GGG",0.6812374442842598
"GGU",0.3860671592246412
"GUA",0.40529811242054
"GUC",0.5135198937663455
"GUG",0.996397454827094
"GUU",0.2852711080643955
"UAC",0.5336389598516889
"UAU",0.7896743961762126
"UCA",0.3786999497440399
"UCC",0.5422163408088981
"UCG",0.7890775854741023
"UCU",0.3109004577072159
"UGC",0.7067436380540696
"UGG",0.353198463702429
"UGU",0.9783918856400721
"UUA",0.5796065972174205
"UUC",0.34397909560542433
"UUG",0.2644015627889019
"UUU",0.5762330487668994
