"codon","average_decoding_time"
"AAA",0.3999239954491765
"AAC",0.32799486758556823
"AAG",0.12730676591333015
"AAU",0.5580689216967154
"ACA",0.3387671584410558
"ACC",0.36116041953799227
"ACG",0.5694312708887544
"ACU",0.210231597462851
"AGA",0.09818811124638954
"AGC",1.2177844447157102
"AGG",0.2867176179424059
"AGU",1.5522986669975556
"AUA",0.3517020711361387
"AUC",0.3914667537851307
"AUG",0.41304831587552726
"AUU",0.20532134126065943
"CAA",0.46521798471432385
"CAC",0.5334865669513255
"CAG",3.449481293363791
"CAU",0.7887385830634812
"CCA",0.34430188742420337
"CCC",2.1902311372197274
"CCG",0.44935944075387235
"CCU",1.7935301537137758
"CGA",0.5112560060644837
"CGC",0.6332731443885785
"CGG",2.1950738004278665
"CGU",0.39313231351669076
"CUA",1.3689897000869415
"CUC",1.2076742952811694
"CUG",1.3976555390112742
"CUU",1.2876387466985015
"GAA",0.3034571354293118
"GAC",0.2785408630541315
"GAG",2.1558527965209957
"GAU",0.5068849314853275
"GCA",0.3182855325794406
"GCC",0.36892643898564753
"GCG",0.8517876344295497
"GCU",0.22646165739944593
"GGA",1.0213326297076533
"GGC",0.17101283822161772
"GGG",0.6827719721895271
"GGU",0.3868113769399131
"GUA",0.4050086170173099
"GUC",0.5126296573519823
"GUG",2.0768345600808393
"GUU",0.2857637550922008
"UAC",0.5328734734009111
"UAU",0.7887548036499977
"UCA",0.37750872848289546
"UCC",0.541611861774743
"UCG",0.788895603796662
"UCU",0.31098010483435273
"UGC",0.7055872929155265
"UGG",0.3522152023293744
"UGU",0.9803361312328562
"UUA",0.5783077610862061
"UUC",0.3439799265153094
"UUG",0.25230081080524114
"UUU",0.5785214494660892
