"codon","average_decoding_time"
"AAA",0.4590652876180032
"AAC",0.32751826200835055
"AAG",0.2300535517278266
"AAU",0.5577786796653188
"ACA",0.3499570282658128
"ACC",0.38199347801437494
"ACG",0.6889410957374661
"ACU",0.23028060390020275
"AGA",0.1474531106807885
"AGC",1.388304732179567
"AGG",0.3070730470011637
"AGU",1.7461159860241837
"AUA",0.4441691069394812
"AUC",0.47203154594483254
"AUG",0.5511654159580518
"AUU",0.2783063381931123
"CAA",0.4641364877428948
"CAC",0.5349488799128663
"CAG",0.6458484836024164
"CAU",0.7884587397119421
"CCA",0.31747497185638884
"CCC",2.194391494002212
"CCG",0.4490206819910578
"CCU",1.7910405221916348
"CGA",0.5111834858890645
"CGC",0.6334711667273911
"CGG",2.197951359483836
"CGU",0.3922519533779917
"CUA",1.3704099947723574
"CUC",1.2079720628232464
"CUG",1.4633615648347968
"CUU",1.287179480430344
"GAA",0.30393292985123954
"GAC",0.27942569334679457
"GAG",0.4651057978657029
"GAU",0.5063453903311455
"GCA",0.32547827558609654
"GCC",0.3702283517868104
"GCG",0.853629085306836
"GCU",0.2264717138360742
"GGA",1.0268252094521446
"GGC",0.17140876265585578
"GGG",0.6834969967322697
"GGU",0.38633115032747706
"GUA",0.4053492184148711
"GUC",0.5140968172006559
"GUG",0.9975528538178591
"GUU",0.28467052861500686
"UAC",0.5325469848612734
"UAU",0.7894266577227345
"UCA",0.3783192728910778
"UCC",0.5420708174718203
"UCG",0.7892523831295828
"UCU",0.3102116411121349
"UGC",0.7038671076477867
"UGG",0.35333976487956686
"UGU",0.9809230490907204
"UUA",0.578637641579778
"UUC",0.3424039043864167
"UUG",0.26433387775656836
"UUU",0.5770643225555909
