"codon","average_decoding_time"
"AAA",0.45874203554818854
"AAC",0.3274974174935883
"AAG",0.23000699850122205
"AAU",0.5590037358623302
"ACA",0.3496709710415724
"ACC",0.38191851168316465
"ACG",0.6871465408575113
"ACU",0.2295954908355951
"AGA",0.14828582660018827
"AGC",1.3974012767859807
"AGG",0.30725666476875546
"AGU",1.7435793275493028
"AUA",0.44440741554933705
"AUC",0.4719639268981605
"AUG",0.550786637521974
"AUU",0.2782925023687365
"CAA",0.46472766791168524
"CAC",0.5330498787865487
"CAG",0.6453803970711947
"CAU",0.7897974022601495
"CCA",0.31784420697874416
"CCC",2.1900208847722715
"CCG",0.4482395087496329
"CCU",1.7976184969173472
"CGA",0.5092558487572517
"CGC",0.6329205056804015
"CGG",2.2031312086503667
"CGU",0.39209708575037105
"CUA",1.371761257367606
"CUC",1.2101210252163308
"CUG",1.4641268633613356
"CUU",1.29004807289343
"GAA",0.30458180289023135
"GAC",0.2792992518324018
"GAG",0.46548802161175556
"GAU",0.5067033257345309
"GCA",0.3256614669925746
"GCC",0.36921972804989434
"GCG",0.8540600846028333
"GCU",0.22638157581749174
"GGA",1.021433713625079
"GGC",0.17062794493594347
"GGG",0.6877121165373514
"GGU",0.386322220221288
"GUA",0.4048320179805453
"GUC",0.5138440036872816
"GUG",0.9955201490623813
"GUU",0.2842232094149674
"UAC",0.5334860290690946
"UAU",0.7884661882956505
"UCA",0.3774691774793866
"UCC",0.5408239406656341
"UCG",0.7887870383918741
"UCU",0.3093752797959136
"UGC",0.7059341068846129
"UGG",0.35351186529589107
"UGU",0.9819178379531447
"UUA",0.5793775636409066
"UUC",0.3428211321417891
"UUG",0.2643650596160047
"UUU",0.577607565922274
