"codon","average_decoding_time"
"AAA",0.45971512591228586
"AAC",0.32780432672927
"AAG",0.2302071051810513
"AAU",0.5604750397680068
"ACA",0.34950167631323786
"ACC",0.38271175157084314
"ACG",0.6881713035508709
"ACU",0.22927416239781073
"AGA",0.14788334882393248
"AGC",1.397318295014113
"AGG",0.3065349030370851
"AGU",1.7431300980009035
"AUA",0.44263465754599757
"AUC",0.4716535123658936
"AUG",0.5512855341757549
"AUU",0.2785293270606952
"CAA",0.4638142485392085
"CAC",0.5357236711765266
"CAG",0.6447988581356412
"CAU",0.7888298687942793
"CCA",0.31712703000249426
"CCC",2.189022656435872
"CCG",0.4491255241873034
"CCU",1.7904162227109324
"CGA",0.5108730057003377
"CGC",0.6345940484590104
"CGG",2.191476755916786
"CGU",0.39304178522287647
"CUA",1.3697224943079973
"CUC",1.2045866631930557
"CUG",1.4652274771078717
"CUU",1.288073437707613
"GAA",0.3050707816082555
"GAC",0.280189142159342
"GAG",0.46694270040747765
"GAU",0.5072576657775835
"GCA",0.3255554124160193
"GCC",0.36898433754990556
"GCG",0.8528626534057573
"GCU",0.22599318976421937
"GGA",1.0242857312134268
"GGC",0.17129888403222712
"GGG",0.6827740449360181
"GGU",0.3863669424968355
"GUA",0.4043275224200155
"GUC",0.5133216451257249
"GUG",0.9974048294336335
"GUU",0.2846184212846257
"UAC",0.5331827876607707
"UAU",0.7896420242693288
"UCA",0.3775081925420206
"UCC",0.5420243279540821
"UCG",0.7862315219243589
"UCU",0.31071243596354614
"UGC",0.7049410959803829
"UGG",0.3540792570506136
"UGU",0.9786992195526233
"UUA",0.5786116985408108
"UUC",0.34272576455513093
"UUG",0.2645632202570346
"UUU",0.5767219227960245
