"codon","average_decoding_time"
"AAA",0.40073151103335763
"AAC",0.32582363564623873
"AAG",0.20698823365411523
"AAU",0.5607467638328206
"ACA",0.33795872311576125
"ACC",0.3622043801690978
"ACG",0.5686583267587785
"ACU",0.2101791666512146
"AGA",0.09824135576011209
"AGC",1.2167338338579112
"AGG",0.2871142277464719
"AGU",1.550800428210807
"AUA",0.3522732282141174
"AUC",0.3906344089442272
"AUG",0.4426367635848839
"AUU",0.2042843723109998
"CAA",0.4647069077446766
"CAC",0.5331601003991947
"CAG",0.6443896959780433
"CAU",0.7905030530783197
"CCA",0.34488758114449425
"CCC",2.1908125746321017
"CCG",0.44952085331739944
"CCU",1.7961499193936454
"CGA",0.5106403842017937
"CGC",0.6333134287396657
"CGG",2.198938859820163
"CGU",0.3912974103129756
"CUA",1.3707102321755693
"CUC",1.2073082804911728
"CUG",1.4612427762621099
"CUU",1.2894153830351995
"GAA",0.3041420405991844
"GAC",0.2794165830754459
"GAG",0.4645443430751856
"GAU",0.5063913477928839
"GCA",0.31886077923355216
"GCC",0.36981295590655816
"GCG",0.8534180177215757
"GCU",0.22559276344179718
"GGA",1.0211070936924225
"GGC",0.17072003961370572
"GGG",0.6829640022315958
"GGU",0.3859843855065115
"GUA",0.405114163982638
"GUC",0.5135242765951267
"GUG",0.9955730850988644
"GUU",0.2844835211963045
"UAC",0.5337783348383534
"UAU",0.7900663814974418
"UCA",0.3771599277633776
"UCC",0.5424363850156741
"UCG",0.7874634503240897
"UCU",0.31096427965980483
"UGC",0.707388224065124
"UGG",0.3531642591033844
"UGU",0.9801538229942196
"UUA",0.5790291354343247
"UUC",0.3426269421391106
"UUG",0.2631627540277531
"UUU",0.5768810367823112
