"codon","average_decoding_time"
"AAA",0.45871550603834793
"AAC",0.32703541069784403
"AAG",0.23011784434025512
"AAU",0.5603752551553943
"ACA",0.35043769341385606
"ACC",0.3828113524049837
"ACG",0.6879792696470264
"ACU",0.22441268137324485
"AGA",0.1481859111498336
"AGC",1.3935178731485445
"AGG",0.30798024998798923
"AGU",1.7407097242172576
"AUA",0.44411238774451633
"AUC",0.47073281109459475
"AUG",0.5525059537458253
"AUU",0.26525166360091657
"CAA",0.46460701364739737
"CAC",0.5335408486802994
"CAG",0.6442354026717446
"CAU",0.7889790617709362
"CCA",0.3163229446170062
"CCC",2.1966124571665757
"CCG",0.44936342379238864
"CCU",1.6209391677360476
"CGA",0.5095757572981016
"CGC",0.6336978691208288
"CGG",2.201494062078572
"CGU",0.3922139524772501
"CUA",1.3733494389669172
"CUC",1.2053805883453321
"CUG",1.4641240576208607
"CUU",4.445216465096196
"GAA",0.3033755585608981
"GAC",0.27858280352870635
"GAG",0.46532032343477925
"GAU",0.5075347009941846
"GCA",0.32674913926570787
"GCC",0.36943779702687396
"GCG",0.8542710071703583
"GCU",0.2565797949152066
"GGA",1.0263631840843674
"GGC",0.17113327378123197
"GGG",0.6833058009649086
"GGU",0.38621232810261996
"GUA",0.40516242436473454
"GUC",0.5135180981741074
"GUG",0.9959407894662428
"GUU",0.2722042495155478
"UAC",0.37010278473379205
"UAU",0.606933312573862
"UCA",0.3731265369911638
"UCC",0.534748184233658
"UCG",0.6468469912960533
"UCU",0.24562173593266556
"UGC",0.5165269549111144
"UGG",0.33389908969425647
"UGU",0.7684560689888672
"UUA",0.5186750004584567
"UUC",0.300153362484435
"UUG",0.21209322638397235
"UUU",0.5295060348301273
