"codon","average_decoding_time"
"AAA",0.4596374096612319
"AAC",0.3270461708498486
"AAG",0.22964002999426802
"AAU",0.5601992905769977
"ACA",0.35037273350395165
"ACC",0.4448023793307236
"ACG",0.5792920451844268
"ACU",0.22909036138579944
"AGA",0.14771283959561748
"AGC",1.3963876196275464
"AGG",0.29068528846136144
"AGU",1.743936489424875
"AUA",0.44393996870756103
"AUC",0.45693810479964586
"AUG",0.5519637487743272
"AUU",0.2792202544501421
"CAA",0.2995572938353376
"CAC",0.3703585333719397
"CAG",0.57318044731974
"CAU",0.6079308345238594
"CCA",0.3103363759522549
"CCC",1.8120369651749137
"CCG",1.4892853839898728
"CCU",1.7619774885992885
"CGA",0.4822683113381676
"CGC",0.5100138388888611
"CGG",1.914798246681782
"CGU",0.2824605201873752
"CUA",1.2357504181483236
"CUC",3.415066932949943
"CUG",1.164422984378578
"CUU",1.158832261418431
"GAA",0.3036506536110575
"GAC",0.2788437531748582
"GAG",0.465041873000951
"GAU",0.5073583271783734
"GCA",0.32622090876741733
"GCC",0.4809177877495485
"GCG",0.745357702872549
"GCU",0.2260216643877648
"GGA",1.023509156180391
"GGC",0.1712009123027248
"GGG",1.3593730587192328
"GGU",0.38625680209986263
"GUA",0.40390226820208047
"GUC",0.49970655180100554
"GUG",0.9955694542216624
"GUU",0.2850429967336817
"UAC",0.5331344588873367
"UAU",0.7900832092589403
"UCA",0.37820667395183444
"UCC",0.5053414231496528
"UCG",2.919314405021729
"UCU",0.3109206692496606
"UGC",0.7060517979903349
"UGG",0.32344658300099727
"UGU",0.9826567577034604
"UUA",0.5785366652320629
"UUC",0.34278813892629567
"UUG",0.26479080018268053
"UUU",0.5776977708805539
