"codon","average_decoding_time"
"AAA",0.45955210712558137
"AAC",0.32697170036306494
"AAG",0.22940854198874838
"AAU",0.5595289216663464
"ACA",0.35087128313917926
"ACC",0.38181843405808313
"ACG",0.6863630187661203
"ACU",0.229189702834252
"AGA",0.1481279556909979
"AGC",1.3920651661202366
"AGG",0.3073359243515306
"AGU",1.7409508515121281
"AUA",0.44361885554267966
"AUC",0.4721115938736994
"AUG",0.5511413132185218
"AUU",0.27752332376959465
"CAA",0.46548288337461224
"CAC",0.5334741412790267
"CAG",0.6447688473327805
"CAU",0.7895481304751004
"CCA",0.316850477286822
"CCC",2.1973421442134953
"CCG",0.45050366851471546
"CCU",1.7922452854122108
"CGA",0.5092150722840982
"CGC",0.6348414282110882
"CGG",2.1917565150375067
"CGU",0.39141808356444174
"CUA",1.375469776660925
"CUC",1.210806335296094
"CUG",1.467960746778585
"CUU",1.2938422022133937
"GAA",0.30276143976796865
"GAC",0.279068557637209
"GAG",0.46504639072626247
"GAU",0.5073356754285073
"GCA",0.326447049917564
"GCC",0.3688489899880354
"GCG",0.8516200574313378
"GCU",0.2255598650455376
"GGA",1.0221864997332608
"GGC",0.17139041371985445
"GGG",0.6830791900875726
"GGU",0.3855267924720157
"GUA",0.40533139832888576
"GUC",0.5131317202761084
"GUG",0.9957161706445756
"GUU",0.28492687030426045
"UAC",0.5324968303636942
"UAU",0.7896038200644674
"UCA",0.37730931276813656
"UCC",0.5424303669012178
"UCG",0.7870159420173063
"UCU",0.30936936631735024
"UGC",0.7069071390734772
"UGG",0.3538175250173674
"UGU",0.9819757433024944
"UUA",0.5796893376010235
"UUC",0.34325214939817256
"UUG",0.2642891994981405
"UUU",0.5764258989959439
