"codon","average_decoding_time"
"AAA",0.4588121861418787
"AAC",0.3255425726203537
"AAG",0.22980752798387719
"AAU",0.5590367450353307
"ACA",0.350260144746903
"ACC",0.38358449672582734
"ACG",0.5790021010097703
"ACU",0.22973103505115494
"AGA",0.1479860066677874
"AGC",1.3975168349688136
"AGG",0.29166825644010413
"AGU",1.743537944861433
"AUA",0.4440825923466911
"AUC",0.4722868863963413
"AUG",0.5517768881641909
"AUU",0.27827952371393005
"CAA",0.4651060051444852
"CAC",0.5328954865809167
"CAG",0.6448599258375545
"CAU",0.7878431516157034
"CCA",0.31709927524478837
"CCC",2.1923382289791804
"CCG",1.8426482362287473
"CCU",1.7900270710596384
"CGA",0.5108874109533003
"CGC",0.6320557367812923
"CGG",2.029881652413254
"CGU",0.39201591190588886
"CUA",1.3719554935310614
"CUC",1.2092402853473065
"CUG",1.4664550941105594
"CUU",1.2880198006361778
"GAA",0.30489804539385884
"GAC",0.2792901537748281
"GAG",0.4645850332366642
"GAU",0.5068906994253319
"GCA",0.32633887746782536
"GCC",0.3692294552204325
"GCG",0.7453037844430356
"GCU",0.2253967916890959
"GGA",1.0234457923151274
"GGC",0.17079362473766624
"GGG",1.3628642844321577
"GGU",0.3872693811624879
"GUA",0.40453441017697095
"GUC",0.5130022646448058
"GUG",0.9988428970175165
"GUU",0.2855014193133021
"UAC",0.5327450562902586
"UAU",0.7896421301151448
"UCA",0.37747870496044916
"UCC",0.5408190086874092
"UCG",2.9196535365880742
"UCU",0.31065520328914337
"UGC",0.7052049065074172
"UGG",0.3237652060793383
"UGU",0.9804731195528286
"UUA",0.5804906981682477
"UUC",0.34248088276024496
"UUG",0.2635898532918513
"UUU",0.5771928760320241
