"codon","average_decoding_time"
"AAA",0.45763479256371675
"AAC",0.32699560352540913
"AAG",0.2295815025132055
"AAU",0.559464603549875
"ACA",0.3490184688924001
"ACC",0.38173226221451834
"ACG",0.6662071369025538
"ACU",0.22999247054610056
"AGA",0.1478845269725923
"AGC",1.392601435270604
"AGG",0.30688221312637104
"AGU",1.7458035219174814
"AUA",0.4432367984752747
"AUC",0.4707784789619264
"AUG",0.5495937460443756
"AUU",0.2774482500710293
"CAA",0.4651834560955309
"CAC",0.5327969221296549
"CAG",0.6442802639663417
"CAU",0.7874162826950198
"CCA",0.31685454155288906
"CCC",2.189441895460445
"CCG",0.5063644418525649
"CCU",1.7876225851636298
"CGA",0.5108459105355605
"CGC",0.6331748297996687
"CGG",2.194610135373034
"CGU",0.3941527851096519
"CUA",1.3718704184958128
"CUC",1.205016835453729
"CUG",1.4629757425713659
"CUU",1.2931387942186718
"GAA",0.27147214661671665
"GAC",0.28055517599720353
"GAG",0.43496832716871975
"GAU",0.5062406424410931
"GCA",0.32280435118648093
"GCC",0.35016081895972695
"GCG",0.710088617702474
"GCU",0.20790106813048392
"GGA",0.8274209962973282
"GGC",0.1489902429410563
"GGG",0.6347392541010031
"GGU",0.36117474815272665
"GUA",0.3239625463734357
"GUC",0.43170589592676756
"GUG",0.857598792198938
"GUU",0.21228927928819857
"UAC",0.53263139174387
"UAU",0.789702381119287
"UCA",0.3781307202595126
"UCC",0.5415841518676822
"UCG",0.7894849267265331
"UCU",0.3110018867786494
"UGC",0.704495736451543
"UGG",0.35255383205933016
"UGU",0.9781666647071471
"UUA",0.5797130780249165
"UUC",0.34277166555453464
"UUG",0.2630684358550776
"UUU",0.5784348499531944
