"codon","average_decoding_time"
"AAA",0.3994430496322933
"AAC",0.3258380134640376
"AAG",0.20759282613661217
"AAU",0.5601307807757617
"ACA",0.3380929709123276
"ACC",0.3609348165551988
"ACG",0.5691246030882611
"ACU",0.20982927450228994
"AGA",0.09801932422391237
"AGC",1.219150109078247
"AGG",0.28681643531651696
"AGU",1.556525526992328
"AUA",0.35234746909960585
"AUC",0.3913145784594942
"AUG",0.412474223593165
"AUU",0.20501572836015738
"CAA",0.4653852875883154
"CAC",0.5326526686966182
"CAG",0.6460164282467983
"CAU",0.7882061993840995
"CCA",0.34374542491691296
"CCC",2.185395021099009
"CCG",0.4487402198814168
"CCU",1.795991488742095
"CGA",0.50970291694871
"CGC",0.6333141908848251
"CGG",2.196212710041371
"CGU",0.39336364184185785
"CUA",1.3712400484008929
"CUC",1.2069855792406365
"CUG",1.3988672618801472
"CUU",1.2900665590377292
"GAA",0.3048254146637221
"GAC",0.28076499794656895
"GAG",0.4656964784646073
"GAU",0.507974598858162
"GCA",0.3190713519942409
"GCC",0.3690201262174493
"GCG",0.8547068924564049
"GCU",0.2256481653163249
"GGA",1.0219918322285568
"GGC",0.1702420205040579
"GGG",0.6822032582932965
"GGU",0.3875890733515365
"GUA",0.40498574065344406
"GUC",0.5127772548994084
"GUG",2.0816421992390852
"GUU",0.28475324730925505
"UAC",0.5340919464803318
"UAU",0.7900236831776839
"UCA",0.37788842549017476
"UCC",0.5428441426008888
"UCG",0.7880932461251644
"UCU",0.3098050542662223
"UGC",0.7065898102032803
"UGG",0.3534055343313162
"UGU",0.980458469436371
"UUA",0.5777553526066601
"UUC",0.34358153388051876
"UUG",0.25384068673930243
"UUU",0.5775972589940357
