"codon","average_decoding_time"
"AAA",0.3996740519492711
"AAC",0.3264294146114145
"AAG",0.12719561216710057
"AAU",0.5583808665637133
"ACA",0.33759271287874015
"ACC",0.36167822281081125
"ACG",0.5677867979762327
"ACU",0.2109542891744828
"AGA",0.09765238191271643
"AGC",1.2188893495562447
"AGG",0.2860236015758559
"AGU",1.5489359979531006
"AUA",0.3515034547689073
"AUC",0.39147642219417833
"AUG",0.4436940085317339
"AUU",0.20519211477003288
"CAA",0.46663259754971176
"CAC",0.5332374041243424
"CAG",3.4668690579949444
"CAU",0.7893725765153693
"CCA",0.34441248053915086
"CCC",2.1910319503738487
"CCG",0.4491768123365453
"CCU",1.7929512556711853
"CGA",0.511237533360098
"CGC",0.6333547703857878
"CGG",2.1982260704801435
"CGU",0.3935041176773987
"CUA",1.3751985084676055
"CUC",1.2064619096080207
"CUG",1.466764904516648
"CUU",1.2880665476662256
"GAA",0.30395251553456065
"GAC",0.27980543914764644
"GAG",2.158974708672766
"GAU",0.5081543100590088
"GCA",0.31801648121671716
"GCC",0.3696765973781652
"GCG",0.8552135054203323
"GCU",0.2263325368708344
"GGA",1.0238934301367455
"GGC",0.17154265967121177
"GGG",0.6832096303510381
"GGU",0.3857013336940775
"GUA",0.40457002427729905
"GUC",0.5119544503121413
"GUG",0.9954692443212797
"GUU",0.28520385014879557
"UAC",0.5326710376296496
"UAU",0.7909911310237036
"UCA",0.37704720292043603
"UCC",0.5410386920849816
"UCG",0.7894149870474303
"UCU",0.3106585298647918
"UGC",0.706999826373254
"UGG",0.3525285439932018
"UGU",0.9804753242788364
"UUA",0.5775977664745849
"UUC",0.3448652143654575
"UUG",0.2645345517971779
"UUU",0.576214134250675
