"codon","average_decoding_time"
"AAA",0.45867141143083145
"AAC",0.3262255150059474
"AAG",0.23025724502149328
"AAU",0.5597987310652043
"ACA",0.3509044238725702
"ACC",0.38287010014813355
"ACG",0.687167528398763
"ACU",0.22871759670723535
"AGA",0.14791768407850656
"AGC",1.3944397441394165
"AGG",0.30724755966581324
"AGU",1.7478552823502702
"AUA",0.44346878265962886
"AUC",0.4725549706014856
"AUG",0.5498994992715907
"AUU",0.2777552348528762
"CAA",0.4636954680033844
"CAC",0.5313240111153964
"CAG",0.6453893797527325
"CAU",0.7898312793705604
"CCA",0.3169576627273395
"CCC",2.188845047438177
"CCG",0.4490571993922461
"CCU",1.7941814197973875
"CGA",0.5091842110644154
"CGC",0.6331724825204064
"CGG",2.1975997426063953
"CGU",0.3935266519424137
"CUA",1.3703288260782094
"CUC",1.2052395879021238
"CUG",1.4667731163542812
"CUU",1.285630094972102
"GAA",0.3042709976683544
"GAC",0.27997985343064447
"GAG",0.4651702383143647
"GAU",0.5074439239401861
"GCA",0.3257381226274288
"GCC",0.36932854327227266
"GCG",0.8539807517557256
"GCU",0.22515405615193754
"GGA",1.0246755358181148
"GGC",0.17134363192702431
"GGG",0.6836035000193048
"GGU",0.3870484349208436
"GUA",0.4044130741712452
"GUC",0.5132369886689739
"GUG",1.0001238832499262
"GUU",0.28533536447720614
"UAC",0.5330966218111968
"UAU",0.7898460636388653
"UCA",0.377380303069338
"UCC",0.5417336123805145
"UCG",0.7914344402177677
"UCU",0.31065428427352143
"UGC",0.7070332590606405
"UGG",0.35345986197591106
"UGU",0.980199380632187
"UUA",0.5795719479453301
"UUC",0.3430997561177082
"UUG",0.2638092364131553
"UUU",0.5781549557237512
