"codon","average_decoding_time"
"AAA",0.40167835041856415
"AAC",0.32668286845675465
"AAG",0.2071498851816936
"AAU",0.5609060725844692
"ACA",0.3386557975178695
"ACC",0.36134229805664875
"ACG",0.5690185854253947
"ACU",0.21035717811427904
"AGA",0.09800818807060879
"AGC",1.2204092122594528
"AGG",0.2869036947083792
"AGU",1.5485378887366072
"AUA",0.35169924324739177
"AUC",0.3910219704085111
"AUG",0.442496127464006
"AUU",0.20543575200335243
"CAA",0.4637451866389782
"CAC",0.5333587520437457
"CAG",0.6418603793286125
"CAU",0.7905099951719075
"CCA",0.34405635279371066
"CCC",2.1876164947752397
"CCG",0.44906850247983804
"CCU",1.7949489376722754
"CGA",0.510327444125708
"CGC",0.634224751203682
"CGG",2.2043197156170335
"CGU",0.3927174254775852
"CUA",1.3702310064833154
"CUC",1.2094248695131251
"CUG",1.4646295873299635
"CUU",1.2918465949702016
"GAA",0.30257622456272304
"GAC",0.27956087208211583
"GAG",0.46733477161795134
"GAU",0.5071508183060867
"GCA",0.3186440801489366
"GCC",0.36893463090085926
"GCG",0.8529663395847065
"GCU",0.2265306864009745
"GGA",1.0229560524695107
"GGC",0.17116336447273658
"GGG",0.6830686499862723
"GGU",0.38688112048791345
"GUA",0.4052481441832346
"GUC",0.5137543717483832
"GUG",0.9968750595726334
"GUU",0.2853447631640672
"UAC",0.5304912277386385
"UAU",0.7899188881456395
"UCA",0.37674552503409525
"UCC",0.5407418092885025
"UCG",0.7898394912850969
"UCU",0.3102162988567015
"UGC",0.7062032511516874
"UGG",0.35332681609704336
"UGU",0.9781424592959009
"UUA",0.5790626506365077
"UUC",0.34297025551258875
"UUG",0.26451356880041815
"UUU",0.5780248172233599
