"codon","average_decoding_time"
"AAA",0.4586007772350835
"AAC",0.3265011216991934
"AAG",0.2299578039683557
"AAU",0.5584479575573061
"ACA",0.3509931901272197
"ACC",0.3820054732930819
"ACG",0.6867813401009224
"ACU",0.22983636278527012
"AGA",0.14780996205187635
"AGC",1.3882196498000696
"AGG",0.3070499817397007
"AGU",1.748376361243327
"AUA",0.4438772499962336
"AUC",0.4710286026946726
"AUG",0.5495370726660024
"AUU",0.2786909697138479
"CAA",0.4647161171696752
"CAC",0.5328239501206522
"CAG",0.6434204025656071
"CAU",0.7863649974190375
"CCA",0.31686401187831315
"CCC",2.1863275545513
"CCG",0.4490822538535069
"CCU",1.7919218253374736
"CGA",0.5104507107897021
"CGC",0.6328044246684247
"CGG",2.1926839723780156
"CGU",0.3923214583354072
"CUA",1.3683681883011012
"CUC",1.2077707599921494
"CUG",1.4655569386356113
"CUU",1.291958529136953
"GAA",0.3044970302732846
"GAC",0.2790142867335134
"GAG",0.4670813523337216
"GAU",0.5073537041234211
"GCA",0.3271943428226268
"GCC",0.36952337702143967
"GCG",0.8529125647484158
"GCU",0.22591555403497002
"GGA",1.024068340346421
"GGC",0.1716083936945498
"GGG",0.68304091380518
"GGU",0.3867556894550875
"GUA",0.4052980533393623
"GUC",0.5138145779335026
"GUG",0.998592004492563
"GUU",0.2848243154068716
"UAC",0.5339437609294267
"UAU",0.7907952920304709
"UCA",0.3770314465315317
"UCC",0.5411603526949705
"UCG",0.7859863591368239
"UCU",0.3114865454567418
"UGC",0.7058678022142507
"UGG",0.35396398578088506
"UGU",0.9803830196713255
"UUA",0.5782840609274819
"UUC",0.3426327917666464
"UUG",0.2632376257607381
"UUU",0.5776506252837389
