"codon","average_decoding_time"
"AAA",0.39972592332125617
"AAC",0.3271529353071317
"AAG",0.20764351009233076
"AAU",0.5608761532358887
"ACA",0.33810204567370256
"ACC",0.36137949782854145
"ACG",0.5689345784431442
"ACU",0.21004305221568892
"AGA",0.0981110963649849
"AGC",1.2220861646796517
"AGG",0.28614232801537215
"AGU",1.5576084751524657
"AUA",0.3515931220561913
"AUC",0.3914968043249196
"AUG",0.44418227435071256
"AUU",0.20526894523379646
"CAA",0.46443160213014023
"CAC",0.5325693188849543
"CAG",0.6455687354813762
"CAU",0.7896295342030519
"CCA",0.34479375986327065
"CCC",2.1900300147660166
"CCG",0.44878918746539326
"CCU",1.7933315864144688
"CGA",0.5103392426478408
"CGC",0.6309923211053166
"CGG",2.195161725135665
"CGU",0.3926102247917021
"CUA",1.3711142800984295
"CUC",1.2088478975051478
"CUG",1.4644080212256245
"CUU",1.2928171424029191
"GAA",0.3041877158285568
"GAC",0.27917503392907916
"GAG",0.46464962434657325
"GAU",0.5055699889434487
"GCA",0.317800841658542
"GCC",0.36916190571160956
"GCG",0.8515630368105814
"GCU",0.2254622854543792
"GGA",1.0203481600422835
"GGC",0.17086361295762265
"GGG",0.6835302740435328
"GGU",0.3867533221806949
"GUA",0.4038027013849011
"GUC",0.5127899439876141
"GUG",0.9963775946914843
"GUU",0.28468438580404126
"UAC",0.5329282416952299
"UAU",0.7911608049240666
"UCA",0.37810285634385166
"UCC",0.5408931334539864
"UCG",0.78931124481182
"UCU",0.3108059822734137
"UGC",0.7053760587564678
"UGG",0.3541960604135599
"UGU",0.981037811744924
"UUA",0.578423722031777
"UUC",0.3430337292572459
"UUG",0.2639893112144039
"UUU",0.5791225085473077
