"codon","average_decoding_time"
"AAA",0.45749880536300663
"AAC",0.3276808507118601
"AAG",0.22907809380197766
"AAU",0.5590981189486641
"ACA",0.3496890490828133
"ACC",0.3829856168029029
"ACG",0.6855861368998845
"ACU",0.2297623602583868
"AGA",0.14817781565580113
"AGC",1.3888977622986178
"AGG",0.3065171353855519
"AGU",1.7496661944494412
"AUA",0.444469006199091
"AUC",0.47211645541228303
"AUG",0.5512258999385135
"AUU",0.27855238493001194
"CAA",0.46482845861836436
"CAC",0.532858509285338
"CAG",0.6446355467802954
"CAU",0.7897361104337306
"CCA",0.31607133876591065
"CCC",2.195167748785941
"CCG",0.44958041326212694
"CCU",1.7869443514127583
"CGA",0.5109124060084393
"CGC",0.6306620353452783
"CGG",2.2001340221046606
"CGU",0.3934721054438832
"CUA",1.3741836027000787
"CUC",1.2087428597960461
"CUG",1.4629739814987432
"CUU",1.2905803695779363
"GAA",0.30362205560662825
"GAC",0.27914917185610294
"GAG",0.46541827944290787
"GAU",0.5068013555631754
"GCA",0.32589150926538024
"GCC",0.36910871736649664
"GCG",0.8552703255387716
"GCU",0.22590621021685908
"GGA",1.0237535293302054
"GGC",0.17137839708595193
"GGG",0.6834204812789573
"GGU",0.3874269425487657
"GUA",0.4044965973122004
"GUC",0.5135016961642179
"GUG",0.9947352171269096
"GUU",0.2849980371067105
"UAC",0.5342566123415003
"UAU",0.7870616697608847
"UCA",0.37825140349134523
"UCC",0.5408391964427935
"UCG",0.7880795080995311
"UCU",0.31193606903028087
"UGC",0.7071192126765764
"UGG",0.3525146621692033
"UGU",0.9818785402996427
"UUA",0.5799076298367043
"UUC",0.3423002201305278
"UUG",0.2641786457491048
"UUU",0.5783364850840336
