"codon","average_decoding_time"
"AAA",0.3998636985498267
"AAC",0.327322092075768
"AAG",0.20702919658624247
"AAU",0.559284853906601
"ACA",0.33760960921736094
"ACC",0.3608593412759032
"ACG",0.4169862461258736
"ACU",0.21089599884216753
"AGA",0.09833612648300163
"AGC",1.2238727714179516
"AGG",0.271966114680343
"AGU",1.5563111757063506
"AUA",0.35282732366816827
"AUC",0.3909454129659259
"AUG",0.4424087711656048
"AUU",0.20491828841066498
"CAA",0.46601509847294287
"CAC",0.5332635256644775
"CAG",0.6434672299429182
"CAU",0.7878532644353596
"CCA",0.34460340511586646
"CCC",2.1876775506589583
"CCG",1.840706701192445
"CCU",1.7941237126664475
"CGA",0.5100727312035851
"CGC",0.6318537151518752
"CGG",2.028741857389369
"CGU",0.39238647383694936
"CUA",1.3726270699124685
"CUC",1.2052068658394148
"CUG",1.4655639607703135
"CUU",1.291119142746029
"GAA",0.3038409424689672
"GAC",0.27865009534683804
"GAG",0.4655080676015232
"GAU",0.5064430724527044
"GCA",0.318647081558973
"GCC",0.3692190709425256
"GCG",0.7445116517327603
"GCU",0.22599461317013939
"GGA",1.0232993609169216
"GGC",0.17099207361380306
"GGG",1.3630341022215053
"GGU",0.38689837295608653
"GUA",0.40513824650077346
"GUC",0.5132110589953837
"GUG",0.99747913917708
"GUU",0.28552587087848263
"UAC",0.5331483942050937
"UAU",0.7907715312881335
"UCA",0.3772502509936704
"UCC",0.5417635356136103
"UCG",2.9194273651104186
"UCU",0.3105317275696459
"UGC",0.7032925268640369
"UGG",0.3242786551257405
"UGU",0.9795722384078023
"UUA",0.5786210357244922
"UUC",0.3419990479357421
"UUG",0.263680725360923
"UUU",0.5780754701872692
