"codon","average_decoding_time"
"AAA",0.46019149821486344
"AAC",0.32704998050048845
"AAG",0.23004463352413745
"AAU",0.5597700211387722
"ACA",0.3499453127702738
"ACC",0.38300643639679244
"ACG",0.6883399304014776
"ACU",0.23014362606274819
"AGA",0.14817022680110847
"AGC",1.3889942217791438
"AGG",0.3076508146780185
"AGU",1.7466257549630673
"AUA",0.4433703820095679
"AUC",0.47161392226671706
"AUG",0.5505271827529272
"AUU",0.2782016946872386
"CAA",0.46297780816327133
"CAC",0.531669606874177
"CAG",0.645275806340171
"CAU",0.7888755300936443
"CCA",0.31707047562701157
"CCC",2.175427316653335
"CCG",0.4489139953489827
"CCU",1.7945404174194024
"CGA",0.5114652885483106
"CGC",0.6333572988790432
"CGG",2.2040500881650185
"CGU",0.39249743936506737
"CUA",1.3667998038164508
"CUC",1.2060548539854825
"CUG",1.4636491390885902
"CUU",1.2895491944569588
"GAA",0.3043793263347025
"GAC",0.2803918329060943
"GAG",0.46620072106085186
"GAU",0.505960620577962
"GCA",0.3263033816925041
"GCC",0.36950971159794194
"GCG",0.8530681048264873
"GCU",0.22629406072420763
"GGA",1.021181175993797
"GGC",0.1717021247298032
"GGG",0.6842771955221285
"GGU",0.3856721661184174
"GUA",0.405080478716149
"GUC",0.5136420292247795
"GUG",0.9973065610868875
"GUU",0.28509213956335655
"UAC",0.5328828692220364
"UAU",0.7891612119678632
"UCA",0.37811091955119436
"UCC",0.5409697590835317
"UCG",0.7881285919481642
"UCU",0.3110522420968783
"UGC",0.7062413112699977
"UGG",0.35450893013465673
"UGU",0.9816517268212023
"UUA",0.5796216950910976
"UUC",0.34281626995310777
"UUG",0.2641938866737762
"UUU",0.5792155323289347
