"codon","average_decoding_time"
"AAA",0.45909055846409735
"AAC",0.3275786421855045
"AAG",0.22989600180010136
"AAU",0.5597093511531872
"ACA",0.3487583212188083
"ACC",0.38205282498127874
"ACG",0.6652269888307344
"ACU",0.22940877801995704
"AGA",0.14816152623333775
"AGC",1.3913856927519415
"AGG",0.3063643336076585
"AGU",1.7476509809583285
"AUA",0.44392398334558403
"AUC",0.47120183139134053
"AUG",0.550149856347907
"AUU",0.27850650710229397
"CAA",0.4652314019486891
"CAC",0.5324914340904411
"CAG",0.6445607498600735
"CAU",0.7897296470422631
"CCA",0.3168032452075715
"CCC",2.1889142439680627
"CCG",0.5056371142906264
"CCU",1.7944975774213863
"CGA",0.5086345382903575
"CGC",0.633886975308756
"CGG",2.200564455543369
"CGU",0.39149778208139313
"CUA",1.3719842455227325
"CUC",1.2060760457331772
"CUG",1.466700098671461
"CUU",1.2868146488349428
"GAA",0.2714777045741508
"GAC",0.27976072340235136
"GAG",0.43526481790254534
"GAU",0.5068324830017503
"GCA",0.32198363369939953
"GCC",0.34946071211488305
"GCG",0.7112778066333558
"GCU",0.20692504963415947
"GGA",0.8307563835319182
"GGC",0.1487156562541811
"GGG",0.6344050820041052
"GGU",0.36034200852473575
"GUA",0.3241778831866603
"GUC",0.4325457425274964
"GUG",0.8575179775177333
"GUU",0.21257359985454244
"UAC",0.5320376397495407
"UAU",0.7892109849443679
"UCA",0.3758395374089506
"UCC",0.5414092681318086
"UCG",0.7877430076152883
"UCU",0.3098352375904786
"UGC",0.7058767261437117
"UGG",0.3546571073337267
"UGU",0.979733295023431
"UUA",0.5798053246859947
"UUC",0.3430979117798725
"UUG",0.2644551751865718
"UUU",0.5770884072209248
