"codon","average_decoding_time"
"AAA",0.4604293982748782
"AAC",0.32605275919347426
"AAG",0.16139768827466153
"AAU",0.5613925518393527
"ACA",0.3503809217585059
"ACC",0.44433526473913393
"ACG",0.6877793106876124
"ACU",0.2293438685688553
"AGA",0.14851127473006487
"AGC",1.3940203514093348
"AGG",0.3068096315205295
"AGU",1.7484980752763226
"AUA",0.44367047311534435
"AUC",0.4572621761733215
"AUG",0.5521881815551225
"AUU",0.2784820824760657
"CAA",0.29924636309913555
"CAC",0.3705765488265652
"CAG",2.4217499860012617
"CAU",0.6083359562164058
"CCA",0.3123991717696763
"CCC",1.8081982818488531
"CCG",0.38875078893415016
"CCU",1.7638555502150546
"CGA",0.4817226457158344
"CGC",0.5087721681675487
"CGG",2.0892466595937496
"CGU",0.2823008475417886
"CUA",1.2378300460557632
"CUC",3.404529176107725
"CUG",1.1620173604164503
"CUU",1.1634341292571293
"GAA",0.30440120989811104
"GAC",0.2796571544332481
"GAG",2.1634267800598352
"GAU",0.5064122346114989
"GCA",0.3255279656472022
"GCC",0.48125397580631046
"GCG",0.8542086692516154
"GCU",0.22587354164930343
"GGA",1.0221221885823182
"GGC",0.17111995317398346
"GGG",0.6818787063005868
"GGU",0.38578419298049416
"GUA",0.4055903623479057
"GUC",0.5006100581828657
"GUG",0.996809877043394
"GUU",0.28433318070504304
"UAC",0.5328773547875717
"UAU",0.7899324835072005
"UCA",0.37709995294632076
"UCC",0.5056097646000071
"UCG",0.7874472077612529
"UCU",0.30968399355459647
"UGC",0.705793060515801
"UGG",0.35336252306337373
"UGU",0.9811118221918509
"UUA",0.5781913332697667
"UUC",0.34366287740187534
"UUG",0.26371782970379926
"UUU",0.5774462853738631
