"codon","average_decoding_time"
"AAA",0.3996765942974136
"AAC",0.3263947984226339
"AAG",0.20781158649739218
"AAU",0.559504804780306
"ACA",0.3371385116725025
"ACC",0.3624668596915681
"ACG",0.5673009478369145
"ACU",0.21001942482219715
"AGA",0.09817179653791516
"AGC",1.2236255189440255
"AGG",0.28694979227665174
"AGU",1.5526881506863022
"AUA",0.3523017308015477
"AUC",0.39123654185556084
"AUG",0.44205515733975265
"AUU",0.20464036778642242
"CAA",0.4652066394447724
"CAC",0.5317117447609603
"CAG",0.6455558875497079
"CAU",0.7906876564890258
"CCA",0.34473276217559906
"CCC",2.1933853035415067
"CCG",0.44923780427359084
"CCU",1.8001226358959697
"CGA",0.5104608652825164
"CGC",0.6328089254152948
"CGG",2.199742608485054
"CGU",0.3915306381145377
"CUA",1.370395673627116
"CUC",1.2053114576878268
"CUG",1.4639411454924338
"CUU",1.2907894013477528
"GAA",0.3035296867786583
"GAC",0.27944347965696315
"GAG",0.4653600486636667
"GAU",0.5065257563441941
"GCA",0.3185806630171922
"GCC",0.36958806655646914
"GCG",0.8530012952310736
"GCU",0.22530907160897842
"GGA",1.0220230923315268
"GGC",0.17162406733176389
"GGG",0.6837382658158392
"GGU",0.38576201344312044
"GUA",0.40376534851443874
"GUC",0.5126814098041236
"GUG",1.000117062977271
"GUU",0.2851121001126884
"UAC",0.533860798808261
"UAU",0.791179265397265
"UCA",0.3785829414860113
"UCC",0.5423156576620102
"UCG",0.7881628175560018
"UCU",0.3107771576759606
"UGC",0.7056164782333363
"UGG",0.35315780964724264
"UGU",0.9790568625035193
"UUA",0.5789908547698391
"UUC",0.34244502580485153
"UUG",0.2634506836003999
"UUU",0.5797274380222388
