"codon","average_decoding_time"
"AAA",0.45907253825110594
"AAC",0.327066147048977
"AAG",0.22920519702984055
"AAU",0.5593919422809251
"ACA",0.3506442274629342
"ACC",0.3832026427007501
"ACG",0.6861730057748507
"ACU",0.22989640145426724
"AGA",0.14788088300631747
"AGC",1.396086803206722
"AGG",0.3068294906638971
"AGU",1.7446901269036794
"AUA",0.4437292144311482
"AUC",0.47178138385877777
"AUG",0.5493565915328936
"AUU",0.27781356678107455
"CAA",0.4659940097667149
"CAC",0.5312387763037967
"CAG",0.6455868832585244
"CAU",0.789863029314309
"CCA",0.31681992884382154
"CCC",2.194298814950945
"CCG",0.4488949563284876
"CCU",1.7949477960762945
"CGA",0.5099069623694373
"CGC",0.6338617719098639
"CGG",2.199735291382587
"CGU",0.3921628839144339
"CUA",1.371948992631174
"CUC",1.2083382250254777
"CUG",1.4677203175094355
"CUU",1.2905891155258367
"GAA",0.30324962404153316
"GAC",0.28068513027232533
"GAG",0.46467609810650146
"GAU",0.5058474985641417
"GCA",0.3258727772699158
"GCC",0.3692769738024787
"GCG",0.8560355652967304
"GCU",0.22670862426054528
"GGA",1.0239700267682668
"GGC",0.17100561101825978
"GGG",0.680932470713807
"GGU",0.38586178921323655
"GUA",0.40506865050188057
"GUC",0.5132743823215685
"GUG",0.9958901839760625
"GUU",0.2852944287504369
"UAC",0.5339640444045107
"UAU",0.7893463385376872
"UCA",0.3777970039452654
"UCC",0.5420887477434339
"UCG",0.7887920465453756
"UCU",0.30987865448911706
"UGC",0.7033172922096512
"UGG",0.3524705025980641
"UGU",0.981817272407408
"UUA",0.5788590009278468
"UUC",0.342852069297633
"UUG",0.26428599352426035
"UUU",0.5787008885330452
