"codon","average_decoding_time"
"AAA",0.4592427488595304
"AAC",0.3264164304816021
"AAG",0.2297299067860587
"AAU",0.5599381264247553
"ACA",0.35067417507874815
"ACC",0.38277301184051576
"ACG",0.6878432750228226
"ACU",0.2293896071523788
"AGA",0.1482644872773895
"AGC",1.3950495759346384
"AGG",0.30729502240964374
"AGU",1.7438311402471398
"AUA",0.44375236677967295
"AUC",0.4727753087890742
"AUG",0.5518459344812753
"AUU",0.278700294116601
"CAA",0.46399996292195683
"CAC",0.5343717285519082
"CAG",0.6447531111696679
"CAU",0.7907119376335882
"CCA",0.31787532248115097
"CCC",2.1822248943551266
"CCG",0.44916336302060283
"CCU",1.796352341616789
"CGA",0.5101749122237441
"CGC",0.6323432835791101
"CGG",2.198285449422917
"CGU",0.39159896818086914
"CUA",1.3682980789889796
"CUC",1.2053945329819418
"CUG",1.4608909185181473
"CUU",1.2887528299887185
"GAA",0.3042065670659504
"GAC",0.2794456187928168
"GAG",0.4652105860686211
"GAU",0.5064243052338786
"GCA",0.3264835674571444
"GCC",0.36977064325177716
"GCG",0.8546091865405085
"GCU",0.22625394952287195
"GGA",1.0232009449270993
"GGC",0.17086646340354086
"GGG",0.6828185149762063
"GGU",0.3864026120846388
"GUA",0.40507288128497254
"GUC",0.5126727911410223
"GUG",0.9963728174921096
"GUU",0.28490757417440826
"UAC",0.5324280310177265
"UAU",0.7893865935602081
"UCA",0.3779047756538634
"UCC",0.5419750259452016
"UCG",0.7866043755349283
"UCU",0.31030614207217666
"UGC",0.7044792162901525
"UGG",0.35391115083308855
"UGU",0.9816285948554904
"UUA",0.580306490331628
"UUC",0.3439875098504139
"UUG",0.2634665386541473
"UUU",0.5780877909236463
