"codon","average_decoding_time"
"AAA",0.4602358047706112
"AAC",0.3264396438255755
"AAG",0.22979181028893794
"AAU",0.55910288598781
"ACA",0.35015182875453965
"ACC",0.3820731527062056
"ACG",0.6870168488812946
"ACU",0.22947635736337374
"AGA",0.14770099950238283
"AGC",1.388877303246761
"AGG",0.30691536917962825
"AGU",1.7448605061997866
"AUA",0.4443403155601172
"AUC",0.47078776282316664
"AUG",0.550251210959656
"AUU",0.27887601565889586
"CAA",0.46386336655720545
"CAC",0.5329713622756104
"CAG",0.6459338925620918
"CAU",0.790012901720837
"CCA",0.3173383436805652
"CCC",2.1863689591171864
"CCG",0.4482678783473906
"CCU",1.7891469930537585
"CGA",0.5111662241598403
"CGC",0.6337682934317352
"CGG",2.197123183557978
"CGU",0.39415088245427843
"CUA",1.373127308230623
"CUC",1.2079096228593114
"CUG",1.4661478631154126
"CUU",1.2898508061234373
"GAA",0.30375607034130747
"GAC",0.2794687528104806
"GAG",0.4669945766630687
"GAU",0.5076357403833
"GCA",0.32642769867850796
"GCC",0.36975306989152845
"GCG",0.8539337194905247
"GCU",0.2258630436120222
"GGA",1.024167306329509
"GGC",0.17135918157775434
"GGG",0.683686177989059
"GGU",0.38541915585676434
"GUA",0.40451403135196123
"GUC",0.5130247653257303
"GUG",0.998299522191197
"GUU",0.2853752727667745
"UAC",0.5342663644083432
"UAU",0.787615957950366
"UCA",0.3774599337973772
"UCC",0.5422859941312492
"UCG",0.7885348269978487
"UCU",0.31106115059705863
"UGC",0.7056864766363139
"UGG",0.3524951914982416
"UGU",0.9799972133063151
"UUA",0.5791486137122748
"UUC",0.34213022013926164
"UUG",0.3260511412536037
"UUU",0.5793275277983874
