"codon","average_decoding_time"
"AAA",0.45962001720475715
"AAC",0.32750855189539174
"AAG",0.2292856933239222
"AAU",0.55934063528449
"ACA",0.35058342828557004
"ACC",0.38215804976194306
"ACG",0.5799030170995735
"ACU",0.2300376989354218
"AGA",0.14834476104682665
"AGC",1.3937296245237776
"AGG",0.29267649227499615
"AGU",1.7441183119680392
"AUA",0.4435711928456721
"AUC",0.47131135104884964
"AUG",0.5516512941958738
"AUU",0.27816007250585945
"CAA",0.4654494886903318
"CAC",0.5334459577879611
"CAG",0.6456624485259658
"CAU",0.7896506776776734
"CCA",0.3173842636226936
"CCC",2.1830534549698544
"CCG",1.8396320992720434
"CCU",1.8007563865193328
"CGA",0.509428234689629
"CGC",0.6343494508001511
"CGG",2.039357543141263
"CGU",0.3931132359791699
"CUA",1.3674308803498438
"CUC",1.2074246020180286
"CUG",1.4576896360812135
"CUU",1.2912286858906952
"GAA",0.3034194696194223
"GAC",0.2798068925785925
"GAG",0.4666249773611355
"GAU",0.5079221036930845
"GCA",0.3256973927209976
"GCC",0.3691079845494801
"GCG",0.7426551040295114
"GCU",0.2255125368826553
"GGA",1.0257459595222842
"GGC",0.17096692874508976
"GGG",1.3634100859290132
"GGU",0.3859792673964774
"GUA",0.40490683192008453
"GUC",0.5132191376952604
"GUG",0.9962392042362147
"GUU",0.2844737525395749
"UAC",0.5347397377707501
"UAU",0.791502875824467
"UCA",0.377633402160959
"UCC",0.5432507920614117
"UCG",2.9193716757908783
"UCU",0.310124059474129
"UGC",0.7037490476912268
"UGG",0.3228293652901419
"UGU",0.9841072932489949
"UUA",0.5795709228046356
"UUC",0.3432450074249417
"UUG",0.2641469845225264
"UUU",0.5795172374930114
