"codon","average_decoding_time"
"AAA",0.46088531381422526
"AAC",0.3269984570814441
"AAG",0.16126789924378038
"AAU",0.5605935816745519
"ACA",0.3500208135181916
"ACC",0.3825433254604836
"ACG",0.6864860163511588
"ACU",0.22894709161933022
"AGA",0.14821134767654975
"AGC",1.3922479135063686
"AGG",0.3076464962709397
"AGU",1.744985386567937
"AUA",0.4439883498771664
"AUC",0.47191802027001145
"AUG",0.5523586371277975
"AUU",0.2782531352372479
"CAA",0.4650342354040348
"CAC",0.5320402237223831
"CAG",3.46242948910765
"CAU",0.7906742966693047
"CCA",0.31762631636390753
"CCC",2.1809227812615304
"CCG",0.44945469038412916
"CCU",1.7894823639071578
"CGA",0.5089709171556343
"CGC",0.6308951938717003
"CGG",2.1924335431881556
"CGU",0.3927128372880345
"CUA",1.37327990307318
"CUC",1.209325248222709
"CUG",1.467473933644479
"CUU",1.2897692115355264
"GAA",0.3038114163962514
"GAC",0.27883955000671773
"GAG",2.154976699801629
"GAU",0.5062239635701292
"GCA",0.3266432198408376
"GCC",0.3695337325303524
"GCG",0.8529323625771605
"GCU",0.22578981689406563
"GGA",1.0255092186860904
"GGC",0.17111927407276373
"GGG",0.6858232390659097
"GGU",0.38598365447036725
"GUA",0.40502547526312555
"GUC",0.5138505307148142
"GUG",0.9980104476334071
"GUU",0.28602360732900306
"UAC",0.5319249724749759
"UAU",0.7906763779413482
"UCA",0.37749144528572776
"UCC",0.5417406378900121
"UCG",0.7894552803256648
"UCU",0.30933140091643424
"UGC",0.7050960445101648
"UGG",0.3526837399515563
"UGU",0.9786877231511538
"UUA",0.5790586137855421
"UUC",0.34277682712570073
"UUG",0.26395574343457917
"UUU",0.5784324671900067
