"codon","average_decoding_time"
"AAA",0.4609021571295485
"AAC",0.32675192449807566
"AAG",0.2302226655218068
"AAU",0.5599023967380502
"ACA",0.35021156670688774
"ACC",0.4446830211787336
"ACG",0.6665776771901624
"ACU",0.22974650257973733
"AGA",0.1481265663424032
"AGC",1.3914556386047436
"AGG",0.3068404884184905
"AGU",1.741781170853339
"AUA",0.4443922968949227
"AUC",0.4573614196115991
"AUG",0.5518519780575958
"AUU",0.2777178702236141
"CAA",0.2998400726319081
"CAC",0.37040261694685656
"CAG",0.5728535058682664
"CAU",0.6079206873082108
"CCA",0.3111061444654111
"CCC",1.8075467696537353
"CCG",0.4335261993381276
"CCU",1.7626644402247784
"CGA",0.48132213525116957
"CGC",0.5100935530305193
"CGG",2.0821239384172783
"CGU",0.28241004362533967
"CUA",1.2343662163223237
"CUC",3.4066233875280028
"CUG",1.1602180067502954
"CUU",1.1587940266811207
"GAA",0.2711317611669372
"GAC",0.2801743619741691
"GAG",0.43383325139861206
"GAU",0.5069672750318799
"GCA",0.3219981003158948
"GCC",0.4505519695694297
"GCG",0.7084220447591286
"GCU",0.20814421143837097
"GGA",0.8298302944820162
"GGC",0.14867705275696422
"GGG",0.6326423686912948
"GGU",0.3619751627338546
"GUA",0.3245669663749549
"GUC",0.4184045912749145
"GUG",0.8590218443662934
"GUU",0.21323684849917582
"UAC",0.5346976237679814
"UAU",0.7907971541345792
"UCA",0.3779104736366693
"UCC",0.5051133876843354
"UCG",0.788366972799592
"UCU",0.31082732475202024
"UGC",0.7051431919779044
"UGG",0.3534160685949261
"UGU",0.9798626307827031
"UUA",0.5792942155315518
"UUC",0.3431302326781698
"UUG",0.2636042706130642
"UUU",0.5770314706978243
