"codon","average_decoding_time"
"AAA",0.45973182255248296
"AAC",0.3263939471861151
"AAG",0.23021554998575758
"AAU",0.560749484391799
"ACA",0.3505840076180403
"ACC",0.38240180592750156
"ACG",0.6877900062585554
"ACU",0.2293307294783893
"AGA",0.14777419926803745
"AGC",1.3979428013448738
"AGG",0.30713537785956596
"AGU",1.7436415999924562
"AUA",0.44356477057460053
"AUC",0.4708748691560824
"AUG",0.55101127768686
"AUU",0.27750490215065243
"CAA",0.4655025437402582
"CAC",0.5350264138715821
"CAG",0.6442251388855319
"CAU",0.7897244584652623
"CCA",0.31786656173272837
"CCC",2.1817779957941337
"CCG",0.449540076750108
"CCU",1.7976092182194772
"CGA",0.509560539431249
"CGC",0.6334893065667082
"CGG",2.205799497382142
"CGU",0.391879811074694
"CUA",1.373437226559188
"CUC",1.2078198213773887
"CUG",1.464627842757432
"CUU",1.2903169496317
"GAA",0.30417063868268146
"GAC",0.27905090943094135
"GAG",0.4650168406980378
"GAU",0.5061791105502054
"GCA",0.3260053099579515
"GCC",0.3691289709039408
"GCG",0.8518543592878229
"GCU",0.22604769716593562
"GGA",1.0227482197537208
"GGC",0.17142496497996657
"GGG",0.6834407173748411
"GGU",0.3871248431734272
"GUA",0.4057434579881915
"GUC",0.5125422874500364
"GUG",0.9986796493309039
"GUU",0.28528529617622905
"UAC",0.5326939244257453
"UAU",0.7866468533295322
"UCA",0.3776325681618936
"UCC",0.5413547315305948
"UCG",0.7868735626192458
"UCU",0.31118152533509535
"UGC",0.7054969753257948
"UGG",0.3535499725603579
"UGU",0.9812786141828687
"UUA",0.5784327486679017
"UUC",0.3424706955104749
"UUG",0.3259384241519544
"UUU",0.5766751127140191
