"codon","average_decoding_time"
"AAA",0.4562621343979579
"AAC",0.32687559803796207
"AAG",0.22972770245661192
"AAU",0.5592796145243876
"ACA",0.3494641204690024
"ACC",0.38148806349836617
"ACG",0.6863678351020372
"ACU",0.22898694997694785
"AGA",0.14843974192936712
"AGC",1.3947956679167388
"AGG",0.30695298284032724
"AGU",1.7433701450875903
"AUA",0.44450875676025
"AUC",0.47081983865937715
"AUG",0.5215794284230542
"AUU",0.2788408583506144
"CAA",0.46672984677223006
"CAC",0.532725596258354
"CAG",0.6436245695735345
"CAU",0.7896639486955608
"CCA",0.31657191701249837
"CCC",2.1889461497699636
"CCG",0.4491087503406746
"CCU",1.7934111639988128
"CGA",0.5106792666941807
"CGC",0.63317894929623
"CGG",2.199009228536446
"CGU",0.3937263511676362
"CUA",1.374425467861277
"CUC",1.207785687200348
"CUG",1.4055315872538956
"CUU",1.2900609947683037
"GAA",0.3047115061624903
"GAC",0.2784046452275624
"GAG",0.46509334388033324
"GAU",0.5076732552160022
"GCA",0.3268692502989878
"GCC",0.36861608446717875
"GCG",0.8524583679692416
"GCU",0.22563404712371415
"GGA",1.0233775280991306
"GGC",0.17169056914701472
"GGG",0.6821240517130495
"GGU",0.3862061930674234
"GUA",0.40545856294460103
"GUC",0.5131908583727665
"GUG",2.0758472157021886
"GUU",0.28420356169288336
"UAC",0.5332162615972367
"UAU",0.7893856556120968
"UCA",0.3769994812180507
"UCC",0.5407456917206862
"UCG",0.788276281488413
"UCU",0.3105946756695282
"UGC",0.7060889152038671
"UGG",0.3530173329657868
"UGU",0.9821014047596647
"UUA",0.5802311587689237
"UUC",0.34266204895457153
"UUG",0.253121611901327
"UUU",0.5769800165510329
