"codon","average_decoding_time"
"AAA",0.4005876778492793
"AAC",0.3256512092754924
"AAG",0.20708483590460522
"AAU",0.5594712238440669
"ACA",0.3379236499706084
"ACC",0.36251374330517777
"ACG",0.5686646028388918
"ACU",0.21015768804588505
"AGA",0.09780768168320807
"AGC",1.2181106227788532
"AGG",0.2860115807331872
"AGU",1.5568005448277296
"AUA",0.351960222013481
"AUC",0.3916352681183227
"AUG",0.4427614831333685
"AUU",0.20534421196363553
"CAA",0.46413807414541436
"CAC",0.5325991227050624
"CAG",0.6447592333265216
"CAU",0.7881165127257044
"CCA",0.34440963780155565
"CCC",2.186992933252275
"CCG",0.4498168142417098
"CCU",1.7896925233618535
"CGA",0.5100432938882543
"CGC",0.6317090968707821
"CGG",2.2043860008854685
"CGU",0.3936658557949758
"CUA",1.3721496478260964
"CUC",1.2068477351442195
"CUG",1.4601810409202165
"CUU",1.2902935665054536
"GAA",0.30449353103472376
"GAC",0.2802577601594885
"GAG",0.4649691884441647
"GAU",0.5074438833575334
"GCA",0.31801564515493824
"GCC",0.3694398418359374
"GCG",0.8526109360342989
"GCU",0.22613437342689116
"GGA",1.0199561561168806
"GGC",0.17121156852162325
"GGG",0.6830182912634443
"GGU",0.38624688813315355
"GUA",0.40499203808147305
"GUC",0.5129439841982563
"GUG",0.996230382562879
"GUU",0.2846732592212868
"UAC",0.5327541595089302
"UAU",0.7884693663130299
"UCA",0.3775161490964785
"UCC",0.5423174155149141
"UCG",0.7885944627503368
"UCU",0.31096354956032174
"UGC",0.7058398259530853
"UGG",0.352819952739918
"UGU",0.9815763513482275
"UUA",0.5804810835621974
"UUC",0.3423039380543705
"UUG",0.26435387823987405
"UUU",0.5774114096702949
