"codon","average_decoding_time"
"AAA",0.4007295848435261
"AAC",0.3267747173022391
"AAG",0.20702787548116328
"AAU",0.5587776935004914
"ACA",0.33875765984129624
"ACC",0.36217413587751535
"ACG",0.568515247635407
"ACU",0.2098688769697398
"AGA",0.09812528697120255
"AGC",1.221168336080821
"AGG",0.2869862763783862
"AGU",1.5585447297625963
"AUA",0.3527501226516056
"AUC",0.3911308062368206
"AUG",0.4407312515007796
"AUU",0.2053237097156412
"CAA",0.4643143455675842
"CAC",0.533875135463421
"CAG",0.6452515311867585
"CAU",0.7893388114379961
"CCA",0.345265373231341
"CCC",2.1905693039694207
"CCG",0.45006729049615174
"CCU",1.7874037218478058
"CGA",0.5101239171653794
"CGC",0.6321151559506701
"CGG",2.1963880551714805
"CGU",0.39313789819920314
"CUA",1.3729206497838353
"CUC",1.2056396500033868
"CUG",1.4660439370106682
"CUU",1.2913337170137718
"GAA",0.30371662136108313
"GAC",0.2802760426330739
"GAG",0.46464741685738004
"GAU",0.5079013150443675
"GCA",0.318681817282676
"GCC",0.36993365666365263
"GCG",0.8555830081618551
"GCU",0.2251650309003044
"GGA",1.0238509146730865
"GGC",0.17109200425583806
"GGG",0.6830949600797792
"GGU",0.3858936584633037
"GUA",0.4051510615386776
"GUC",0.5134587286931933
"GUG",0.9968075379272896
"GUU",0.28371135019239907
"UAC",0.5330920581306061
"UAU",0.7887415012819016
"UCA",0.3770164911638206
"UCC",0.5413364326997406
"UCG",0.7887824338436643
"UCU",0.3102500788145987
"UGC",0.7074587169250355
"UGG",0.35495449019371983
"UGU",0.9818569771440961
"UUA",0.5782798993321031
"UUC",0.34310352733976546
"UUG",0.264157113428733
"UUU",0.5772821133150295
