"codon","average_decoding_time"
"AAA",0.45807408056606846
"AAC",0.32706959989749396
"AAG",0.22996471439624366
"AAU",0.559776267931848
"ACA",0.35028916859949805
"ACC",0.3825340112592293
"ACG",0.6869230949074668
"ACU",0.22913895385161692
"AGA",0.14820573350179117
"AGC",1.3941640320363886
"AGG",0.30748716312504615
"AGU",1.746245704321568
"AUA",0.44363474669830183
"AUC",0.4724655963480414
"AUG",0.5540190203673623
"AUU",0.27791504473047185
"CAA",0.4648527742499441
"CAC",0.5329201695181888
"CAG",0.6463427127502306
"CAU",0.7891438726704428
"CCA",0.3168977630909765
"CCC",2.1927947711936957
"CCG",0.44944526525387374
"CCU",1.7982983985741114
"CGA",0.5104472305161176
"CGC",0.6330429333771885
"CGG",2.1992600109777207
"CGU",0.39419163120668166
"CUA",1.3684254742283717
"CUC",1.206381202720128
"CUG",1.4596707547292023
"CUU",1.2912061603285767
"GAA",0.304740909657229
"GAC",0.27948201556451996
"GAG",0.4646547396086533
"GAU",0.5080791380203937
"GCA",0.3267388138520691
"GCC",0.3700816399885818
"GCG",0.8505474856070866
"GCU",0.22602655023891155
"GGA",1.0239427605418776
"GGC",0.17185735119447434
"GGG",0.683918608809328
"GGU",0.3864573445994608
"GUA",0.4046728027744906
"GUC",0.513410979094433
"GUG",0.9983443956995333
"GUU",0.2851058175897587
"UAC",0.5319509057727284
"UAU",0.7892715364285703
"UCA",0.3773006267264995
"UCC",0.5424553499262249
"UCG",0.7860967215494051
"UCU",0.31148990130095094
"UGC",0.704237661821795
"UGG",0.3533226037604793
"UGU",0.9793054214932909
"UUA",0.5789251388616382
"UUC",0.34369174042291745
"UUG",0.2636455633149452
"UUU",0.5769991317386729
