"codon","average_decoding_time"
"AAA",0.4596920887026924
"AAC",0.32698351777028245
"AAG",0.23028252955259693
"AAU",0.5581980327215819
"ACA",0.3500372446610847
"ACC",0.3827923735680528
"ACG",0.6876041563489808
"ACU",0.22926749727721335
"AGA",0.14829857968232252
"AGC",1.389832647684264
"AGG",0.3072251851954321
"AGU",1.7505393922807908
"AUA",0.445132738983057
"AUC",0.471075683533128
"AUG",0.5510641929011503
"AUU",0.2787951171340889
"CAA",0.46329576950972423
"CAC",0.5327572173508373
"CAG",0.6440942120100552
"CAU",0.7889550320673854
"CCA",0.31681112504973946
"CCC",2.1925863880761836
"CCG",0.44910539673072586
"CCU",1.7994085722509299
"CGA",0.5096479784180452
"CGC",0.6335628957057389
"CGG",2.1904244109398987
"CGU",0.390232799799109
"CUA",1.3687032861894661
"CUC",1.2086921390886243
"CUG",1.4672082217690445
"CUU",1.292866927823257
"GAA",0.3035086672379186
"GAC",0.27908857723244673
"GAG",0.4647154450394205
"GAU",0.5065144858179572
"GCA",0.3266551138173014
"GCC",0.36949612901027795
"GCG",0.8518066930585318
"GCU",0.226114595208214
"GGA",1.023653461673717
"GGC",0.1715976950821177
"GGG",0.6839368727117479
"GGU",0.3867883747274027
"GUA",0.40546024297980743
"GUC",0.5133051538791894
"GUG",0.9962845865322875
"GUU",0.2850135931121652
"UAC",0.5329585807434164
"UAU",0.7888183762732601
"UCA",0.3769430439898772
"UCC",0.5420825265163659
"UCG",0.7884047146738808
"UCU",0.3111563951654117
"UGC",0.7052097442473849
"UGG",0.35397649986687196
"UGU",0.9816845833569015
"UUA",0.5787680082016777
"UUC",0.34346162500293176
"UUG",0.26363078435626774
"UUU",0.5786108745035567
