"codon","average_decoding_time"
"AAA",0.45985547304839897
"AAC",0.32533388255461954
"AAG",0.2299662713526515
"AAU",0.5613106651226114
"ACA",0.3495573935062409
"ACC",0.38200783675951233
"ACG",0.6876325946686557
"ACU",0.2290992369811422
"AGA",0.14789992222987353
"AGC",1.3939529120762821
"AGG",0.3070461807967846
"AGU",1.7451159409754737
"AUA",0.44441051436986145
"AUC",0.4708960311415221
"AUG",0.5512668247637406
"AUU",0.2779664056891255
"CAA",0.463002047942811
"CAC",0.5338664127423257
"CAG",0.6467505315084949
"CAU",0.7887430960382997
"CCA",0.3166862427435162
"CCC",2.193164605354262
"CCG",0.4496333675356312
"CCU",1.7927549773499152
"CGA",0.5100029260861046
"CGC",0.633510639435403
"CGG",2.1956684775434514
"CGU",0.39353666557563277
"CUA",1.3723362251510107
"CUC",1.2100167655908671
"CUG",1.458493884552868
"CUU",1.2905295611021168
"GAA",0.30447564816257067
"GAC",0.2793355710003664
"GAG",0.4659296008473924
"GAU",0.5074432512872012
"GCA",0.3270368263663226
"GCC",0.3697868041492991
"GCG",0.8540706465425995
"GCU",0.22610356894408104
"GGA",1.0238404270662664
"GGC",0.17175906513510647
"GGG",0.6827700599693103
"GGU",0.38681107989585595
"GUA",0.4050790087956048
"GUC",0.513359138549481
"GUG",0.9982129387687343
"GUU",0.28602673252008376
"UAC",0.533621665187247
"UAU",0.7907630746714764
"UCA",0.37751839692882166
"UCC",0.541876654407816
"UCG",0.7892592780495431
"UCU",0.31015233492450806
"UGC",0.7046209707393932
"UGG",0.3528853272140968
"UGU",0.9779322528153556
"UUA",0.579315434401289
"UUC",0.3428059750164037
"UUG",0.326024367897047
"UUU",0.5781491529536762
