"codon","average_decoding_time"
"AAA",0.4585588802248334
"AAC",0.3276372722193117
"AAG",0.22989502879833784
"AAU",0.5587484714094407
"ACA",0.35084672811702905
"ACC",0.38227988093046195
"ACG",0.6864773333303508
"ACU",0.22933126361474013
"AGA",0.14834113997116274
"AGC",1.3976494779072706
"AGG",0.3069712997848985
"AGU",1.7469788702915006
"AUA",0.4437927402145853
"AUC",0.47162685618845474
"AUG",0.5509347881727993
"AUU",0.2770522442431375
"CAA",0.46421587726166286
"CAC",0.5332887263723843
"CAG",0.6427632339606093
"CAU",0.788271930327557
"CCA",0.31715435730512215
"CCC",2.1902591576340975
"CCG",0.4505004624479561
"CCU",1.790487272121148
"CGA",0.5100676569947302
"CGC",0.6324830609510569
"CGG",2.2003265710766557
"CGU",0.39457533101149894
"CUA",1.3667529508073284
"CUC",1.2052154573687874
"CUG",1.4657541109521757
"CUU",1.290434555616771
"GAA",0.3038795058664408
"GAC",0.2789608285981046
"GAG",0.46622048630115354
"GAU",0.5065145496740574
"GCA",0.32593352332531916
"GCC",0.36916113749993973
"GCG",0.8552085014614248
"GCU",0.22608893487271228
"GGA",1.0211998043101032
"GGC",0.17141258966795436
"GGG",0.685236087166172
"GGU",0.38776064315956876
"GUA",0.40496909647158913
"GUC",0.5131998795344367
"GUG",0.997450780000307
"GUU",0.2853927344779748
"UAC",0.5340675501341103
"UAU",0.7904129931294979
"UCA",0.37826546792289034
"UCC",0.5418340164559676
"UCG",0.7890982144773124
"UCU",0.3100068657930033
"UGC",0.7061085766442545
"UGG",0.35298003396074484
"UGU",0.9816111965726955
"UUA",0.5789802994204915
"UUC",0.34228202284229126
"UUG",0.264357506616743
"UUU",0.5775293362430421
