"codon","average_decoding_time"
"AAA",0.4593206557144272
"AAC",0.32679285239539807
"AAG",0.1618795558423783
"AAU",0.5580955875376675
"ACA",0.35062870323339
"ACC",0.3822034002457413
"ACG",0.5799048753620876
"ACU",0.22946579751256876
"AGA",0.14805011466294796
"AGC",1.395915539690475
"AGG",0.2915388860818701
"AGU",1.7465574476552683
"AUA",0.44478363023808837
"AUC",0.47194466823848535
"AUG",0.5497345738365099
"AUU",0.2778410586118858
"CAA",0.4642779481708753
"CAC",0.5339820469929939
"CAG",3.461139169893903
"CAU",0.7881419470124776
"CCA",0.3169396969532845
"CCC",2.1877684324572315
"CCG",1.8350490689013597
"CCU",1.7935184657754462
"CGA",0.510148138723459
"CGC",0.6329430003933691
"CGG",2.0233016444699303
"CGU",0.39298991337456723
"CUA",1.3741403114964528
"CUC",1.2058889129036463
"CUG",1.4659482447860288
"CUU",1.2906696263552524
"GAA",0.3039230676825957
"GAC",0.27910363680669303
"GAG",2.1603645181739166
"GAU",0.5079841423020158
"GCA",0.3261576361307832
"GCC",0.369770329246064
"GCG",0.7434253428633797
"GCU",0.22623748473998057
"GGA",1.0216529073465195
"GGC",0.17070155516691335
"GGG",1.3648463733774119
"GGU",0.3866652345471316
"GUA",0.40580052301468444
"GUC",0.5109615281109445
"GUG",0.9975297793930944
"GUU",0.28442083847385574
"UAC",0.5319761778266854
"UAU",0.7878890296111235
"UCA",0.37825715127778786
"UCC",0.5403144939089242
"UCG",2.9131396597442474
"UCU",0.30990659542960863
"UGC",0.70562761681738
"UGG",0.3241395036348853
"UGU",0.9802563798703224
"UUA",0.5787936822913955
"UUC",0.3430119975649587
"UUG",0.26431012073961024
"UUU",0.5785697468841943
