"codon","average_decoding_time"
"AAA",0.45900640752401395
"AAC",0.32650849725829306
"AAG",0.22923631374336187
"AAU",0.5584170228321504
"ACA",0.35033230465630494
"ACC",0.3816659038394289
"ACG",0.6904391023915168
"ACU",0.22966769848703028
"AGA",0.14819887696936304
"AGC",1.3907072643503888
"AGG",0.3071611216310999
"AGU",1.7469083378366623
"AUA",0.44388349120329995
"AUC",0.47075760007234035
"AUG",0.5513715438890613
"AUU",0.2773655425840848
"CAA",0.4652687223891859
"CAC",0.5332383146139343
"CAG",0.6453509390531671
"CAU",0.7879715452954175
"CCA",0.3163109813233375
"CCC",2.178266084740957
"CCG",0.449433394685548
"CCU",1.793152568310497
"CGA",0.5092446183510109
"CGC",0.632111458779458
"CGG",2.1988570094421647
"CGU",0.3925114695042158
"CUA",1.367577684309769
"CUC",1.2074256444931715
"CUG",1.4655749214880516
"CUU",1.2916180580593157
"GAA",0.30461573831148314
"GAC",0.2798188839259237
"GAG",0.46513170427243195
"GAU",0.508164574323531
"GCA",0.3258898755613146
"GCC",0.3693038990337955
"GCG",0.8537959065656906
"GCU",0.22665018207342402
"GGA",1.0231606395918442
"GGC",0.17147546317201673
"GGG",0.6825870649287432
"GGU",0.38656764222015194
"GUA",0.40479851542648054
"GUC",0.5125184048122198
"GUG",0.9973719122345402
"GUU",0.28507973665399566
"UAC",0.5304574200255322
"UAU",0.7899931060022325
"UCA",0.37722511781620427
"UCC",0.540575846182691
"UCG",0.7882354165127208
"UCU",0.31098592953507187
"UGC",0.705759906533838
"UGG",0.352895064660514
"UGU",0.9796693108330157
"UUA",0.5797755429159602
"UUC",0.34297749957470547
"UUG",0.2641379386743376
"UUU",0.5778116097609984
