"codon","average_decoding_time"
"AAA",0.45914968220905117
"AAC",0.32829065120634277
"AAG",0.2292851730029101
"AAU",0.5593444076560607
"ACA",0.3501056047274065
"ACC",0.38265232562616175
"ACG",0.68823404934218
"ACU",0.22961831708623762
"AGA",0.14763685550659061
"AGC",1.392241242978943
"AGG",0.30790359354284313
"AGU",1.7412918388200513
"AUA",0.44351265990950556
"AUC",0.471330449675106
"AUG",0.5508320734356857
"AUU",0.2781421548243884
"CAA",0.46342000836120295
"CAC",0.5322965250688592
"CAG",0.6438727569433915
"CAU",0.7891051659598889
"CCA",0.31629816352589996
"CCC",2.189047690908739
"CCG",0.4490695236616215
"CCU",1.7890943174821434
"CGA",0.5087927690374934
"CGC",0.6326881811100171
"CGG",2.2026352126303674
"CGU",0.3933940163793389
"CUA",1.374654112245313
"CUC",1.205339030077994
"CUG",1.4623380705017697
"CUU",1.2907403315304256
"GAA",0.30405115798762294
"GAC",0.27942740434894103
"GAG",0.4665785837955946
"GAU",0.5072664423820064
"GCA",0.3260281809290462
"GCC",0.3698061951696602
"GCG",0.8543831514082593
"GCU",0.22550200333934525
"GGA",1.0232367351807334
"GGC",0.17059289857627014
"GGG",0.6852642190201326
"GGU",0.3865068554450135
"GUA",0.40610850370938584
"GUC",0.5130431433802217
"GUG",0.9973826105827002
"GUU",0.28567250232524444
"UAC",0.5341382926393896
"UAU",0.7891382680726782
"UCA",0.3770672410027405
"UCC",0.5431487092058938
"UCG",0.7897218882853143
"UCU",0.31037022644132417
"UGC",0.7073827948312955
"UGG",0.35446825993023134
"UGU",0.9810619742581782
"UUA",0.5784654536917989
"UUC",0.3435670096219791
"UUG",0.2643174005014651
"UUU",0.5778044041091938
