"codon","average_decoding_time"
"AAA",0.4593112203939194
"AAC",0.3263216459930193
"AAG",0.16129880082288583
"AAU",0.5581685099083811
"ACA",0.35037469129990173
"ACC",0.3818421834788357
"ACG",0.6654618437573374
"ACU",0.2297571692584615
"AGA",0.14754537873866713
"AGC",1.3937935292165446
"AGG",0.30673794153722245
"AGU",1.7472527807941103
"AUA",0.4445213597633102
"AUC",0.4724539112682814
"AUG",0.5511579663406678
"AUU",0.2778220315746373
"CAA",0.4655576707961213
"CAC",0.5323223808440126
"CAG",3.451496091467948
"CAU",0.7876709087291474
"CCA",0.3171752619450611
"CCC",2.1890147534283804
"CCG",0.5060933269753833
"CCU",1.792346791367236
"CGA",0.5090973391473447
"CGC",0.6322984265963142
"CGG",2.2039868664046494
"CGU",0.3920226644586436
"CUA",1.3712436308547216
"CUC",1.203476076599042
"CUG",1.460933325557855
"CUU",1.2934051276503662
"GAA",0.2715192910980006
"GAC",0.2791259834980416
"GAG",1.9373968620991784
"GAU",0.505947388794401
"GCA",0.3215615942427283
"GCC",0.3496436682209647
"GCG",0.7107015291300401
"GCU",0.20709306262552593
"GGA",0.831399596789081
"GGC",0.1489834111639724
"GGG",0.632915938246724
"GGU",0.36169640130008995
"GUA",0.32510862447476163
"GUC",0.4323660427061934
"GUG",0.8591520191231613
"GUU",0.21264241419730545
"UAC",0.533980395154174
"UAU",0.7894303068838473
"UCA",0.37696789864865704
"UCC",0.5420144253177686
"UCG",0.7884725128579424
"UCU",0.3100736573233181
"UGC",0.7068132059713782
"UGG",0.35356818192698863
"UGU",0.9798429999667715
"UUA",0.5793471701346828
"UUC",0.34235351549842796
"UUG",0.2640247776170373
"UUU",0.5774863871111395
