"codon","average_decoding_time"
"AAA",0.45976139278200195
"AAC",0.32594119145286193
"AAG",0.22961482814993753
"AAU",0.5608958123175887
"ACA",0.350658327918002
"ACC",0.38239743376244145
"ACG",0.6843902745256524
"ACU",0.2291591872682861
"AGA",0.14778994496024292
"AGC",1.3902212897968944
"AGG",1.8009742251393557
"AGU",1.7468835240969172
"AUA",0.4437061113892365
"AUC",0.4721074770803866
"AUG",0.5496276530994126
"AUU",0.27853394870662374
"CAA",0.464317822542128
"CAC",0.5322155240804858
"CAG",0.6449578250969082
"CAU",0.7891267891522071
"CCA",0.31726349974310475
"CCC",2.1886628879000685
"CCG",0.4496500479563231
"CCU",1.7845015353909535
"CGA",0.5119935148599468
"CGC",0.6332770577331076
"CGG",2.1969718873172472
"CGU",0.39312967819550454
"CUA",1.3713856119255976
"CUC",1.2048412517878675
"CUG",1.465916469802971
"CUU",1.290682804916327
"GAA",0.3031876890775296
"GAC",0.2798518563414673
"GAG",0.4657640522382078
"GAU",0.5071208800682445
"GCA",0.3265402808671331
"GCC",0.36981882155858536
"GCG",0.852041652682181
"GCU",0.22533745129929003
"GGA",1.0248839307739883
"GGC",0.1714235931400398
"GGG",0.6842716481155643
"GGU",0.3874691451145094
"GUA",0.4061102925506879
"GUC",0.512745605868979
"GUG",0.9941293921653979
"GUU",0.2851198968145993
"UAC",0.5347673036635632
"UAU",0.7895578971233077
"UCA",0.3767672631406986
"UCC",0.5421197787881181
"UCG",0.789364316425558
"UCU",0.310996250920507
"UGC",0.7057138045137067
"UGG",0.35241411278836365
"UGU",0.979052647591336
"UUA",0.5787043437811459
"UUC",0.34217126660491626
"UUG",0.26441926399588306
"UUU",0.5783655628401365
