"codon","average_decoding_time"
"AAA",0.4590475971898791
"AAC",0.3269914643092547
"AAG",0.22973805888752846
"AAU",0.560331571237158
"ACA",0.35139834591141145
"ACC",0.3825670618039562
"ACG",0.6840239444418088
"ACU",0.2238699945635981
"AGA",0.14854958330447757
"AGC",1.3921360402979688
"AGG",0.30717278555083
"AGU",1.7507823383733103
"AUA",0.4444722306086459
"AUC",0.4720632906335399
"AUG",0.5508470647659045
"AUU",0.26640431423949607
"CAA",0.4644107329661886
"CAC",0.5345556943343651
"CAG",0.6431943173160635
"CAU",0.7893778230776591
"CCA",0.3171622587891507
"CCC",2.1871113238943143
"CCG",0.4503999719100562
"CCU",1.625536302844268
"CGA",0.510335832539305
"CGC",0.6326981809393799
"CGG",2.193446168331642
"CGU",0.394422109077054
"CUA",1.3748148216951956
"CUC",1.2078775663457422
"CUG",1.4648482916996393
"CUU",4.4384118157725485
"GAA",0.30405225392451934
"GAC",0.2795329532396566
"GAG",0.4654464257866661
"GAU",0.5074045674523912
"GCA",0.3254951595364297
"GCC",0.36964700811916595
"GCG",0.8522125415704128
"GCU",0.25538786327882895
"GGA",1.023107685301541
"GGC",0.17185475643952522
"GGG",0.6837502792397844
"GGU",0.38593809280393804
"GUA",0.40486439278271014
"GUC",0.5128157296638329
"GUG",0.9974872766564169
"GUU",0.2717453476767278
"UAC",0.3708305792236737
"UAU",0.6088948762944884
"UCA",0.3737131228396284
"UCC",0.5351405915155028
"UCG",0.6464011486245866
"UCU",0.2458304604195769
"UGC",0.5140166875183398
"UGG",0.3331647875832124
"UGU",0.7673537350490833
"UUA",0.5195052564907218
"UUC",0.29908569381712
"UUG",0.21247103352588734
"UUU",0.5284584816160965
