"codon","average_decoding_time"
"AAA",0.3995772119477585
"AAC",0.32684794773677217
"AAG",0.20735360316272292
"AAU",0.5606674565009884
"ACA",0.3383730594774365
"ACC",0.3613072942930397
"ACG",0.41592255639117753
"ACU",0.2101877098387903
"AGA",0.09863377111944747
"AGC",1.2198471095810721
"AGG",0.2714335493316148
"AGU",1.5536872831205775
"AUA",0.3514772000681891
"AUC",0.39103719116062136
"AUG",0.44382158301904495
"AUU",0.20543419521438835
"CAA",0.4641523466029928
"CAC",0.5325203380120113
"CAG",0.6445132517093883
"CAU",0.7896614078131278
"CCA",0.3453172617756501
"CCC",2.1971425032304746
"CCG",1.8401642714911703
"CCU",1.7897348372103814
"CGA",0.5094240248616169
"CGC",0.6331017762925767
"CGG",2.0268371976089616
"CGU",0.39329896886550747
"CUA",1.3705328872054559
"CUC",1.2103031432980003
"CUG",1.461504967760246
"CUU",1.2918154002799411
"GAA",0.30441311393418014
"GAC",0.2797670183625647
"GAG",0.465460458858222
"GAU",0.5089976193298794
"GCA",0.31815878754020205
"GCC",0.3698206441179716
"GCG",0.7429878079680984
"GCU",0.22585191553151804
"GGA",1.0210928492315592
"GGC",0.1712876726865362
"GGG",1.3681104512534075
"GGU",0.3865959004218827
"GUA",0.40482479293295626
"GUC",0.5137940516780235
"GUG",0.9972154766946385
"GUU",0.2851055508706358
"UAC",0.5327123000676761
"UAU",0.7880264701050537
"UCA",0.37781719938284913
"UCC",0.5418257552565662
"UCG",2.924234408620686
"UCU",0.31177298868116277
"UGC",0.7069903077980343
"UGG",0.3245193448797898
"UGU",0.9825998353876785
"UUA",0.5791516328478383
"UUC",0.3426542073041671
"UUG",0.26389785500620533
"UUU",0.5778840839969314
