"codon","average_decoding_time"
"AAA",0.4593541083607811
"AAC",0.3269068213837688
"AAG",0.22966291505091102
"AAU",0.5606147161529347
"ACA",0.35009380400327905
"ACC",0.3827465588585816
"ACG",0.5793736872321639
"ACU",0.22964596781357435
"AGA",0.14776532361567396
"AGC",1.3941505404353116
"AGG",1.6297148988547039
"AGU",1.7553254352139147
"AUA",0.4431276959671805
"AUC",0.4716483423393795
"AUG",0.5522595402305809
"AUU",0.2779375255869753
"CAA",0.4648553188597732
"CAC",0.5358099572483377
"CAG",0.6439468423236452
"CAU",0.7879695126608599
"CCA",0.3163513531818788
"CCC",2.1812320431544494
"CCG",1.8432734725396285
"CCU",1.7919150398739792
"CGA",0.5103020768595231
"CGC",0.6326125145880664
"CGG",2.0303971391642004
"CGU",0.3932734756470726
"CUA",1.3741539276059525
"CUC",1.2077786021292902
"CUG",1.462813151377332
"CUU",1.2879417281404275
"GAA",0.30322647764825084
"GAC",0.27963874295685115
"GAG",0.4668216006926006
"GAU",0.5072342108060232
"GCA",0.3266955163789167
"GCC",0.37016356325751903
"GCG",0.7439212903696274
"GCU",0.2259094963947961
"GGA",1.024811823452223
"GGC",0.17174074226603986
"GGG",1.3612906999091554
"GGU",0.38667997861692094
"GUA",0.40420995968033374
"GUC",0.5131858156094126
"GUG",0.9951266421199703
"GUU",0.28549612144330117
"UAC",0.5333663804242587
"UAU",0.7885811500423663
"UCA",0.3777244648193022
"UCC",0.542755230624234
"UCG",2.918078217670552
"UCU",0.3111168740637155
"UGC",0.7082667328483826
"UGG",0.32432680078912973
"UGU",0.9784485966782889
"UUA",0.5781104065283977
"UUC",0.34458464715193476
"UUG",0.26360109366215834
"UUU",0.5778445000218977
