"codon","average_decoding_time"
"AAA",0.4010506306408877
"AAC",0.32633608238225686
"AAG",0.20716959175951932
"AAU",0.5586936214711443
"ACA",0.3378594560397566
"ACC",0.4158264154474937
"ACG",0.5664072475490637
"ACU",0.21059560679986825
"AGA",0.09827948591569381
"AGC",1.2245971842007324
"AGG",0.28694627444285914
"AGU",1.5547059940649863
"AUA",0.35207498322534564
"AUC",0.37754253155575807
"AUG",0.44451818236441604
"AUU",0.20473866958192627
"CAA",0.2990033540529463
"CAC",0.37064190020047727
"CAG",0.5723258237680969
"CAU",0.6083370527406675
"CCA",0.338560672486278
"CCC",1.8054044734647932
"CCG",0.3881274873795539
"CCU",1.762047795956051
"CGA",0.4811090750799793
"CGC",0.5086477949750532
"CGG",2.0934190102921617
"CGU",0.28188840653294506
"CUA",1.237002158382207
"CUC",3.406545258403165
"CUG",1.1659454354955636
"CUU",1.1576552462931784
"GAA",0.30367777297930837
"GAC",0.2797628306040093
"GAG",0.46576887368397574
"GAU",0.5063772576152712
"GCA",0.31940356978653145
"GCC",0.48021243260237534
"GCG",0.8539604609563028
"GCU",0.227404893271942
"GGA",1.0205083349035085
"GGC",0.17167487594164493
"GGG",0.6843201892646562
"GGU",0.3861225484756835
"GUA",0.4046585035302523
"GUC",0.4984512685743539
"GUG",0.9944248035824039
"GUU",0.28469379291746455
"UAC",0.5328788735379166
"UAU",0.7881517662344895
"UCA",0.37703400076738125
"UCC",0.5052528212330372
"UCG",0.7906788642956211
"UCU",0.3113510685534964
"UGC",0.7053469259876493
"UGG",0.35413550367950963
"UGU",0.9801274229786747
"UUA",0.5778976308735503
"UUC",0.34327177338880777
"UUG",0.26430102363246916
"UUU",0.5789607382442392
