"codon","average_decoding_time"
"AAA",0.45958072449331144
"AAC",0.32704861688229653
"AAG",0.22981605798053964
"AAU",0.5604926781777707
"ACA",0.35098230666753494
"ACC",0.38154433923170433
"ACG",0.687259314740836
"ACU",0.2299039535287383
"AGA",0.1478292564176715
"AGC",1.3946310914013873
"AGG",0.3076751659895388
"AGU",1.746871961874451
"AUA",0.4438101352429974
"AUC",0.4725573738305269
"AUG",0.523214727393793
"AUU",0.2784500200388862
"CAA",0.46330441679952666
"CAC",0.5311399464470741
"CAG",0.6449609405938435
"CAU",0.7904829741981803
"CCA",0.3177488403155824
"CCC",2.1903842223972467
"CCG",0.44868131065148076
"CCU",1.7955910677960034
"CGA",0.5100284740179205
"CGC",0.6326602866782688
"CGG",2.200659602747409
"CGU",0.3922490844735519
"CUA",1.3739684703268442
"CUC",1.2089867225782853
"CUG",1.3982646130901357
"CUU",1.2890671741870117
"GAA",0.3040640878979995
"GAC",0.2799727691990015
"GAG",0.4664661433643481
"GAU",0.5065307754969567
"GCA",0.3268199278220181
"GCC",0.36984292632715543
"GCG",0.8525461292988017
"GCU",0.22686589744010033
"GGA",1.0224706485808088
"GGC",0.17097921674976507
"GGG",0.6837825000346154
"GGU",0.38596398433554346
"GUA",0.40503049778156364
"GUC",0.5131775579392199
"GUG",2.071465863825949
"GUU",0.285107591751038
"UAC",0.5319810342190121
"UAU",0.7888918783414977
"UCA",0.37692023642854106
"UCC",0.5416772811007176
"UCG",0.7868913371785157
"UCU",0.31095757426419807
"UGC",0.7030627146806844
"UGG",0.35321781760057286
"UGU",0.9823248639151835
"UUA",0.5798305883297499
"UUC",0.3423004010218663
"UUG",0.2528970672458969
"UUU",0.5785774590326739
