"codon","average_decoding_time"
"AAA",0.4577121083543837
"AAC",0.3260962913101383
"AAG",0.22985160999191814
"AAU",0.5583757574735313
"ACA",0.35037168187684414
"ACC",0.3827597302241135
"ACG",0.5783806317733614
"ACU",0.22997895398855092
"AGA",0.14831956744916278
"AGC",1.3922770715454498
"AGG",0.291532251919953
"AGU",1.7491598604964282
"AUA",0.44533842443652977
"AUC",0.47180618655831835
"AUG",0.5522402886006247
"AUU",0.277930384897185
"CAA",0.463378263901821
"CAC",0.5331823453168502
"CAG",0.6463948533237658
"CAU",0.7869347954483326
"CCA",0.31575539804209
"CCC",2.1900531328753123
"CCG",1.8413752522009956
"CCU",1.7951202602897514
"CGA",0.5094690469906604
"CGC",0.633162675484678
"CGG",2.034796480985327
"CGU",0.39242328784197644
"CUA",1.368901940651015
"CUC",1.206224340729427
"CUG",1.4638316911004579
"CUU",1.2877737285204127
"GAA",0.3041191727493262
"GAC",0.27957023662116054
"GAG",0.4661385198941251
"GAU",0.5078966417801155
"GCA",0.32670807974553717
"GCC",0.3699829169519938
"GCG",0.7424243304354367
"GCU",0.2260607508928887
"GGA",1.0242816116642222
"GGC",0.17143446991177197
"GGG",1.362646895100378
"GGU",0.3868422904510313
"GUA",0.40477421427536314
"GUC",0.51344796969892
"GUG",0.9980483337474888
"GUU",0.2850447433280339
"UAC",0.5331881608966426
"UAU",0.788833958128997
"UCA",0.3777976392487767
"UCC",0.5424296313030208
"UCG",2.917860793047499
"UCU",0.3121176810229602
"UGC",0.7033197523918147
"UGG",0.32505137095856995
"UGU",0.9799076307611903
"UUA",0.5805231035293759
"UUC",0.3428639263219668
"UUG",0.263976870309201
"UUU",0.5769670336612992
