"codon","average_decoding_time"
"AAA",0.45819324669736233
"AAC",0.3275338014139689
"AAG",0.22973466455209346
"AAU",0.5605372054272814
"ACA",0.3500076977957364
"ACC",0.38324182705092336
"ACG",0.686348963816609
"ACU",0.2292242304192323
"AGA",0.1475874422088134
"AGC",1.39421406932868
"AGG",0.3067052556084683
"AGU",1.7469545860084972
"AUA",0.44328478361715506
"AUC",0.4712961513257889
"AUG",0.5505891514140349
"AUU",0.27788817938431504
"CAA",0.4635943163585162
"CAC",0.5326045605574161
"CAG",0.6451063568220521
"CAU",0.7894284922362133
"CCA",0.316095100889239
"CCC",2.190503445078088
"CCG",0.4491802017932519
"CCU",1.7947224946759541
"CGA",0.5095032578841429
"CGC",0.6332693161712627
"CGG",2.2001936530763504
"CGU",0.3927801243577377
"CUA",1.3695939416307408
"CUC",1.2031290451982375
"CUG",1.464399299608874
"CUU",1.2880550952560326
"GAA",0.3043124113548242
"GAC",0.27963790080561024
"GAG",0.46478057677825013
"GAU",0.5076861261346483
"GCA",0.32655796273070004
"GCC",0.36875157693035077
"GCG",0.8519968477608478
"GCU",0.22636023867398122
"GGA",1.0242347557326832
"GGC",0.17117856873951415
"GGG",0.6838699258184394
"GGU",0.3860802154796223
"GUA",0.40487664519845434
"GUC",0.5140507616748324
"GUG",0.9935784053663747
"GUU",0.2852708329727736
"UAC",0.5331328109448529
"UAU",0.7903241930317114
"UCA",0.3766970785625434
"UCC",0.5418980322370556
"UCG",0.7894884474317992
"UCU",0.3112823337466727
"UGC",0.7049754782281572
"UGG",0.35414348954458985
"UGU",0.9818707606239403
"UUA",0.5787194765433776
"UUC",0.3439882717695097
"UUG",0.26375982732893277
"UUU",0.5773916843342992
