"codon","average_decoding_time"
"AAA",0.399578079047512
"AAC",0.3271285333836433
"AAG",0.20740586403592084
"AAU",0.5596250005339461
"ACA",0.3388535186700339
"ACC",0.36142240299258466
"ACG",0.5683219233331248
"ACU",0.2109066755668132
"AGA",0.09831172236481864
"AGC",1.219641021988894
"AGG",0.28674251360166864
"AGU",1.551035996134159
"AUA",0.35229605848101203
"AUC",0.39228475311230593
"AUG",0.4421182971306122
"AUU",0.2061344963584783
"CAA",0.46468983094173427
"CAC",0.5316574064146594
"CAG",0.6447219068560971
"CAU",0.7889375682566658
"CCA",0.34469006548321696
"CCC",2.1912560276384596
"CCG",0.44917357920836504
"CCU",1.7920162647279232
"CGA",0.5095838313079032
"CGC",0.6318049416472373
"CGG",2.1943070127287614
"CGU",0.3930137883947962
"CUA",1.3734734774506412
"CUC",1.208487335201908
"CUG",1.463776276736834
"CUU",1.2933954829201189
"GAA",0.30416248772773957
"GAC",0.2794837409931
"GAG",0.46603217119693524
"GAU",0.5067427048569673
"GCA",0.31861941379729547
"GCC",0.369448505184728
"GCG",0.8545093700935632
"GCU",0.22563454485028855
"GGA",1.018467997756485
"GGC",0.1711580997958621
"GGG",0.6799380681130855
"GGU",0.38669374430854675
"GUA",0.40564236120593583
"GUC",0.5124852696937953
"GUG",0.9990513647359266
"GUU",0.28457556544733853
"UAC",0.531673750850286
"UAU",0.7909378079290318
"UCA",0.37784533239727014
"UCC",0.5415792950159197
"UCG",0.7881544452040459
"UCU",0.3111449572455584
"UGC",0.7055525876199465
"UGG",0.3536106838108202
"UGU",0.9816171309958618
"UUA",0.5792093610270131
"UUC",0.34227952869399264
"UUG",0.26417782504569626
"UUU",0.5777820527292841
