"codon","average_decoding_time"
"AAA",0.4594860803045019
"AAC",0.3262396445085052
"AAG",0.2298347929694667
"AAU",0.5596416229779333
"ACA",0.351270739628194
"ACC",0.4451937165179249
"ACG",0.6867091969703714
"ACU",0.22355329968704785
"AGA",0.14846626414813793
"AGC",1.395708058221118
"AGG",0.3073320769144908
"AGU",1.7484362694418714
"AUA",0.4435767427927165
"AUC",0.4586325879757561
"AUG",0.551306626782242
"AUU",0.26417960666249984
"CAA",0.29938432805705995
"CAC",0.3697342304518549
"CAG",0.5723162342341882
"CAU",0.6087878453325885
"CCA",0.3115743209415293
"CCC",1.8035861268109643
"CCG",0.3882409098228109
"CCU",1.450282620844051
"CGA",0.48137830737400084
"CGC",0.509787663411027
"CGG",2.0884146362956195
"CGU",0.2819001359822292
"CUA",1.236541171596407
"CUC",3.412822366740725
"CUG",1.1610539441576442
"CUU",3.9569447343964237
"GAA",0.30334279370729655
"GAC",0.27908675359729035
"GAG",0.46609621379902333
"GAU",0.5054786103629376
"GCA",0.3259157576443291
"GCC",0.4811868816051079
"GCG",0.8547370305578273
"GCU",0.25631574558678566
"GGA",1.0219354401786434
"GGC",0.1713590234983624
"GGG",0.6824669484611335
"GGU",0.38636207955044405
"GUA",0.40502515436583225
"GUC",0.4985550145816024
"GUG",0.9966088589889298
"GUU",0.27211550110117044
"UAC",0.37118756346413606
"UAU",0.6077470870098454
"UCA",0.3727834987814857
"UCC",0.4705701841288609
"UCG",0.6453634659078382
"UCU",0.24520937934183065
"UGC",0.5133134975254579
"UGG",0.3340385939134167
"UGU",0.7693209328327636
"UUA",0.5206396776222727
"UUC",0.29913322908839957
"UUG",0.21198325489184974
"UUU",0.530248293536993
