"codon","average_decoding_time"
"AAA",0.39890353125630484
"AAC",0.32629452283780375
"AAG",0.2082783262694373
"AAU",0.5585718688412502
"ACA",0.33876813907788633
"ACC",0.3616098401682091
"ACG",0.41626026105805264
"ACU",0.21036814129154666
"AGA",0.09811601191761056
"AGC",1.2173250281228265
"AGG",0.27120043897330526
"AGU",1.5518362745460244
"AUA",0.3518618127485241
"AUC",0.3917239624429761
"AUG",0.44321472377596016
"AUU",0.206049858633069
"CAA",0.46458657530714914
"CAC",0.5320730916510513
"CAG",0.6437609374225463
"CAU",0.7886192542038745
"CCA",0.34527560615032565
"CCC",2.1858428880780085
"CCG",1.8419519765161125
"CCU",1.7933286270013296
"CGA",0.5099715996216454
"CGC",0.633612708087748
"CGG",2.027504969910572
"CGU",0.393349870212869
"CUA",1.3735420385389638
"CUC",1.2074319668604956
"CUG",1.4647521419807707
"CUU",1.2929828981383813
"GAA",0.3031765992050216
"GAC",0.2787050728399082
"GAG",0.46530759179426734
"GAU",0.5072805559325482
"GCA",0.31903916115696596
"GCC",0.3700989011135417
"GCG",0.7435970519377603
"GCU",0.226630723425324
"GGA",1.0242116026389645
"GGC",0.1709436850533038
"GGG",1.3633098455995007
"GGU",0.3868830369389126
"GUA",0.40520812813856083
"GUC",0.5128031857181754
"GUG",0.9972821981485399
"GUU",0.2845982673194759
"UAC",0.5328627805108933
"UAU",0.7900060076880633
"UCA",0.3773633789244111
"UCC",0.5435021859357363
"UCG",2.9180971938840687
"UCU",0.31081038944272676
"UGC",0.703888168486779
"UGG",0.32371412491779716
"UGU",0.983193462806008
"UUA",0.5786724676297036
"UUC",0.34264441862699185
"UUG",0.2639706507612437
"UUU",0.5779274333941588
