"codon","average_decoding_time"
"AAA",0.3985836697129295
"AAC",0.3261343732346625
"AAG",0.12665415377760797
"AAU",0.5601417674491197
"ACA",0.3377618232321205
"ACC",0.36240967028514437
"ACG",0.5682197058989852
"ACU",0.20959151968968417
"AGA",0.09834367211503754
"AGC",1.2195620238432008
"AGG",0.28613729860684417
"AGU",1.5543945160271457
"AUA",0.3528076934706949
"AUC",0.39082277577697366
"AUG",0.37353112338518774
"AUU",0.20480542337769242
"CAA",0.464537101541001
"CAC",0.5355528724340368
"CAG",3.469111593686172
"CAU",0.7905740376574125
"CCA",0.3437584715288965
"CCC",2.186580052109847
"CCG",0.4491955461986166
"CCU",1.793003805321084
"CGA",0.5095119801056089
"CGC",0.6315835693416544
"CGG",2.1964653393709686
"CGU",0.3919944366473012
"CUA",1.3704305971254855
"CUC",1.2056990930094136
"CUG",1.4642675898503368
"CUU",1.2884856094028823
"GAA",0.30361502262662143
"GAC",0.2795081474661443
"GAG",2.153760287769986
"GAU",0.5065215043070195
"GCA",0.3187972724090705
"GCC",0.37025653363569655
"GCG",0.8538564441070046
"GCU",0.2257229690630293
"GGA",1.025504888246463
"GGC",0.17119329755848206
"GGG",0.6836886239026523
"GGU",0.3856888158315224
"GUA",0.4049948409983595
"GUC",0.5140926231611632
"GUG",0.9964886062554447
"GUU",0.28495342113908634
"UAC",0.5340340720938365
"UAU",0.7896480768648193
"UCA",0.37675641629186474
"UCC",0.5424573957856377
"UCG",0.788497422471695
"UCU",0.3097447714368295
"UGC",0.7059770078435407
"UGG",0.35346473250594235
"UGU",0.9774174315940228
"UUA",0.5804852146414266
"UUC",0.3430634496117686
"UUG",0.3244917017400642
"UUU",0.5776321970448505
