"codon","average_decoding_time"
"AAA",0.40003423353555084
"AAC",0.32707387058670717
"AAG",0.20732552045018787
"AAU",0.5579477665813007
"ACA",0.3372980361027771
"ACC",0.36120485256254076
"ACG",0.5686323479655676
"ACU",0.21036921209330794
"AGA",0.09836045210507885
"AGC",1.2202877583748912
"AGG",0.28657648070585756
"AGU",1.553147998065571
"AUA",0.3521831368865605
"AUC",0.3903802567186936
"AUG",0.4417320532515509
"AUU",0.20427208465276003
"CAA",0.463850634000872
"CAC",0.5331383605478655
"CAG",0.644547548189545
"CAU",0.7880358717943567
"CCA",0.3442566630048173
"CCC",2.1847820155726176
"CCG",0.44951241878875386
"CCU",1.7965824803047679
"CGA",0.5092829868396979
"CGC",0.6329068081113772
"CGG",2.1966931929299216
"CGU",0.39128681240137997
"CUA",1.3684030147163673
"CUC",1.2081830684879145
"CUG",1.467180703943656
"CUU",1.2926320098089235
"GAA",0.3033543449013174
"GAC",0.2796299647788813
"GAG",0.46514323077686626
"GAU",0.5077477066823399
"GCA",0.31849037444024936
"GCC",0.36961563153831173
"GCG",0.8545340344858767
"GCU",0.2258552632969553
"GGA",1.0218505082017293
"GGC",0.17100174496926632
"GGG",0.6832305657857111
"GGU",0.3870165455476772
"GUA",0.4049038877761023
"GUC",0.5140179158644138
"GUG",0.9947673707668239
"GUU",0.2843141231618218
"UAC",0.531652723050196
"UAU",0.7874600315932466
"UCA",0.37722733580401946
"UCC",0.5410245441058599
"UCG",0.7868511081472542
"UCU",0.3120596155815197
"UGC",0.7065672194342654
"UGG",0.3532221723541017
"UGU",0.9803048857101292
"UUA",0.5786594223698677
"UUC",0.3431468993727992
"UUG",0.26389883678277604
"UUU",0.5780768538505571
