"codon","average_decoding_time"
"AAA",0.4592633433057621
"AAC",0.3267527173130357
"AAG",0.22989835199150388
"AAU",0.5612859841533518
"ACA",0.34897859207744764
"ACC",0.3820082905956642
"ACG",0.6868335138241566
"ACU",0.22926751291358494
"AGA",0.14779392177141748
"AGC",1.3962362873395298
"AGG",0.30736984573301274
"AGU",1.7495150792483298
"AUA",0.44350139070158817
"AUC",0.4731830681906178
"AUG",0.5505909986853398
"AUU",0.2782824043330269
"CAA",0.46396366868677974
"CAC",0.5323171787057593
"CAG",0.6428053333656931
"CAU",0.7890745473993288
"CCA",0.31644978014271535
"CCC",2.186435471415529
"CCG",0.44983360340781003
"CCU",1.7977519729546423
"CGA",0.5081306754705701
"CGC",0.6330308930757338
"CGG",2.1918819233405222
"CGU",0.39259560655073295
"CUA",1.378011801786778
"CUC",1.2069158296000697
"CUG",1.461467834747942
"CUU",1.2934872470909238
"GAA",0.30444348658674947
"GAC",0.280306866287127
"GAG",0.46568629389600946
"GAU",0.507356513320809
"GCA",0.3262600145589235
"GCC",0.369339674054012
"GCG",0.8520597289594918
"GCU",0.22559562928147134
"GGA",1.0233618117742276
"GGC",0.1708886759552562
"GGG",0.6838680092446371
"GGU",0.3864357620756762
"GUA",0.40677175208738464
"GUC",0.5122402622578865
"GUG",0.996372108851424
"GUU",0.28535660470872354
"UAC",0.5340481073007272
"UAU",0.7892052490288796
"UCA",0.37629398640452966
"UCC",0.5419512694228841
"UCG",0.7905039830259433
"UCU",0.31152807024923185
"UGC",0.7053226991120832
"UGG",0.3532246530878377
"UGU",0.9835468899070509
"UUA",0.577770809330104
"UUC",0.3422724116199651
"UUG",0.2642233959795252
"UUU",0.5775811310805057
