"codon","average_decoding_time"
"AAA",0.45950467771844183
"AAC",0.3273282903797132
"AAG",0.23003346472243347
"AAU",0.5598702340804921
"ACA",0.34994777630180807
"ACC",0.3827962123567837
"ACG",0.6866316965781853
"ACU",0.2293666230194821
"AGA",0.14808235662734417
"AGC",1.3923204413552017
"AGG",0.3071346073251919
"AGU",1.7454069204563698
"AUA",0.44300232727725164
"AUC",0.47327274948140274
"AUG",0.550825025361613
"AUU",0.27789174789461046
"CAA",0.4648559511664334
"CAC",0.5336058495628533
"CAG",0.6449634150157683
"CAU",0.7910163431771241
"CCA",0.31648222817607347
"CCC",2.1865099427455847
"CCG",0.4490164828701904
"CCU",1.7884274877262485
"CGA",0.510633402413274
"CGC",0.6324902554430445
"CGG",2.1888453764768045
"CGU",0.3924941943129039
"CUA",1.368761907529324
"CUC",1.2072604502758244
"CUG",1.4674015862015135
"CUU",1.2864961252349896
"GAA",0.3035351482363875
"GAC",0.2800158613810218
"GAG",0.46510306088356507
"GAU",0.5059838019237979
"GCA",0.3261813435871788
"GCC",0.3704934200337563
"GCG",0.8506332508082058
"GCU",0.22573886130593548
"GGA",1.0237858688342187
"GGC",0.17168430527917747
"GGG",0.6828679511394307
"GGU",0.3864472834419251
"GUA",0.40571076625384117
"GUC",0.5133137904510789
"GUG",0.9980227381865104
"GUU",0.2852122395949384
"UAC",0.5323514181456668
"UAU",0.7899625278283832
"UCA",0.37766365017941955
"UCC",0.5418128633661724
"UCG",0.7880554916049735
"UCU",0.3101405539510653
"UGC",0.7038261139067893
"UGG",0.3536714623718034
"UGU",0.980034139091673
"UUA",0.5781319484005754
"UUC",0.34307179500921364
"UUG",0.26414331633378
"UUU",0.5761630379713295
