"codon","average_decoding_time"
"AAA",0.4602016501878129
"AAC",0.3254653868724498
"AAG",0.23070577527177058
"AAU",0.5595476352023063
"ACA",0.3500811523309394
"ACC",0.3821148675225434
"ACG",0.686087649536746
"ACU",0.23018718257265655
"AGA",0.14798390681596704
"AGC",1.3947175141018386
"AGG",1.8053266827303656
"AGU",1.7450561841059284
"AUA",0.44329328151281466
"AUC",0.47168943157606924
"AUG",0.5220117467423265
"AUU",0.27820926678102426
"CAA",0.4639400936565596
"CAC",0.5325318923140557
"CAG",0.6454829960455506
"CAU",0.7901098374515335
"CCA",0.3177034901416536
"CCC",2.1883504077162335
"CCG",0.4490424808790426
"CCU",1.7938877298067781
"CGA",0.5088793622216198
"CGC",0.6329091272271276
"CGG",2.2054520042973924
"CGU",0.3911519369937598
"CUA",1.3699035090441278
"CUC",1.2090580475763675
"CUG",1.3984224827033926
"CUU",1.2892680527386815
"GAA",0.3030785330816269
"GAC",0.2793957176266466
"GAG",0.46627131512200654
"GAU",0.5068933175441643
"GCA",0.3262356514175778
"GCC",0.3700600627196349
"GCG",0.8508173691135142
"GCU",0.22634825677544873
"GGA",1.023612318888732
"GGC",0.17140635289392714
"GGG",0.6855941014657351
"GGU",0.38558246634773063
"GUA",0.4046016805501179
"GUC",0.51474819888921
"GUG",2.081023268140362
"GUU",0.2844039144326193
"UAC",0.5330872134618623
"UAU",0.7883169546953595
"UCA",0.3776814225357674
"UCC",0.5417210727043441
"UCG",0.7881234100036003
"UCU",0.31031105770384954
"UGC",0.7062421242350281
"UGG",0.3531022875879423
"UGU",0.9813371385191701
"UUA",0.5789041925395679
"UUC",0.3435592216738496
"UUG",0.2526327494174214
"UUU",0.5794062505380191
