"codon","average_decoding_time"
"AAA",0.4579589613554996
"AAC",0.3276535957460618
"AAG",0.22967593123642155
"AAU",0.5601166829558328
"ACA",0.3505680099703454
"ACC",0.38232017580951766
"ACG",0.6868822516302732
"ACU",0.2296950294503052
"AGA",0.14755942436584443
"AGC",1.3957417157023966
"AGG",0.3066261221380087
"AGU",1.7430943508168284
"AUA",0.44369794204367596
"AUC",0.471230227590316
"AUG",0.522700370807973
"AUU",0.27841505281278567
"CAA",0.46508877744990723
"CAC",0.5336336605547598
"CAG",0.6464509308629386
"CAU",0.7886580545428213
"CCA",0.3171377718242431
"CCC",2.188403590599161
"CCG",0.44888707575211517
"CCU",1.791038598046594
"CGA",0.5108476581228579
"CGC",0.6328060624277299
"CGG",2.199036661090621
"CGU",0.3926242594994536
"CUA",1.3766180142050433
"CUC",1.2013933153176617
"CUG",1.403250880013291
"CUU",1.289655166886771
"GAA",0.3048848585129387
"GAC",0.2796498871301965
"GAG",0.4651839739342019
"GAU",0.5062385694850928
"GCA",0.32535501641605785
"GCC",0.37035072039307937
"GCG",0.8536327147775243
"GCU",0.22571887656046505
"GGA",1.022910744851157
"GGC",0.17164607624737235
"GGG",0.682925208836066
"GGU",0.38579538152507586
"GUA",0.4042782883712522
"GUC",0.5129942203079967
"GUG",2.0787721719073615
"GUU",0.2843698263345027
"UAC",0.5337617829922986
"UAU",0.7910804667882358
"UCA",0.3767868106778831
"UCC",0.5416564387146827
"UCG",0.7849032885542842
"UCU",0.31039560649856396
"UGC",0.7040396581723071
"UGG",0.3537925622420524
"UGU",0.9808611649571287
"UUA",0.5799749771056897
"UUC",0.3419930121350977
"UUG",0.2522741495783515
"UUU",0.5777709335546473
