"codon","average_decoding_time"
"AAA",0.45904532094897527
"AAC",0.32693137370291464
"AAG",0.22965424421739192
"AAU",0.558952625434312
"ACA",0.350745170115503
"ACC",0.444338562523403
"ACG",0.6865739141062913
"ACU",0.229509150377463
"AGA",0.14841667147460277
"AGC",1.3939500550125417
"AGG",1.8009983737546826
"AGU",1.7465376607503025
"AUA",0.4442802875262435
"AUC",0.4582115628496342
"AUG",0.5524996981437281
"AUU",0.2776765148750075
"CAA",0.30017593076508947
"CAC",0.3700022601770027
"CAG",0.5726367907623392
"CAU",0.6083758618660793
"CCA",0.3115129925212425
"CCC",1.8149583525842277
"CCG",0.3898400282300895
"CCU",1.7648394278263992
"CGA",0.4835145728623937
"CGC",0.5098611850518132
"CGG",1.4044411960742036
"CGU",0.28195779086720574
"CUA",1.2327506707368332
"CUC",3.400116887207736
"CUG",1.162852814618163
"CUU",1.1593270057293814
"GAA",0.30407832061374573
"GAC",0.27911633893810206
"GAG",0.464415332579386
"GAU",0.5078830481438503
"GCA",0.3257493964543099
"GCC",0.4804797597459188
"GCG",0.8521857932215111
"GCU",0.22591802223348412
"GGA",1.023278904298762
"GGC",0.17147428338600026
"GGG",0.6823375078869314
"GGU",0.38635591329321817
"GUA",0.4045444192219517
"GUC",0.4987659066440546
"GUG",0.9961336482588701
"GUU",0.2854837887822863
"UAC",0.5300344795004105
"UAU",0.7882819528169318
"UCA",0.37617687870219807
"UCC",0.505912096804082
"UCG",0.7872152247538858
"UCU",0.3102284860303877
"UGC",0.7036996526516067
"UGG",0.35322096616921606
"UGU",0.9810719358068866
"UUA",0.5764330892156889
"UUC",0.34376700172874225
"UUG",0.2637159883271485
"UUU",0.5772705980267244
