"codon","average_decoding_time"
"AAA",0.4587745084183319
"AAC",0.3265863803816596
"AAG",0.22946657839019147
"AAU",0.5593678019364761
"ACA",0.35059542230558793
"ACC",0.3820519108750581
"ACG",0.685314511692652
"ACU",0.2287312654489565
"AGA",0.14835595460947762
"AGC",1.39652219400277
"AGG",0.3069746840565436
"AGU",1.7447059418628819
"AUA",0.4445892412043266
"AUC",0.47255995356629865
"AUG",0.5520672655534655
"AUU",0.27867738907628165
"CAA",0.4645705160165526
"CAC",0.5312163989653281
"CAG",0.6457362942454093
"CAU",0.7915059577073617
"CCA",0.3171397837995319
"CCC",2.187760861738457
"CCG",0.44948619636622383
"CCU",1.7951738525201768
"CGA",0.5110040840030112
"CGC",0.6335951417683521
"CGG",2.196281863725835
"CGU",0.3923090402464925
"CUA",1.367247536087607
"CUC",1.2089984439384707
"CUG",1.4687712298467006
"CUU",1.2893194347078063
"GAA",0.3048063270054044
"GAC",0.2797347207403125
"GAG",0.46578763747176866
"GAU",0.5059974436252701
"GCA",0.3257451332728194
"GCC",0.36993422141649085
"GCG",0.8533770313607559
"GCU",0.22573859534545904
"GGA",1.0252330936367642
"GGC",0.17120452094817087
"GGG",0.6827995981527792
"GGU",0.3868128940516951
"GUA",0.4055003472871523
"GUC",0.5125105530050711
"GUG",0.994139658377454
"GUU",0.28364650885654247
"UAC",0.5342792360214821
"UAU",0.7901226058136026
"UCA",0.37826971175009344
"UCC",0.5414399432431474
"UCG",0.7899999041089834
"UCU",0.31035966191318454
"UGC",0.7061691328447935
"UGG",0.35444100012655627
"UGU",0.9808916765963016
"UUA",0.5800277123740584
"UUC",0.34126023361906715
"UUG",0.2642338646599273
"UUU",0.5770157219107105
