"codon","average_decoding_time"
"AAA",0.4571331462495551
"AAC",0.3267254186605849
"AAG",0.22996563110697016
"AAU",0.5600225229796396
"ACA",0.351290850882148
"ACC",0.3826243149237682
"ACG",0.687003084938802
"ACU",0.22902991830962827
"AGA",0.1479936548436019
"AGC",1.3873845903893203
"AGG",1.804011746986753
"AGU",1.7439941583183882
"AUA",0.4429222781173733
"AUC",0.47167955857440297
"AUG",0.5510656423365965
"AUU",0.2778060287653664
"CAA",0.46545158072256804
"CAC",0.5328647298477072
"CAG",0.6445804206055219
"CAU",0.7914668172492361
"CCA",0.3166273716829556
"CCC",2.189157894523635
"CCG",0.4498084035677095
"CCU",1.797635137870808
"CGA",0.5098675022815689
"CGC",0.6328682205387022
"CGG",2.1937022857474777
"CGU",0.3926374987847846
"CUA",1.3668834747772818
"CUC",1.2043778682051753
"CUG",1.4636558656761156
"CUU",1.2911665119997726
"GAA",0.3035907564730678
"GAC",0.2793592512869557
"GAG",0.46569436070276704
"GAU",0.5066554564074437
"GCA",0.3264601585641685
"GCC",0.37022528154559625
"GCG",0.8540337778175009
"GCU",0.22605031172340523
"GGA",1.0238674501824347
"GGC",0.17185724067816574
"GGG",0.6826383656388766
"GGU",0.38741977706826514
"GUA",0.4032984180386915
"GUC",0.5135607784605728
"GUG",0.9971909950905307
"GUU",0.2844625121496396
"UAC",0.5331720823215172
"UAU",0.7883038635001843
"UCA",0.37587469371166815
"UCC",0.542317967298748
"UCG",0.7872181904006459
"UCU",0.3106590818299353
"UGC",0.7035736841032024
"UGG",0.35382568671800985
"UGU",0.980303399771137
"UUA",0.5794143841771308
"UUC",0.3433892573373389
"UUG",0.2643487000833245
"UUU",0.5774229602358638
