"codon","average_decoding_time"
"AAA",0.4587427915540607
"AAC",0.3272426904654095
"AAG",0.23010893207912134
"AAU",0.5590850186512745
"ACA",0.3505419249743281
"ACC",0.38310542578923173
"ACG",0.6874614368916929
"ACU",0.22939665998792946
"AGA",0.14809145254836653
"AGC",1.3927961631956534
"AGG",0.3071453838819556
"AGU",1.7426119699986578
"AUA",0.4434732260658438
"AUC",0.47230904732628676
"AUG",0.550368468857242
"AUU",0.2791252617518181
"CAA",0.46481121023969035
"CAC",0.5323723859461089
"CAG",0.644391122041681
"CAU",0.7902028691413113
"CCA",0.31735503538343335
"CCC",2.191023107961489
"CCG",0.44974675871169534
"CCU",1.797166113225274
"CGA",0.5093439769435152
"CGC",0.6334489596732705
"CGG",2.1985295562627405
"CGU",0.39202942210631614
"CUA",1.3710129651438174
"CUC",1.2087928384733173
"CUG",1.465864501548795
"CUU",1.2909544302748408
"GAA",0.3037552124589147
"GAC",0.2795179516281431
"GAG",0.46612840343111883
"GAU",0.5064778403479839
"GCA",0.3258135272997666
"GCC",0.36993012130263514
"GCG",0.8533945081208778
"GCU",0.2258116063744627
"GGA",1.02368355925391
"GGC",0.1717754382186053
"GGG",0.6836586130254054
"GGU",0.38637915379114
"GUA",0.40468117856765645
"GUC",0.5124241829198792
"GUG",0.9972145875202044
"GUU",0.28450789849466473
"UAC",0.5316219418665881
"UAU",0.7891953888363338
"UCA",0.37781813498960676
"UCC",0.5404667470354259
"UCG",0.7874481802623718
"UCU",0.31000994208173027
"UGC",0.7046618944328943
"UGG",0.3525953980324254
"UGU",0.9831868743900126
"UUA",0.5780481763106716
"UUC",0.3438458011536795
"UUG",0.26417498590160154
"UUU",0.5771137679322198
