"codon","average_decoding_time"
"AAA",0.45947328246111546
"AAC",0.32638283775396476
"AAG",0.2297640476966675
"AAU",0.5609906652166897
"ACA",0.3505462193191068
"ACC",0.38223995675553696
"ACG",0.687626805027908
"ACU",0.22980035751242478
"AGA",0.1474386108080565
"AGC",1.3911513433387497
"AGG",0.30667157668965755
"AGU",1.744861084742148
"AUA",0.4438602559419733
"AUC",0.4718491609476726
"AUG",0.550681346402516
"AUU",0.2786455950137597
"CAA",0.46358709786223395
"CAC",0.5318826912941383
"CAG",0.6461227290591915
"CAU",0.7905104305429516
"CCA",0.3161587576833461
"CCC",2.183383349275863
"CCG",0.44941634509821027
"CCU",1.7932792720503636
"CGA",0.5103921596690518
"CGC",0.6330574236085128
"CGG",2.193441203107136
"CGU",0.39408536102685876
"CUA",1.3750284091632101
"CUC",1.2077664342639112
"CUG",1.462835980880595
"CUU",1.2901628329457662
"GAA",0.30326908838323
"GAC",0.28001099990179723
"GAG",0.46397846824047817
"GAU",0.5071725241924776
"GCA",0.32599452998190803
"GCC",0.36880241080354764
"GCG",0.8541272001470761
"GCU",0.22571366889161068
"GGA",1.024407380986599
"GGC",0.1714678995370828
"GGG",0.6825865364858137
"GGU",0.38462543165697827
"GUA",0.40409878352951717
"GUC",0.5135527939976603
"GUG",0.9955888361873412
"GUU",0.2855261812190916
"UAC",0.5350332566987132
"UAU",0.7885239862608416
"UCA",0.37798392723544316
"UCC",0.5420619894351091
"UCG",0.7875732989583671
"UCU",0.30979184592631226
"UGC",0.7037523198790248
"UGG",0.3533903898055621
"UGU",0.9814279214719832
"UUA",0.5805085519496507
"UUC",0.3434183105471887
"UUG",0.26390366544902305
"UUU",0.5757451053305643
