"codon","average_decoding_time"
"AAA",0.39933251127419966
"AAC",0.3271998811893155
"AAG",0.20730059475545246
"AAU",0.5593778292454707
"ACA",0.33866982094377135
"ACC",0.36155355457610105
"ACG",0.5463410755717948
"ACU",0.21042997428394458
"AGA",0.09835954029665166
"AGC",1.2250614498916204
"AGG",0.28693468135598443
"AGU",1.5525556145560075
"AUA",0.3526607831641136
"AUC",0.3915566924149804
"AUG",0.4417517683583747
"AUU",0.20506486715085437
"CAA",0.46393660470237313
"CAC",0.5320335841540648
"CAG",0.6447699982860552
"CAU",0.7904596079003996
"CCA",0.34335166654831484
"CCC",2.1884671688494817
"CCG",0.506583973810745
"CCU",1.7939278674925658
"CGA",0.5095665084605815
"CGC",0.6332286473144801
"CGG",2.2023382942563736
"CGU",0.3941002486457059
"CUA",1.3675532469068432
"CUC",1.208465926406433
"CUG",1.463181695443111
"CUU",1.2886761253588321
"GAA",0.2720635333919985
"GAC",0.2797655898641951
"GAG",0.434789449597426
"GAU",0.5070004618214231
"GCA",0.31477208239306
"GCC",0.3504143991631235
"GCG",0.71019468805088
"GCU",0.20765190438099604
"GGA",0.8289769325507692
"GGC",0.14905006541790275
"GGG",0.6325767862453566
"GGU",0.3611081454095632
"GUA",0.3240899100326199
"GUC",0.43248899603881735
"GUG",0.8577841887370456
"GUU",0.21209710826761605
"UAC",0.5343522771135701
"UAU",0.7901200861595564
"UCA",0.37755844708708297
"UCC",0.5402378513628362
"UCG",0.7882763551956078
"UCU",0.3105564950979192
"UGC",0.7056703006431473
"UGG",0.35343558882863496
"UGU",0.9809410767389679
"UUA",0.5784609507412083
"UUC",0.3430351201956836
"UUG",0.2637627198801303
"UUU",0.5780572787641329
