"codon","average_decoding_time"
"AAA",0.4594431094253386
"AAC",0.3276025320951017
"AAG",0.23017090339574103
"AAU",0.5588747612430554
"ACA",0.35080037704334693
"ACC",0.38225828767647413
"ACG",0.6859942921250467
"ACU",0.2300248304854393
"AGA",0.14806783771587836
"AGC",1.3925009287066392
"AGG",0.3072372825318253
"AGU",1.7472640697500343
"AUA",0.44345313044338663
"AUC",0.47073582262339175
"AUG",0.551349899324443
"AUU",0.2773757208535985
"CAA",0.46321075662783123
"CAC",0.5332751611298754
"CAG",0.6442900653803019
"CAU",0.7903699538877598
"CCA",0.3170706321123113
"CCC",2.191541024612959
"CCG",0.4488588328634931
"CCU",1.7941052728654385
"CGA",0.5110588279209665
"CGC",0.6327104801687943
"CGG",2.1973739893695416
"CGU",0.3923640949637928
"CUA",1.3700462147896109
"CUC",1.204524074089761
"CUG",1.4640815314510718
"CUU",1.288190986458947
"GAA",0.30369048938896837
"GAC",0.2796745746670761
"GAG",0.4654943154435501
"GAU",0.5071477866225784
"GCA",0.32571662733066303
"GCC",0.3701769719428214
"GCG",0.8547099612136798
"GCU",0.22573390591289158
"GGA",1.0243856681701864
"GGC",0.171505949892403
"GGG",0.6832885393855277
"GGU",0.3866462009214592
"GUA",0.4050215969536504
"GUC",0.5133502766325568
"GUG",0.9958661259316213
"GUU",0.2853944598438783
"UAC",0.5321089696973051
"UAU",0.7893600539254053
"UCA",0.37748334914485326
"UCC",0.5426474903526846
"UCG",0.7884382184419069
"UCU",0.3117472711932413
"UGC",0.7049913360567291
"UGG",0.35224166868540935
"UGU",0.9806385970942447
"UUA",0.5782817444213174
"UUC",0.3431398887720324
"UUG",0.26393871120292023
"UUU",0.5771380676607755
