"codon","average_decoding_time"
"AAA",0.40012132883344526
"AAC",0.32785712154826196
"AAG",0.207982637305994
"AAU",0.5593808325664327
"ACA",0.3375533353931748
"ACC",0.4149966022377007
"ACG",0.56671338277053
"ACU",0.19699387697224818
"AGA",0.09809392844165964
"AGC",1.2229251203690648
"AGG",0.28747915859179196
"AGU",1.5557694680693124
"AUA",0.3523137305309995
"AUC",0.3770287422256432
"AUG",0.4401898482727336
"AUU",0.1926946143482575
"CAA",0.29961870444971933
"CAC",0.36883351998098723
"CAG",0.5733810446189053
"CAU",0.6085313352352053
"CCA",0.3387183888648037
"CCC",1.8057684811830002
"CCG",0.38858291806706996
"CCU",1.4486574394202418
"CGA",0.48166978970471547
"CGC",0.510889995307656
"CGG",2.082348763472666
"CGU",0.28220925389014556
"CUA",1.2352698615056488
"CUC",3.4048625426241315
"CUG",1.1625723166048065
"CUU",3.967049504983312
"GAA",0.30447931691869695
"GAC",0.2800561391232919
"GAG",0.4654748467334419
"GAU",0.5083581697229045
"GCA",0.31842804507134237
"GCC",0.4812737115903699
"GCG",0.8541024940474261
"GCU",0.2565292533680184
"GGA",1.0215323778153627
"GGC",0.17129972524067177
"GGG",0.6843674534631558
"GGU",0.38702311365998243
"GUA",0.4049390639421276
"GUC",0.49957826673334843
"GUG",0.9963690763653386
"GUU",0.2723208415941891
"UAC",0.3700950526309202
"UAU",0.6078598915589247
"UCA",0.3723493849077965
"UCC",0.4693336409758001
"UCG",0.6465883207036411
"UCU",0.2453422830108618
"UGC",0.5150002098096681
"UGG",0.33298363544041354
"UGU",0.7663978503808627
"UUA",0.5188125831244539
"UUC",0.2997242331980743
"UUG",0.21294935832096956
"UUU",0.5288869965544347
