"codon","average_decoding_time"
"AAA",0.45903447100275613
"AAC",0.3265319110926086
"AAG",0.23003018823620935
"AAU",0.5606054648928601
"ACA",0.35062906836149405
"ACC",0.38206210498778964
"ACG",0.6876537358433205
"ACU",0.22990126145681639
"AGA",0.14795012622344975
"AGC",1.3967029232585697
"AGG",0.30700634290194323
"AGU",1.7468677715727983
"AUA",0.4446460461071117
"AUC",0.47128715304806856
"AUG",0.5519833025899429
"AUU",0.2783304924095868
"CAA",0.46437927302438337
"CAC",0.5326439712813231
"CAG",0.6439124090744998
"CAU",0.7904839892328737
"CCA",0.3162786323836275
"CCC",2.1975012606310473
"CCG",0.4496677531628803
"CCU",1.7894882514967296
"CGA",0.5092115916804677
"CGC",0.6341375927832014
"CGG",2.196737095702402
"CGU",0.3931127295922315
"CUA",1.3714108014301654
"CUC",1.2065536185818706
"CUG",1.4655930168060085
"CUU",1.2926298137762127
"GAA",0.3028190143607548
"GAC",0.2799657296008196
"GAG",0.46565601873328966
"GAU",0.5066189169214789
"GCA",0.32613215049663213
"GCC",0.3690501336809717
"GCG",0.8550519359386101
"GCU",0.22623110906422197
"GGA",1.0237949645278206
"GGC",0.17107538342473858
"GGG",0.6827117256764589
"GGU",0.38617603391327965
"GUA",0.40442382780677266
"GUC",0.5134494811345022
"GUG",0.9963469910622076
"GUU",0.2849747143383567
"UAC",0.5328370310931848
"UAU",0.7905083960959791
"UCA",0.3783494247814697
"UCC",0.5415673749631923
"UCG",0.7847232465957209
"UCU",0.31092423001770997
"UGC",0.7041497645378593
"UGG",0.35357270719213296
"UGU",0.9819650525720117
"UUA",0.5781979321366257
"UUC",0.34264996345372706
"UUG",0.2645750866471054
"UUU",0.577252259122015
