"codon","average_decoding_time"
"AAA",0.3986438107500963
"AAC",0.3266632225945108
"AAG",0.20716594122303614
"AAU",0.5607917497286591
"ACA",0.3386972184329833
"ACC",0.3620088351412114
"ACG",0.5684125824130052
"ACU",0.21090802442161985
"AGA",0.09815432635133141
"AGC",1.2179838563298957
"AGG",0.2868893899307199
"AGU",1.5550507048987845
"AUA",0.3522090912949555
"AUC",0.39147483593191695
"AUG",0.3729218100175323
"AUU",0.20468355768670735
"CAA",0.46572579401446107
"CAC",0.5314582680940456
"CAG",0.6442644451113411
"CAU",0.789552265950233
"CCA",0.3452165176946189
"CCC",2.186783286215945
"CCG",0.4492935413479657
"CCU",1.7967460959087975
"CGA",0.5100928668230146
"CGC",0.6314443489805606
"CGG",2.1933155773071085
"CGU",0.3923085431929179
"CUA",1.3682282773505257
"CUC",1.2097312604724146
"CUG",1.4663638554815872
"CUU",1.291004135268404
"GAA",0.303411496615152
"GAC",0.28029758392051435
"GAG",0.46569238356860754
"GAU",0.5078470197480641
"GCA",0.3182728096330575
"GCC",0.3695139771252285
"GCG",0.8529589473887979
"GCU",0.22661462956916992
"GGA",1.0250031583441777
"GGC",0.17060390474898832
"GGG",0.6841130244419982
"GGU",0.38690890319577703
"GUA",0.40549151853819615
"GUC",0.5120116417906186
"GUG",0.9966025526319089
"GUU",0.2850812515232303
"UAC",0.5311475346400496
"UAU",0.7902706184253319
"UCA",0.37776328911611445
"UCC",0.5407402408647304
"UCG",0.786793102086889
"UCU",0.3109445434261664
"UGC",0.7047857764569048
"UGG",0.3548640224672647
"UGU",0.9808277717853747
"UUA",0.5791202882289735
"UUC",0.34242918867638855
"UUG",0.32652158088665684
"UUU",0.5783577109813957
