"codon","average_decoding_time"
"AAA",0.45958978662649275
"AAC",0.3268050462930185
"AAG",0.22958115011407051
"AAU",0.5580338572111899
"ACA",0.35040516131968713
"ACC",0.3827407378345253
"ACG",0.6872548975727782
"ACU",0.22449780993961865
"AGA",0.14774295424997097
"AGC",1.3918977720080112
"AGG",0.3068511516916446
"AGU",1.745408599984118
"AUA",0.444167603533933
"AUC",0.47195086986554746
"AUG",0.5524986634167354
"AUU",0.26585768872235804
"CAA",0.4637503553203803
"CAC",0.5328377132655654
"CAG",0.6454159895059104
"CAU",0.7918545228033955
"CCA",0.316510118268388
"CCC",2.1925638614363256
"CCG",0.4487494269451764
"CCU",1.620576619727157
"CGA",0.5098088809806277
"CGC",0.6351076221659598
"CGG",2.19901663923645
"CGU",0.39316809246634987
"CUA",1.3761518309650882
"CUC",1.2085270032305961
"CUG",1.4623205319089367
"CUU",4.450179052681388
"GAA",0.3047742581880907
"GAC",0.2799559143593154
"GAG",0.46438159924470007
"GAU",0.5071157129701569
"GCA",0.32650325537417163
"GCC",0.36969353793611653
"GCG",0.8531446273680512
"GCU",0.2563132458025305
"GGA",1.0213850556776702
"GGC",0.1714173545877982
"GGG",0.682650158409424
"GGU",0.38522934734094044
"GUA",0.4054410816709432
"GUC",0.5127962385419855
"GUG",0.9952610188366998
"GUU",0.2716471191368781
"UAC",0.3700690807987302
"UAU",0.6081430404357436
"UCA",0.3722933047653221
"UCC",0.5363491089724763
"UCG",0.6472506922153307
"UCU",0.24529521979199742
"UGC",0.5144244952392376
"UGG",0.33441360947897886
"UGU",0.7670794821198846
"UUA",0.5201725322238704
"UUC",0.2995511315026897
"UUG",0.21229080304863857
"UUU",0.5296801113379539
