"codon","average_decoding_time"
"AAA",0.4000780812262785
"AAC",0.3273853467161462
"AAG",0.2069927476034829
"AAU",0.5603209888648081
"ACA",0.3379072994015553
"ACC",0.3624241853392099
"ACG",0.5452949712919263
"ACU",0.21029919407881156
"AGA",0.09805056059925941
"AGC",1.2222007640453052
"AGG",0.2869200122235774
"AGU",1.5550062270861909
"AUA",0.35215643983898404
"AUC",0.3927458834225824
"AUG",0.4434516627816409
"AUU",0.20548794735160664
"CAA",0.46368832214443956
"CAC",0.5344095584279083
"CAG",0.6450518536235217
"CAU",0.7884004851575653
"CCA",0.3439617658581812
"CCC",2.1916573817968237
"CCG",0.5070063931925652
"CCU",1.7955467661535625
"CGA",0.5099993959013396
"CGC",0.63262263370768
"CGG",2.193372598398132
"CGU",0.39098337641230047
"CUA",1.3725207011875327
"CUC",1.2098729687231768
"CUG",1.4637155872868985
"CUU",1.2896312666735312
"GAA",0.27239033174715677
"GAC",0.27962852996997467
"GAG",0.4353380996770986
"GAU",0.5061318841204475
"GCA",0.31602904402872756
"GCC",0.35028671474436984
"GCG",0.7103502804754621
"GCU",0.20763451773297367
"GGA",0.8285805912747035
"GGC",0.14941504484324378
"GGG",0.632746061926015
"GGU",0.3614001460369399
"GUA",0.3242229290957936
"GUC",0.4324780771460228
"GUG",0.8592227724732892
"GUU",0.21330860271182034
"UAC",0.5315019250671538
"UAU",0.7895142589612199
"UCA",0.37739862059930074
"UCC",0.5420382250512276
"UCG",0.7893858120104998
"UCU",0.30915823143655546
"UGC",0.7042317958302129
"UGG",0.35400004511908917
"UGU",0.9830800164684503
"UUA",0.5806371463991135
"UUC",0.34321921704809694
"UUG",0.2644525458412902
"UUU",0.5769929186386475
