"codon","average_decoding_time"
"AAA",0.3993256653287705
"AAC",0.32658095925115377
"AAG",0.2073017468490312
"AAU",0.5591914844971603
"ACA",0.33799952354147594
"ACC",0.3621625547016942
"ACG",0.568742879141286
"ACU",0.21006038441701874
"AGA",0.09847855478258158
"AGC",1.2179515565473722
"AGG",0.28648602595681144
"AGU",1.5490224010305946
"AUA",0.35171002948364394
"AUC",0.39156360835396037
"AUG",0.4414909743336649
"AUU",0.20483335730116153
"CAA",0.46329252618899674
"CAC",0.5314747471210994
"CAG",0.6460288357657731
"CAU",0.7904333895126495
"CCA",0.3445534607938866
"CCC",2.1864973471750178
"CCG",0.4495642945705371
"CCU",1.7949439312355262
"CGA",0.5105567743855486
"CGC",0.6343692915950846
"CGG",2.195691726244997
"CGU",0.3926709061056805
"CUA",1.3729965060908549
"CUC",1.2069915698999856
"CUG",1.462505450396254
"CUU",1.29317181038829
"GAA",0.3032393591349127
"GAC",0.27920842262395235
"GAG",0.46415808277958626
"GAU",0.5067277609218164
"GCA",0.3199853083235628
"GCC",0.37013813070666063
"GCG",0.8538118947469054
"GCU",0.22567704899742413
"GGA",1.0268644899662718
"GGC",0.1708528938712921
"GGG",0.6827773539033232
"GGU",0.386444791060481
"GUA",0.40562029541958866
"GUC",0.5128510966133168
"GUG",0.9939949179715541
"GUU",0.2849770273656059
"UAC",0.5327017307811852
"UAU",0.7901956989116394
"UCA",0.37818840848271884
"UCC",0.5419709998136035
"UCG",0.7869884672902515
"UCU",0.31111146777848636
"UGC",0.7030752461968772
"UGG",0.353007937286337
"UGU",0.9811929460149486
"UUA",0.5787508584003078
"UUC",0.3427923959235171
"UUG",0.2636559290698389
"UUU",0.5775486187402872
