"codon","average_decoding_time"
"AAA",0.39907497140742704
"AAC",0.32622473659209716
"AAG",0.20724945260314073
"AAU",0.5589463053133787
"ACA",0.3381088433899594
"ACC",0.4144867961639978
"ACG",0.5678749266696358
"ACU",0.21062372139185265
"AGA",0.09822067434448974
"AGC",1.2224930580146716
"AGG",0.2870495366574519
"AGU",1.553413025042408
"AUA",0.3526233778663723
"AUC",0.37750648891406485
"AUG",0.44161921537137055
"AUU",0.2058669427316674
"CAA",0.3005187606113819
"CAC",0.3693593477129236
"CAG",0.5730802894933936
"CAU",0.6088251201926376
"CCA",0.33838293742695436
"CCC",1.8105653692003953
"CCG",0.38742953425251614
"CCU",1.766226098628901
"CGA",0.48130789030201876
"CGC",0.509553181404863
"CGG",2.078441336913887
"CGU",0.28309326691171
"CUA",1.2360051489085981
"CUC",3.3961780924055156
"CUG",1.1624446678887468
"CUU",1.1581257296666883
"GAA",0.3036818938462107
"GAC",0.27940253434445667
"GAG",0.4654782138848979
"GAU",0.5060214354944328
"GCA",0.31876608371631293
"GCC",0.4826212232705833
"GCG",0.8558996896598712
"GCU",0.226403144091181
"GGA",1.022958182552768
"GGC",0.17097089861833994
"GGG",0.6822760379885567
"GGU",0.3864010542788301
"GUA",0.40476878002177363
"GUC",0.49861516551880836
"GUG",0.9999240255975762
"GUU",0.28563415824997923
"UAC",0.5330372649199532
"UAU",0.7893437703147109
"UCA",0.37707344764367823
"UCC",0.506421933791515
"UCG",0.7870919447331209
"UCU",0.3109632472015
"UGC",0.7049462713597439
"UGG",0.3549248448601606
"UGU",0.9820644771144382
"UUA",0.5777350525917543
"UUC",0.3430279371400203
"UUG",0.26328621517296114
"UUU",0.5774258383160803
