"codon","average_decoding_time"
"AAA",0.39941334981846077
"AAC",0.3262314421395046
"AAG",0.20773899433781498
"AAU",0.5597370546067927
"ACA",0.3384035533106098
"ACC",0.36091598247107515
"ACG",0.5471270179371688
"ACU",0.21082811934411827
"AGA",0.09849446551641892
"AGC",1.2204024744322293
"AGG",0.28778835865107594
"AGU",1.554729716641757
"AUA",0.35275584070552873
"AUC",0.39204515078673563
"AUG",0.442298946555865
"AUU",0.20479784543377302
"CAA",0.465238726302909
"CAC",0.5337777947660275
"CAG",0.6462228241249129
"CAU",0.7876710218900967
"CCA",0.34416023986196437
"CCC",2.189165157397617
"CCG",0.5070667423308337
"CCU",1.7896079582804674
"CGA",0.511098626685011
"CGC",0.6337250273708676
"CGG",2.1993976379050735
"CGU",0.39261501840582497
"CUA",1.3689316897512036
"CUC",1.2093786952271561
"CUG",1.4645513597330557
"CUU",1.2935734503152556
"GAA",0.27168288595479967
"GAC",0.2795054980556582
"GAG",0.4345549806399334
"GAU",0.5075108786097619
"GCA",0.3152949732789444
"GCC",0.34937544292348227
"GCG",0.7123180673944768
"GCU",0.207053833877763
"GGA",0.8294088407928838
"GGC",0.14879636001327326
"GGG",0.6327263147259757
"GGU",0.36207576142209674
"GUA",0.32458151162006427
"GUC",0.4335267696558565
"GUG",0.8597603888225627
"GUU",0.21231793784437306
"UAC",0.5332993559877132
"UAU",0.7895851595086859
"UCA",0.37733614996142345
"UCC",0.5404190345028175
"UCG",0.7889554288261229
"UCU",0.3111519684645519
"UGC",0.7051427231494687
"UGG",0.35361119358246873
"UGU",0.9815410018320125
"UUA",0.577875132477107
"UUC",0.3438313230260875
"UUG",0.2635996721462424
"UUU",0.5779375294207055
