"codon","average_decoding_time"
"AAA",0.3993929194792988
"AAC",0.32700260795704683
"AAG",0.2068913922460777
"AAU",0.5614762008886734
"ACA",0.3374545254432097
"ACC",0.36127470376468673
"ACG",0.5684550769365889
"ACU",0.19639388805164387
"AGA",0.0981490762725611
"AGC",1.21938093291116
"AGG",0.2872733033748576
"AGU",1.5567807603324473
"AUA",0.35221687517645256
"AUC",0.39093265350855266
"AUG",0.44299012011474903
"AUU",0.19298880549732988
"CAA",0.46491057410997194
"CAC",0.5324111556987914
"CAG",0.6447430687346706
"CAU",0.7882646487664899
"CCA",0.34425673230936465
"CCC",2.190388891331498
"CCG",0.4495626085836972
"CCU",1.6273957723527637
"CGA",0.5099403146938604
"CGC",0.6341563563076444
"CGG",2.197596212330397
"CGU",0.3924229435671983
"CUA",1.3704933222030742
"CUC",1.2040873589922974
"CUG",1.4651653542989833
"CUU",4.446756929895967
"GAA",0.3029347875548179
"GAC",0.27912386357278596
"GAG",0.46641826713973134
"GAU",0.5082482823627192
"GCA",0.31855958205542767
"GCC",0.3697439751099756
"GCG",0.8531308049430791
"GCU",0.25561822035970944
"GGA",1.0249847487604467
"GGC",0.17140451203387216
"GGG",0.6838849686782922
"GGU",0.38674347029287787
"GUA",0.40407264536554394
"GUC",0.5131927767413794
"GUG",0.9982916704551146
"GUU",0.2716009281776028
"UAC",0.37023062161396714
"UAU",0.6082380651629057
"UCA",0.3734739477914403
"UCC",0.5355401015665217
"UCG",0.6462062900800424
"UCU",0.24605774750503648
"UGC",0.51478524620615
"UGG",0.33376319562006634
"UGU",0.7689399642436291
"UUA",0.5216987927210123
"UUC",0.2995832638378841
"UUG",0.2126810566394467
"UUU",0.5296074659928117
