"codon","average_decoding_time"
"AAA",0.39981157382449234
"AAC",0.32695372076525925
"AAG",0.2072655391503784
"AAU",0.560416822768921
"ACA",0.33781415920595365
"ACC",0.3615142790578977
"ACG",0.5692996403657418
"ACU",0.21052965492205966
"AGA",0.09805527132752118
"AGC",1.218705481369947
"AGG",0.2864278466477155
"AGU",1.5520362869540465
"AUA",0.3524206238812942
"AUC",0.39066977834726674
"AUG",0.4429010909389929
"AUU",0.20532393947260447
"CAA",0.46413724358581354
"CAC",0.5326628597363722
"CAG",0.6450013982681864
"CAU",0.7904553542561691
"CCA",0.3431752379703651
"CCC",2.1847557962915807
"CCG",0.4487106348193653
"CCU",1.7905827361406472
"CGA",0.5109908260599831
"CGC",0.6345445536293621
"CGG",2.1939909096158123
"CGU",0.3928331376356702
"CUA",1.3688259722785057
"CUC",1.2100409000391152
"CUG",1.465530732179748
"CUU",1.292019610897474
"GAA",0.3034099339969188
"GAC",0.27899042019658626
"GAG",0.4650933317583603
"GAU",0.5070791710113598
"GCA",0.31916150062269616
"GCC",0.3698365005843897
"GCG",0.8534639856267229
"GCU",0.22641712166829286
"GGA",1.0228685764746042
"GGC",0.17102730500106628
"GGG",0.6849912777720695
"GGU",0.3868504109934392
"GUA",0.4047420138757587
"GUC",0.5145831378298321
"GUG",0.9964680842060549
"GUU",0.2842372657143048
"UAC",0.5314442731018345
"UAU",0.7888935437778349
"UCA",0.37788842915784643
"UCC",0.5421636659924894
"UCG",0.7853386377836296
"UCU",0.3113597033914031
"UGC",0.7068299176202029
"UGG",0.3540863623718526
"UGU",0.9803821946140653
"UUA",0.5800434287335594
"UUC",0.3420475580906207
"UUG",0.2637323108774571
"UUU",0.5770059073377205
