"codon","average_decoding_time"
"AAA",0.39921812861984285
"AAC",0.3268657046226692
"AAG",0.2071602109996706
"AAU",0.560990436730349
"ACA",0.3372144521403774
"ACC",0.36187873777698415
"ACG",0.5680398765041661
"ACU",0.20997873613298518
"AGA",0.09798960502443337
"AGC",1.2194315939852354
"AGG",1.5670395807302469
"AGU",1.551433719325454
"AUA",0.3521601309279405
"AUC",0.3922593575244209
"AUG",0.4422490067746103
"AUU",0.20501501491766833
"CAA",0.464340872725951
"CAC",0.5338652873459815
"CAG",0.6444459448932709
"CAU",0.7903064744573641
"CCA",0.34484560240932277
"CCC",2.1908347790527793
"CCG",0.4494423628911407
"CCU",1.7916029272981202
"CGA",0.5108610109099895
"CGC",0.633552420378471
"CGG",2.1952756080436684
"CGU",0.39219355065049744
"CUA",1.3704223110232054
"CUC",1.206763262690432
"CUG",1.4601409840263186
"CUU",1.2912505169349073
"GAA",0.30401821895525677
"GAC",0.28054449381265695
"GAG",0.4665884968186612
"GAU",0.507028804219839
"GCA",0.3189033642918521
"GCC",0.37013726517045914
"GCG",0.8560391404607303
"GCU",0.22635646624460884
"GGA",1.0261838796520812
"GGC",0.17130433727006283
"GGG",0.6829025102248241
"GGU",0.38730283952702454
"GUA",0.404614234610254
"GUC",0.5117853181160836
"GUG",0.9960102234647634
"GUU",0.2849215211836429
"UAC",0.5333941660182568
"UAU",0.7924148107913244
"UCA",0.37785728622655357
"UCC",0.5418519425932556
"UCG",0.7877693450170946
"UCU",0.31072894490186753
"UGC",0.7041767274054302
"UGG",0.3539466944701167
"UGU",0.9812256615434649
"UUA",0.577792452559059
"UUC",0.34427030809961473
"UUG",0.26357032938884506
"UUU",0.5757777787634382
