"codon","average_decoding_time"
"AAA",0.3995455518847102
"AAC",0.3267407657613505
"AAG",0.1267641870559392
"AAU",0.5603560712534503
"ACA",0.33780830589023786
"ACC",0.3617020744555546
"ACG",0.5669253182797924
"ACU",0.21075410748131893
"AGA",0.09811470296541804
"AGC",1.2194620490725392
"AGG",0.2868684070679777
"AGU",1.5562339095485438
"AUA",0.35208750383667115
"AUC",0.39100888212176665
"AUG",0.4421820722334994
"AUU",0.2058923570338288
"CAA",0.4641117127028235
"CAC",0.5327333352389187
"CAG",3.458912220699597
"CAU",0.7886314856573211
"CCA",0.342774848221905
"CCC",2.1892312133640655
"CCG",0.4497093993187317
"CCU",1.795033237005273
"CGA",0.510514546750436
"CGC",0.6339039833481381
"CGG",2.1959181119244833
"CGU",0.3918249792055004
"CUA",1.3711202163879253
"CUC",1.2091915770922428
"CUG",1.4636722415462189
"CUU",1.2881125228489847
"GAA",0.3040835082269022
"GAC",0.27903500712353446
"GAG",2.162615482712978
"GAU",0.5066391346487429
"GCA",0.31827259172305006
"GCC",0.3693794402398769
"GCG",0.8522870082101646
"GCU",0.22525269534181827
"GGA",1.0243537511796292
"GGC",0.17157315797524242
"GGG",0.6818536458233115
"GGU",0.38701223879672914
"GUA",0.40457523619341845
"GUC",0.5140360460331341
"GUG",0.9941586085052811
"GUU",0.28444109289869407
"UAC",0.5319322178769373
"UAU",0.7905877289059081
"UCA",0.37708146623818356
"UCC",0.5425539993156819
"UCG",0.789385326957291
"UCU",0.31118463167761584
"UGC",0.7045086718556337
"UGG",0.3533899206316216
"UGU",0.9820337104313002
"UUA",0.5771849603326891
"UUC",0.3426784644779426
"UUG",0.26376719656188313
"UUU",0.5770643509319118
