"codon","average_decoding_time"
"AAA",0.4597368500239019
"AAC",0.32778552853406523
"AAG",0.22999422758607369
"AAU",0.5600981485116056
"ACA",0.3502518060460048
"ACC",0.3826482336241092
"ACG",0.6873497404825372
"ACU",0.23041870382841634
"AGA",0.14734189757089344
"AGC",1.3921325346016242
"AGG",0.3070673848587686
"AGU",1.7474591334471519
"AUA",0.44343266596626035
"AUC",0.4723742018371769
"AUG",0.5515175502489121
"AUU",0.27890082344624506
"CAA",0.4649935028115469
"CAC",0.5320456068471487
"CAG",0.6451883845227357
"CAU",0.792331486965629
"CCA",0.31710962969069095
"CCC",2.1940174063417
"CCG",0.4501070548640625
"CCU",1.78707290334689
"CGA",0.5106279206618378
"CGC",0.6333264730877701
"CGG",2.194560536163797
"CGU",0.3941915839035506
"CUA",1.3693947875032386
"CUC",1.207243272261602
"CUG",1.4633128805851174
"CUU",1.2886783929660353
"GAA",0.30390732592292435
"GAC",0.2788891866555738
"GAG",0.4662850143042563
"GAU",0.5074396892021993
"GCA",0.32654370057591525
"GCC",0.3694174630130646
"GCG",0.8516871593488299
"GCU",0.2257331077956412
"GGA",1.0245086744508443
"GGC",0.17070589443349632
"GGG",0.68420943711676
"GGU",0.3863821997810278
"GUA",0.4035073577152707
"GUC",0.5133473728049534
"GUG",0.9960386255958661
"GUU",0.2849799931610765
"UAC",0.5315742834711539
"UAU",0.7884134139705803
"UCA",0.37670011044180474
"UCC",0.5405960733204392
"UCG",0.791631432526839
"UCU",0.3109644055633241
"UGC",0.7056162928043154
"UGG",0.35392543884456557
"UGU",0.9819616382873713
"UUA",0.5784795976960108
"UUC",0.34229478300118377
"UUG",0.2633832917859177
"UUU",0.5763729182440136
