"codon","average_decoding_time"
"AAA",0.4595757593185807
"AAC",0.3277511781743145
"AAG",0.22930438742738565
"AAU",0.559282464463863
"ACA",0.35028149908339196
"ACC",0.38233751456883125
"ACG",0.5796128953563419
"ACU",0.2289669534619686
"AGA",0.14786097881882965
"AGC",1.3953143581601415
"AGG",0.29170192028329234
"AGU",1.7447039802080442
"AUA",0.4442896912606528
"AUC",0.47168901346481734
"AUG",0.5219620266475131
"AUU",0.2784641512902905
"CAA",0.4645075975147076
"CAC",0.533889043333578
"CAG",0.6436045043933916
"CAU",0.789140699039513
"CCA",0.317929797884091
"CCC",2.190272343721413
"CCG",1.8431314398151528
"CCU",1.793073675578488
"CGA",0.5107150364489529
"CGC",0.6341990153893826
"CGG",2.027107537788743
"CGU",0.3921643028989089
"CUA",1.3750354081373357
"CUC",1.2072424270231437
"CUG",1.4010547349923508
"CUU",1.2942406722902435
"GAA",0.3042191804370813
"GAC",0.2804431423930701
"GAG",0.465796906621641
"GAU",0.5063819861371088
"GCA",0.3269440562803891
"GCC",0.3691321993474779
"GCG",0.7449692071752789
"GCU",0.2262066810823478
"GGA",1.0253553308588645
"GGC",0.1707677912858012
"GGG",1.3645365803502474
"GGU",0.386593508525433
"GUA",0.40525600656644356
"GUC",0.5138347203252921
"GUG",2.0784354986796063
"GUU",0.2850690025035844
"UAC",0.5321284304322254
"UAU",0.7899223117475118
"UCA",0.377576607148721
"UCC",0.5409602926815571
"UCG",2.9197500910898357
"UCU",0.3100782472518956
"UGC",0.7038430285634155
"UGG",0.3247994526552608
"UGU",0.9824679787047284
"UUA",0.5803355416007066
"UUC",0.343178778180431
"UUG",0.2530001740069229
"UUU",0.5767950393808219
