"codon","average_decoding_time"
"AAA",0.3997216235076097
"AAC",0.32615743429966726
"AAG",0.20723007714031585
"AAU",0.5579278334628487
"ACA",0.337224997837315
"ACC",0.3617730898026035
"ACG",0.5695618706468878
"ACU",0.19671956039465321
"AGA",0.09800077100767213
"AGC",1.220084420259507
"AGG",0.28644874575341467
"AGU",1.5543774643087043
"AUA",0.3520712639655027
"AUC",0.39126226183818824
"AUG",0.44219744288771173
"AUU",0.19267714122482754
"CAA",0.46461843909411216
"CAC",0.5334663125974047
"CAG",0.6459563589016748
"CAU",0.7904983496155404
"CCA",0.3438814717975476
"CCC",2.1951051593922397
"CCG",0.4490884486453371
"CCU",1.6297813955868472
"CGA",0.5090450627154599
"CGC",0.633742694045372
"CGG",2.2026441498973317
"CGU",0.39257328965657895
"CUA",1.3711699860287312
"CUC",1.2065963971358347
"CUG",1.4660563665152153
"CUU",4.448077492743525
"GAA",0.3040008911389893
"GAC",0.27894600424925614
"GAG",0.4658639771455057
"GAU",0.505927664304871
"GCA",0.31834529919247784
"GCC",0.3690469603452061
"GCG",0.8547027250413514
"GCU",0.2563024432422393
"GGA",1.0244256436101367
"GGC",0.17112572714007404
"GGG",0.6846205571464173
"GGU",0.38638863863171957
"GUA",0.4051968493686506
"GUC",0.5145654592289843
"GUG",0.9943656802252818
"GUU",0.2729486633281781
"UAC",0.3700161344773139
"UAU",0.6073805909838352
"UCA",0.37357672159111266
"UCC",0.5372488992403665
"UCG",0.6461261401148414
"UCU",0.24496177303484204
"UGC",0.5144121475768859
"UGG",0.33441529243614926
"UGU",0.7680766466786295
"UUA",0.5204834379156663
"UUC",0.29946252293154624
"UUG",0.21176390514143623
"UUU",0.5284263568257564
