"codon","average_decoding_time"
"AAA",0.4580677519708743
"AAC",0.3262915333309256
"AAG",0.23025176622109736
"AAU",0.5610629939524269
"ACA",0.35031670864299136
"ACC",0.38129427402689475
"ACG",0.6881214006512594
"ACU",0.22852935109359926
"AGA",0.14818804996610616
"AGC",1.394229418510434
"AGG",0.30710028251941385
"AGU",1.7407111134810012
"AUA",0.44359638466923684
"AUC",0.4709392364041639
"AUG",0.5500534333240459
"AUU",0.2774055433711956
"CAA",0.4634725717163532
"CAC",0.5320842703645073
"CAG",0.6442419666874585
"CAU",0.790558257480131
"CCA",0.3166574007928996
"CCC",2.193262652455908
"CCG",0.44946776118253395
"CCU",1.7949609996522642
"CGA",0.509579852684868
"CGC",0.632302678441902
"CGG",2.1965633218131475
"CGU",0.3931241710421416
"CUA",1.3755513361840306
"CUC",1.2079553391845523
"CUG",1.4611860211671244
"CUU",1.2928294206664264
"GAA",0.3041949880209648
"GAC",0.2798062179964854
"GAG",0.4656748637852971
"GAU",0.5078518602617326
"GCA",0.32593480583489065
"GCC",0.3690683674439842
"GCG",0.8540017950512678
"GCU",0.22575036783196167
"GGA",1.0244350257057713
"GGC",0.17082168475436632
"GGG",0.685259242066959
"GGU",0.3859919692398955
"GUA",0.4052703303723791
"GUC",0.5141345922545297
"GUG",0.9997432822851275
"GUU",0.2855771502495901
"UAC",0.5321529961702175
"UAU",0.7903180413625783
"UCA",0.37863426190487337
"UCC",0.540842383781546
"UCG",0.7861326070265645
"UCU",0.3102678684585076
"UGC",0.7053672579421107
"UGG",0.3538428540141484
"UGU",0.9790863310702215
"UUA",0.5797279340748352
"UUC",0.3430935282707536
"UUG",0.26373538589665413
"UUU",0.5771479718054723
