"codon","average_decoding_time"
"AAA",0.45760632474336804
"AAC",0.3273802717441364
"AAG",0.23042166313390067
"AAU",0.5600781563040748
"ACA",0.3501640244446994
"ACC",0.38245038024693373
"ACG",0.6854998179954089
"ACU",0.22931975258428947
"AGA",0.1478684995184832
"AGC",1.39385714830752
"AGG",0.30679908723491867
"AGU",1.7450630269074492
"AUA",0.4447099045017087
"AUC",0.4704950928306941
"AUG",0.5489351273675871
"AUU",0.2776776611163501
"CAA",0.4649193823755192
"CAC",0.5330262971472302
"CAG",0.6463337796537361
"CAU",0.7910768269022261
"CCA",0.3180376325024109
"CCC",2.184849073386263
"CCG",0.4487162776140858
"CCU",1.7950274285927834
"CGA",0.5094096290919972
"CGC",0.6340619094878293
"CGG",2.200937927220493
"CGU",0.3930570054898049
"CUA",1.3717893735790643
"CUC",1.2059258398184811
"CUG",1.4635485893948585
"CUU",1.2945373143836467
"GAA",0.3037968590432835
"GAC",0.27950796533671873
"GAG",0.4648749828277696
"GAU",0.5089848218759206
"GCA",0.3263917749283564
"GCC",0.36974874659298596
"GCG",0.8514828773784441
"GCU",0.22654928662242954
"GGA",1.0248980648841282
"GGC",0.17054388247161137
"GGG",0.6823375910874827
"GGU",0.38677875028181447
"GUA",0.406258491573984
"GUC",0.5137768394560289
"GUG",0.9967850105261405
"GUU",0.284990170481222
"UAC",0.5325198405866748
"UAU",0.7892163148358963
"UCA",0.3770892346181525
"UCC",0.5423267204731889
"UCG",0.7896139011294746
"UCU",0.31160936731879957
"UGC",0.7055771800690621
"UGG",0.3537159965755592
"UGU",0.9796659580455891
"UUA",0.5804087055103179
"UUC",0.3433595087380956
"UUG",0.26430566965677316
"UUU",0.5781218015517846
