"codon","average_decoding_time"
"AAA",0.4009715896755749
"AAC",0.32709451405723566
"AAG",0.2073711525619056
"AAU",0.559959056647689
"ACA",0.33782769441475546
"ACC",0.36087883842140245
"ACG",0.4166430405608109
"ACU",0.21031200587906665
"AGA",0.09827085358258893
"AGC",1.2154429859189535
"AGG",0.2709504486238818
"AGU",1.5513634440954673
"AUA",0.35172416566447695
"AUC",0.3913546899204561
"AUG",0.3733776731389745
"AUU",0.20499698731472943
"CAA",0.4643317602996382
"CAC",0.5298576727938696
"CAG",0.6460612538476612
"CAU",0.7895645053941485
"CCA",0.3437320041510578
"CCC",2.187611168918567
"CCG",1.83549460315878
"CCU",1.7940890129305562
"CGA",0.5094169386009172
"CGC",0.6330242103914835
"CGG",2.030572522278589
"CGU",0.3917914140222402
"CUA",1.375552126371587
"CUC",1.2060005178279591
"CUG",1.4652353088699166
"CUU",1.2857882293001222
"GAA",0.30385330677196526
"GAC",0.27898936857853607
"GAG",0.4652395171396827
"GAU",0.507077195126433
"GCA",0.31848074201141474
"GCC",0.3696170737355387
"GCG",0.7444955472642258
"GCU",0.22615610262698194
"GGA",1.024603596824052
"GGC",0.17152131445644614
"GGG",1.3652721745734877
"GGU",0.3861255602445367
"GUA",0.4041806895399439
"GUC",0.5142965787803234
"GUG",0.9962684021508389
"GUU",0.28467928633815526
"UAC",0.5337803162825675
"UAU",0.7908379929962729
"UCA",0.37756717696402836
"UCC",0.5421966820125667
"UCG",2.9198028430835317
"UCU",0.31080840923535064
"UGC",0.702734096762416
"UGG",0.3239067048093397
"UGU",0.9833789025627065
"UUA",0.5792293143337411
"UUC",0.34210843690634135
"UUG",0.3271230259984814
"UUU",0.5785398681540523
