"codon","average_decoding_time"
"AAA",0.401059632175368
"AAC",0.3284389140367452
"AAG",0.20700180106506014
"AAU",0.5604450027590498
"ACA",0.3381114271969262
"ACC",0.3618153794863675
"ACG",0.5689225814033222
"ACU",0.21047473267203054
"AGA",0.09806386787410404
"AGC",1.2205240307772318
"AGG",0.2867051350805214
"AGU",1.556421873780603
"AUA",0.3516841957069543
"AUC",0.39145369487771114
"AUG",0.4417331686505262
"AUU",0.2049997735636217
"CAA",0.46409537151196717
"CAC",0.5318024961240928
"CAG",0.6441533796082949
"CAU",0.7911438460303583
"CCA",0.3446837349987699
"CCC",2.1899404288954174
"CCG",0.4485219647260766
"CCU",1.7890543699434946
"CGA",0.5109194225152232
"CGC",0.6319111868130696
"CGG",2.2021216773038534
"CGU",0.39297956192029
"CUA",1.3689742793748068
"CUC",1.2092671631793217
"CUG",1.4584951335953333
"CUU",1.2899986307262667
"GAA",0.30448072065236326
"GAC",0.28038175555360906
"GAG",0.4664846102458194
"GAU",0.5089549163110523
"GCA",0.3181558988491509
"GCC",0.3696466955686061
"GCG",0.8550345220794402
"GCU",0.22595355973623596
"GGA",1.0250707354145987
"GGC",0.17142315331284697
"GGG",0.683646897356823
"GGU",0.3856507687541335
"GUA",0.40496724970884096
"GUC",0.5139072546259233
"GUG",0.9971433937409132
"GUU",0.2854173680052433
"UAC",0.5325518380836682
"UAU",0.7900819300375407
"UCA",0.3768940582363131
"UCC",0.5413586309525813
"UCG",0.7887145656773277
"UCU",0.3107836986482109
"UGC",0.7053616748639273
"UGG",0.35453820047252826
"UGU",0.982554945650164
"UUA",0.5773301930343449
"UUC",0.34341397579350647
"UUG",0.2638535278101334
"UUU",0.5777402398763347
