"codon","average_decoding_time"
"AAA",0.40066682423053684
"AAC",0.3277167057521716
"AAG",0.20683054493782402
"AAU",0.5598801403593197
"ACA",0.3374681119152609
"ACC",0.36168750867802274
"ACG",0.41628816284382425
"ACU",0.21090130209419722
"AGA",0.09795069401742465
"AGC",1.2220644660697657
"AGG",0.27179139521120954
"AGU",1.5537276303175576
"AUA",0.35131678925694876
"AUC",0.3912408430887542
"AUG",0.44279146730585284
"AUU",0.20559644794473717
"CAA",0.46366184932205506
"CAC",0.533721304288717
"CAG",0.6454712293891676
"CAU",0.7896074186848613
"CCA",0.3444303019865856
"CCC",2.186702562866721
"CCG",1.8428001888139491
"CCU",1.7943057903179065
"CGA",0.5108377119376107
"CGC",0.6331663199964184
"CGG",2.0243203355273214
"CGU",0.3925547335594255
"CUA",1.3696399147204577
"CUC",1.2072290575700073
"CUG",1.462841357222685
"CUU",1.2918550873275525
"GAA",0.30333313709695175
"GAC",0.27838574638401786
"GAG",0.46539537383209195
"GAU",0.5075898237517433
"GCA",0.3191376446436778
"GCC",0.36913573209186534
"GCG",0.7443373618595803
"GCU",0.2257456384609449
"GGA",1.0234117039186599
"GGC",0.17138757554803635
"GGG",1.36587851228035
"GGU",0.38626279584360396
"GUA",0.40448556368319016
"GUC",0.5118721683701406
"GUG",0.9975094238077354
"GUU",0.2851166996812293
"UAC",0.5335794086377921
"UAU",0.7883331901531238
"UCA",0.3775800403597956
"UCC",0.5427046170237158
"UCG",2.9178657042672005
"UCU",0.30920843682559607
"UGC",0.7049241461895911
"UGG",0.32438767835480675
"UGU",0.9829380286706499
"UUA",0.580917594925999
"UUC",0.34269874450259563
"UUG",0.2639229660095778
"UUU",0.5790628688552567
