"codon","average_decoding_time"
"AAA",0.45974257035118526
"AAC",0.3275633329598552
"AAG",0.1610694003100596
"AAU",0.5590280582434343
"ACA",0.3502251849559757
"ACC",0.3821208352604486
"ACG",0.6872017732344379
"ACU",0.22965718596442167
"AGA",0.147990733833759
"AGC",1.3914627182344086
"AGG",0.3066354973197811
"AGU",1.7437475741533564
"AUA",0.4452932989100391
"AUC",0.47141864224774027
"AUG",0.552635563674498
"AUU",0.27862215786531597
"CAA",0.46368087209198544
"CAC",0.531413438026612
"CAG",3.45644931831192
"CAU",0.7895286613654896
"CCA",0.3161593872781167
"CCC",2.1901249272366625
"CCG",0.44958008156578394
"CCU",1.7875517413322508
"CGA",0.5108910182692452
"CGC",0.6332725646101743
"CGG",2.1973184851435876
"CGU",0.3921817216779449
"CUA",1.3700430791611689
"CUC",1.2084277104084933
"CUG",1.4667090556869338
"CUU",1.2902447140867537
"GAA",0.30485113418863397
"GAC",0.27960255823957736
"GAG",2.1587204040312846
"GAU",0.5066207286377028
"GCA",0.32635434183484624
"GCC",0.36954472710726316
"GCG",0.8544811224748481
"GCU",0.22615502171772303
"GGA",1.021611525360052
"GGC",0.17095230241820494
"GGG",0.6830108907838858
"GGU",0.385913845347889
"GUA",0.4049972394524601
"GUC",0.5133765526537104
"GUG",0.997917217506506
"GUU",0.28430266057585923
"UAC",0.5334443640360462
"UAU",0.7911112731845001
"UCA",0.3768040621076405
"UCC",0.5415952684760552
"UCG",0.7871438766810901
"UCU",0.3102081191259462
"UGC",0.7059401739809559
"UGG",0.3530153750767707
"UGU",0.9809373476923858
"UUA",0.5778594196255766
"UUC",0.34185173929089613
"UUG",0.2642950891504877
"UUU",0.577130891273527
