"codon","average_decoding_time"
"AAA",0.45878082041399504
"AAC",0.32685056850323935
"AAG",0.23042616668147986
"AAU",0.5601881679293945
"ACA",0.34904596284502404
"ACC",0.38183841204533564
"ACG",0.6879386626981745
"ACU",0.22986271800944733
"AGA",0.1480755514898475
"AGC",1.3922633966889557
"AGG",0.30592938872956305
"AGU",1.7460882151955355
"AUA",0.44347648893086744
"AUC",0.4708889024480075
"AUG",0.5202413473765907
"AUU",0.27818430784469284
"CAA",0.46398786396498937
"CAC",0.5327767514275213
"CAG",0.6446200455556483
"CAU",0.789808395457952
"CCA",0.31695854729028405
"CCC",2.188736752396279
"CCG",0.4488742666254346
"CCU",1.791881433109788
"CGA",0.5091393947723479
"CGC",0.6328705087222157
"CGG",2.195735595559335
"CGU",0.3936394913433543
"CUA",1.3738675896757984
"CUC",1.2075982209031773
"CUG",1.4029058756926835
"CUU",1.2890154205342659
"GAA",0.30293168951967064
"GAC",0.27985853056538557
"GAG",0.4654104833334462
"GAU",0.5072695585121229
"GCA",0.32749205623237465
"GCC",0.3686080949962633
"GCG",0.8537296167396635
"GCU",0.22648548263374824
"GGA",1.0226901026915
"GGC",0.17135943098280895
"GGG",0.6843137751027495
"GGU",0.38642626479636794
"GUA",0.40433438429983515
"GUC",0.5135780428667609
"GUG",2.0772076110583573
"GUU",0.28568353341370106
"UAC",0.5321524434456618
"UAU",0.7900806534422323
"UCA",0.377391398344095
"UCC",0.5416002474685687
"UCG",0.7888476869248887
"UCU",0.31036271104797647
"UGC",0.7054762835831843
"UGG",0.35280711936005393
"UGU",0.9821373874293335
"UUA",0.5776901278349847
"UUC",0.3433548541401251
"UUG",0.2523307306308044
"UUU",0.5779401998743733
