"codon","average_decoding_time"
"AAA",0.3992363986366645
"AAC",0.32696202587642276
"AAG",0.2071548049057976
"AAU",0.560080097792586
"ACA",0.33829990425225975
"ACC",0.3616133775189182
"ACG",0.5698974076573685
"ACU",0.21002390156913306
"AGA",0.09809846219465078
"AGC",1.2212103952802573
"AGG",0.28653558023198783
"AGU",1.553444096078195
"AUA",0.3515544255150055
"AUC",0.39154825044569397
"AUG",0.44350551680454653
"AUU",0.2059093405970658
"CAA",0.4646163041559765
"CAC",0.5319016108723186
"CAG",0.645669701175894
"CAU",0.7876524613308955
"CCA",0.34361443861584795
"CCC",2.184535994361524
"CCG",0.4497710224598937
"CCU",1.7937780201862934
"CGA",0.5099696598266539
"CGC",0.633299325248723
"CGG",2.197048930618311
"CGU",0.39088879737405546
"CUA",1.3724992406153902
"CUC",1.2062473431132676
"CUG",1.4633850090939962
"CUU",1.2889316548837901
"GAA",0.3041365089099293
"GAC",0.28007258542748636
"GAG",0.4648153260535878
"GAU",0.5076419039958853
"GCA",0.3190828171260845
"GCC",0.36985313657737007
"GCG",0.8511773469134949
"GCU",0.2260898449743021
"GGA",1.020901027626049
"GGC",0.17098722469039432
"GGG",0.6818464121173793
"GGU",0.3861078807906346
"GUA",0.40456715299295093
"GUC",0.5134361248350329
"GUG",0.9968946759978401
"GUU",0.28536147137155016
"UAC",0.5327096490714254
"UAU",0.790209011466611
"UCA",0.37667838584659413
"UCC",0.5407549186221898
"UCG",0.7873765593366372
"UCU",0.31087310575780974
"UGC",0.7044571089733583
"UGG",0.3529640419876769
"UGU",0.9836138615179073
"UUA",0.5793257884832815
"UUC",0.3427938319338811
"UUG",0.26438149166285807
"UUU",0.5781180448658612
