"codon","average_decoding_time"
"AAA",0.3990896120981058
"AAC",0.32655925694470805
"AAG",0.20651535111274788
"AAU",0.5592217499213573
"ACA",0.3378846509534456
"ACC",0.3620256919839672
"ACG",0.5679074135431857
"ACU",0.2106482446336228
"AGA",0.09813996437924279
"AGC",1.2197570093002819
"AGG",0.2869637722459331
"AGU",1.5554415429489918
"AUA",0.35190114230833397
"AUC",0.3916090598192713
"AUG",0.44260142841384426
"AUU",0.20552908788616087
"CAA",0.4637806543105567
"CAC",0.5329302749437351
"CAG",0.6450434496690399
"CAU",0.7882013141648595
"CCA",0.3436547978841236
"CCC",2.1789108858248722
"CCG",0.4486699000130056
"CCU",1.7969325567847738
"CGA",0.5096065356017697
"CGC",0.6347502003907726
"CGG",2.1947263968792994
"CGU",0.39258524533994266
"CUA",1.3734626593299168
"CUC",1.208868926867277
"CUG",1.4632901821443922
"CUU",1.2876775157113147
"GAA",0.3033167738656693
"GAC",0.27895151518798517
"GAG",0.46534091771475466
"GAU",0.505739881877272
"GCA",0.3181459235355503
"GCC",0.36952199551105147
"GCG",0.8537332880594485
"GCU",0.22583789018973588
"GGA",1.0211275380822007
"GGC",0.1714059743644368
"GGG",0.6844464916100572
"GGU",0.3869565533102594
"GUA",0.4048236734743834
"GUC",0.512606939177642
"GUG",0.9989941020169443
"GUU",0.2845188411282856
"UAC",0.5327397794633008
"UAU",0.7894654638577248
"UCA",0.37782679017325355
"UCC",0.5404604967365637
"UCG",0.7905261088163871
"UCU",0.31001012527561395
"UGC",0.7045428082826749
"UGG",0.3543033998941929
"UGU",0.9809976434858031
"UUA",0.5790833775307128
"UUC",0.34256901958766056
"UUG",0.26309032237903135
"UUU",0.57773724441048
