"codon","average_decoding_time"
"AAA",0.4003537792858141
"AAC",0.3269316353890323
"AAG",0.20732110392589811
"AAU",0.5595990024391847
"ACA",0.33845674595157577
"ACC",0.36110118378762096
"ACG",0.5667823032711695
"ACU",0.21029940775884445
"AGA",0.09826267114928529
"AGC",1.2218899806959103
"AGG",0.2856294150128327
"AGU",1.5511672167749844
"AUA",0.35176887450731864
"AUC",0.39158282027137226
"AUG",0.4417178000831833
"AUU",0.20475893957732688
"CAA",0.4648068044545234
"CAC",0.5326451826315413
"CAG",0.6447891351033225
"CAU",0.7908308633176948
"CCA",0.34532978128587877
"CCC",2.189278757124299
"CCG",0.4489634842725907
"CCU",1.7865679844451645
"CGA",0.509883877910998
"CGC",0.6321936378890997
"CGG",2.1977040570767183
"CGU",0.39257468636462883
"CUA",1.370390057964092
"CUC",1.2071382653275131
"CUG",1.4643188367199769
"CUU",1.2881714288752948
"GAA",0.30377071626085306
"GAC",0.28057127602384657
"GAG",0.46502195291305765
"GAU",0.506298599274217
"GCA",0.31923672578434426
"GCC",0.36879814125518035
"GCG",0.8538655880042718
"GCU",0.22595670914978108
"GGA",1.0254181022701425
"GGC",0.17119156716763814
"GGG",0.6849060788955513
"GGU",0.3870633165660635
"GUA",0.40534341355778075
"GUC",0.5141270040793374
"GUG",0.9951096750205274
"GUU",0.2848242153086231
"UAC",0.5327176334688761
"UAU",0.7887016356392382
"UCA",0.37809594856748874
"UCC",0.5421571460146799
"UCG",0.7907739471980966
"UCU",0.31032851760779206
"UGC",0.7077187012391006
"UGG",0.35437455664817746
"UGU",0.9818856388976287
"UUA",0.5791155838428779
"UUC",0.34260119151788826
"UUG",0.2639668331840896
"UUU",0.5786487357641185
