"codon","average_decoding_time"
"AAA",0.4594567913717901
"AAC",0.3271336662631503
"AAG",0.23008175523235438
"AAU",0.5592660988846049
"ACA",0.35011908981560536
"ACC",0.382451078975102
"ACG",0.6879913766956576
"ACU",0.2294302347530641
"AGA",0.14786503375336274
"AGC",1.39262640907186
"AGG",0.3064037645690943
"AGU",1.744214562833038
"AUA",0.4440712148923352
"AUC",0.471504584511034
"AUG",0.5510786714094973
"AUU",0.2783186701856515
"CAA",0.46331857602252613
"CAC",0.5326919570829203
"CAG",0.6461926936172674
"CAU",0.7884175813816549
"CCA",0.3167101345314263
"CCC",2.191525372865251
"CCG",0.4503467121782335
"CCU",1.7876705555100312
"CGA",0.5103079923048467
"CGC",0.6345789803434676
"CGG",2.1953954811850114
"CGU",0.39369274360808115
"CUA",1.3674980853614886
"CUC",1.2083743376090776
"CUG",1.4611824372858906
"CUU",1.2916484656429086
"GAA",0.30273823711787795
"GAC",0.2791112144453111
"GAG",0.46784871363870323
"GAU",0.5060609481727377
"GCA",0.32607611431656874
"GCC",0.3697544373595116
"GCG",0.8544794678779282
"GCU",0.22535208378510224
"GGA",1.0216477111552287
"GGC",0.17087902154776033
"GGG",0.6829572741019923
"GGU",0.38662166017270094
"GUA",0.40443538133044327
"GUC",0.5151112125942486
"GUG",0.9979000772868529
"GUU",0.28501315815078354
"UAC",0.5337234645677867
"UAU",0.7904272968831986
"UCA",0.378295135218889
"UCC",0.5411960062934861
"UCG",0.7878623286080026
"UCU",0.3104344598564556
"UGC",0.7032910834132592
"UGG",0.3540520927669254
"UGU",0.9777060324055394
"UUA",0.5792808764363698
"UUC",0.34389524853217185
"UUG",0.3269208217405495
"UUU",0.5781030737237894
