"codon","average_decoding_time"
"AAA",0.3981332499966436
"AAC",0.3261304617976909
"AAG",0.20795368063554157
"AAU",0.5609217867323979
"ACA",0.33790619322447646
"ACC",0.36142292169795726
"ACG",0.5671632151124351
"ACU",0.21048045117845857
"AGA",0.0982739099558942
"AGC",1.2152710037406456
"AGG",1.5768239758517422
"AGU",1.5522979347723107
"AUA",0.35176381847861937
"AUC",0.3918288458568316
"AUG",0.3736733650878665
"AUU",0.20587856571843244
"CAA",0.46442994817583017
"CAC",0.5321023251169665
"CAG",0.6446577388264485
"CAU",0.7878333732587912
"CCA",0.34414180223603263
"CCC",2.1912661071098567
"CCG",0.45007739906547745
"CCU",1.7935134575679654
"CGA",0.5082101797851248
"CGC",0.631418848699999
"CGG",2.194157011012463
"CGU",0.3924067871589277
"CUA",1.3765340076239028
"CUC",1.2084708939685653
"CUG",1.4666318813619614
"CUU",1.2904962245632978
"GAA",0.3044576300745902
"GAC",0.27925664315290627
"GAG",0.4666200058055805
"GAU",0.5085542798148511
"GCA",0.3193366882762034
"GCC",0.36928161553438904
"GCG",0.8548493102118596
"GCU",0.22588348967369468
"GGA",1.0210117482185275
"GGC",0.1711446326767725
"GGG",0.6835695477703749
"GGU",0.3861796024367332
"GUA",0.40498692836434086
"GUC",0.5136631240214939
"GUG",0.9949546881279617
"GUU",0.28485913755968423
"UAC",0.5336753769524043
"UAU",0.7897497748792932
"UCA",0.3772181684417671
"UCC",0.5419378652857411
"UCG",0.7875400781432446
"UCU",0.31117219020938375
"UGC",0.7053007011906149
"UGG",0.3538124624229531
"UGU",0.9803300190363916
"UUA",0.5779682140894731
"UUC",0.34338006513386715
"UUG",0.3273402088725679
"UUU",0.5777555278318762
