"codon","average_decoding_time"
"AAA",0.3997962643121293
"AAC",0.32656597720676206
"AAG",0.2076906082666694
"AAU",0.5592791387680909
"ACA",0.33791151748467446
"ACC",0.36138119878526853
"ACG",0.569259410491002
"ACU",0.2104301511533987
"AGA",0.09774806880317272
"AGC",1.2198634043983592
"AGG",0.28665284626683546
"AGU",1.5559207923306826
"AUA",0.351651040300843
"AUC",0.39250648783061076
"AUG",0.4442224733819701
"AUU",0.20488967143743675
"CAA",0.46454649916783997
"CAC",0.5358377881885653
"CAG",0.6441293830725209
"CAU",0.7909350554073746
"CCA",0.34364654688242635
"CCC",2.194729631625304
"CCG",0.44949035071111976
"CCU",1.7885595220917074
"CGA",0.5098872378574506
"CGC",0.6336305711486088
"CGG",2.197272113069606
"CGU",0.39292291477727376
"CUA",1.3727566682471846
"CUC",1.2071740806406466
"CUG",1.464209142445053
"CUU",1.2897598467435676
"GAA",0.3034675624754668
"GAC",0.2789705017812754
"GAG",0.46652235512018864
"GAU",0.5075689197173283
"GCA",0.3179273982959894
"GCC",0.3688827387836076
"GCG",0.85233483789099
"GCU",0.2257940992650132
"GGA",1.0215566426088996
"GGC",0.17150270731961323
"GGG",0.6813069629463246
"GGU",0.3867407313138065
"GUA",0.4050442998424087
"GUC",0.5126452450688123
"GUG",0.9960418211402284
"GUU",0.28603944514768354
"UAC",0.5338553960927489
"UAU",0.7909339742921829
"UCA",0.3770771422038938
"UCC",0.5415285747706302
"UCG",0.7897422081527329
"UCU",0.31091390199836805
"UGC",0.7057692445319914
"UGG",0.35430977874554764
"UGU",0.9786871450400808
"UUA",0.5811078951946684
"UUC",0.34336609904150844
"UUG",0.26407520696338066
"UUU",0.5799749946530042
