"codon","average_decoding_time"
"AAA",0.4003900266243072
"AAC",0.32695480015253947
"AAG",0.20666608098689793
"AAU",0.5609795587351633
"ACA",0.3383847239319779
"ACC",0.3622180208022405
"ACG",0.5669789941934871
"ACU",0.21018808488629886
"AGA",0.09797375572154317
"AGC",1.221362948419613
"AGG",0.2863993027344063
"AGU",1.5506617217310765
"AUA",0.35216205549742813
"AUC",0.3918018446665056
"AUG",0.4431051919920079
"AUU",0.20557142648576623
"CAA",0.46366929064286194
"CAC",0.5330170551250014
"CAG",0.6448143149117692
"CAU",0.7881994933566001
"CCA",0.3464256762506001
"CCC",2.1920887080496474
"CCG",0.4501648089294811
"CCU",1.794076062919582
"CGA",0.5096147328401823
"CGC",0.6322027016349783
"CGG",2.1941970690506043
"CGU",0.3914169636025995
"CUA",1.3701839985531656
"CUC",1.2066871433538995
"CUG",1.4612706040542665
"CUU",1.289334878423561
"GAA",0.3022356036059322
"GAC",0.27936256655231356
"GAG",0.4649739064845311
"GAU",0.5072717652928563
"GCA",0.31863506186948576
"GCC",0.37062055813092004
"GCG",0.8542481230106127
"GCU",0.22561219522466222
"GGA",1.0205022784454945
"GGC",0.17080625877020286
"GGG",0.6845270425143952
"GGU",0.3862008129818485
"GUA",0.4062596006809076
"GUC",0.513849079402152
"GUG",0.9956508364072527
"GUU",0.2839604730764878
"UAC",0.5315773060435028
"UAU",0.7886730452974473
"UCA",0.3776068750204718
"UCC",0.5426011058257336
"UCG",0.788123335758744
"UCU",0.31117701884638715
"UGC",0.7061626892813228
"UGG",0.35297431185088235
"UGU",0.981254086629332
"UUA",0.5779314100389923
"UUC",0.3431101694617357
"UUG",0.2635899414100049
"UUU",0.5757906783068519
