"codon","average_decoding_time"
"AAA",0.45993339359245566
"AAC",0.327735567171682
"AAG",0.23071190540669526
"AAU",0.5604577764633532
"ACA",0.35013862431008314
"ACC",0.3820938426991319
"ACG",0.688686201098857
"ACU",0.22970302193752848
"AGA",0.1477681705933591
"AGC",1.392128682399729
"AGG",0.30721291521986216
"AGU",1.7463433978194467
"AUA",0.444136477409446
"AUC",0.47194579797366615
"AUG",0.5511699346585723
"AUU",0.27651182910466243
"CAA",0.46489125460385866
"CAC",0.5333295944667359
"CAG",0.6436131773506308
"CAU",0.7887529414073238
"CCA",0.31732275469381227
"CCC",2.19204284018256
"CCG",0.44826270402373336
"CCU",1.7919875621349346
"CGA",0.5100431997549193
"CGC",0.6332403924037745
"CGG",2.198014356591745
"CGU",0.391109344783929
"CUA",1.372214485867051
"CUC",1.2062901796034156
"CUG",1.458427292947195
"CUU",1.2925090850263425
"GAA",0.3043275630368182
"GAC",0.27953179485332463
"GAG",0.4662492593711957
"GAU",0.5077296228363565
"GCA",0.32663645133571356
"GCC",0.3698754629593551
"GCG",0.853464044108987
"GCU",0.22539039138554023
"GGA",1.0206276261988616
"GGC",0.17109804279798613
"GGG",0.6847894573398956
"GGU",0.38663198191048787
"GUA",0.40510844582791394
"GUC",0.5138518181066913
"GUG",0.9920350756947005
"GUU",0.2847857971445035
"UAC",0.5319030122447671
"UAU",0.7887085408861183
"UCA",0.3765869110857821
"UCC",0.5410540116404948
"UCG",0.7872877711713324
"UCU",0.31063198234945855
"UGC",0.7041894168608601
"UGG",0.3540657075219439
"UGU",0.9779872522359978
"UUA",0.5803855189905351
"UUC",0.3433574948977758
"UUG",0.26452695833887957
"UUU",0.5765683766264225
