"codon","average_decoding_time"
"AAA",0.4002819452206634
"AAC",0.3264523867580889
"AAG",0.20731157591964655
"AAU",0.5597045070152606
"ACA",0.3381210512523356
"ACC",0.36063119982198194
"ACG",0.5468467478045009
"ACU",0.20995968963121814
"AGA",0.09795796428929113
"AGC",1.2240683770908618
"AGG",0.28760563190090943
"AGU",1.554817378771152
"AUA",0.35157776560235393
"AUC",0.39107758604837267
"AUG",0.44160874204599987
"AUU",0.2050312320343603
"CAA",0.46589273622362654
"CAC",0.5336078979647042
"CAG",0.6450352612757335
"CAU",0.7902852114155446
"CCA",0.3433747497028005
"CCC",2.194044735703035
"CCG",0.5061192343547193
"CCU",1.794213355725009
"CGA",0.5101340838055768
"CGC",0.6335056469676184
"CGG",2.196464981034005
"CGU",0.3933442053096454
"CUA",1.370313464337617
"CUC",1.2055688597223733
"CUG",1.4624312050967052
"CUU",1.2887836521273783
"GAA",0.2722344302225878
"GAC",0.2802290004632132
"GAG",0.4345229422965395
"GAU",0.507335453417362
"GCA",0.31487496767024153
"GCC",0.34973382099099676
"GCG",0.7125681043172407
"GCU",0.2078921768510997
"GGA",0.8276109077289089
"GGC",0.14925704167157436
"GGG",0.6343386521603921
"GGU",0.36031110568490105
"GUA",0.3241131949388042
"GUC",0.4320350473490474
"GUG",0.8591425548843497
"GUU",0.21252035519932405
"UAC",0.5324305421163433
"UAU",0.7889836263477293
"UCA",0.377588225906933
"UCC",0.5411482215257712
"UCG",0.7871669629003858
"UCU",0.3109570238013654
"UGC",0.7063403119076235
"UGG",0.3527859878406056
"UGU",0.9834937933715493
"UUA",0.5798389808661573
"UUC",0.34185364539964264
"UUG",0.2646351175280614
"UUU",0.5771188819431244
