"codon","average_decoding_time"
"AAA",0.4597055255532902
"AAC",0.32677525264079577
"AAG",0.22991461242673272
"AAU",0.559408257539868
"ACA",0.35031579464356905
"ACC",0.3817209664966181
"ACG",0.6838713156696845
"ACU",0.22996547724642452
"AGA",0.14836299533655917
"AGC",1.39640214214587
"AGG",0.30660038074731144
"AGU",1.7500205488071652
"AUA",0.4441008512661784
"AUC",0.4716277882444205
"AUG",0.5486819889698764
"AUU",0.2788036486878034
"CAA",0.4653846409372865
"CAC",0.53294081441776
"CAG",0.6436679099152829
"CAU",0.7897032772630511
"CCA",0.31742846312381795
"CCC",2.194220829053347
"CCG",0.449307011350808
"CCU",1.7961194172077866
"CGA",0.5100695037502443
"CGC",0.6345031016241802
"CGG",2.1996364748523964
"CGU",0.3914984746535422
"CUA",1.3686421619494276
"CUC",1.2097453406814658
"CUG",1.4711513521997324
"CUU",1.2909722941605746
"GAA",0.30385651398387653
"GAC",0.2800515866718887
"GAG",0.4659884656426427
"GAU",0.5066747971972739
"GCA",0.3259922923586505
"GCC",0.36927485231518
"GCG",0.8519498517022362
"GCU",0.22606391058455236
"GGA",1.023229062586788
"GGC",0.1713116001205306
"GGG",0.6822353331659438
"GGU",0.3860899321961171
"GUA",0.4050203645421897
"GUC",0.5120499728244916
"GUG",0.995962072251424
"GUU",0.285702067449723
"UAC",0.5334933351828801
"UAU",0.7897002540361369
"UCA",0.37703016326461103
"UCC",0.5417211684340324
"UCG",0.7884637707309043
"UCU",0.31110349418625216
"UGC",0.7041627424456482
"UGG",0.35389881651874644
"UGU",0.9800495014774215
"UUA",0.5795453099089692
"UUC",0.34330343117871925
"UUG",0.26341315109759605
"UUU",0.5761188780297233
