"codon","average_decoding_time"
"AAA",0.3991492039630161
"AAC",0.3258629729806174
"AAG",0.20773342223786584
"AAU",0.5573023696400934
"ACA",0.33915047939854814
"ACC",0.36198929412314473
"ACG",0.5683344831040231
"ACU",0.20987738205505677
"AGA",0.09818512804456564
"AGC",1.21893647166354
"AGG",0.2875873042005305
"AGU",1.5542141910741214
"AUA",0.35171715256333747
"AUC",0.3910295034674899
"AUG",0.4428311548736286
"AUU",0.20478218125713976
"CAA",0.46394623803200646
"CAC",0.5327697210374115
"CAG",0.6451657496108243
"CAU",0.7901949181911898
"CCA",0.34520589593011985
"CCC",2.1867269370630114
"CCG",0.44857347182757756
"CCU",1.7987768950045946
"CGA",0.511260323342178
"CGC",0.6335500691534701
"CGG",2.1954738719924323
"CGU",0.39339563725206683
"CUA",1.373735330810397
"CUC",1.2082428040441249
"CUG",1.461807071877656
"CUU",1.288478942571914
"GAA",0.3045582865517269
"GAC",0.2794765495466032
"GAG",0.46492048427259686
"GAU",0.5075098710951512
"GCA",0.31855654942142825
"GCC",0.36900817339096387
"GCG",0.8536022724910608
"GCU",0.22545670738422427
"GGA",1.0236778094358086
"GGC",0.17124765652904614
"GGG",0.6856055661692796
"GGU",0.386101170447687
"GUA",0.40518495778814
"GUC",0.5134190902484635
"GUG",0.9990679249200842
"GUU",0.2852659480851688
"UAC",0.5311814270854011
"UAU",0.7879430404557763
"UCA",0.3783392100725965
"UCC",0.5428052478961279
"UCG",0.7867393855245847
"UCU",0.31121020273302397
"UGC",0.7052418755933576
"UGG",0.35293658908828307
"UGU",0.9786290277768082
"UUA",0.5809438107394218
"UUC",0.34193179417522684
"UUG",0.26405110532747894
"UUU",0.578304953021236
