"codon","average_decoding_time"
"AAA",0.45863776404426365
"AAC",0.32532164903311345
"AAG",0.23002818153555724
"AAU",0.5606871627519313
"ACA",0.34929082646198273
"ACC",0.38275656384411705
"ACG",0.68707837184485
"ACU",0.2294684889365019
"AGA",0.1477984767150855
"AGC",1.395417275187041
"AGG",0.30668639071735376
"AGU",1.749095407148004
"AUA",0.44388247061879665
"AUC",0.47256273379899105
"AUG",0.5202132836200769
"AUU",0.2779296347022937
"CAA",0.46565584917151187
"CAC",0.5325209965042037
"CAG",0.6450408767892557
"CAU",0.7901864573479644
"CCA",0.3166667773113523
"CCC",2.1935499566907835
"CCG",0.44999537435949694
"CCU",1.7885546390708742
"CGA",0.5101651643820387
"CGC",0.6336072684129869
"CGG",2.202935360718299
"CGU",0.3934139036014054
"CUA",1.3720050986796009
"CUC",1.2073941575794662
"CUG",1.3986142491183693
"CUU",1.2896485085118996
"GAA",0.3040388903638021
"GAC",0.278760022597677
"GAG",0.4656922092675731
"GAU",0.5067635080463464
"GCA",0.3265094690167764
"GCC",0.3700431380401122
"GCG",0.8519452861809877
"GCU",0.2267847960284182
"GGA",1.024524657581414
"GGC",0.17119961422524788
"GGG",0.6828654451297654
"GGU",0.3860855420954306
"GUA",0.40485775380865985
"GUC",0.5127518275387729
"GUG",2.0754536422486476
"GUU",0.28588752932333067
"UAC",0.5310672824110524
"UAU",0.7896183011546564
"UCA",0.37789808150546694
"UCC",0.5422870194335122
"UCG",0.7884812838284531
"UCU",0.3105209744004687
"UGC",0.7068994855785429
"UGG",0.35305923724322824
"UGU",0.9807273281408881
"UUA",0.5799120387161127
"UUC",0.34330911758226323
"UUG",0.25279745055298275
"UUU",0.5762607769075876
