"codon","average_decoding_time"
"AAA",0.4591031995678892
"AAC",0.3265164547260823
"AAG",0.22973551741753365
"AAU",0.5601451305218659
"ACA",0.34953069489551336
"ACC",0.3824357215787883
"ACG",0.6867941811867524
"ACU",0.2300723264198386
"AGA",0.1484505164004133
"AGC",1.3971590372638476
"AGG",0.3069985399355676
"AGU",1.747638675072443
"AUA",0.4437737597140727
"AUC",0.4717878638716592
"AUG",0.5512722746657361
"AUU",0.2776872340260391
"CAA",0.4647055945920119
"CAC",0.5328020773986435
"CAG",0.6447588688350956
"CAU",0.7896139721070203
"CCA",0.31706088075167427
"CCC",2.1868953197412773
"CCG",0.4493703923616575
"CCU",1.7873059639446822
"CGA",0.5104543065203494
"CGC",0.6327244351264814
"CGG",2.1962671432209575
"CGU",0.39254006522080953
"CUA",1.3729744073843864
"CUC",1.205754780659757
"CUG",1.4633822162942856
"CUU",1.2926573214171364
"GAA",0.3043572859296953
"GAC",0.27934136474759297
"GAG",0.4654306031004878
"GAU",0.5067399874066157
"GCA",0.32521749037345127
"GCC",0.3686403051400459
"GCG",0.8519251293312706
"GCU",0.226639731024256
"GGA",1.0258195875991476
"GGC",0.171256113979659
"GGG",0.6821194900817933
"GGU",0.3859435051572709
"GUA",0.405363215532077
"GUC",0.513632736252698
"GUG",0.9954209104235505
"GUU",0.2844466216915862
"UAC",0.5312803374609164
"UAU",0.7901530931685544
"UCA",0.37782640020312896
"UCC",0.5420790401310831
"UCG",0.7886277611664828
"UCU",0.3111042688683342
"UGC",0.7061123361731924
"UGG",0.35257345609380325
"UGU",0.9820613925373057
"UUA",0.5777737266518455
"UUC",0.34248189830661374
"UUG",0.2631969435075706
"UUU",0.5786774016357936
