"codon","average_decoding_time"
"AAA",0.4571701597992195
"AAC",0.32650917246517847
"AAG",0.23043544611226574
"AAU",0.5586478927936012
"ACA",0.34920687024912184
"ACC",0.38167347929681206
"ACG",0.6860676608312114
"ACU",0.22917020670833077
"AGA",0.14788990939512023
"AGC",1.3939294724790354
"AGG",1.8064003394683819
"AGU",1.7424742863019298
"AUA",0.44436774977930976
"AUC",0.47164295566421593
"AUG",0.5522720475313301
"AUU",0.2787568236530289
"CAA",0.4652244996670335
"CAC",0.5329914884839126
"CAG",0.6464994155355205
"CAU",0.7900286980625424
"CCA",0.31662713412351856
"CCC",2.1871815036901343
"CCG",0.45043397162428406
"CCU",1.7980296688506543
"CGA",0.5113047206851377
"CGC",0.6343471938919327
"CGG",2.199190034974581
"CGU",0.39340301640543274
"CUA",1.3737612612633252
"CUC",1.2054659250323148
"CUG",1.461957613037037
"CUU",1.2910336956791109
"GAA",0.30299385471137164
"GAC",0.2791279101946744
"GAG",0.4653206239518433
"GAU",0.5074634134228448
"GCA",0.32579568493916655
"GCC",0.36948389600736964
"GCG",0.85414873770518
"GCU",0.22623182558745547
"GGA",1.0246919961309024
"GGC",0.17157361729888926
"GGG",0.6824087390675428
"GGU",0.38625579782143543
"GUA",0.4053695990126606
"GUC",0.5132040842345631
"GUG",0.9945055545847256
"GUU",0.28484622980748825
"UAC",0.5349323148500377
"UAU",0.7904186343588439
"UCA",0.3771734527823148
"UCC",0.5429102426497657
"UCG",0.7870767250338647
"UCU",0.3102791585162874
"UGC",0.705150869572895
"UGG",0.3532312091237684
"UGU",0.9806976088516476
"UUA",0.5782074874253337
"UUC",0.34370486968165137
"UUG",0.2639462510398748
"UUU",0.5786706670026641
