"codon","average_decoding_time"
"AAA",0.45971391121501587
"AAC",0.32828497899911635
"AAG",0.2299185098330358
"AAU",0.5611811227237168
"ACA",0.35070676096081993
"ACC",0.3820444906465768
"ACG",0.6874376593835041
"ACU",0.22959698743906232
"AGA",0.14752040097410007
"AGC",1.3962323009984705
"AGG",1.8047175313839938
"AGU",1.7443555120177234
"AUA",0.44348404278416265
"AUC",0.47169155253898215
"AUG",0.5491543043121383
"AUU",0.2777777300020489
"CAA",0.4649800902460822
"CAC",0.5334517087679074
"CAG",0.6434072197723673
"CAU",0.7902128754792449
"CCA",0.3173637293615054
"CCC",2.185540102436995
"CCG",0.44946999562232476
"CCU",1.7935168937004276
"CGA",0.5103723086321352
"CGC",0.633854791588331
"CGG",2.1934275554649827
"CGU",0.39212748136693587
"CUA",1.370035963195768
"CUC",1.2041448116698574
"CUG",1.4663100375983578
"CUU",1.2886200169213249
"GAA",0.30354719546861314
"GAC",0.2798752261237187
"GAG",0.4651718179659018
"GAU",0.5071897039809865
"GCA",0.3254552632671282
"GCC",0.3696590750482712
"GCG",0.854349328622116
"GCU",0.2255329682153164
"GGA",1.0262632489646204
"GGC",0.17144491366225925
"GGG",0.6845340698255693
"GGU",0.38687630470147577
"GUA",0.4050273478117012
"GUC",0.5134977526880788
"GUG",0.997756017138793
"GUU",0.28458189398111644
"UAC",0.5311782166569494
"UAU",0.7899036461368503
"UCA",0.3769713404399405
"UCC",0.5412111604299211
"UCG",0.7908404504749186
"UCU",0.31101458288796985
"UGC",0.7067509777877176
"UGG",0.3547883856244863
"UGU",0.9811144853577592
"UUA",0.5773147649937909
"UUC",0.34346318409498194
"UUG",0.2642644914768397
"UUU",0.5774766770925902
