"codon","average_decoding_time"
"AAA",0.3994917803795543
"AAC",0.32707599409020943
"AAG",0.20766967041553944
"AAU",0.5585130458215464
"ACA",0.33843204211039135
"ACC",0.4148685098182075
"ACG",0.5679532572160887
"ACU",0.21052703445895748
"AGA",0.09833709167713345
"AGC",1.2197544306152512
"AGG",0.2862213784037948
"AGU",1.554561866323913
"AUA",0.3518161472019103
"AUC",0.3778723150792696
"AUG",0.4126559550914836
"AUU",0.20521594959335546
"CAA",0.2994708964306402
"CAC",0.37115913870306905
"CAG",0.5729095649048495
"CAU",0.6082753977852926
"CCA",0.33974146569171637
"CCC",1.8079037067465609
"CCG",0.3882857058128996
"CCU",1.7626669778906279
"CGA",0.4814131682739184
"CGC",0.50932619343568
"CGG",2.083060166972732
"CGU",0.28256572474167096
"CUA",1.2344733937706636
"CUC",3.4017522115403924
"CUG",1.0970444641793116
"CUU",1.1604454762158678
"GAA",0.3036684234876603
"GAC",0.27882739290348596
"GAG",0.4652371148761511
"GAU",0.5069646485940158
"GCA",0.3196021502520588
"GCC",0.48132581629307736
"GCG",0.855310023733099
"GCU",0.22597057865721745
"GGA",1.0225514085343776
"GGC",0.17092026414212436
"GGG",0.6827857737575004
"GGU",0.3872569830959411
"GUA",0.4050728012721448
"GUC",0.4987351387369284
"GUG",2.075862298934114
"GUU",0.2854257141236326
"UAC",0.5355427107275325
"UAU",0.7896307966666969
"UCA",0.3770279731898246
"UCC",0.506437020043227
"UCG",0.7874007327657698
"UCU",0.31089004398255576
"UGC",0.7061165595362651
"UGG",0.3530235374038045
"UGU",0.9815135350459203
"UUA",0.5802876388684258
"UUC",0.34328049018350615
"UUG",0.2535448933551249
"UUU",0.5765126810229687
