"codon","average_decoding_time"
"AAA",0.45870878661630066
"AAC",0.32638398597254614
"AAG",0.22981130030864128
"AAU",0.5598140460103905
"ACA",0.3499396005791096
"ACC",0.38231398852672765
"ACG",0.687891187093002
"ACU",0.2299686790452522
"AGA",0.1482206522361074
"AGC",1.3946296963015181
"AGG",0.3064170889826767
"AGU",1.747605631604759
"AUA",0.4449134452077928
"AUC",0.4727118269068802
"AUG",0.5210254730507071
"AUU",0.2778156535716139
"CAA",0.464671418577594
"CAC",0.5334884214951503
"CAG",0.6438700288766502
"CAU",0.7881493696155831
"CCA",0.31752529353418907
"CCC",2.1876177270399157
"CCG",0.45023181023622455
"CCU",1.78998904654544
"CGA",0.511675153477188
"CGC",0.6336074630952045
"CGG",2.191743743965573
"CGU",0.39218608176171366
"CUA",1.3721886031699309
"CUC",1.2054181855775037
"CUG",1.3964930119387517
"CUU",1.2924265840635518
"GAA",0.30336662177583035
"GAC",0.27858600396880956
"GAG",0.4655230249180671
"GAU",0.5071022520819803
"GCA",0.32621795314731883
"GCC",0.37005201055653114
"GCG",0.852389300000485
"GCU",0.22577729093858268
"GGA",1.0229636536437492
"GGC",0.17144078506196458
"GGG",0.6806379886344011
"GGU",0.3870140071127401
"GUA",0.4051502359695227
"GUC",0.5130295315020176
"GUG",2.0769615254849225
"GUU",0.284704017954215
"UAC",0.5308710189821173
"UAU",0.790633875760241
"UCA",0.37727429995587297
"UCC",0.5420499596879412
"UCG",0.7891508296472323
"UCU",0.3109815766345712
"UGC",0.7063293722984645
"UGG",0.3521756321136266
"UGU",0.9822185166988724
"UUA",0.5786055937025739
"UUC",0.3436840081998126
"UUG",0.25267864482254015
"UUU",0.5785841167475225
