"codon","average_decoding_time"
"AAA",0.45878072371699946
"AAC",0.32702781607673315
"AAG",0.2300018772127108
"AAU",0.559348811122239
"ACA",0.35112147173004854
"ACC",0.3826013401346377
"ACG",0.6869233576836092
"ACU",0.22967723764121697
"AGA",0.14787382764011703
"AGC",1.3928647663213798
"AGG",0.3076348248804319
"AGU",1.7496403994460847
"AUA",0.44330554995719
"AUC",0.471612631913285
"AUG",0.5213166572338389
"AUU",0.2786239135533116
"CAA",0.4646081335162772
"CAC",0.5335220161783041
"CAG",0.6442873880666976
"CAU",0.789771004632074
"CCA",0.3168776772113499
"CCC",2.1904144038160895
"CCG",0.4498008158309938
"CCU",1.791910064883224
"CGA",0.5097650763267807
"CGC",0.634721595719719
"CGG",2.1896212212835935
"CGU",0.39372430386281426
"CUA",1.372017427989526
"CUC",1.2058011202478298
"CUG",1.401033092887582
"CUU",1.289096026770525
"GAA",0.30298334087273
"GAC",0.2794126916376082
"GAG",0.4644528416623203
"GAU",0.5059316068310084
"GCA",0.3265676959549324
"GCC",0.36932018011670276
"GCG",0.8561716180720238
"GCU",0.22638976381886153
"GGA",1.0207810004959699
"GGC",0.17166490253883748
"GGG",0.6857747834880095
"GGU",0.3868844271285277
"GUA",0.40443554908969476
"GUC",0.5123576461319241
"GUG",2.077163085333157
"GUU",0.2857266197737568
"UAC",0.5325400492243598
"UAU",0.7903872084751054
"UCA",0.3776283348882966
"UCC",0.5428340903354746
"UCG",0.7862791639389123
"UCU",0.30912798366068145
"UGC",0.7045096939626933
"UGG",0.3532552898515544
"UGU",0.9811047278018373
"UUA",0.5779684969999471
"UUC",0.34231588550731645
"UUG",0.2529953049334963
"UUU",0.5785501198522081
