"codon","average_decoding_time"
"AAA",0.39994150033790493
"AAC",0.327240093410849
"AAG",0.20793361049198805
"AAU",0.5591209404853645
"ACA",0.3381683882297577
"ACC",0.3615971396829568
"ACG",0.5687787073655204
"ACU",0.20995965952516185
"AGA",0.09813596119368326
"AGC",1.2180216368875783
"AGG",0.28749451158302614
"AGU",1.5599093020094332
"AUA",0.35238051774523893
"AUC",0.3910626724132466
"AUG",0.372783377809418
"AUU",0.2056232816926082
"CAA",0.4649207754806925
"CAC",0.5337828295756002
"CAG",0.6449709693379042
"CAU",0.7887388000460583
"CCA",0.345170292188336
"CCC",2.186916539456347
"CCG",0.44976188670199607
"CCU",1.7958852171928568
"CGA",0.5105660902776311
"CGC",0.6336701321988826
"CGG",2.1958812309771742
"CGU",0.3925633325985418
"CUA",1.3687052168267573
"CUC",1.2075582815550276
"CUG",1.4635161470022464
"CUU",1.2906769858225873
"GAA",0.30255726252837667
"GAC",0.28015071962937194
"GAG",0.46425716064192996
"GAU",0.505752950581224
"GCA",0.31910664479876083
"GCC",0.3695263460949544
"GCG",0.8514148732171847
"GCU",0.22580773465053502
"GGA",1.0232921702182716
"GGC",0.17162392042088667
"GGG",0.6821038496887101
"GGU",0.38725264810135
"GUA",0.4056627150621926
"GUC",0.5125603229294013
"GUG",0.9962062774707334
"GUU",0.2844116678650536
"UAC",0.5327917364019935
"UAU",0.790562381168991
"UCA",0.3776194529977356
"UCC",0.5409390362866463
"UCG",0.7876540541703431
"UCU",0.3105647157857517
"UGC",0.7075835722558251
"UGG",0.35271962976337734
"UGU",0.9831561040176092
"UUA",0.581037782218609
"UUC",0.3425008433171408
"UUG",0.32572169935321515
"UUU",0.5782708718535171
