"codon","average_decoding_time"
"AAA",0.4599465467366626
"AAC",0.32738818761137534
"AAG",0.22965978606691656
"AAU",0.5605211849122997
"ACA",0.3493626295417779
"ACC",0.3830298745841069
"ACG",0.6874717786003987
"ACU",0.22359320983742384
"AGA",0.14804485404697704
"AGC",1.3978471812020241
"AGG",0.3059882608013494
"AGU",1.7484546623607604
"AUA",0.4439097994564208
"AUC",0.47294148567363037
"AUG",0.5498728291311757
"AUU",0.26617849986058056
"CAA",0.4642908992234464
"CAC",0.5346084532109068
"CAG",0.6438619841573491
"CAU",0.7900761559933817
"CCA",0.31660445274068244
"CCC",2.1880625107394467
"CCG",0.44848555669250306
"CCU",1.622915578313583
"CGA",0.5105312430385388
"CGC",0.6325344369855359
"CGG",2.2042315195003774
"CGU",0.3933989426725119
"CUA",1.3705858354009175
"CUC",1.2044537208529522
"CUG",1.4621940786708978
"CUU",4.436596648765305
"GAA",0.303534552463674
"GAC",0.28005098600619005
"GAG",0.4665399720929281
"GAU",0.5068324429924295
"GCA",0.32601989642482054
"GCC",0.3689583911336965
"GCG",0.8531848346610955
"GCU",0.2570800899700297
"GGA",1.021816766244756
"GGC",0.17074725741399127
"GGG",0.6827745235812807
"GGU",0.3870282967539658
"GUA",0.4048117391340872
"GUC",0.5136446060459737
"GUG",0.9959005031926321
"GUU",0.2717374860833201
"UAC",0.3705143628288535
"UAU",0.6068029681983629
"UCA",0.37309895803940585
"UCC",0.5345362495600353
"UCG",0.6465528793674595
"UCU",0.24567324688243453
"UGC",0.5137422268112005
"UGG",0.3332450498837377
"UGU",0.7683778809274174
"UUA",0.5215999475026314
"UUC",0.3003990480635328
"UUG",0.2126487211332141
"UUU",0.5304721444681587
