"codon","average_decoding_time"
"AAA",0.45956372866874534
"AAC",0.3273532886036802
"AAG",0.2301195897449553
"AAU",0.5595602012707237
"ACA",0.34989098864012946
"ACC",0.383012373577107
"ACG",0.6854298726066762
"ACU",0.23003197209775253
"AGA",0.1481997995436178
"AGC",1.3937787756606888
"AGG",0.3071924593336585
"AGU",1.7509674954772179
"AUA",0.4435052815854888
"AUC",0.47112615446877715
"AUG",0.551149988314655
"AUU",0.27766055831837266
"CAA",0.4646483198939579
"CAC",0.5329324468081911
"CAG",0.6448442289941008
"CAU",0.790218852419478
"CCA",0.31739829883453574
"CCC",2.190118849911201
"CCG",0.44918153994321436
"CCU",1.7990324439436371
"CGA",0.5088342388543045
"CGC",0.6329602123796119
"CGG",2.2020547922004154
"CGU",0.39203869425865556
"CUA",1.3634020468554813
"CUC",1.2127686090326744
"CUG",1.4626735622426659
"CUU",1.2861671448296954
"GAA",0.3034494745865757
"GAC",0.2798278038748326
"GAG",0.4639579158161157
"GAU",0.5070353700596179
"GCA",0.32659384685672116
"GCC",0.3690378893468026
"GCG",0.8523801668339218
"GCU",0.22574738395023197
"GGA",1.025638011012465
"GGC",0.17095500170329342
"GGG",0.6808555401112365
"GGU",0.38622213220981094
"GUA",0.40518328090072675
"GUC",0.5141842842099569
"GUG",0.9913205263356387
"GUU",0.28493150043732374
"UAC",0.5326222209730556
"UAU",0.7890672506800931
"UCA",0.3773671536209528
"UCC",0.5428316496351784
"UCG",0.7881947630686679
"UCU",0.30971018009052037
"UGC",0.7054533199333846
"UGG",0.353287697124087
"UGU",0.9825036730951349
"UUA",0.5789512349090737
"UUC",0.3441341033687034
"UUG",0.32766128201018546
"UUU",0.5776178166938893
