"codon","average_decoding_time"
"AAA",0.4596626877782583
"AAC",0.32620147371393843
"AAG",0.2306298987398701
"AAU",0.560672534951553
"ACA",0.349927727805248
"ACC",0.4458221530867629
"ACG",0.6867258389703802
"ACU",0.23001584221565102
"AGA",0.14890384463210965
"AGC",1.3846326704936212
"AGG",0.3065802685535074
"AGU",1.748312909310428
"AUA",0.44381744467074
"AUC",0.45798077276462873
"AUG",0.5508772874076917
"AUU",0.277416995468029
"CAA",0.29966403071360515
"CAC",0.3704872261395225
"CAG",0.5719030531981442
"CAU",0.6081182157756825
"CCA",0.3116784170756747
"CCC",1.806238129537135
"CCG",0.38918644328492485
"CCU",1.7638397445416438
"CGA",0.4814018325675206
"CGC",0.5095597758929769
"CGG",2.086962378554285
"CGU",0.28269158342408973
"CUA",1.238276869209652
"CUC",3.4021118518953943
"CUG",1.161504141650198
"CUU",1.1598827411679036
"GAA",0.3044869361434374
"GAC",0.28045615317647765
"GAG",0.46548279855422275
"GAU",0.5074058472534275
"GCA",0.3265392083581172
"GCC",0.48269710770512125
"GCG",0.8529154373022607
"GCU",0.22595591958693315
"GGA",1.0256157043664764
"GGC",0.1711901103726197
"GGG",0.683219553492768
"GGU",0.386112278190908
"GUA",0.4042735900439236
"GUC",0.4989996690760875
"GUG",0.9966120765268812
"GUU",0.28467050994883103
"UAC",0.53391064093565
"UAU",0.7912867327426475
"UCA",0.37672886459872107
"UCC",0.5066839728446685
"UCG",0.7899057179423649
"UCU",0.31057358776334165
"UGC",0.7072689335272928
"UGG",0.3526136893669949
"UGU",0.97891972768483
"UUA",0.5801527586530887
"UUC",0.3429814939943304
"UUG",0.2642290525276833
"UUU",0.578566228785504
