"codon","average_decoding_time"
"AAA",0.3994219368140604
"AAC",0.3253481968854958
"AAG",0.12739876772564201
"AAU",0.559543661529531
"ACA",0.3391111107470841
"ACC",0.3609540754448283
"ACG",0.5687844234137326
"ACU",0.210436413340686
"AGA",0.09817386768409232
"AGC",1.2214313886152874
"AGG",0.28642462711165756
"AGU",1.5583370067834206
"AUA",0.35235585610935305
"AUC",0.3916243032579802
"AUG",0.44345158084960073
"AUU",0.20531946324237219
"CAA",0.46354939769183906
"CAC",0.5339872964841382
"CAG",3.4691473803975086
"CAU",0.7899262225906651
"CCA",0.3441047476509113
"CCC",2.188951154777884
"CCG",0.4495106297861569
"CCU",1.7883459109526922
"CGA",0.5099909099395885
"CGC",0.6324959469763194
"CGG",2.1991696856985055
"CGU",0.39216881418867666
"CUA",1.3707020913370032
"CUC",1.207749135808422
"CUG",1.4586245750413753
"CUU",1.2907928494541665
"GAA",0.30373463514544286
"GAC",0.28009105884222013
"GAG",2.15667909530331
"GAU",0.5079728101500042
"GCA",0.31849664902401154
"GCC",0.3688462172070669
"GCG",0.8521118160270952
"GCU",0.22654014977884135
"GGA",1.0259151250279404
"GGC",0.17185384031613615
"GGG",0.6810855229678128
"GGU",0.38730994685811226
"GUA",0.40491975531569985
"GUC",0.5134914114594257
"GUG",0.9979669658942497
"GUU",0.2853720174761416
"UAC",0.5312648461191672
"UAU",0.7885438699866373
"UCA",0.3783482567791667
"UCC",0.5415033614303997
"UCG",0.7885216662891544
"UCU",0.3104723557492932
"UGC",0.7055894154251108
"UGG",0.3531318227794169
"UGU",0.980900837336443
"UUA",0.5792132868608522
"UUC",0.34217794631529164
"UUG",0.2644397958667006
"UUU",0.5777110686115425
