"codon","average_decoding_time"
"AAA",0.4589242983287005
"AAC",0.32607111681869644
"AAG",0.23030169912101486
"AAU",0.5598595018522834
"ACA",0.34906414967544197
"ACC",0.44510220818659474
"ACG",0.6888597432302458
"ACU",0.22971728261950805
"AGA",0.14820545701716953
"AGC",1.3952927302561713
"AGG",0.3067691562417978
"AGU",1.7509915941055056
"AUA",0.44236172206491564
"AUC",0.4568146857667802
"AUG",0.5522223106387343
"AUU",0.2783851200396679
"CAA",0.3002527950260486
"CAC",0.36976626558124537
"CAG",0.5722607975114482
"CAU",0.6063752961987322
"CCA",0.3109695830520568
"CCC",1.812379206972542
"CCG",0.3881894382994366
"CCU",1.7591913420054541
"CGA",0.48125065793931193
"CGC",0.5101415729074955
"CGG",2.0893253084294794
"CGU",0.28227432399149044
"CUA",1.2340218408439843
"CUC",3.419883379665625
"CUG",1.1631333911893718
"CUU",1.1604515278901906
"GAA",0.30421276976646017
"GAC",0.2797109913149125
"GAG",0.46518159910341916
"GAU",0.507603331564115
"GCA",0.3269510014639712
"GCC",0.4820469299710832
"GCG",0.8509458776604724
"GCU",0.2260388760376337
"GGA",1.023230238396394
"GGC",0.17180210086389308
"GGG",0.6822285258673021
"GGU",0.38564516592372866
"GUA",0.4045845199957474
"GUC",0.49899600769616703
"GUG",0.9964894399548188
"GUU",0.2848373872963432
"UAC",0.5307929179585412
"UAU",0.7897423525377061
"UCA",0.37597318978715777
"UCC",0.5061129490233417
"UCG",0.7883996640521584
"UCU",0.3113895397232852
"UGC",0.7065980976255186
"UGG",0.35359932694695106
"UGU",0.9816298962178411
"UUA",0.5772217946798774
"UUC",0.3432858916377014
"UUG",0.26384586822041745
"UUU",0.5783745607286299
