"codon","average_decoding_time"
"AAA",0.45758236697232935
"AAC",0.3260004389985262
"AAG",0.22999364056868318
"AAU",0.5605239160833678
"ACA",0.3496866761658751
"ACC",0.44485499252416516
"ACG",0.6866628682050945
"ACU",0.22963336518956226
"AGA",0.148511807929758
"AGC",1.389398286923754
"AGG",0.30732427787303535
"AGU",1.7461463937663897
"AUA",0.4437721346454562
"AUC",0.45834467253366923
"AUG",0.5516068364049301
"AUU",0.27865411426186004
"CAA",0.2988334065501642
"CAC",0.36897573270352535
"CAG",0.5736217459834061
"CAU",0.6082823021638121
"CCA",0.3125458758923335
"CCC",1.8090288873636555
"CCG",0.38948344184982403
"CCU",1.7640082851291887
"CGA",0.4806717296483216
"CGC",0.5095506987813169
"CGG",2.0859489790499257
"CGU",0.2817810119656213
"CUA",1.2318994785882476
"CUC",3.405144546177103
"CUG",1.1627364086511105
"CUU",1.1616869807323438
"GAA",0.3031689060791543
"GAC",0.28005241346214477
"GAG",0.4654777891910637
"GAU",0.5071739927157903
"GCA",0.3256474046127966
"GCC",0.4820210539829206
"GCG",0.8508088911027522
"GCU",0.2262169768217253
"GGA",1.0214594997656439
"GGC",0.1714033864620777
"GGG",0.6819818019324425
"GGU",0.3871062648758488
"GUA",0.4049041895922923
"GUC",0.4993496045275335
"GUG",0.9962504622597129
"GUU",0.28536138109016534
"UAC",0.5325573335487469
"UAU",0.7897374712121771
"UCA",0.3759869353175878
"UCC",0.5048606182317371
"UCG",0.7865395045043924
"UCU",0.31068131192167286
"UGC",0.7050614887955843
"UGG",0.3536771980803355
"UGU",0.9827962715494101
"UUA",0.5801533947961606
"UUC",0.34225107190449305
"UUG",0.2640981824397297
"UUU",0.5780254004878116
