"codon","average_decoding_time"
"AAA",0.46061393122347166
"AAC",0.32634612232098625
"AAG",0.22961558179565716
"AAU",0.5602271634261031
"ACA",0.349222824439216
"ACC",0.3828620054834746
"ACG",0.5794252163815384
"ACU",0.22930870404617046
"AGA",0.14821465597009525
"AGC",1.3918471929832126
"AGG",0.29198315014543086
"AGU",1.7413634686986952
"AUA",0.4449340262399216
"AUC",0.4720315028342468
"AUG",0.5514174044681581
"AUU",0.27784003168075144
"CAA",0.4639678239744076
"CAC",0.5347557720210026
"CAG",0.6464481673659962
"CAU",0.7902700839338876
"CCA",0.31807801962930987
"CCC",2.1917163656065335
"CCG",1.8413777430154363
"CCU",1.7872203523209405
"CGA",0.5104559076276344
"CGC",0.6343598360054755
"CGG",2.0278079956748636
"CGU",0.3936272764185707
"CUA",1.368887637359904
"CUC",1.20595495754792
"CUG",1.4640919904032799
"CUU",1.2882000081006864
"GAA",0.3035635059593442
"GAC",0.2784554198063555
"GAG",0.46456018086004186
"GAU",0.5067311966175378
"GCA",0.32652103825458395
"GCC",0.3694950279431076
"GCG",0.7425858109776099
"GCU",0.22615886112929467
"GGA",1.023720657359477
"GGC",0.17060709520998982
"GGG",1.3646798643453117
"GGU",0.3866040224551547
"GUA",0.4052304578950336
"GUC",0.5149003510176822
"GUG",0.9981288389265105
"GUU",0.28514692050609364
"UAC",0.5329671873768612
"UAU",0.7880162368589877
"UCA",0.3769207829977963
"UCC",0.5424237900551758
"UCG",2.923362542671212
"UCU",0.3104021006899717
"UGC",0.7061370705046575
"UGG",0.32454690853142193
"UGU",0.9802990324467665
"UUA",0.5789934381965737
"UUC",0.34176345993775126
"UUG",0.2639794802820089
"UUU",0.5759944737847058
