"codon","average_decoding_time"
"AAA",0.4586222562870524
"AAC",0.3280315249400862
"AAG",0.22923138040987226
"AAU",0.5607394133207871
"ACA",0.3506249918484138
"ACC",0.3821200330350235
"ACG",0.6887562681494765
"ACU",0.2300042260763661
"AGA",0.14782453684336425
"AGC",1.3875424797395635
"AGG",0.3072818357279445
"AGU",1.7455089199785825
"AUA",0.44372268048193153
"AUC",0.47164431973092164
"AUG",0.5497986531138446
"AUU",0.27751820279640127
"CAA",0.4639596918771119
"CAC",0.5314516465639136
"CAG",0.6439421731631605
"CAU",0.7883733195630055
"CCA",0.31693271890759533
"CCC",2.1869062417214997
"CCG",0.448952868419405
"CCU",1.7947240026780462
"CGA",0.5103773018007051
"CGC",0.63279278271638
"CGG",2.192543685397704
"CGU",0.3934988261718285
"CUA",1.3725158742767278
"CUC",1.2077234778168162
"CUG",1.4657396681201234
"CUU",1.2891693475087715
"GAA",0.30356305664664096
"GAC",0.2792265423403899
"GAG",0.4648058762914699
"GAU",0.5068363570922916
"GCA",0.3264675137511079
"GCC",0.3693651389195999
"GCG",0.8539167275052967
"GCU",0.22591714221245124
"GGA",1.0228903008949124
"GGC",0.17173360471726848
"GGG",0.6808336441456676
"GGU",0.3867961531322264
"GUA",0.40525059049052586
"GUC",0.5129124890964276
"GUG",0.9965764800240854
"GUU",0.28520573162494084
"UAC",0.5322590216107578
"UAU",0.7906039406994522
"UCA",0.3771316886895813
"UCC",0.5426355046987601
"UCG",0.7881433380027068
"UCU",0.3118580960693774
"UGC",0.7055134502648693
"UGG",0.3540288281671437
"UGU",0.9808675720188872
"UUA",0.5798878558751867
"UUC",0.3427882024962985
"UUG",0.2637528503656509
"UUU",0.5787043213206848
