"codon","average_decoding_time"
"AAA",0.46051406931119454
"AAC",0.3267981366895434
"AAG",0.22965842084539526
"AAU",0.5608338734910159
"ACA",0.35058575130413955
"ACC",0.3824735415794259
"ACG",0.6875235310283498
"ACU",0.23006149905808604
"AGA",0.1479596209659869
"AGC",1.3949605583287108
"AGG",0.30642007455351133
"AGU",1.7454227593270077
"AUA",0.4431751949774382
"AUC",0.47166288539196927
"AUG",0.5510327559999937
"AUU",0.2786558515452576
"CAA",0.4652298857130661
"CAC",0.5340987431570083
"CAG",0.6449552208432118
"CAU",0.7899649913934585
"CCA",0.3167169693135193
"CCC",2.186719491952743
"CCG",0.45063919455543344
"CCU",1.7987144750222708
"CGA",0.5103507433672254
"CGC",0.6330671456471401
"CGG",2.1954172753149375
"CGU",0.39221240265682905
"CUA",1.3769997246212684
"CUC",1.2085447839421786
"CUG",1.4644081965922
"CUU",1.2857097453280397
"GAA",0.3042020094335437
"GAC",0.27973403783924017
"GAG",0.46560259085932726
"GAU",0.5052855531675595
"GCA",0.3267985660058441
"GCC",0.3701196588143374
"GCG",0.8533637370795162
"GCU",0.22545178708574556
"GGA",1.0258865437179594
"GGC",0.1716272125769371
"GGG",0.6827718333481938
"GGU",0.38667938395518825
"GUA",0.40496279207503527
"GUC",0.5140644661420043
"GUG",0.9953189223588025
"GUU",0.2839931096409545
"UAC",0.5338342469183522
"UAU",0.7904038467153464
"UCA",0.37764505490513217
"UCC",0.5422088050343565
"UCG",0.790537645759869
"UCU",0.3099012797978917
"UGC",0.7050255576095877
"UGG",0.3535691534454104
"UGU",0.9821653016457592
"UUA",0.5776613984206935
"UUC",0.3426060289623807
"UUG",0.26355758227364934
"UUU",0.5768508447596195
