"codon","average_decoding_time"
"AAA",0.4591061093752979
"AAC",0.3272650049999025
"AAG",0.22974339184410453
"AAU",0.5608090366648827
"ACA",0.3504278237016597
"ACC",0.38257860866583565
"ACG",0.6884525647726699
"ACU",0.2293766122222446
"AGA",0.14797785042674513
"AGC",1.397007569445995
"AGG",0.3067561917472019
"AGU",1.7471311061406511
"AUA",0.4433445590591134
"AUC",0.47220202848218984
"AUG",0.5506778221990508
"AUU",0.2803777147782794
"CAA",0.4642928412046818
"CAC",0.533437751104164
"CAG",0.6453362517267502
"CAU",0.7883564751073763
"CCA",0.3164791693256229
"CCC",2.188996621383331
"CCG",0.44941894406489996
"CCU",1.7883749916964782
"CGA",0.5086992942746502
"CGC",0.6322299753741477
"CGG",2.20163961032373
"CGU",0.39340027892600943
"CUA",1.3710760867082894
"CUC",1.2064603161994036
"CUG",1.4636272000626362
"CUU",1.2889375944318668
"GAA",0.30260219809763267
"GAC",0.2797924675212759
"GAG",0.46491298584749924
"GAU",0.5086527970372487
"GCA",0.32655161978576003
"GCC",0.37000581509044644
"GCG",0.8524082316311922
"GCU",0.2261173205042536
"GGA",1.0204825324181537
"GGC",0.1717610661416774
"GGG",0.6850291401433579
"GGU",0.3863116539528415
"GUA",0.40463008035831616
"GUC",0.5131757607119194
"GUG",0.9976417577171512
"GUU",0.28444769338287207
"UAC",0.5344764156938754
"UAU",0.7898370330298654
"UCA",0.37759304301954255
"UCC",0.541467578781778
"UCG",0.7891694199515346
"UCU",0.31082886247782937
"UGC",0.7066435367549492
"UGG",0.35375529766896274
"UGU",0.9806020868936587
"UUA",0.5805937537352819
"UUC",0.3434028981204465
"UUG",0.2633366494357589
"UUU",0.5774020799275263
