"codon","average_decoding_time"
"AAA",0.4584289537468864
"AAC",0.32726693051489214
"AAG",0.22976686319668485
"AAU",0.5599021352459356
"ACA",0.34952027288760507
"ACC",0.38302414777363425
"ACG",0.6869137005840863
"ACU",0.22876110088009047
"AGA",0.1478640971587084
"AGC",1.3952428983433447
"AGG",1.8074854842491634
"AGU",1.7356066675856388
"AUA",0.4430116312653827
"AUC",0.47137274346854585
"AUG",0.5522538931990664
"AUU",0.27827720087510915
"CAA",0.4645843920212269
"CAC",0.5327148545741569
"CAG",0.6445995485216325
"CAU",0.7900528832480594
"CCA",0.31516034403362575
"CCC",2.189131160960571
"CCG",0.4495093826972836
"CCU",1.7929535398836869
"CGA",0.5106088392487539
"CGC",0.6338504714834516
"CGG",2.197746761890873
"CGU",0.3939638343733588
"CUA",1.3717377079953512
"CUC",1.2078752218204756
"CUG",1.4624501539563213
"CUU",1.2937987471040961
"GAA",0.30386443181451506
"GAC",0.27880622722472453
"GAG",0.4650756404822232
"GAU",0.5079884041695213
"GCA",0.32752436492618514
"GCC",0.36947675531600893
"GCG",0.8525706793048298
"GCU",0.22642498525543375
"GGA",1.0234271777316442
"GGC",0.17081955255703685
"GGG",0.6828104080115905
"GGU",0.387164186642642
"GUA",0.4055451200014068
"GUC",0.5122232793249554
"GUG",0.9972375692617376
"GUU",0.2841646416884748
"UAC",0.5324129997291456
"UAU",0.7902517420029609
"UCA",0.3776581670088953
"UCC",0.5421520588441748
"UCG",0.7906381166894405
"UCU",0.3100216899237475
"UGC",0.7036459320943428
"UGG",0.35497972256350585
"UGU",0.9820871889280718
"UUA",0.5797131842169809
"UUC",0.3432195925635316
"UUG",0.2641833755069724
"UUU",0.5760058309437984
