"codon","average_decoding_time"
"AAA",0.4591624408960801
"AAC",0.3272769828013414
"AAG",0.23000861803153141
"AAU",0.5596959318093584
"ACA",0.35033815968174314
"ACC",0.3817886416425772
"ACG",0.686961176470189
"ACU",0.22386779649920782
"AGA",0.14810548015387
"AGC",1.3932799701321743
"AGG",0.30615295397303127
"AGU",1.7467304970106912
"AUA",0.4446074481407796
"AUC",0.4713536151397359
"AUG",0.5504687172629571
"AUU",0.26480871904303815
"CAA",0.46493522754064237
"CAC",0.533745536834418
"CAG",0.6441792937279239
"CAU",0.789499339551857
"CCA",0.31739660570344735
"CCC",2.1871750219354844
"CCG",0.4499630288517816
"CCU",1.6202407131252479
"CGA",0.5095647554715672
"CGC",0.6338862981344894
"CGG",2.1979046094104078
"CGU",0.39187698711487623
"CUA",1.3735921697793547
"CUC",1.2080349405055433
"CUG",1.4668308760798812
"CUU",4.430681821397407
"GAA",0.3041223453150242
"GAC",0.27956070998041566
"GAG",0.46423814078306486
"GAU",0.5063798333695262
"GCA",0.3255292721900724
"GCC",0.3698815540707873
"GCG",0.8548024115222578
"GCU",0.2564618737383683
"GGA",1.025667629264616
"GGC",0.17119260122096125
"GGG",0.6826044790422817
"GGU",0.3873173878317653
"GUA",0.4046421279682891
"GUC",0.513665560811406
"GUG",0.9965624614849027
"GUU",0.27297304001247746
"UAC",0.3693665734855052
"UAU",0.6082589767411153
"UCA",0.3724554891593687
"UCC",0.5352634221930087
"UCG",0.6466105162869671
"UCU",0.24595502392173188
"UGC",0.5141404569618099
"UGG",0.3340784618667829
"UGU",0.7666342631347745
"UUA",0.5174763921336752
"UUC",0.29907856853006837
"UUG",0.2124212695230485
"UUU",0.5284774665495806
