"codon","average_decoding_time"
"AAA",0.45827853756059883
"AAC",0.3272866729409558
"AAG",0.22963329523407675
"AAU",0.560420563578698
"ACA",0.35048037190755754
"ACC",0.3815789308712053
"ACG",0.5792412921979919
"ACU",0.22380991511500276
"AGA",0.14795656039979443
"AGC",1.391681032081012
"AGG",0.29176869663330013
"AGU",1.743868058191256
"AUA",0.44359039832851666
"AUC",0.4727349864605686
"AUG",0.5503186050546374
"AUU",0.2647559133807021
"CAA",0.46577452866053354
"CAC",0.5331052505267704
"CAG",0.6438568699248285
"CAU",0.7901920752960789
"CCA",0.3170440533861249
"CCC",2.1930553847412066
"CCG",1.8409174983790357
"CCU",1.6201507291766981
"CGA",0.5099560743374395
"CGC",0.6315716782451088
"CGG",2.0299182192853324
"CGU",0.3930512368199332
"CUA",1.37427537183855
"CUC",1.206506057895927
"CUG",1.469077080483773
"CUU",4.433836590355352
"GAA",0.30428301008131703
"GAC",0.2794317366077156
"GAG",0.4660286721555011
"GAU",0.5072908104724355
"GCA",0.32583051158670356
"GCC",0.36992624148451886
"GCG",0.7441097354466264
"GCU",0.25597832780030155
"GGA",1.0270954428627692
"GGC",0.17112550562007378
"GGG",1.3611563079705844
"GGU",0.38637498438816925
"GUA",0.40477773590785826
"GUC",0.5128638960038662
"GUG",0.9972382861843772
"GUU",0.2726082335746105
"UAC",0.3697486215998359
"UAU",0.6089565014042372
"UCA",0.3730102130569939
"UCC",0.535116980262783
"UCG",2.310609967671246
"UCU",0.24555902707407978
"UGC",0.5125521220107825
"UGG",0.3045729834190619
"UGU",0.7665597202778268
"UUA",0.5198515169107268
"UUC",0.3004464812478254
"UUG",0.2125464621988926
"UUU",0.5296140868691228
