"codon","average_decoding_time"
"AAA",0.4595109243399289
"AAC",0.3267402202876946
"AAG",0.22959366811581072
"AAU",0.5591494791380238
"ACA",0.3499930328427037
"ACC",0.3818373349376509
"ACG",0.6858901929449163
"ACU",0.2296219967261488
"AGA",0.14840066711194477
"AGC",1.3943086027990905
"AGG",0.3068003990366839
"AGU",1.7474985599537032
"AUA",0.4433089923008539
"AUC",0.4709317739417439
"AUG",0.5515516029156685
"AUU",0.2791895329405747
"CAA",0.464179824196994
"CAC",0.5334810956929074
"CAG",0.6452600801735765
"CAU",0.788847050638983
"CCA",0.3167013935405537
"CCC",2.189655857874812
"CCG",0.4489703773899714
"CCU",1.7927592338257303
"CGA",0.5109205987125266
"CGC",0.6319672899342443
"CGG",2.1957704880864735
"CGU",0.3932722068725885
"CUA",1.3686382048576553
"CUC",1.2091291656686496
"CUG",1.4654333353720688
"CUU",1.2916080805072432
"GAA",0.3040917791754279
"GAC",0.2793840089286309
"GAG",0.46661959429621447
"GAU",0.5071482589524942
"GCA",0.32715955881254205
"GCC",0.3693597997062127
"GCG",0.8562189589696398
"GCU",0.22539800174474087
"GGA",1.0231524309231634
"GGC",0.17093470410458922
"GGG",0.6836303413917806
"GGU",0.3869122330607367
"GUA",0.4052664171415141
"GUC",0.5138318055233109
"GUG",0.9970834575429134
"GUU",0.28512801338779875
"UAC",0.5334666320794845
"UAU",0.7913076329536065
"UCA",0.37697597878428424
"UCC",0.5411064214821535
"UCG",0.7867990976948505
"UCU",0.31077745506520904
"UGC",0.7039465997456575
"UGG",0.35240648061861823
"UGU",0.9807448561667294
"UUA",0.5797860508244935
"UUC",0.3436883569069679
"UUG",0.26360822950651996
"UUU",0.5791241870415007
