"codon","average_decoding_time"
"AAA",0.4591520011335367
"AAC",0.3268336676742155
"AAG",0.22956551031425668
"AAU",0.5605236926590237
"ACA",0.3508215642578618
"ACC",0.3815959464851529
"ACG",0.6874476696366676
"ACU",0.22925057073403615
"AGA",0.14792038675619656
"AGC",1.3879293138399822
"AGG",0.3072285657365642
"AGU",1.7484512067954183
"AUA",0.4423875746860921
"AUC",0.47230539300001856
"AUG",0.5205525243136382
"AUU",0.2782331640619614
"CAA",0.4643973078210765
"CAC",0.5331095337726516
"CAG",0.6443096668161397
"CAU",0.7884178597391638
"CCA",0.31603483460199955
"CCC",2.1905578835363593
"CCG",0.44870233321605607
"CCU",1.7898990135795576
"CGA",0.5093144588392463
"CGC",0.6326427771581038
"CGG",2.1914682606772256
"CGU",0.3926190281550158
"CUA",1.3703261483315103
"CUC",1.2105120201140156
"CUG",1.4025665382411279
"CUU",1.2913800789237586
"GAA",0.304519222861276
"GAC",0.2790830187130572
"GAG",0.4660559833828809
"GAU",0.507271272136237
"GCA",0.3262637533754812
"GCC",0.3708881703970607
"GCG",0.8524935739677505
"GCU",0.22533376375912675
"GGA",1.0196322690626516
"GGC",0.17128546312961762
"GGG",0.6829212433597441
"GGU",0.3860759478523119
"GUA",0.4053046138323976
"GUC",0.512925225195448
"GUG",2.0747820488357007
"GUU",0.285192841663138
"UAC",0.5338743425151652
"UAU",0.7914237312199611
"UCA",0.3773292047206965
"UCC",0.5410784739303123
"UCG",0.7863946917414487
"UCU",0.310674713346656
"UGC",0.7040857837633928
"UGG",0.35394711896611813
"UGU",0.9804539521634789
"UUA",0.5783309595009145
"UUC",0.3440831114443867
"UUG",0.25239379791866845
"UUU",0.578595905630403
