"codon","average_decoding_time"
"AAA",0.3990988237323125
"AAC",0.3265965038184235
"AAG",0.20701073785679655
"AAU",0.5616107778297728
"ACA",0.33700955708181163
"ACC",0.36209049078331557
"ACG",0.567112719582439
"ACU",0.20990330403027682
"AGA",0.09812701070074109
"AGC",1.2182127854350693
"AGG",0.28662910381187484
"AGU",1.5546496012778224
"AUA",0.35109721321671844
"AUC",0.39154315665728623
"AUG",0.44317411012173136
"AUU",0.2052546721923311
"CAA",0.46394534897492395
"CAC",0.5326724591582004
"CAG",0.6456108961950192
"CAU",0.7908414661024123
"CCA",0.3431663993144719
"CCC",2.1947561462249023
"CCG",0.44999170967824725
"CCU",1.796865953868834
"CGA",0.5107596316232821
"CGC",0.6346156407943407
"CGG",2.1949389420968735
"CGU",0.392008437698403
"CUA",1.3713673861552942
"CUC",1.2089955257093417
"CUG",1.4682907237513716
"CUU",1.2891916449177172
"GAA",0.3036705735589089
"GAC",0.2803766031706795
"GAG",0.46567307673577324
"GAU",0.5068780293493416
"GCA",0.3185430418819196
"GCC",0.36881645615009545
"GCG",0.8547576256951337
"GCU",0.22611869225392978
"GGA",1.023058458428121
"GGC",0.17189262874267547
"GGG",0.6819865422993588
"GGU",0.38570059391656325
"GUA",0.4054037984178936
"GUC",0.5142600898483677
"GUG",0.9943788294359545
"GUU",0.2843486117066416
"UAC",0.5331828434777197
"UAU",0.7875001336154189
"UCA",0.37778005611843607
"UCC",0.5415389033368327
"UCG",0.7874222722075536
"UCU",0.31113921821600843
"UGC",0.7048307766966818
"UGG",0.3525891147217668
"UGU",0.9836906582033002
"UUA",0.5803018243460645
"UUC",0.34294366447899244
"UUG",0.26352725083988904
"UUU",0.576942016712115
