"codon","average_decoding_time"
"AAA",0.4608876057015286
"AAC",0.32692955009689295
"AAG",0.2298930135100523
"AAU",0.5590855193674666
"ACA",0.35106288870211333
"ACC",0.38253602754691635
"ACG",0.6870932299147504
"ACU",0.2300607915669503
"AGA",0.14812493094854126
"AGC",1.39025445948041
"AGG",0.3077244720238136
"AGU",1.743297347158949
"AUA",0.44486465458432484
"AUC",0.47187505821229947
"AUG",0.5480928840553402
"AUU",0.2772660575796753
"CAA",0.463247352030895
"CAC",0.5324320448139478
"CAG",0.6468977830824719
"CAU",0.7888789503321533
"CCA",0.31730638616793805
"CCC",2.179859588148311
"CCG",0.44937303571256487
"CCU",1.7944083578679013
"CGA",0.5093325924038743
"CGC",0.6347722108537074
"CGG",2.204114859293761
"CGU",0.3926197110861605
"CUA",1.3703673306322586
"CUC",1.2062779353882531
"CUG",1.464617685624737
"CUU",1.2869637541556496
"GAA",0.30536863367246103
"GAC",0.2806047172181775
"GAG",0.4655861239339452
"GAU",0.50746546992885
"GCA",0.32628797615480376
"GCC",0.3698442456142364
"GCG",0.8529749627732921
"GCU",0.22591239528852694
"GGA",1.0211377298622506
"GGC",0.1713507674230936
"GGG",0.6849409966427302
"GGU",0.3875720419304446
"GUA",0.40572322430457824
"GUC",0.5136386091251625
"GUG",0.9940424042442866
"GUU",0.2858547783271077
"UAC",0.5352785198520003
"UAU",0.7876973267831769
"UCA",0.37702919576175614
"UCC",0.5409336505620007
"UCG",0.7876620395092978
"UCU",0.3111671536632398
"UGC",0.7076306929270705
"UGG",0.3549883076970967
"UGU",0.9781191821311498
"UUA",0.5789362373984285
"UUC",0.34327591822107717
"UUG",0.26400151010565204
"UUU",0.5765486351033052
