"codon","average_decoding_time"
"AAA",0.4584679322552428
"AAC",0.3269071020885184
"AAG",0.23042091193335834
"AAU",0.5608571909055603
"ACA",0.3507008309259238
"ACC",0.3830406025819577
"ACG",0.6874626406601122
"ACU",0.22898917379557276
"AGA",0.1481051116914519
"AGC",1.3980164503819796
"AGG",0.30724438207809374
"AGU",1.7445273111394881
"AUA",0.4439905462395129
"AUC",0.47030817984682916
"AUG",0.5519383057891938
"AUU",0.2783078492174801
"CAA",0.4656838759151932
"CAC",0.5349894219949932
"CAG",0.6469053672995576
"CAU",0.7889644054882368
"CCA",0.3161747952316746
"CCC",2.1879460960199535
"CCG",0.4506328129303312
"CCU",1.7937346388976692
"CGA",0.5097773032620566
"CGC",0.6326615483552803
"CGG",2.189259282373582
"CGU",0.3932120228417749
"CUA",1.3715820826578837
"CUC",1.209095559428302
"CUG",1.4610415230294969
"CUU",1.291509380857727
"GAA",0.30384494914713867
"GAC",0.27887787080024623
"GAG",0.4655960632469068
"GAU",0.5082410801415732
"GCA",0.3265906676153626
"GCC",0.3686346056947094
"GCG",0.8544589112389045
"GCU",0.22602986733987773
"GGA",1.0255108965311717
"GGC",0.17128978628640662
"GGG",0.6821611697169627
"GGU",0.38613500690752534
"GUA",0.405214646333859
"GUC",0.5122119641691298
"GUG",0.9944271431800764
"GUU",0.284965919110227
"UAC",0.5334672297520167
"UAU",0.790091891046995
"UCA",0.37733486491110235
"UCC",0.5405680492049614
"UCG",0.7891927244592991
"UCU",0.30983489790812546
"UGC",0.7068842532008532
"UGG",0.3529566035001827
"UGU",0.9809356492824812
"UUA",0.5800146560969534
"UUC",0.3425562686767645
"UUG",0.3264513606919195
"UUU",0.5765751477387018
