"codon","average_decoding_time"
"AAA",0.45874350126382274
"AAC",0.32699644839469316
"AAG",0.22917129829064117
"AAU",0.5603524638445214
"ACA",0.35055471914000635
"ACC",0.38189233851976306
"ACG",0.6869514760776393
"ACU",0.22439652176736363
"AGA",0.148390471722611
"AGC",1.3928907541081326
"AGG",0.3073834280070567
"AGU",1.7435714795020218
"AUA",0.4440484281106161
"AUC",0.47252434288981654
"AUG",0.5509950494493815
"AUU",0.26508232353724825
"CAA",0.4641154563517039
"CAC",0.5340046401755262
"CAG",0.6458679901717815
"CAU",0.7922618693595073
"CCA",0.3175648910685833
"CCC",2.192636681967466
"CCG",0.44844458712489693
"CCU",1.6274400131404336
"CGA",0.5107790868204988
"CGC",0.6337667929418781
"CGG",2.1931368361488772
"CGU",0.39302908108748513
"CUA",1.370379424275951
"CUC",1.2035898010855188
"CUG",1.465033000144285
"CUU",4.441234340251994
"GAA",0.30377277982952683
"GAC",0.27942630421468023
"GAG",0.4655415427710825
"GAU",0.5067166279550104
"GCA",0.3260335727400223
"GCC",0.36976056403909946
"GCG",0.8527700013660147
"GCU",0.2556112162394897
"GGA",1.0223567359328394
"GGC",0.17113530803339277
"GGG",0.6831552878356254
"GGU",0.38614574956367836
"GUA",0.40548842737328433
"GUC",0.5132153029427536
"GUG",0.997179963113801
"GUU",0.27265669833946204
"UAC",0.36917975235914746
"UAU",0.6088727449061301
"UCA",0.37290969775494326
"UCC",0.5368219774395231
"UCG",0.6462637326166587
"UCU",0.24553310282579185
"UGC",0.5130709395319717
"UGG",0.33334918160199933
"UGU",0.7693865344453131
"UUA",0.5196115748061361
"UUC",0.2988854773166479
"UUG",0.21223892732134278
"UUU",0.5285380288442453
