"codon","average_decoding_time"
"AAA",0.4004912520751029
"AAC",0.32673751823030184
"AAG",0.20704435972492316
"AAU",0.5586521332060566
"ACA",0.3381269873981678
"ACC",0.36174327642013115
"ACG",0.5680295678143367
"ACU",0.20978909418052236
"AGA",0.09820725919974166
"AGC",1.2261957458527661
"AGG",0.2866841300568979
"AGU",1.554868563846598
"AUA",0.35210440492118056
"AUC",0.3916529501380425
"AUG",0.41398153296917406
"AUU",0.20504800410331164
"CAA",0.4631437026919763
"CAC",0.5341633651906121
"CAG",0.6450852388946795
"CAU",0.7895231568298289
"CCA",0.3447911631949428
"CCC",2.1922902095062877
"CCG",0.44786575545523016
"CCU",1.7938135033706744
"CGA",0.5114922367269519
"CGC",0.6342393605407896
"CGG",2.198165844038185
"CGU",0.3936279117839723
"CUA",1.3659950219414838
"CUC",1.20872960871944
"CUG",1.4026223855336823
"CUU",1.2888212711006084
"GAA",0.30484828273654135
"GAC",0.28053891389941604
"GAG",0.4642685577766768
"GAU",0.5074284165766996
"GCA",0.31816519061158244
"GCC",0.3697984067637893
"GCG",0.8531891324258948
"GCU",0.226135598161246
"GGA",1.0249293968854984
"GGC",0.17151385386383478
"GGG",0.681638303154326
"GGU",0.3868565459643274
"GUA",0.40514367444208066
"GUC",0.5134571616782271
"GUG",2.0757796054393145
"GUU",0.28551958329789173
"UAC",0.5334560677167178
"UAU",0.790556512872467
"UCA",0.37749404426889205
"UCC",0.5429008749465588
"UCG",0.7878614383797868
"UCU",0.3102080439310317
"UGC",0.7057341846358153
"UGG",0.35430955679357806
"UGU",0.979856427521453
"UUA",0.5779936123735177
"UUC",0.3435839267312822
"UUG",0.25293661729047584
"UUU",0.5773855148614125
