"codon","average_decoding_time"
"AAA",0.39931503695779214
"AAC",0.3277102138006543
"AAG",0.2077672310060017
"AAU",0.5597175203974161
"ACA",0.33839924309640396
"ACC",0.36140298802533555
"ACG",0.5688600599032456
"ACU",0.21076665955452575
"AGA",0.09840508900168486
"AGC",1.2250465131469548
"AGG",0.287092560657891
"AGU",1.5540834140719917
"AUA",0.3523091653621873
"AUC",0.3903616672285281
"AUG",0.44165771367878476
"AUU",0.2050997885503181
"CAA",0.46342328526893173
"CAC",0.5340529019663042
"CAG",0.6455109175697654
"CAU",0.7895891157130289
"CCA",0.3438656233110255
"CCC",2.1920860263022917
"CCG",0.44973313264082004
"CCU",1.794470522737006
"CGA",0.5101382875285976
"CGC",0.6323154062887094
"CGG",2.200872298301359
"CGU",0.39261360274580653
"CUA",1.3713469257421236
"CUC",1.2065311959581035
"CUG",1.466931416586017
"CUU",1.2909279975864612
"GAA",0.3031822387644626
"GAC",0.2785588058477158
"GAG",0.4659909827317252
"GAU",0.5065558164265943
"GCA",0.3195984466891538
"GCC",0.3695561362399512
"GCG",0.8532554479153656
"GCU",0.22579464038127528
"GGA",1.024179788585258
"GGC",0.17083648003203336
"GGG",0.6826838118294654
"GGU",0.38667621500926824
"GUA",0.405822090487496
"GUC",0.5138474258375834
"GUG",0.9962527798560229
"GUU",0.2845816448926587
"UAC",0.5322724704017757
"UAU",0.7890032470820285
"UCA",0.3776645198789188
"UCC",0.5425556751519928
"UCG",0.7897475577402864
"UCU",0.31102876302058574
"UGC",0.7029052900614323
"UGG",0.354158255387116
"UGU",0.9796632668962657
"UUA",0.5816323444339556
"UUC",0.34372089931159566
"UUG",0.26409280648036393
"UUU",0.5779068101387986
