"codon","average_decoding_time"
"AAA",0.45917999905530615
"AAC",0.32573279485896034
"AAG",0.22973312212076813
"AAU",0.5601927718427524
"ACA",0.35001670270912716
"ACC",0.3829541082640432
"ACG",0.6875466211248477
"ACU",0.23013986635872546
"AGA",0.14821227680369442
"AGC",1.3899989672511688
"AGG",0.3076187614116775
"AGU",1.746965683173196
"AUA",0.4444288670661607
"AUC",0.47171274727545565
"AUG",0.5513219581338029
"AUU",0.2791678730100233
"CAA",0.46316916805646924
"CAC",0.5325118618641371
"CAG",0.6454526924834172
"CAU",0.7877492578477105
"CCA",0.31696775912508884
"CCC",2.184373830073892
"CCG",0.4488443869878443
"CCU",1.7934152710416413
"CGA",0.5100943312310768
"CGC",0.6324797900485648
"CGG",2.193869383654617
"CGU",0.3929921194267437
"CUA",1.3656756448520457
"CUC",1.2060250564768802
"CUG",1.4662775434069149
"CUU",1.2900731085956205
"GAA",0.30350502924657047
"GAC",0.28041638330512475
"GAG",0.4660480065413163
"GAU",0.507074311670784
"GCA",0.3257749679132165
"GCC",0.3695949806536916
"GCG",0.8529898132463886
"GCU",0.22566828511110706
"GGA",1.0239342801909437
"GGC",0.1708132778834802
"GGG",0.6827108749397317
"GGU",0.386333145783077
"GUA",0.40505195652800796
"GUC",0.5134473614692919
"GUG",0.9939187919328377
"GUU",0.28568065270562265
"UAC",0.5312045106270565
"UAU",0.7896186554896574
"UCA",0.37653578367302837
"UCC",0.541281549092044
"UCG",0.7900572789732822
"UCU",0.31077550968044143
"UGC",0.7059409434363066
"UGG",0.3530051643308917
"UGU",0.9818970430829219
"UUA",0.5788992716242062
"UUC",0.34287692979326184
"UUG",0.2645271817891047
"UUU",0.5776116289219952
