"codon","average_decoding_time"
"AAA",0.3997580854847468
"AAC",0.3269788982105561
"AAG",0.20788358526174727
"AAU",0.5596775371220551
"ACA",0.33762304769843654
"ACC",0.36124916423796605
"ACG",0.5688312858425392
"ACU",0.21017188781226945
"AGA",0.09785431315776287
"AGC",1.2263781597085122
"AGG",0.2870235722653893
"AGU",1.5538347879633436
"AUA",0.3526747939638462
"AUC",0.3913467846366794
"AUG",0.41294349549946285
"AUU",0.2049053389850061
"CAA",0.4660584907794078
"CAC",0.5312576799731394
"CAG",0.6443895073845902
"CAU",0.7908366587865447
"CCA",0.3454330908463133
"CCC",2.1905009128334076
"CCG",0.44962859714935793
"CCU",1.7894288815263613
"CGA",0.5111113612639857
"CGC",0.6321793096509798
"CGG",2.1998727403602425
"CGU",0.39224022020728505
"CUA",1.3705334704634713
"CUC",1.2043490893843118
"CUG",1.3995738155562956
"CUU",1.2884045035253502
"GAA",0.30392496254883744
"GAC",0.2795195144856895
"GAG",0.4662696595697844
"GAU",0.5066846996945819
"GCA",0.31856220662822043
"GCC",0.3698913856962183
"GCG",0.8561327698049943
"GCU",0.22630443600423497
"GGA",1.0230129812346027
"GGC",0.17082039003850535
"GGG",0.6833085344968365
"GGU",0.38672225065213645
"GUA",0.4053019662040796
"GUC",0.5133230306810769
"GUG",2.0769120114049358
"GUU",0.2839459328314426
"UAC",0.5338838423502096
"UAU",0.7896994279282574
"UCA",0.3770444010091292
"UCC",0.5408720318714749
"UCG",0.7903596971531264
"UCU",0.3100360907666885
"UGC",0.7034284759339035
"UGG",0.352763266724267
"UGU",0.9802218985719988
"UUA",0.5774049465441409
"UUC",0.34333873932589826
"UUG",0.25347429548269507
"UUU",0.5772060312497154
