"codon","average_decoding_time"
"AAA",0.39964380953998896
"AAC",0.3276345621596487
"AAG",0.2077596366951101
"AAU",0.5596062779406774
"ACA",0.3377585837147225
"ACC",0.36102946998369
"ACG",0.5480167023076407
"ACU",0.21063159139349516
"AGA",0.09793395995349408
"AGC",1.2222315101353558
"AGG",0.2865432169080544
"AGU",1.5513874571622097
"AUA",0.35180140693919887
"AUC",0.3916880742974662
"AUG",0.44262502815193266
"AUU",0.2049926403185747
"CAA",0.4631929263869988
"CAC",0.5343328422821622
"CAG",0.6454083792890952
"CAU",0.7892648390279337
"CCA",0.3443674935828249
"CCC",2.194378806907851
"CCG",0.5061359959325475
"CCU",1.793165319348529
"CGA",0.5088759755110197
"CGC",0.6335346196751379
"CGG",2.194302582101138
"CGU",0.39240260300894103
"CUA",1.3720506481890895
"CUC",1.206143958614125
"CUG",1.4662650332041658
"CUU",1.292620353062479
"GAA",0.27244009738764724
"GAC",0.2794162267469373
"GAG",0.43430668904327285
"GAU",0.5076995422673173
"GCA",0.3153862082807216
"GCC",0.3490506879167107
"GCG",0.7110040479520082
"GCU",0.20699579746904265
"GGA",0.8261324074617811
"GGC",0.14933047128329854
"GGG",0.6323718887718458
"GGU",0.36139304685853596
"GUA",0.32458248545542245
"GUC",0.43234781004981887
"GUG",0.8614265446749975
"GUU",0.213173068156943
"UAC",0.5345323143706658
"UAU",0.7895123450971289
"UCA",0.37629502890295946
"UCC",0.5407676197732965
"UCG",0.789582831478173
"UCU",0.3109763598136703
"UGC",0.7062209892940673
"UGG",0.3526493308973686
"UGU",0.9813765858179289
"UUA",0.5801059648667191
"UUC",0.3437609823177186
"UUG",0.26390121348863915
"UUU",0.5788856503204742
