"codon","average_decoding_time"
"AAA",0.39925858425615884
"AAC",0.3264334288690183
"AAG",0.20742873643729787
"AAU",0.5604511084924073
"ACA",0.338098393971264
"ACC",0.36164355065698345
"ACG",0.5679125287334537
"ACU",0.2104604539375974
"AGA",0.09810159787309601
"AGC",1.2168852259415976
"AGG",0.2862993391524305
"AGU",1.5559880372480246
"AUA",0.3515722544139053
"AUC",0.3907830586360768
"AUG",0.44213725822332034
"AUU",0.20507918856119564
"CAA",0.4670385770017873
"CAC",0.5328769826887115
"CAG",0.6457890329509782
"CAU",0.7881515901061202
"CCA",0.34353814140464134
"CCC",2.1906732387375927
"CCG",0.4504686393024685
"CCU",1.7982803503568283
"CGA",0.5099630602384079
"CGC",0.6337577870271353
"CGG",2.201173979759118
"CGU",0.39330934016235103
"CUA",1.3719637372699207
"CUC",1.2069963115907667
"CUG",1.4685482094329891
"CUU",1.2890127946058825
"GAA",0.3040903761012536
"GAC",0.2788087045727625
"GAG",0.46535370109092455
"GAU",0.5083768517888417
"GCA",0.31809773947418474
"GCC",0.36902513164920303
"GCG",0.8531403619325051
"GCU",0.22633332841764936
"GGA",1.022978580663942
"GGC",0.17096938752030286
"GGG",0.6825772313728192
"GGU",0.38654539337561594
"GUA",0.4047606345120834
"GUC",0.513431112844036
"GUG",0.9946608930316373
"GUU",0.28563347179751686
"UAC",0.5333524513664684
"UAU",0.7906150687000121
"UCA",0.3780365912323005
"UCC",0.5426368051701272
"UCG",0.7889159978463552
"UCU",0.3118618594679521
"UGC",0.7043884423976379
"UGG",0.35368139654883357
"UGU",0.9787254580256348
"UUA",0.5774546897936716
"UUC",0.34363986325492096
"UUG",0.26362229626587097
"UUU",0.578475822363581
