"codon","average_decoding_time"
"AAA",0.4585064947180624
"AAC",0.32699069221304367
"AAG",0.23079418320135714
"AAU",0.5604952675569588
"ACA",0.34977397213888806
"ACC",0.38165804455321634
"ACG",0.6864989178486798
"ACU",0.22937327770306729
"AGA",0.14830986973190222
"AGC",1.394323920517451
"AGG",0.30688255623026006
"AGU",1.747198034525271
"AUA",0.4450059599182935
"AUC",0.47202789329506517
"AUG",0.5229226886119231
"AUU",0.2786952706807131
"CAA",0.4649135520852745
"CAC",0.5339833834873291
"CAG",0.6453946146435195
"CAU",0.7905706423073814
"CCA",0.31702893026296436
"CCC",2.190348325146519
"CCG",0.4500143183425911
"CCU",1.788195830820768
"CGA",0.5096231740867483
"CGC",0.6321655373048296
"CGG",2.200677025670902
"CGU",0.3940900963721851
"CUA",1.3741693744844214
"CUC",1.2067133608725604
"CUG",1.3987485163488516
"CUU",1.2902625619756911
"GAA",0.3046023470265841
"GAC",0.27898520744227084
"GAG",0.46351485696272576
"GAU",0.5069765590540921
"GCA",0.32648573558954763
"GCC",0.36902519193903965
"GCG",0.8537257249282026
"GCU",0.22564676517766513
"GGA",1.0247217036723784
"GGC",0.17129995488367536
"GGG",0.6806322271571499
"GGU",0.3858753295457753
"GUA",0.4049970598572774
"GUC",0.5125628487877103
"GUG",2.074170977467234
"GUU",0.28504203653182186
"UAC",0.532855782324505
"UAU",0.7914368460698109
"UCA",0.376670014591768
"UCC",0.5404614097812441
"UCG",0.7876309851290185
"UCU",0.31057078686331796
"UGC",0.704088991734019
"UGG",0.3528966351435148
"UGU",0.9778723845023022
"UUA",0.5781420300012315
"UUC",0.3430761909945082
"UUG",0.2528877565417798
"UUU",0.5768529356978733
