"codon","average_decoding_time"
"AAA",0.4588915070466701
"AAC",0.3260098053452345
"AAG",0.16110217103967014
"AAU",0.5599565419586948
"ACA",0.3495313992419665
"ACC",0.3831367662253455
"ACG",0.6860951299292869
"ACU",0.22952399141002233
"AGA",0.1483879021248208
"AGC",1.3878475482542083
"AGG",0.3065107667602689
"AGU",1.7482065591322122
"AUA",0.44392900214111686
"AUC",0.4714133370083579
"AUG",0.5513129012295104
"AUU",0.2783160586275245
"CAA",0.4657784825836844
"CAC",0.5328025325805645
"CAG",3.468972682620664
"CAU",0.7913647362600342
"CCA",0.31753613259176555
"CCC",2.189356590193193
"CCG",0.44911411429550885
"CCU",1.7980879404638666
"CGA",0.5106135065839298
"CGC",0.6322113950369513
"CGG",2.1905486285274725
"CGU",0.39189528962200404
"CUA",1.366822018192518
"CUC",1.2057222562248804
"CUG",1.4632514559439171
"CUU",1.2884675005655977
"GAA",0.3034715733536143
"GAC",0.2792264554039712
"GAG",2.1635112658064433
"GAU",0.5065279521714576
"GCA",0.32658955002001694
"GCC",0.3685058072003942
"GCG",0.8516201133411685
"GCU",0.2258308490067772
"GGA",1.0249038001938549
"GGC",0.17181553659585072
"GGG",0.6827951718836255
"GGU",0.38664532290436815
"GUA",0.40492762240720315
"GUC",0.5127147305822918
"GUG",0.9985413755220726
"GUU",0.28451731796099633
"UAC",0.53436378598129
"UAU",0.788738404700083
"UCA",0.3786197338133816
"UCC",0.5407218072438383
"UCG",0.7878916974272336
"UCU",0.3102913228742042
"UGC",0.7050166472509969
"UGG",0.3532296191721814
"UGU",0.9810952074840166
"UUA",0.5795326304326712
"UUC",0.3437383312705174
"UUG",0.2636062039036631
"UUU",0.5769064918682434
