"codon","average_decoding_time"
"AAA",0.46033594198862604
"AAC",0.3271854390805209
"AAG",0.2300846014088959
"AAU",0.5603732858347352
"ACA",0.34986617244413387
"ACC",0.38153031165246953
"ACG",0.6883841761656089
"ACU",0.23007888199571724
"AGA",0.14819566677368887
"AGC",1.3881827777410434
"AGG",0.30752696507027616
"AGU",1.7489583402643885
"AUA",0.44416606871424513
"AUC",0.4715678128414319
"AUG",0.5500141844253115
"AUU",0.2773852804942928
"CAA",0.4635927469731843
"CAC",0.5312633156549413
"CAG",0.6429568631658779
"CAU",0.7902693773686607
"CCA",0.3158170437233536
"CCC",2.189301736062899
"CCG",0.44950963497053037
"CCU",1.7920182928776291
"CGA",0.5102030991002097
"CGC",0.633223550475936
"CGG",2.203130385946864
"CGU",0.3932964884484185
"CUA",1.3689044836933861
"CUC",1.2084790055076144
"CUG",1.4683699893158393
"CUU",1.2931024581420811
"GAA",0.30367019325202793
"GAC",0.28008197373927457
"GAG",0.46464735814816793
"GAU",0.5073916023417915
"GCA",0.3256709862783663
"GCC",0.36943824676327
"GCG",0.8535332821257925
"GCU",0.2248781453289284
"GGA",1.0253502021503058
"GGC",0.1709262290925575
"GGG",0.682838148818025
"GGU",0.38691728284723625
"GUA",0.40542375923507323
"GUC",0.513636604837062
"GUG",0.9958583259243348
"GUU",0.2853369138585156
"UAC",0.5317944204687611
"UAU",0.7888768610789013
"UCA",0.37829835092702624
"UCC",0.5425138845400533
"UCG",0.7868401062348859
"UCU",0.31047616348988555
"UGC",0.7024565638137175
"UGG",0.3532641493102934
"UGU",0.9811267119784366
"UUA",0.5790300460210638
"UUC",0.34268992166499024
"UUG",0.26343439469094326
"UUU",0.577250670495245
