"codon","average_decoding_time"
"AAA",0.45846270976643333
"AAC",0.32661957392582397
"AAG",0.2302158372940762
"AAU",0.5593248797208308
"ACA",0.34968420833854164
"ACC",0.3826686539912983
"ACG",0.57965006503722
"ACU",0.22942172760848073
"AGA",0.14838316035136873
"AGC",1.3939277489133355
"AGG",0.2912719710811327
"AGU",1.7473733169956411
"AUA",0.44275064064504016
"AUC",0.47286541394464265
"AUG",0.5535598496898
"AUU",0.278569648159826
"CAA",0.4647875938740428
"CAC",0.5340359868607369
"CAG",0.6450934414069974
"CAU",0.7880918360448701
"CCA",0.3176713116079537
"CCC",2.185503136320731
"CCG",1.8414275136567113
"CCU",1.7976848792514573
"CGA",0.5100862875436178
"CGC",0.6330935902872015
"CGG",2.0313516990782303
"CGU",0.39355331739389876
"CUA",1.3692112132940863
"CUC",1.2081002269793366
"CUG",1.4627652033439145
"CUU",1.2917495298320003
"GAA",0.30513368569172294
"GAC",0.2798948156475116
"GAG",0.46506656630539983
"GAU",0.5065473287260347
"GCA",0.3265644109882061
"GCC",0.369178539348298
"GCG",0.7449649182010285
"GCU",0.22625717706869905
"GGA",1.0232714748128215
"GGC",0.17147252662782975
"GGG",1.3623437372119704
"GGU",0.3863859533988628
"GUA",0.405807901362283
"GUC",0.5118320466435345
"GUG",0.9957038718593101
"GUU",0.28563188592580013
"UAC",0.5317744359101848
"UAU",0.7903823787476268
"UCA",0.3772871922336775
"UCC",0.5419890162471134
"UCG",2.913603379369622
"UCU",0.3086285893020759
"UGC",0.703462117104097
"UGG",0.3234169787326061
"UGU",0.9802397045726108
"UUA",0.5785641501419723
"UUC",0.34311592796517143
"UUG",0.26381623869444176
"UUU",0.5778792914928361
