"codon","average_decoding_time"
"AAA",0.4582521614301466
"AAC",0.3278082626320202
"AAG",0.22973181034780568
"AAU",0.5585038961669844
"ACA",0.3495873049639871
"ACC",0.3819651960525197
"ACG",0.6876352814011306
"ACU",0.22382570335416319
"AGA",0.14813531266001584
"AGC",1.3970420516933748
"AGG",0.30762645641679015
"AGU",1.7442253829972172
"AUA",0.4454166970277815
"AUC",0.4724464993026649
"AUG",0.5522442617023046
"AUU",0.26509136025709146
"CAA",0.46426408595972396
"CAC",0.5345211817613641
"CAG",0.6452453308478424
"CAU",0.7893097247783616
"CCA",0.31667092675311004
"CCC",2.1850789467273697
"CCG",0.44928703888582056
"CCU",1.6222749463743373
"CGA",0.5097403079742895
"CGC",0.6332284713835384
"CGG",2.2017091463457894
"CGU",0.3933462684441068
"CUA",1.3675328315749646
"CUC",1.2006165985193873
"CUG",1.462725686272059
"CUU",4.434253329667331
"GAA",0.30338623055002284
"GAC",0.2806559141091429
"GAG",0.46558803855885045
"GAU",0.507698909751866
"GCA",0.3257598029568073
"GCC",0.3689354344345391
"GCG",0.8553927763740199
"GCU",0.2566204981593492
"GGA",1.0247719562690731
"GGC",0.1711357422615992
"GGG",0.6851386278537734
"GGU",0.38699383924902897
"GUA",0.4051727174876875
"GUC",0.5136923029786976
"GUG",0.9978079642030544
"GUU",0.2723079902638039
"UAC",0.3701353380835142
"UAU",0.6091214896810438
"UCA",0.37270735867281524
"UCC",0.5361712070850203
"UCG",0.645846490433759
"UCU",0.24526744628337818
"UGC",0.511288233852878
"UGG",0.333006337789219
"UGU",0.7674520668253189
"UUA",0.5184069682611241
"UUC",0.2988880417132084
"UUG",0.21250960689453632
"UUU",0.5297260870164878
