"codon","average_decoding_time"
"AAA",0.45722061399072816
"AAC",0.3266037519863414
"AAG",0.22990551821663796
"AAU",0.5602677437982987
"ACA",0.35009189525786144
"ACC",0.3838144026368016
"ACG",0.6869458875075971
"ACU",0.22916573304429733
"AGA",0.14847752052748925
"AGC",1.3947506636355098
"AGG",0.3067806754011637
"AGU",1.7479347801820868
"AUA",0.4444313724504257
"AUC",0.4710876378653577
"AUG",0.5505608613355667
"AUU",0.27841202996806486
"CAA",0.46419413108448215
"CAC",0.5342873636001357
"CAG",0.6448590761548114
"CAU",0.7906528605040365
"CCA",0.31703056597876367
"CCC",2.189965475600247
"CCG",0.4491585204815394
"CCU",1.7963353448085022
"CGA",0.5114702234562524
"CGC",0.6322842014380463
"CGG",2.196776005798099
"CGU",0.3935820002979579
"CUA",1.3729222006441224
"CUC",1.2053046979301951
"CUG",1.467015351412663
"CUU",1.2895970478245748
"GAA",0.30349519736361585
"GAC",0.278781758615976
"GAG",0.4657566297793499
"GAU",0.5075454422116288
"GCA",0.32633422637615556
"GCC",0.3695828242977158
"GCG",0.8524300057472993
"GCU",0.2260662995238123
"GGA",1.022757619642613
"GGC",0.17135916777503768
"GGG",0.6822375016691937
"GGU",0.3869340189321937
"GUA",0.40397661184476824
"GUC",0.5136303053743018
"GUG",0.9978587083552252
"GUU",0.28364758488408714
"UAC",0.5332336805625427
"UAU",0.7901865306386516
"UCA",0.37670014693460296
"UCC",0.5407281537190382
"UCG",0.7895072903407048
"UCU",0.31109653035584467
"UGC",0.7052262191031752
"UGG",0.35218522314151507
"UGU",0.9827226637316664
"UUA",0.577846089107214
"UUC",0.342097701300277
"UUG",0.3248778349940763
"UUU",0.5772131489594265
