"codon","average_decoding_time"
"AAA",0.4009027685991579
"AAC",0.3269752372103189
"AAG",0.1273234790651332
"AAU",0.5603001493350295
"ACA",0.3379568870518646
"ACC",0.36128638109578676
"ACG",0.569138111088519
"ACU",0.21084657381090333
"AGA",0.09805369931503653
"AGC",1.218765022026816
"AGG",0.2865881023379419
"AGU",1.5520291469560006
"AUA",0.35228735235089464
"AUC",0.3910392296432572
"AUG",0.4430222642112768
"AUU",0.20542840699686551
"CAA",0.4643958043810304
"CAC",0.5336916648813473
"CAG",3.4514116027867043
"CAU",0.7887416895612395
"CCA",0.3423845237053244
"CCC",2.1868244137124346
"CCG",0.44896988130242765
"CCU",1.7963319068740449
"CGA",0.5089241983150143
"CGC",0.6330513472722958
"CGG",2.2047761528792704
"CGU",0.3931587397797128
"CUA",1.3723055711869196
"CUC",1.2045916990753243
"CUG",1.4650632886250672
"CUU",1.290678452499469
"GAA",0.30468206465414266
"GAC",0.2786811464175568
"GAG",2.1580646154353276
"GAU",0.5060794695763602
"GCA",0.3189873392437692
"GCC",0.3693937953388655
"GCG",0.8535122559326009
"GCU",0.22649663925799804
"GGA",1.0218422705516161
"GGC",0.1711271073735908
"GGG",0.6818426574858681
"GGU",0.38709331904910194
"GUA",0.406041432630677
"GUC",0.5138098320465886
"GUG",0.9966232812882366
"GUU",0.285816092472651
"UAC",0.5327298651725578
"UAU",0.7923738563857328
"UCA",0.3777909948144121
"UCC",0.5417407574298322
"UCG",0.7881531812949439
"UCU",0.3113870397487048
"UGC",0.7042605018857421
"UGG",0.35360288624407044
"UGU",0.980510096213844
"UUA",0.5792214084714202
"UUC",0.3438884232522069
"UUG",0.26336965163499776
"UUU",0.5783388902392409
