"codon","average_decoding_time"
"AAA",0.3994533034162593
"AAC",0.32635916228953
"AAG",0.20765491976560962
"AAU",0.5591757967755421
"ACA",0.3377640624197416
"ACC",0.36121875399310266
"ACG",0.5684789282549452
"ACU",0.21072068617053166
"AGA",0.09832725658809828
"AGC",1.2228087089344626
"AGG",0.28691691755690807
"AGU",1.5556407851385634
"AUA",0.3521137292721427
"AUC",0.3919179051330065
"AUG",0.4411132729433161
"AUU",0.20507257057084943
"CAA",0.4631312968256673
"CAC",0.5337823236033242
"CAG",0.645124589165695
"CAU",0.7907330181108467
"CCA",0.34436796868935254
"CCC",2.188652428139756
"CCG",0.44922698135998645
"CCU",1.7939600247437806
"CGA",0.510081787314316
"CGC",0.6337939221907342
"CGG",2.1996811456920478
"CGU",0.3936350754735421
"CUA",1.373581330757552
"CUC",1.2063425938144916
"CUG",1.4678470407899986
"CUU",1.2875688522674664
"GAA",0.3036827144394149
"GAC",0.27919207605730356
"GAG",0.4644364689099007
"GAU",0.5066313707394652
"GCA",0.3170734428566877
"GCC",0.3696311475772204
"GCG",0.8528794849779221
"GCU",0.2260459003771211
"GGA",1.024159999132766
"GGC",0.17118583214342162
"GGG",0.6825024508198899
"GGU",0.3869889553525706
"GUA",0.40588365342211263
"GUC",0.5137124138844161
"GUG",0.9992141325234686
"GUU",0.2847993132176145
"UAC",0.5321986025677481
"UAU",0.7896829077916728
"UCA",0.37786791247627
"UCC",0.5419325522925947
"UCG",0.7887309978193534
"UCU",0.3104338999392709
"UGC",0.7042515242040119
"UGG",0.3526223679248545
"UGU",0.9807466151078509
"UUA",0.5772946158077404
"UUC",0.34289014904939136
"UUG",0.26426878533110815
"UUU",0.5776876828005507
