"codon","average_decoding_time"
"AAA",0.3989167621668281
"AAC",0.32602204168841864
"AAG",0.20740261970232657
"AAU",0.5602569887415442
"ACA",0.3371946622598142
"ACC",0.41462092739140977
"ACG",0.5672412488135451
"ACU",0.21039822038262435
"AGA",0.09816618257939808
"AGC",1.2204744579126654
"AGG",0.2872612320910802
"AGU",1.554384169450909
"AUA",0.3522287451787381
"AUC",0.3779552057897785
"AUG",0.44291043563614685
"AUU",0.20512448776781317
"CAA",0.29797368002226443
"CAC",0.3699668976250788
"CAG",0.5719425655866358
"CAU",0.608292085836238
"CCA",0.3395737322656971
"CCC",1.810008934516244
"CCG",0.3883272469189465
"CCU",1.7601842556084308
"CGA",0.4807805989033854
"CGC",0.5106078840283549
"CGG",2.085103125550804
"CGU",0.282203472695824
"CUA",1.2383373629379182
"CUC",3.405508456696516
"CUG",1.1626309470005614
"CUU",1.1596514298700205
"GAA",0.3041468552535046
"GAC",0.27979008581766895
"GAG",0.4657843340208336
"GAU",0.5075228787317662
"GCA",0.31884029444891315
"GCC",0.4809034583479101
"GCG",0.8532532561963395
"GCU",0.22599940247067227
"GGA",1.0196197850976259
"GGC",0.171403080959634
"GGG",0.6831442556165186
"GGU",0.3862463388582156
"GUA",0.4050285126787352
"GUC",0.49948527826214967
"GUG",0.9972833744950236
"GUU",0.28563684812907064
"UAC",0.53408615340106
"UAU",0.7897685184324055
"UCA",0.3773205606429699
"UCC",0.5055007340003025
"UCG",0.7892488382039925
"UCU",0.31149268903289357
"UGC",0.7031834606467758
"UGG",0.3533279440365539
"UGU",0.9810051060198667
"UUA",0.5790860926986717
"UUC",0.34225110223656513
"UUG",0.26275151033403626
"UUU",0.5786097152094788
