"codon","average_decoding_time"
"AAA",0.45944399041583983
"AAC",0.3269978929553879
"AAG",0.22979103919306829
"AAU",0.5588883869413739
"ACA",0.3498432332938588
"ACC",0.3819862405844386
"ACG",0.6871683263429966
"ACU",0.2293323496005829
"AGA",0.14758838943660582
"AGC",1.3964255628907227
"AGG",0.30738121990803996
"AGU",1.7543769570082663
"AUA",0.4438130592793033
"AUC",0.4726531913649119
"AUG",0.5516672445576395
"AUU",0.27820892694966465
"CAA",0.46602723622146947
"CAC",0.5338569879388168
"CAG",0.6426636789358184
"CAU",0.7886455857541622
"CCA",0.3171031954651819
"CCC",2.1912070603343587
"CCG",0.44819233686012466
"CCU",1.792458073373121
"CGA",0.510756797277408
"CGC",0.6342627970771633
"CGG",2.1977014949084253
"CGU",0.39278165584771174
"CUA",1.3692980040924017
"CUC",1.2051482472456527
"CUG",1.4660045828924533
"CUU",1.2916548072952052
"GAA",0.3032049264991271
"GAC",0.2800322718109757
"GAG",0.4649273905373029
"GAU",0.5075869194699988
"GCA",0.3269359652769939
"GCC",0.36938798207992907
"GCG",0.8559278599681573
"GCU",0.22621344207200594
"GGA",1.0254860329312883
"GGC",0.17136093115915915
"GGG",0.6834990961294103
"GGU",0.38736967860052246
"GUA",0.4052360925805566
"GUC",0.5117849525468895
"GUG",0.9964633398672874
"GUU",0.2857312882942396
"UAC",0.5330661986818793
"UAU",0.7900996517183063
"UCA",0.3775635265821086
"UCC",0.5402188075690673
"UCG",0.7866439228850163
"UCU",0.3106785585554269
"UGC",0.7049098925186313
"UGG",0.3532299704178951
"UGU",0.9785842342360319
"UUA",0.5781978549608184
"UUC",0.34309017661938374
"UUG",0.2645947885623119
"UUU",0.5783409225792807
