"codon","average_decoding_time"
"AAA",0.4593163897613407
"AAC",0.32534838862028537
"AAG",0.2303122770862246
"AAU",0.5600496303661407
"ACA",0.3502805570578239
"ACC",0.3822489839995468
"ACG",0.6639579030589003
"ACU",0.22925518225288644
"AGA",0.1484280273093289
"AGC",1.3933232134675564
"AGG",0.3069674736028216
"AGU",1.7458412207349474
"AUA",0.44425900704515603
"AUC",0.471836557293121
"AUG",0.5512290246936813
"AUU",0.2784165235367052
"CAA",0.46418038988487426
"CAC",0.5336420442210249
"CAG",0.6448697827046168
"CAU",0.7912431201055157
"CCA",0.31571206682815534
"CCC",2.187609696851607
"CCG",0.5065432245562057
"CCU",1.7905434951412211
"CGA",0.5106660992559636
"CGC",0.6340132027777832
"CGG",2.1912200872051986
"CGU",0.3935463776113265
"CUA",1.3719551482718537
"CUC",1.2079416695646994
"CUG",1.4685521199405096
"CUU",1.2916201943445167
"GAA",0.2729121198665817
"GAC",0.27985556897726777
"GAG",0.4350980605959961
"GAU",0.5056770593225687
"GCA",0.32316873149018877
"GCC",0.35083761216881537
"GCG",0.7106525911886657
"GCU",0.20766599895324936
"GGA",0.8285522770429794
"GGC",0.14886890498660382
"GGG",0.6335959614509292
"GGU",0.36195306580305686
"GUA",0.3238140889096749
"GUC",0.43332728005710897
"GUG",0.8575870235853239
"GUU",0.2128349857400066
"UAC",0.5336251660454897
"UAU",0.7868044181297981
"UCA",0.37758943458120836
"UCC",0.5419399138093723
"UCG",0.785658863698143
"UCU",0.3093982036003955
"UGC",0.7065395434283716
"UGG",0.3542937489470197
"UGU",0.9816615072479437
"UUA",0.5776770168924525
"UUC",0.3411863990180184
"UUG",0.26374111048006954
"UUU",0.5766338595776813
