"codon","average_decoding_time"
"AAA",0.45957805133691465
"AAC",0.3273269893832478
"AAG",0.2303226812460316
"AAU",0.5599372627258562
"ACA",0.3505662822748012
"ACC",0.3822025751466398
"ACG",0.6861998300943476
"ACU",0.22950778222609206
"AGA",0.14805944997155912
"AGC",1.397338956514772
"AGG",0.3071550437943774
"AGU",1.7432412968897548
"AUA",0.4436476338726571
"AUC",0.47170811821550557
"AUG",0.5528526817021346
"AUU",0.27820857619357375
"CAA",0.46467044652994527
"CAC",0.5333293621859565
"CAG",0.6451350159584588
"CAU",0.7914779086506759
"CCA",0.31735494772695183
"CCC",2.1906807761241174
"CCG",0.4494633514505303
"CCU",1.7939447588928576
"CGA",0.5098356302006352
"CGC",0.6335914578075853
"CGG",2.1993643347173246
"CGU",0.39097509093156707
"CUA",1.3720717963943692
"CUC",1.2067504271698284
"CUG",1.4638257741699245
"CUU",1.2892594984754315
"GAA",0.3047999429747884
"GAC",0.2785993160217813
"GAG",0.4636811321867129
"GAU",0.5077376108877318
"GCA",0.32578684970139443
"GCC",0.3695451759433923
"GCG",0.8551941425928102
"GCU",0.22518452845000914
"GGA",1.0233735101773103
"GGC",0.17130687081366344
"GGG",0.682377222098282
"GGU",0.3866634444845006
"GUA",0.40495885041212903
"GUC",0.5127259676235076
"GUG",0.993337372288845
"GUU",0.2852012527810591
"UAC",0.5329545883279809
"UAU",0.7881313872065083
"UCA",0.3774775934119143
"UCC",0.5402432198455667
"UCG",0.7880263155798806
"UCU",0.3108999718145493
"UGC",0.7027957914206008
"UGG",0.35256003293860294
"UGU",0.9823808839055143
"UUA",0.5795913891900307
"UUC",0.34318579933140864
"UUG",0.26365914429096055
"UUU",0.5780014838438827
