"codon","average_decoding_time"
"AAA",0.45914394366829075
"AAC",0.32566200449871857
"AAG",0.16177888185305844
"AAU",0.5591580742545913
"ACA",0.34995774275565295
"ACC",0.3826205333175427
"ACG",0.68672554656497
"ACU",0.22931251667888025
"AGA",0.14731361223191183
"AGC",1.3951807668266174
"AGG",0.30679201281646723
"AGU",1.7437296121528367
"AUA",0.44385832493593264
"AUC",0.47253519131285604
"AUG",0.5206309223740564
"AUU",0.2780017907126168
"CAA",0.46429020593028086
"CAC",0.5342545612420574
"CAG",3.456622211633816
"CAU",0.7895601535005102
"CCA",0.31723337951706576
"CCC",2.196887975156989
"CCG",0.44949452818399094
"CCU",1.792318297750344
"CGA",0.5102245369262027
"CGC",0.6326176248306995
"CGG",2.197115320304725
"CGU",0.39231338681115374
"CUA",1.369724932817092
"CUC",1.2036448870916543
"CUG",1.3978882418054543
"CUU",1.2912288212626912
"GAA",0.30334510479611554
"GAC",0.2801160893721327
"GAG",2.163071443472298
"GAU",0.5067860330900108
"GCA",0.3265623732453978
"GCC",0.3695421356157573
"GCG",0.8534924783965407
"GCU",0.22674737890952829
"GGA",1.0253541030777709
"GGC",0.1711826059154222
"GGG",0.6830409755712155
"GGU",0.3870889011570725
"GUA",0.4043845395414643
"GUC",0.5131817965898868
"GUG",2.0723435852624945
"GUU",0.28502464742635386
"UAC",0.5330241466940315
"UAU",0.791473972677143
"UCA",0.3771045765301474
"UCC",0.5424209197014368
"UCG",0.7862595620073596
"UCU",0.3101059977368221
"UGC",0.7030621398902244
"UGG",0.35397502004728676
"UGU",0.9783699914289083
"UUA",0.5782860589916525
"UUC",0.34375864645211823
"UUG",0.25341444383947964
"UUU",0.5771612562013664
