"codon","average_decoding_time"
"AAA",0.4594357901238817
"AAC",0.3276402259300125
"AAG",0.2295749189556829
"AAU",0.5584730387264082
"ACA",0.35047021306464216
"ACC",0.4453639356276162
"ACG",0.6864156607551273
"ACU",0.22931431235219532
"AGA",0.14819079347841246
"AGC",1.3928760967446085
"AGG",0.30667868637946694
"AGU",1.742845217289573
"AUA",0.4445633107389618
"AUC",0.45793108387955317
"AUG",0.5210024465958769
"AUU",0.27867716727844905
"CAA",0.29782948701492024
"CAC",0.37073616896772266
"CAG",0.574693152828228
"CAU",0.6076370256723282
"CCA",0.312360027300399
"CCC",1.809963191950642
"CCG",0.3888280520255567
"CCU",1.7654801803073
"CGA",0.48210726078177735
"CGC",0.509969196243276
"CGG",2.0813534554800377
"CGU",0.28091875935901434
"CUA",1.2342180531732814
"CUC",3.408939216131084
"CUG",1.096607726477473
"CUU",1.159573481739037
"GAA",0.30410035147484277
"GAC",0.27947337136308875
"GAG",0.46502800417438694
"GAU",0.506577216813515
"GCA",0.3261183606030478
"GCC",0.48067314753000423
"GCG",0.8545611292708074
"GCU",0.22643473793268853
"GGA",1.023110178511026
"GGC",0.17113773410421734
"GGG",0.682373806150981
"GGU",0.3863800539783183
"GUA",0.40535745383602134
"GUC",0.4983071360957627
"GUG",2.0751099912953976
"GUU",0.2847789163230729
"UAC",0.5331713403505884
"UAU",0.7892176569175148
"UCA",0.37719428513151304
"UCC",0.5048532625052298
"UCG",0.7891115818350629
"UCU",0.3103315050802848
"UGC",0.7047491699181324
"UGG",0.35476190070245606
"UGU",0.9813215013158374
"UUA",0.5799569492464242
"UUC",0.34418879311559464
"UUG",0.25392950358447014
"UUU",0.5758662005178103
