"codon","average_decoding_time"
"AAA",0.4599482745029133
"AAC",0.3272242233264576
"AAG",0.22927113633954893
"AAU",0.5605054763714697
"ACA",0.3503526476869708
"ACC",0.38253770031433454
"ACG",0.578196343498849
"ACU",0.22972232398927386
"AGA",0.14776134009153583
"AGC",1.3942311337698954
"AGG",0.2913394191004504
"AGU",1.746815228172666
"AUA",0.4439852728866541
"AUC",0.470655954628067
"AUG",0.5223120426482901
"AUU",0.2779424219618235
"CAA",0.4648290507352999
"CAC",0.532697900605855
"CAG",0.6466992573703797
"CAU",0.7901315789298327
"CCA",0.3167818090016392
"CCC",2.190510363012028
"CCG",1.8435071091636832
"CCU",1.7952672319250105
"CGA",0.5107668201988261
"CGC",0.633358703168201
"CGG",2.039381048393908
"CGU",0.39405146315680656
"CUA",1.3723825766439461
"CUC",1.2090162772361603
"CUG",1.396254102451078
"CUU",1.2917810971090422
"GAA",0.3048344814756155
"GAC",0.2788831805562964
"GAG",0.46498777238235334
"GAU",0.5058678996304654
"GCA",0.3262516218038703
"GCC",0.3701155917065997
"GCG",0.7446319885067539
"GCU",0.22512329886681967
"GGA",1.0226709052588991
"GGC",0.17103223472751988
"GGG",1.3642634748443299
"GGU",0.38635905519968294
"GUA",0.4051744749125405
"GUC",0.5138968435384244
"GUG",2.074707290928266
"GUU",0.28432183052029797
"UAC",0.532998974107591
"UAU",0.7912176028743864
"UCA",0.37762614574100095
"UCC",0.5401508583042202
"UCG",2.9209728677474627
"UCU",0.31020074237596745
"UGC",0.7060281841892028
"UGG",0.32444516033586607
"UGU",0.980965083368084
"UUA",0.57935892208348
"UUC",0.3428277722063738
"UUG",0.2527162630563765
"UUU",0.5764725820889891
