"codon","average_decoding_time"
"AAA",0.39957590444062285
"AAC",0.32642058144655517
"AAG",0.20714685236371663
"AAU",0.5598544671955481
"ACA",0.33842418508128275
"ACC",0.3611181301141126
"ACG",0.5691706943827582
"ACU",0.21041501536692292
"AGA",0.09803972995796024
"AGC",1.2223110070082372
"AGG",1.5841146231671799
"AGU",1.5521637367609324
"AUA",0.3517982820513484
"AUC",0.39215567313808775
"AUG",0.4429762790587208
"AUU",0.20498642242285958
"CAA",0.4650012232228873
"CAC",0.5344493332729037
"CAG",0.6440580101239899
"CAU",0.789750918978615
"CCA",0.34518816371118693
"CCC",2.1837250541030144
"CCG",0.4494762235941173
"CCU",1.7928745921931564
"CGA",0.5100956780762474
"CGC",0.6318945809373221
"CGG",2.2015488665110072
"CGU",0.3931126100000256
"CUA",1.374078928979332
"CUC",1.2073831791472405
"CUG",1.4634655923861144
"CUU",1.2888249520562458
"GAA",0.30322901046220263
"GAC",0.2796236773328109
"GAG",0.4652591260126241
"GAU",0.5081600003289634
"GCA",0.3186040198590167
"GCC",0.3697359847056895
"GCG",0.8535957859026918
"GCU",0.2261852790900293
"GGA",1.0217878585498168
"GGC",0.17150667803296965
"GGG",0.6826525804098865
"GGU",0.38630193453036543
"GUA",0.4056821140140173
"GUC",0.5130827311432515
"GUG",0.9934057004748359
"GUU",0.2840537428907948
"UAC",0.5319897957138667
"UAU",0.7898266429641765
"UCA",0.37730288342437657
"UCC",0.5407830899755912
"UCG",0.7867138684831733
"UCU",0.3093141925732965
"UGC",0.7044185446019828
"UGG",0.35417359656980635
"UGU",0.9808673670700148
"UUA",0.5781154806447583
"UUC",0.3418220065543865
"UUG",0.2648783551798307
"UUU",0.5785454075989387
