"codon","average_decoding_time"
"AAA",0.4594884487197091
"AAC",0.3256020756466005
"AAG",0.23024447614116011
"AAU",0.5611586632925857
"ACA",0.3496063426532295
"ACC",0.38229389699354344
"ACG",0.687293778726647
"ACU",0.22968646545719085
"AGA",0.14777740855908278
"AGC",1.3922600620611976
"AGG",0.3079241205329687
"AGU",1.750338727804356
"AUA",0.44441019122028363
"AUC",0.4719054723191044
"AUG",0.5499910593787851
"AUU",0.2782959862613092
"CAA",0.4635767214185052
"CAC",0.5329932944705988
"CAG",0.6442528021426002
"CAU",0.7891995992210258
"CCA",0.31674512691069023
"CCC",2.1875048429760855
"CCG",0.45042586224118064
"CCU",1.793569332257924
"CGA",0.509304657918085
"CGC",0.632244038919661
"CGG",2.1892347589772974
"CGU",0.39326567487979514
"CUA",1.3707469155032934
"CUC",1.2093138740782066
"CUG",1.4571627848434514
"CUU",1.2893235720070908
"GAA",0.303608968184127
"GAC",0.2790901625936424
"GAG",0.4651928856108091
"GAU",0.5066923964590516
"GCA",0.32641945990694543
"GCC",0.3706487358738084
"GCG",0.8535665460854741
"GCU",0.22633229758157575
"GGA",1.025790755414931
"GGC",0.17161259534796924
"GGG",0.6839034435883977
"GGU",0.3867020938233485
"GUA",0.405366352083354
"GUC",0.5131489661313196
"GUG",0.9941501633165907
"GUU",0.28539342066264806
"UAC",0.534041762401481
"UAU",0.7908764346127953
"UCA",0.3775294914612588
"UCC",0.5407110980959539
"UCG",0.7870117843724469
"UCU",0.3104246449646773
"UGC",0.705342318996581
"UGG",0.35453233228607267
"UGU",0.9812736344445208
"UUA",0.5796553846936409
"UUC",0.3438988144839029
"UUG",0.2640112090763668
"UUU",0.5772951058248058
