"codon","average_decoding_time"
"AAA",0.400002953207379
"AAC",0.3271792360465277
"AAG",0.20801143288792273
"AAU",0.5592595655563217
"ACA",0.3380837627396917
"ACC",0.36084788943359347
"ACG",0.5701034583803614
"ACU",0.19706697430224018
"AGA",0.09798427898969235
"AGC",1.22341342504108
"AGG",0.2863672656962669
"AGU",1.5514653354488246
"AUA",0.3509246113633099
"AUC",0.39185212187561913
"AUG",0.4421182816480586
"AUU",0.19284188697432209
"CAA",0.4667973403637831
"CAC",0.5331554424323867
"CAG",0.6448909285976571
"CAU",0.7890156401611171
"CCA",0.34370328474566214
"CCC",2.1923898362745957
"CCG",0.44883345678279585
"CCU",1.6244504087841862
"CGA",0.5091489628102472
"CGC",0.6344068411588878
"CGG",2.194670750204862
"CGU",0.3943598351978547
"CUA",1.3716085814702275
"CUC",1.204747583786626
"CUG",1.4669487669531431
"CUU",4.4419404909510884
"GAA",0.3030030973610174
"GAC",0.28000000156184324
"GAG",0.46451487767880434
"GAU",0.505694740125492
"GCA",0.3185495613390932
"GCC",0.3698977997134629
"GCG",0.8515781795244314
"GCU",0.25691756307759617
"GGA",1.019216167945322
"GGC",0.1713512865312203
"GGG",0.6825474657312075
"GGU",0.385414735058123
"GUA",0.4058599875958084
"GUC",0.51243412146146
"GUG",0.9965077955029786
"GUU",0.27285110458315387
"UAC",0.37003465816592523
"UAU",0.6066333912610438
"UCA",0.3728050497232299
"UCC",0.5350870085098188
"UCG",0.6486154343327183
"UCU",0.24591582896944578
"UGC",0.5136842940414074
"UGG",0.33304209203923024
"UGU",0.7677830291836889
"UUA",0.520826475873103
"UUC",0.29976719300776766
"UUG",0.2122411585643577
"UUU",0.5301307724311168
