"codon","average_decoding_time"
"AAA",0.45931150905469237
"AAC",0.32665662487838387
"AAG",0.22903522275024846
"AAU",0.5598562189724261
"ACA",0.349539899924687
"ACC",0.4444368412858474
"ACG",0.6873019154309926
"ACU",0.229649131490115
"AGA",0.1479313535563406
"AGC",1.394338915184936
"AGG",0.3070882052852345
"AGU",1.7449849147375323
"AUA",0.4441899893469642
"AUC",0.45777631112825745
"AUG",0.5527315755502511
"AUU",0.27777081366769596
"CAA",0.2991460050413533
"CAC",0.36984977309368966
"CAG",0.574597300310777
"CAU",0.6075126003528449
"CCA",0.31197527596301305
"CCC",1.8102847135706048
"CCG",0.388228642143091
"CCU",1.7641005466458253
"CGA",0.48168483095986436
"CGC",0.509888684029928
"CGG",2.083164089320952
"CGU",0.28278130609307855
"CUA",1.2382471465053173
"CUC",3.4093768017586186
"CUG",1.1596815564883316
"CUU",1.1585951524695486
"GAA",0.30397098676090745
"GAC",0.27943210780872063
"GAG",0.46556755286231083
"GAU",0.5071013050586533
"GCA",0.3268692268081649
"GCC",0.4809772778759735
"GCG",0.8543174181880205
"GCU",0.22615483580173715
"GGA",1.0235051474273733
"GGC",0.17145228927356748
"GGG",0.6837850395795232
"GGU",0.3865584056918528
"GUA",0.4038823772139197
"GUC",0.49925348707302114
"GUG",0.999716948040384
"GUU",0.2844276710180037
"UAC",0.5322980014826064
"UAU",0.7892260571672438
"UCA",0.376715105378464
"UCC",0.5067476722781128
"UCG",0.7858277023344943
"UCU",0.311780048275595
"UGC",0.7058428513743307
"UGG",0.3535808526854814
"UGU",0.9786963494469885
"UUA",0.5787836759761857
"UUC",0.3425057342503875
"UUG",0.26375315339639255
"UUU",0.5759289441822755
