"codon","average_decoding_time"
"AAA",0.4596020688936226
"AAC",0.32788936109222183
"AAG",0.23029473690681426
"AAU",0.5588401933281473
"ACA",0.3502796235274904
"ACC",0.3821546466038757
"ACG",0.6892908851563985
"ACU",0.2300860890340266
"AGA",0.14797076831334158
"AGC",1.3941128035359849
"AGG",0.30746279664643256
"AGU",1.7455109885455518
"AUA",0.4435188655761187
"AUC",0.4712446276080684
"AUG",0.5509332341383703
"AUU",0.27866018075954163
"CAA",0.4663786019006001
"CAC",0.5314787071617831
"CAG",0.6433418524059314
"CAU",0.7892583891309451
"CCA",0.31645283329717094
"CCC",2.1922528256590414
"CCG",0.44910958566162384
"CCU",1.7969205050025174
"CGA",0.5113056927289584
"CGC",0.6310910929200232
"CGG",2.2028509864135746
"CGU",0.39363698522498747
"CUA",1.365303038717337
"CUC",1.209171046292206
"CUG",1.4638530690917129
"CUU",1.2905214926198638
"GAA",0.30437601846950585
"GAC",0.27896268174672423
"GAG",0.46540653406905746
"GAU",0.5067413566326261
"GCA",0.3266600793846719
"GCC",0.3698470786683478
"GCG",0.8545419725746313
"GCU",0.22615934853863848
"GGA",1.0262821636413941
"GGC",0.1707194915840967
"GGG",0.6845034073759662
"GGU",0.38632539143166367
"GUA",0.40502759135215943
"GUC",0.512808033838196
"GUG",0.9958591945522335
"GUU",0.2851834976284253
"UAC",0.5329144242524162
"UAU",0.7886995387077552
"UCA",0.37786307955550086
"UCC",0.5424246925520029
"UCG",0.7877719605039197
"UCU",0.3098169552267488
"UGC",0.7054792647170725
"UGG",0.35446583523022707
"UGU",0.9803636702799704
"UUA",0.5786342310064923
"UUC",0.3423734245952964
"UUG",0.26368608920706277
"UUU",0.57817677053774
