"codon","average_decoding_time"
"AAA",0.46034014781904686
"AAC",0.32646501605135714
"AAG",0.22892171924111923
"AAU",0.5599615241604214
"ACA",0.3500318008830557
"ACC",0.38187016197784535
"ACG",0.6851527128239331
"ACU",0.22990698531467085
"AGA",0.14767065364345053
"AGC",1.3955197045105794
"AGG",0.30760541141305303
"AGU",1.7453257679324763
"AUA",0.4442033115267047
"AUC",0.4711214141379617
"AUG",0.5521859760693735
"AUU",0.279339766640981
"CAA",0.4639729642195379
"CAC",0.5335844216692848
"CAG",0.6453069680160255
"CAU",0.7892637984975848
"CCA",0.31680481101218333
"CCC",2.1939346178187806
"CCG",0.45019683589858234
"CCU",1.795665395345015
"CGA",0.510829187011508
"CGC",0.6338540441932904
"CGG",2.204465495881089
"CGU",0.3925078755834644
"CUA",1.374404789974779
"CUC",1.2079653916549051
"CUG",1.4637321045971137
"CUU",1.2872170709449677
"GAA",0.3029479006255929
"GAC",0.2798501625821355
"GAG",0.46609354339713005
"GAU",0.5075391478129391
"GCA",0.32644937332614155
"GCC",0.3692155554929561
"GCG",0.8518193415558885
"GCU",0.2265574860565083
"GGA",1.0256090430213776
"GGC",0.17095576860274622
"GGG",0.683709472218315
"GGU",0.3867835305432871
"GUA",0.4054564895823173
"GUC",0.5127401695073773
"GUG",0.9939489240988472
"GUU",0.284194199218113
"UAC",0.5333294653840488
"UAU",0.7908208048295181
"UCA",0.3779548299278465
"UCC",0.5411839443222796
"UCG",0.7878056044300182
"UCU",0.3109004471096496
"UGC",0.706525880060847
"UGG",0.35306534353875485
"UGU",0.9829130012358589
"UUA",0.5790199354506688
"UUC",0.3433341408286223
"UUG",0.26411764782166247
"UUU",0.5767149085585481
