"codon","average_decoding_time"
"AAA",0.4593323002838549
"AAC",0.32687127127219257
"AAG",0.1614392660872622
"AAU",0.560082382982316
"ACA",0.35065675983007005
"ACC",0.3832359312959396
"ACG",0.6653903013637871
"ACU",0.23014631496588342
"AGA",0.14776346979406693
"AGC",1.3915614361878135
"AGG",0.3066931641877539
"AGU",1.745928848736407
"AUA",0.4432830287021091
"AUC",0.4705705451862639
"AUG",0.5522525860936597
"AUU",0.27768466445812995
"CAA",0.46444168004910646
"CAC",0.5310589874871104
"CAG",3.4667346646154127
"CAU",0.7904669060005343
"CCA",0.3166980657755013
"CCC",2.190969279961518
"CCG",0.507405935771052
"CCU",1.7881014440055036
"CGA",0.5105705337291115
"CGC",0.6322724561500286
"CGG",2.197780751569015
"CGU",0.39440659108334214
"CUA",1.3682130722291375
"CUC",1.2046556192453737
"CUG",1.4631977969529042
"CUU",1.2886649336792828
"GAA",0.2717663696011588
"GAC",0.2795990338214888
"GAG",1.9299404160470053
"GAU",0.5069676359388436
"GCA",0.32223629017998023
"GCC",0.34974587988974587
"GCG",0.7111619718315487
"GCU",0.20812805833176642
"GGA",0.8307019591841217
"GGC",0.14866467102083053
"GGG",0.6313144287612223
"GGU",0.3610675147494445
"GUA",0.3240012972666315
"GUC",0.4328628173769424
"GUG",0.8589027435327823
"GUU",0.21273479777249907
"UAC",0.5341241708956217
"UAU",0.7893479982048139
"UCA",0.3773777220957011
"UCC",0.5412427653371926
"UCG",0.7898029542470627
"UCU",0.31055473576461723
"UGC",0.7058117262791517
"UGG",0.35386202536722383
"UGU",0.9771205012294145
"UUA",0.579109626246681
"UUC",0.3431242231260478
"UUG",0.2635603712484528
"UUU",0.579002652230648
