"codon","average_decoding_time"
"AAA",0.45986887576499186
"AAC",0.3274421600669326
"AAG",0.22925519909390996
"AAU",0.5585139623121976
"ACA",0.35070651558493005
"ACC",0.38077807248774675
"ACG",0.6882854802695538
"ACU",0.23026172709751952
"AGA",0.14790802009252932
"AGC",1.3939031273180387
"AGG",0.3062581984539337
"AGU",1.7459452208858997
"AUA",0.4441611558571861
"AUC",0.47232825218738045
"AUG",0.5517611658257154
"AUU",0.2792063489293516
"CAA",0.4654286723694534
"CAC",0.5319084020949727
"CAG",0.6435616241563232
"CAU",0.7914349244295664
"CCA",0.3162447957399622
"CCC",2.188926138522654
"CCG",0.4494768129268915
"CCU",1.7902739406970287
"CGA",0.5100233702893965
"CGC",0.6344556171694573
"CGG",2.193936758819649
"CGU",0.39246148118584784
"CUA",1.3705086154315143
"CUC",1.2061891043942743
"CUG",1.4661685312263868
"CUU",1.2902809781488946
"GAA",0.30377358485653233
"GAC",0.2792075270250747
"GAG",0.46478838006479695
"GAU",0.5081470914133012
"GCA",0.32721249244412665
"GCC",0.3681640585563026
"GCG",0.853337162848636
"GCU",0.22613013564374515
"GGA",1.0254169833504507
"GGC",0.17081754830016338
"GGG",0.685112971641376
"GGU",0.3873489781208419
"GUA",0.4053848849231125
"GUC",0.5134846241691187
"GUG",0.996942962741716
"GUU",0.28552645123815235
"UAC",0.5334118240554986
"UAU",0.7890929046802126
"UCA",0.37751005800107107
"UCC",0.5419614198330577
"UCG",0.7870601193532009
"UCU",0.3116022395025569
"UGC",0.705952911704155
"UGG",0.3526565632065723
"UGU",0.9806205089553242
"UUA",0.5780383033616947
"UUC",0.34203376016220843
"UUG",0.32742878078284876
"UUU",0.5768073009965454
