"codon","average_decoding_time"
"AAA",0.45925618395176754
"AAC",0.32721988585623896
"AAG",0.23020324068346396
"AAU",0.5601048670295729
"ACA",0.348994118259847
"ACC",0.3825280679247896
"ACG",0.6877434198020915
"ACU",0.22347337474933976
"AGA",0.14797587597037118
"AGC",1.3949886447985758
"AGG",0.3072521111694266
"AGU",1.7493000715238167
"AUA",0.44427209670311124
"AUC",0.47183662466148557
"AUG",0.5500993571577509
"AUU",0.26545527391512347
"CAA",0.4647420218993454
"CAC",0.5322366118430794
"CAG",0.6457402097442841
"CAU",0.7903049457074165
"CCA",0.3180494207859856
"CCC",2.1906787617605126
"CCG",0.4492904208885341
"CCU",1.6201826661211496
"CGA",0.5108126093183564
"CGC",0.6325962909685836
"CGG",2.198588540328166
"CGU",0.39156306604317387
"CUA",1.3766023556124403
"CUC",1.2031388941515822
"CUG",1.4648120524384824
"CUU",4.429095628588207
"GAA",0.3041459065502444
"GAC",0.2790805761441318
"GAG",0.4645454562454558
"GAU",0.5075517382139102
"GCA",0.32592862366331016
"GCC",0.3695008483792762
"GCG",0.8526808586198228
"GCU",0.25689783283409967
"GGA",1.021761185403515
"GGC",0.17189786701894272
"GGG",0.6869440879500809
"GGU",0.38574160549560516
"GUA",0.40464337777766596
"GUC",0.5141512016116867
"GUG",0.9946135820569805
"GUU",0.2725046237668301
"UAC",0.3696332609155131
"UAU",0.6075739621182638
"UCA",0.37336839501572644
"UCC",0.5353365860613475
"UCG",0.6470894927373103
"UCU",0.2447689977487476
"UGC",0.513154790693477
"UGG",0.3337518905272941
"UGU",0.7677507933007355
"UUA",0.5195839733812637
"UUC",0.2994642251287758
"UUG",0.21268453678423435
"UUU",0.5302403924612699
