"codon","average_decoding_time"
"AAA",0.45843841002539537
"AAC",0.32662183380085386
"AAG",0.23057838092815422
"AAU",0.5593886095003133
"ACA",0.3503718281758909
"ACC",0.38256676943411505
"ACG",0.686880123256698
"ACU",0.2302580363626346
"AGA",0.14804693262748225
"AGC",1.3922969235798706
"AGG",0.30685273916000594
"AGU",1.7444864272471823
"AUA",0.44257512951397393
"AUC",0.4712023896375148
"AUG",0.5517032308895998
"AUU",0.2785752323840638
"CAA",0.46394678654299215
"CAC",0.5338619096894783
"CAG",0.6451203312401982
"CAU",0.7874258337139187
"CCA",0.3167343939425729
"CCC",2.1901049506833883
"CCG",0.4498921606024857
"CCU",1.794737078979877
"CGA",0.5099196019170991
"CGC",0.6337898689774175
"CGG",2.1949147934072792
"CGU",0.392604547805332
"CUA",1.3761196630061927
"CUC",1.2065731776113642
"CUG",1.460945661657635
"CUU",1.2861728078675376
"GAA",0.30348616687538993
"GAC",0.2803126464009472
"GAG",0.4649123825038694
"GAU",0.5067267976180999
"GCA",0.32536093728095866
"GCC",0.3698068311182975
"GCG",0.8531152565155147
"GCU",0.22639683470424274
"GGA",1.0243600660520258
"GGC",0.1714068290260217
"GGG",0.6840380396821071
"GGU",0.3864688191133431
"GUA",0.40451864954872924
"GUC",0.5120813482838155
"GUG",0.9944609766012878
"GUU",0.28556498490934795
"UAC",0.5345150053534142
"UAU",0.7916510506134222
"UCA",0.37785283667892244
"UCC",0.5414549351026431
"UCG",0.788959926070841
"UCU",0.31007979716031625
"UGC",0.7050749935795305
"UGG",0.35363947841624804
"UGU",0.9817145633798271
"UUA",0.5789642032607558
"UUC",0.34337055332023486
"UUG",0.2645654241352008
"UUU",0.5774126107311576
