"codon","average_decoding_time"
"AAA",0.45878426001319517
"AAC",0.32593058232286987
"AAG",0.16153229287231266
"AAU",0.5598735457791922
"ACA",0.3495414251223418
"ACC",0.4450378322410829
"ACG",0.6889905235748159
"ACU",0.22945276481203458
"AGA",0.1478632856653116
"AGC",1.3961842311607604
"AGG",0.3062320108039893
"AGU",1.7461035265817704
"AUA",0.4454334648138561
"AUC",0.457566390662222
"AUG",0.550252094982268
"AUU",0.27744875093559496
"CAA",0.2999816683087403
"CAC",0.36800769280021906
"CAG",2.4221168525915804
"CAU",0.6075552756221191
"CCA",0.3114605490671784
"CCC",1.8144591469285827
"CCG",0.3882954155754318
"CCU",1.7659030767190973
"CGA",0.48304021857248425
"CGC",0.5089268922730069
"CGG",2.088808001923674
"CGU",0.28175242666540573
"CUA",1.2366941082161695
"CUC",3.4084084063486775
"CUG",1.1603203221035776
"CUU",1.1571113288513812
"GAA",0.3047554151829062
"GAC",0.27949196307012575
"GAG",2.1634506171961103
"GAU",0.5066817776359333
"GCA",0.3263734534829743
"GCC",0.48159528167321347
"GCG",0.8551962313812649
"GCU",0.22621506070981223
"GGA",1.0217650215049896
"GGC",0.17115179911047756
"GGG",0.6822815777971957
"GGU",0.3860030288285927
"GUA",0.40491482122833966
"GUC",0.49884777734343727
"GUG",0.9966878876259933
"GUU",0.28439136261865827
"UAC",0.531894050207694
"UAU",0.7904850731901402
"UCA",0.37795495398172474
"UCC",0.5055192156518186
"UCG",0.7878708449965676
"UCU",0.3114728242063727
"UGC",0.7032840842120558
"UGG",0.3541896943065408
"UGU",0.9811636539015675
"UUA",0.5776788666938416
"UUC",0.3420828778909286
"UUG",0.2644741538131547
"UUU",0.5774175722090856
