"codon","average_decoding_time"
"AAA",0.46067081673604293
"AAC",0.32684648821896095
"AAG",0.2300066601096918
"AAU",0.5593188318537289
"ACA",0.3501696123866952
"ACC",0.3819835561516598
"ACG",0.5808039430395223
"ACU",0.23000215493095344
"AGA",0.14758262399282862
"AGC",1.3907766482883765
"AGG",0.29168083268527845
"AGU",1.7414797832702456
"AUA",0.44327588954620517
"AUC",0.47064695997034606
"AUG",0.5513179275836518
"AUU",0.2775858264546296
"CAA",0.46618386436096754
"CAC",0.5339690165240164
"CAG",0.6443840071579641
"CAU",0.7882729076280854
"CCA",0.31697952656031964
"CCC",2.1931445454269425
"CCG",1.8494395573315339
"CCU",1.7900818067362978
"CGA",0.5096167680489978
"CGC",0.632585210408481
"CGG",2.031897777492614
"CGU",0.39320507646514463
"CUA",1.3655590985818318
"CUC",1.206214631241397
"CUG",1.4651666371186978
"CUU",1.2886062472121245
"GAA",0.3040175944173275
"GAC",0.27926427561832085
"GAG",0.46572238707179797
"GAU",0.5070778425646411
"GCA",0.32683240805573893
"GCC",0.3696726607931248
"GCG",0.744416597175868
"GCU",0.22635373921229873
"GGA",1.0233662886810462
"GGC",0.17141145758921594
"GGG",1.3612205467704148
"GGU",0.3867179459365847
"GUA",0.405827398712216
"GUC",0.5139068866927411
"GUG",0.9953507256118052
"GUU",0.28520384632170614
"UAC",0.5328133912590639
"UAU",0.7908056582446775
"UCA",0.37862941612838125
"UCC",0.541201046421218
"UCG",2.9212166195532667
"UCU",0.3098629038094702
"UGC",0.7057528130640901
"UGG",0.32443453275182677
"UGU",0.9797568380275237
"UUA",0.5798440183218914
"UUC",0.34228145280466044
"UUG",0.32665387018211045
"UUU",0.5782608948654804
