"codon","average_decoding_time"
"AAA",0.45829126141257487
"AAC",0.32690086954427916
"AAG",0.22975449427716013
"AAU",0.5590565307090274
"ACA",0.34970583253846377
"ACC",0.38211024076875133
"ACG",0.6851678492483335
"ACU",0.22403558839239127
"AGA",0.14807409524903675
"AGC",1.3945119268575168
"AGG",0.30743726921990555
"AGU",1.741432316032061
"AUA",0.44344225062705955
"AUC",0.4711842649361145
"AUG",0.5514706660855493
"AUU",0.26533921760913176
"CAA",0.4644308743887945
"CAC",0.5319262005412099
"CAG",0.6455779006535977
"CAU",0.7908830500785865
"CCA",0.31607093394152574
"CCC",2.1897497639349264
"CCG",0.44988952294489415
"CCU",1.6211929133555347
"CGA",0.5106126014010729
"CGC",0.6329297193389384
"CGG",2.1953156660779745
"CGU",0.3932948846897156
"CUA",1.3693498805690063
"CUC",1.2042739022985172
"CUG",1.4669367337140313
"CUU",4.438532532592801
"GAA",0.30403045814416935
"GAC",0.2803475950534188
"GAG",0.4650059310232595
"GAU",0.5075304476144801
"GCA",0.32681028960266456
"GCC",0.36938268650416006
"GCG",0.8523321323541818
"GCU",0.25610244910993274
"GGA",1.021518271739817
"GGC",0.17106925684065424
"GGG",0.6829350379431822
"GGU",0.3862763209748384
"GUA",0.40512327268585774
"GUC",0.5128255856884528
"GUG",0.9958874235170287
"GUU",0.2713959047834991
"UAC",0.3703483459235226
"UAU",0.6086713029936828
"UCA",0.37314543499880015
"UCC",0.5364467782742635
"UCG",0.6455758191130134
"UCU",0.24531273806494258
"UGC",0.513562908679242
"UGG",0.33368101137234824
"UGU",0.7667649982185886
"UUA",0.5194642624988187
"UUC",0.2998294548147875
"UUG",0.21219016525474577
"UUU",0.529035626033873
