"codon","average_decoding_time"
"AAA",0.45814372509405715
"AAC",0.3262530605840821
"AAG",0.22999531635702472
"AAU",0.5595403171630249
"ACA",0.3504158865236777
"ACC",0.38213840966273244
"ACG",0.6656453273124906
"ACU",0.23015842018462707
"AGA",0.1477352824969816
"AGC",1.389888675084562
"AGG",0.30698466633210675
"AGU",1.749199665179949
"AUA",0.4438279483714335
"AUC",0.47123283453192144
"AUG",0.551214097133986
"AUU",0.2788068198429808
"CAA",0.46479010081111666
"CAC",0.5340852290198741
"CAG",0.6460630864176795
"CAU",0.7892090213558896
"CCA",0.3162919175972227
"CCC",2.1897696688336206
"CCG",0.5076310459069936
"CCU",1.7916959647422463
"CGA",0.5108302693565244
"CGC",0.6325861048441669
"CGG",2.2017114089130656
"CGU",0.39248261007003227
"CUA",1.3630968819223357
"CUC",1.2091415700124013
"CUG",1.463711457408721
"CUU",1.2914872564695388
"GAA",0.2717832812256229
"GAC",0.279231999249034
"GAG",0.4336339767051922
"GAU",0.5073606190122316
"GCA",0.32252246916603994
"GCC",0.34987622765295584
"GCG",0.7108648159357646
"GCU",0.20760275503988546
"GGA",0.8307730253137231
"GGC",0.1489804979775152
"GGG",0.6317641432599836
"GGU",0.3620672121439693
"GUA",0.3241492978297106
"GUC",0.4328475327431205
"GUG",0.8583477373620473
"GUU",0.21236294914509898
"UAC",0.5319381391128327
"UAU",0.7892036431840105
"UCA",0.3778373125672984
"UCC",0.5405012037322753
"UCG",0.7887721487441602
"UCU",0.3104693018454597
"UGC",0.7040911825999546
"UGG",0.3544894146897209
"UGU",0.9792067784240184
"UUA",0.5781061836736486
"UUC",0.34382614622016283
"UUG",0.26281248655162937
"UUU",0.5783805662730896
