"codon","average_decoding_time"
"AAA",0.45905694686604986
"AAC",0.32632798576651706
"AAG",0.2299030910221767
"AAU",0.5607733205907914
"ACA",0.34953370887649227
"ACC",0.3837059267160155
"ACG",0.5814128025354633
"ACU",0.2293392697214704
"AGA",0.14839005402293773
"AGC",1.3921616414698257
"AGG",0.2918715776375857
"AGU",1.7452833289982168
"AUA",0.4436274170091035
"AUC",0.4717040307391633
"AUG",0.5525899760371381
"AUU",0.27857824082910737
"CAA",0.46523034156796006
"CAC",0.5334354511785464
"CAG",0.6434679136696576
"CAU",0.7904346075804534
"CCA",0.3170269204766036
"CCC",2.1865915727264014
"CCG",1.8394933404460727
"CCU",1.7889631503953696
"CGA",0.510212652263965
"CGC",0.6325925652927381
"CGG",2.0326423036396712
"CGU",0.3914474060172789
"CUA",1.3747171934147258
"CUC",1.208530435583216
"CUG",1.4634339452846894
"CUU",1.2886609170728922
"GAA",0.30453695744086423
"GAC",0.28040555309073617
"GAG",0.4649787450399359
"GAU",0.5069059968629734
"GCA",0.3261101613205082
"GCC",0.36986496890890735
"GCG",0.7451827484467494
"GCU",0.22594792315774911
"GGA",1.0235218651484717
"GGC",0.17177509351903353
"GGG",1.35939567830498
"GGU",0.38637309882343834
"GUA",0.40555686119046164
"GUC",0.5144085760371974
"GUG",0.9967285063095265
"GUU",0.2852211525707233
"UAC",0.5322686930397487
"UAU",0.7893633864595898
"UCA",0.3767839428155604
"UCC",0.5419944031907454
"UCG",2.917364011100382
"UCU",0.31030825655651323
"UGC",0.7047419164683152
"UGG",0.3239407361318606
"UGU",0.9829817413419921
"UUA",0.5777641402030793
"UUC",0.34358757431827613
"UUG",0.2634735779060379
"UUU",0.5781394011034595
