"codon","average_decoding_time"
"AAA",0.45844887642301163
"AAC",0.3266720204007139
"AAG",0.2305834967457103
"AAU",0.5591612124656142
"ACA",0.35059943735554516
"ACC",0.38178922915760183
"ACG",0.6898326278235638
"ACU",0.22921916741630532
"AGA",0.14806587577023697
"AGC",1.3917889215121997
"AGG",0.306782333742012
"AGU",1.7480047761347324
"AUA",0.44255389767916087
"AUC",0.4721658684850983
"AUG",0.5500880016018056
"AUU",0.2792352724759992
"CAA",0.46414493757642766
"CAC",0.5334111470391748
"CAG",0.6451221173478944
"CAU",0.7912926116134074
"CCA",0.31866431128868217
"CCC",2.1898089352668384
"CCG",0.44885765006803346
"CCU",1.79510813178081
"CGA",0.5097762558806752
"CGC",0.6338284435293523
"CGG",2.2012331414205044
"CGU",0.39236129125622815
"CUA",1.3666684918395635
"CUC",1.209000409972474
"CUG",1.4651763985134896
"CUU",1.290985478088637
"GAA",0.303415782376041
"GAC",0.27924369832731916
"GAG",0.4640044986106594
"GAU",0.507699820635131
"GCA",0.32712609493396466
"GCC",0.3699460743537076
"GCG",0.8528726045581042
"GCU",0.22586344547105608
"GGA",1.026088797015007
"GGC",0.1712466715137168
"GGG",0.6835022616938203
"GGU",0.3859758620036049
"GUA",0.40574419305787907
"GUC",0.5130584553345241
"GUG",0.9971066864545444
"GUU",0.2844490319848873
"UAC",0.5341236807260267
"UAU",0.7900903324040616
"UCA",0.3778579448793399
"UCC",0.5423097091668927
"UCG",0.7881140470074621
"UCU",0.3103777404802057
"UGC",0.7060988041963325
"UGG",0.35301420498595437
"UGU",0.9799031986223299
"UUA",0.5779688718563856
"UUC",0.3421446226390451
"UUG",0.26370455273356747
"UUU",0.5774291917559231
