"codon","average_decoding_time"
"AAA",0.45847263453850146
"AAC",0.32683366554984083
"AAG",0.22982175454301565
"AAU",0.5591390441496031
"ACA",0.34981292014223586
"ACC",0.44636604489405873
"ACG",0.6870966855791418
"ACU",0.22415274852637154
"AGA",0.14822292369889337
"AGC",1.3956102904250582
"AGG",0.3072686643664114
"AGU",1.7452654664803366
"AUA",0.4425118227395907
"AUC",0.45689674056016105
"AUG",0.5500588144688414
"AUU",0.26536254813353033
"CAA",0.2991576800380188
"CAC",0.37068007734473996
"CAG",0.57271434816268
"CAU",0.6082348511575627
"CCA",0.31123267281644373
"CCC",1.8077460071418143
"CCG",0.38829951900530135
"CCU",1.4467662844361995
"CGA",0.4824449881561745
"CGC",0.5087509729320389
"CGG",2.0864676970161242
"CGU",0.28264395684547944
"CUA",1.23334464296849
"CUC",3.405580507164358
"CUG",1.1594279796641926
"CUU",3.9720476575412773
"GAA",0.3038271899577224
"GAC",0.2798071310609187
"GAG",0.46460594861136595
"GAU",0.5068624163697516
"GCA",0.3252568134285897
"GCC",0.48142715769467953
"GCG",0.8518504934896509
"GCU",0.25635539793808115
"GGA",1.026075333387507
"GGC",0.17169377757964233
"GGG",0.6828248109914562
"GGU",0.3867848744231625
"GUA",0.4056728076065867
"GUC",0.4987500785030499
"GUG",0.9975829474165055
"GUU",0.2715560576618218
"UAC",0.3695927789269934
"UAU",0.6068865292405706
"UCA",0.37300013678330507
"UCC",0.4689087987143974
"UCG",0.6461917892946031
"UCU",0.24491418855243655
"UGC",0.5139963577813248
"UGG",0.3342892384077424
"UGU",0.7661982482410798
"UUA",0.5191409020111873
"UUC",0.3004129579002871
"UUG",0.21238679700403165
"UUU",0.5292042546649207
