"codon","average_decoding_time"
"AAA",0.45892899260592607
"AAC",0.3263751099532817
"AAG",0.22996106895749432
"AAU",0.5592762385865393
"ACA",0.3503565953416593
"ACC",0.3834517051586167
"ACG",0.6865497538061165
"ACU",0.230151966613336
"AGA",0.14820973667825485
"AGC",1.3936243346211834
"AGG",0.3067212813089765
"AGU",1.745733388367767
"AUA",0.4434165187362654
"AUC",0.47061293509904967
"AUG",0.5536292553213963
"AUU",0.2783030780517998
"CAA",0.46529523628137737
"CAC",0.5316419507885399
"CAG",0.6448449184878267
"CAU",0.7910307766700383
"CCA",0.3170502301934798
"CCC",2.1941455153671043
"CCG",0.448476502922308
"CCU",1.7889409158445813
"CGA",0.5107838421993875
"CGC",0.6334116211657401
"CGG",2.196757861956336
"CGU",0.3935912932478663
"CUA",1.367646018888372
"CUC",1.207770824886387
"CUG",1.4647536178541878
"CUU",1.286453302526858
"GAA",0.30344817214329234
"GAC",0.2795365912673189
"GAG",0.46503773076424154
"GAU",0.5086471238957533
"GCA",0.32623371617530156
"GCC",0.37030114577517625
"GCG",0.8508592342851253
"GCU",0.22631459543423435
"GGA",1.0240711447271147
"GGC",0.17140202822881462
"GGG",0.6847459143006656
"GGU",0.3859478362093534
"GUA",0.4045444758659568
"GUC",0.5128827048786766
"GUG",0.9945637415470464
"GUU",0.28531335500654403
"UAC",0.5327094920699326
"UAU",0.7874526539611192
"UCA",0.37655262418995883
"UCC",0.5411209371544721
"UCG",0.7886638659833394
"UCU",0.3107502070409592
"UGC",0.7070329706270784
"UGG",0.35394754310056814
"UGU",0.9809350069624198
"UUA",0.5792548159808063
"UUC",0.34261674368723166
"UUG",0.2641318720753564
"UUU",0.5762141382049689
