"codon","average_decoding_time"
"AAA",0.45951902293164887
"AAC",0.32618129411513497
"AAG",0.22937354702598145
"AAU",0.5588697006873307
"ACA",0.35005927701324546
"ACC",0.44490967251631897
"ACG",0.6851531586460894
"ACU",0.22954095231668908
"AGA",0.14781901894311192
"AGC",1.3993647376543061
"AGG",0.30699233568134976
"AGU",1.7433868729562776
"AUA",0.44376806891297765
"AUC",0.45843173935378484
"AUG",0.5520492445014192
"AUU",0.2790888074779647
"CAA",0.29995109447482926
"CAC",0.36796281149115523
"CAG",0.5726934548092039
"CAU",0.6084402983803298
"CCA",0.3119188029999784
"CCC",1.8101586414743918
"CCG",0.38795716897242827
"CCU",1.7674726796871807
"CGA",0.4830167841464834
"CGC",0.5101369288996975
"CGG",2.0872848441227245
"CGU",0.28218513196166295
"CUA",1.2372254980384982
"CUC",3.404422721350203
"CUG",1.1623572053395
"CUU",1.1587971709048
"GAA",0.30321468288038056
"GAC",0.27939428461247123
"GAG",0.4662740409321506
"GAU",0.5063850267526216
"GCA",0.32594246146121664
"GCC",0.4808863977799456
"GCG",0.852544591652273
"GCU",0.22511279348409624
"GGA",1.0266465624281944
"GGC",0.17167577579927715
"GGG",0.6836245547500722
"GGU",0.38673472467540926
"GUA",0.4048202305634704
"GUC",0.49852074047136075
"GUG",0.9970610957933
"GUU",0.2849943408639287
"UAC",0.5330970417800595
"UAU",0.7908932379456648
"UCA",0.377249468803167
"UCC",0.5061728277429718
"UCG",0.7891381732036207
"UCU",0.3107414357420218
"UGC",0.7060129390507738
"UGG",0.3538411115716704
"UGU",0.981449025155938
"UUA",0.5784462317439415
"UUC",0.34259739373308296
"UUG",0.2633911463885569
"UUU",0.5765203072049212
