"codon","average_decoding_time"
"AAA",0.4584985086208709
"AAC",0.32663102948300066
"AAG",0.2304696016739367
"AAU",0.5592377680530255
"ACA",0.3496561413964614
"ACC",0.3827696059097196
"ACG",0.6878484226523462
"ACU",0.22960872169706006
"AGA",0.1481349434992858
"AGC",1.3941011642848893
"AGG",0.30718731913791714
"AGU",1.745096087324868
"AUA",0.44448666947727866
"AUC",0.4716949023879495
"AUG",0.5520554349065929
"AUU",0.27813435675810666
"CAA",0.46496356691497787
"CAC",0.533168695202678
"CAG",0.6436254274512749
"CAU",0.789906959348547
"CCA",0.3167273003678523
"CCC",2.195914601414863
"CCG",0.4486194616410918
"CCU",1.7933566307881237
"CGA",0.5104383718397506
"CGC",0.6335097903939075
"CGG",2.1965153972477087
"CGU",0.39214092615714996
"CUA",1.3769518409666222
"CUC",1.206313220141961
"CUG",1.4588607851871715
"CUU",1.2929645151700022
"GAA",0.30382753103345517
"GAC",0.2793351834114821
"GAG",0.4652094107291905
"GAU",0.5053800226703637
"GCA",0.3260402894705802
"GCC",0.3698471624389438
"GCG",0.8535496982776755
"GCU",0.22582249060753626
"GGA",1.023635037601907
"GGC",0.17075742761588517
"GGG",0.6832099164631661
"GGU",0.38597497673939135
"GUA",0.4054199815533889
"GUC",0.512914330114374
"GUG",0.9988188662888702
"GUU",0.28543754047704906
"UAC",0.5330123421383846
"UAU",0.7910251679104976
"UCA",0.37638570786492365
"UCC",0.5430205583842131
"UCG",0.7888868343650357
"UCU",0.3108303030378399
"UGC",0.704675255870278
"UGG",0.3526958816729097
"UGU",0.9822824786695863
"UUA",0.5805898916716081
"UUC",0.34418768693521196
"UUG",0.26314053727349984
"UUU",0.5776685094001149
