"codon","average_decoding_time"
"AAA",0.457733662448548
"AAC",0.32799960277523477
"AAG",0.23022814785434684
"AAU",0.5570036774106273
"ACA",0.3491731737179479
"ACC",0.44363533340778505
"ACG",0.6865066432195263
"ACU",0.2246626477379705
"AGA",0.14805042951863023
"AGC",1.3947797346603255
"AGG",0.3071183782028195
"AGU",1.7488426845388694
"AUA",0.4434192759268403
"AUC",0.45749731973317154
"AUG",0.5513716352245732
"AUU",0.2645961453424953
"CAA",0.2996909521930171
"CAC",0.37015846260932417
"CAG",0.5741954965644188
"CAU",0.6083194005675168
"CCA",0.31195823979470516
"CCC",1.808592004801568
"CCG",0.388766576372686
"CCU",1.4471618778432467
"CGA",0.48166751100416705
"CGC",0.5102010450002255
"CGG",2.083367620376003
"CGU",0.2818053879052592
"CUA",1.2366886409489972
"CUC",3.411417556148301
"CUG",1.160443585547085
"CUU",3.9722086955997504
"GAA",0.3052455572330283
"GAC",0.279596694752786
"GAG",0.4652105084765816
"GAU",0.5071302896847453
"GCA",0.3259794456646755
"GCC",0.4806123349350812
"GCG",0.8550296087972259
"GCU",0.25619561493759885
"GGA",1.0261720679639041
"GGC",0.17085009558452605
"GGG",0.6825871765314293
"GGU",0.38618765434631175
"GUA",0.4053840235657159
"GUC",0.4996482593993504
"GUG",0.9974124561371827
"GUU",0.27196817023401054
"UAC",0.36990888445735665
"UAU",0.607014692715203
"UCA",0.3723546590066767
"UCC",0.46924014174744155
"UCG",0.6477416471897312
"UCU",0.24562671055361754
"UGC",0.5138356192531747
"UGG",0.3334817846285236
"UGU",0.7688106843900789
"UUA",0.5191202858165755
"UUC",0.2996260981664692
"UUG",0.21199980541410765
"UUU",0.5299648731192637
