"codon","average_decoding_time"
"AAA",0.4592151902910554
"AAC",0.32632107865999965
"AAG",0.22933249621730692
"AAU",0.5589632667362702
"ACA",0.3504526326076862
"ACC",0.44503104246020064
"ACG",0.6867088578757037
"ACU",0.22990513758990197
"AGA",0.14759978658341838
"AGC",1.3930908984870816
"AGG",0.30748654601850584
"AGU",1.7453256919614302
"AUA",0.44387149207995213
"AUC",0.4573799596889048
"AUG",0.5514279876127698
"AUU",0.27779339852404594
"CAA",0.29942897816703934
"CAC",0.37022346934091677
"CAG",0.572491833861525
"CAU",0.6088659936175163
"CCA",0.3111378388651028
"CCC",1.8122712500989937
"CCG",0.3881664944272742
"CCU",1.7622779411354308
"CGA",0.4809392558858947
"CGC",0.5110186386901754
"CGG",2.090669648657327
"CGU",0.28233594209025603
"CUA",1.2361365150930024
"CUC",3.4024871670361008
"CUG",1.1608436380033453
"CUU",1.1585477044801549
"GAA",0.3043145909322045
"GAC",0.27959404855752423
"GAG",0.4652642058987135
"GAU",0.5072705879664241
"GCA",0.32715372216817173
"GCC",0.48005860234056374
"GCG",0.8526504564931017
"GCU",0.2258234006281348
"GGA",1.0248124254687418
"GGC",0.17148645258865
"GGG",0.6797491665329646
"GGU",0.38658856623522697
"GUA",0.40433503830709977
"GUC",0.4982596217608839
"GUG",0.997152629839384
"GUU",0.2851458642565544
"UAC",0.5335843816594622
"UAU",0.7895641320152351
"UCA",0.37800111403227216
"UCC",0.506531917215314
"UCG",0.7893553485029531
"UCU",0.31054394921688283
"UGC",0.7060857518856243
"UGG",0.35406833753662864
"UGU",0.978332353884862
"UUA",0.5772769213872123
"UUC",0.34340510743696645
"UUG",0.26404847845125673
"UUU",0.5766478797261129
