"codon","average_decoding_time"
"AAA",0.4578566872087601
"AAC",0.3273880218378821
"AAG",0.22964537976927948
"AAU",0.559156562998425
"ACA",0.3498514990099571
"ACC",0.38250025641655855
"ACG",0.6856553522440813
"ACU",0.22891796080687005
"AGA",0.14785415991656967
"AGC",1.393656352649087
"AGG",0.30713046247613823
"AGU",1.7425467173832248
"AUA",0.44429572947080403
"AUC",0.4720435268441997
"AUG",0.5507914956883797
"AUU",0.2782594277414094
"CAA",0.4658944048431838
"CAC",0.534277454841435
"CAG",0.643523181022054
"CAU",0.7875574270339399
"CCA",0.31676450540984513
"CCC",2.1890759042505756
"CCG",0.4498960207976621
"CCU",1.7924418262445116
"CGA",0.5084968230687575
"CGC",0.6318259391384363
"CGG",2.2018194672748668
"CGU",0.3926331628697656
"CUA",1.369951571207283
"CUC",1.2095600236051458
"CUG",1.4656673442889214
"CUU",1.291316161797949
"GAA",0.30388921343796604
"GAC",0.27924502127521805
"GAG",0.46625636005188
"GAU",0.506054968478536
"GCA",0.3257119307865655
"GCC",0.3691392683911138
"GCG",0.851485114887379
"GCU",0.22615217435668178
"GGA",1.0251182140420037
"GGC",0.1710835099440856
"GGG",0.6827643523034637
"GGU",0.3859668681882137
"GUA",0.40622942658171385
"GUC",0.5138507489804468
"GUG",0.9976878097524287
"GUU",0.28478726361587947
"UAC",0.5346711277997431
"UAU",0.786835355609304
"UCA",0.3772005738707715
"UCC",0.5422825932103059
"UCG",0.7888926701413391
"UCU",0.31032020299322616
"UGC",0.7057908026811176
"UGG",0.3538634747777475
"UGU",0.9830503803914115
"UUA",0.5774390546388154
"UUC",0.3426213055414942
"UUG",0.2637754377646795
"UUU",0.5765993845496521
