"codon","average_decoding_time"
"AAA",0.45948048846002165
"AAC",0.32587696626476853
"AAG",0.2295234311948654
"AAU",0.5592660283524363
"ACA",0.35010239473936805
"ACC",0.3825662305314763
"ACG",0.6872989842901037
"ACU",0.2301057948774632
"AGA",0.14788301737268106
"AGC",1.3969909566774814
"AGG",0.30692488079733704
"AGU",1.7471322704085437
"AUA",0.4433753132506028
"AUC",0.47171141866968364
"AUG",0.5519935849810466
"AUU",0.27895026498158654
"CAA",0.46436082397382844
"CAC",0.5320383900356837
"CAG",0.645593352508937
"CAU",0.7911827759764768
"CCA",0.31699892057125134
"CCC",2.196723275411896
"CCG",0.44983640335220687
"CCU",1.7927350277767617
"CGA",0.5096402151160062
"CGC",0.6332750107637677
"CGG",2.201006755315034
"CGU",0.3932233713048501
"CUA",1.371209438898289
"CUC",1.204721007177338
"CUG",1.4637177380896491
"CUU",1.2899253165272442
"GAA",0.3029759386132368
"GAC",0.2791731220465981
"GAG",0.465243769573654
"GAU",0.5084692731028466
"GCA",0.32665970848955567
"GCC",0.370000129186778
"GCG",0.8513589453758407
"GCU",0.2264791554404432
"GGA",1.025270181516245
"GGC",0.17079863663247544
"GGG",0.6832450035741547
"GGU",0.38641173949720514
"GUA",0.40414139692226136
"GUC",0.5136588084608993
"GUG",0.9965103477751791
"GUU",0.28415417877988103
"UAC",0.5322002872392531
"UAU",0.7891047144845432
"UCA",0.3767310313203759
"UCC",0.5422596643369053
"UCG",0.7871370091837778
"UCU",0.31121527651206815
"UGC",0.7038347231661102
"UGG",0.3527114235259359
"UGU",0.9814715517878918
"UUA",0.5796615834784979
"UUC",0.34253408990939227
"UUG",0.26468131924272625
"UUU",0.5780448574368036
