"codon","average_decoding_time"
"AAA",0.4598510146849871
"AAC",0.32635546406617566
"AAG",0.1612765466114752
"AAU",0.5603165597153531
"ACA",0.3501323991349619
"ACC",0.38293747229653713
"ACG",0.68854242952688
"ACU",0.22927465791309587
"AGA",0.1482742152660041
"AGC",1.3885349258238797
"AGG",0.3073020800261201
"AGU",1.7511153852216736
"AUA",0.4435072364938789
"AUC",0.4724855280997827
"AUG",0.5508944429642791
"AUU",0.2777316614185092
"CAA",0.46520014240897767
"CAC",0.5324401170697884
"CAG",3.453760143401402
"CAU",0.7902522793713569
"CCA",0.3168817391074343
"CCC",2.191700723947004
"CCG",0.4497329959035837
"CCU",1.7954854991174556
"CGA",0.5095682202504278
"CGC",0.6340001881726095
"CGG",2.2035726697662925
"CGU",0.3925776500128112
"CUA",1.3699795071350611
"CUC",1.2055832476725694
"CUG",1.4615241621598933
"CUU",1.2895047265602109
"GAA",0.30350316631412627
"GAC",0.27996032138667765
"GAG",2.164635102657788
"GAU",0.5071218510223962
"GCA",0.3260461078826495
"GCC",0.37002097372463305
"GCG",0.8557641331313885
"GCU",0.22588418360482934
"GGA",1.0223248749649234
"GGC",0.17140179455028148
"GGG",0.6830824960833648
"GGU",0.38652233928215357
"GUA",0.4049041567147714
"GUC",0.5125708655650844
"GUG",0.9959440313337019
"GUU",0.2835969018257085
"UAC",0.5329472344168589
"UAU",0.7904390765951866
"UCA",0.3779844073179205
"UCC",0.5426000683437977
"UCG",0.7868973352529913
"UCU",0.31126141273440133
"UGC",0.705475443137115
"UGG",0.35350534429171193
"UGU",0.9823902149978111
"UUA",0.5786121703098462
"UUC",0.34197285259618604
"UUG",0.26427428995105895
"UUU",0.576885185695725
