"codon","average_decoding_time"
"AAA",0.45859371002316746
"AAC",0.32709220645085013
"AAG",0.23035707178754747
"AAU",0.5601334977242514
"ACA",0.3498447422489056
"ACC",0.44546227429393
"ACG",0.6651549213250052
"ACU",0.22942382009780055
"AGA",0.14807045092179053
"AGC",1.3887397431403172
"AGG",0.30693040420031215
"AGU",1.7438670910307765
"AUA",0.443623205401743
"AUC",0.4563891860924092
"AUG",0.5219139127608142
"AUU",0.2781120534980691
"CAA",0.2992202914553303
"CAC",0.37104853079829375
"CAG",0.5718959473321414
"CAU",0.6081230110840683
"CCA",0.3119079233956389
"CCC",1.8062101062456115
"CCG",0.4334480802259206
"CCU",1.762560123040049
"CGA",0.4813179561409656
"CGC",0.5115504513131442
"CGG",2.081737245374272
"CGU",0.28231022795524735
"CUA",1.240682596172999
"CUC",3.4152884425021663
"CUG",1.0981625126051104
"CUU",1.158032158521689
"GAA",0.27204111770539513
"GAC",0.2791389751854726
"GAG",0.4342602481893528
"GAU",0.5071477421250323
"GCA",0.32306365267077297
"GCC",0.4515681423486624
"GCG",0.7126118749009216
"GCU",0.2077622247274445
"GGA",0.8276903867569173
"GGC",0.14882626136061344
"GGG",0.6337840144072859
"GGU",0.3605866939433609
"GUA",0.32486610528068116
"GUC",0.4174052156428796
"GUG",1.7683577537295945
"GUU",0.21280060829929426
"UAC",0.5345225778896965
"UAU",0.7886692365631677
"UCA",0.3787980736996803
"UCC",0.5054999776338918
"UCG",0.7876628862549951
"UCU",0.3106408846664524
"UGC",0.7060632570231504
"UGG",0.3530020025328809
"UGU",0.9828135975101656
"UUA",0.5788014827017567
"UUC",0.342510213879069
"UUG",0.25233797761337595
"UUU",0.5776612147528167
