"codon","average_decoding_time"
"AAA",0.45815388969232484
"AAC",0.3263351617714031
"AAG",0.23024055970187615
"AAU",0.5602546538965713
"ACA",0.3507827424705271
"ACC",0.3828221480106231
"ACG",0.6875300754360082
"ACU",0.23071281049731546
"AGA",0.14805628462888232
"AGC",1.3932798315085995
"AGG",0.30653205507748593
"AGU",1.7476510294725287
"AUA",0.44429244257532097
"AUC",0.47095453757934824
"AUG",0.5517642794637948
"AUU",0.2788045528308831
"CAA",0.46493275034980247
"CAC",0.5318491638756276
"CAG",0.6460597752952414
"CAU",0.7889847763925718
"CCA",0.3160986062676006
"CCC",2.1783331774561274
"CCG",0.44989615849843345
"CCU",1.7870572945023333
"CGA",0.5102187990478675
"CGC",0.6339259100014719
"CGG",2.202314754334422
"CGU",0.39300027652353137
"CUA",1.3685055975681757
"CUC",1.2051663171852385
"CUG",1.4655476194085741
"CUU",1.2934497251669463
"GAA",0.30345683005567803
"GAC",0.280671041714212
"GAG",0.466111846171792
"GAU",0.5058346388707899
"GCA",0.3254862732619547
"GCC",0.36968809839255945
"GCG",0.853973447765536
"GCU",0.22586745249019746
"GGA",1.021846889093492
"GGC",0.17054268697351546
"GGG",0.683338427264192
"GGU",0.38693729666639387
"GUA",0.4051150347457173
"GUC",0.5137329316905499
"GUG",0.997065081638539
"GUU",0.2846394863348653
"UAC",0.5308531223819409
"UAU",0.7900538291488781
"UCA",0.37729133078445953
"UCC",0.5411602621381292
"UCG",0.7880992129229939
"UCU",0.31077599662879585
"UGC",0.7057535500644295
"UGG",0.3547928892206944
"UGU",0.9794720832171013
"UUA",0.5806402618759029
"UUC",0.3421892111361998
"UUG",0.2638597238134084
"UUU",0.5785529200585935
