"codon","average_decoding_time"
"AAA",0.46061224675532986
"AAC",0.32634467357545816
"AAG",0.230466134204548
"AAU",0.5604439437130315
"ACA",0.35024413007864685
"ACC",0.38219586100290215
"ACG",0.6877082480312938
"ACU",0.22977903636044822
"AGA",0.14807579817499042
"AGC",1.3984102281585007
"AGG",0.30754532457185974
"AGU",1.7455190407894703
"AUA",0.44497530097543037
"AUC",0.4703192477651675
"AUG",0.5224535707251639
"AUU",0.2780535480907621
"CAA",0.4638593891279084
"CAC",0.532989428095966
"CAG",0.6447903144943388
"CAU",0.7889337939918949
"CCA",0.31651270265486
"CCC",2.186144837349836
"CCG",0.44988689546358585
"CCU",1.7925362010795542
"CGA",0.5095613561065916
"CGC",0.6336620401463382
"CGG",2.192642109229124
"CGU",0.3922913362110046
"CUA",1.3690640385652653
"CUC",1.205313672730067
"CUG",1.402046016858123
"CUU",1.290823581435774
"GAA",0.3041834488225573
"GAC",0.27996141079027864
"GAG",0.4657454885771232
"GAU",0.5058706231694688
"GCA",0.32650703266996517
"GCC",0.36928890253693986
"GCG",0.8522201379500043
"GCU",0.22540469522035667
"GGA",1.02718741498149
"GGC",0.17103137189345863
"GGG",0.6818267602706369
"GGU",0.38599185969575267
"GUA",0.4049868256180998
"GUC",0.5143844830812473
"GUG",2.071893037062017
"GUU",0.2846811958520605
"UAC",0.5333702444721481
"UAU",0.7904498874815152
"UCA",0.3768593694095072
"UCC",0.5423755714379997
"UCG",0.788225649001294
"UCU",0.31021656963810135
"UGC",0.7075115358257608
"UGG",0.3531633300446924
"UGU",0.9820706553161273
"UUA",0.5789957792796162
"UUC",0.3421702678343984
"UUG",0.2528193386620118
"UUU",0.5776977322044238
