"codon","average_decoding_time"
"AAA",0.46025334257150796
"AAC",0.3272111329233239
"AAG",0.22953511427460452
"AAU",0.5596870086978102
"ACA",0.35056871398715234
"ACC",0.4449917256241649
"ACG",0.6660660834227783
"ACU",0.23001249171889485
"AGA",0.14822324144242088
"AGC",1.3898837568588063
"AGG",1.8089424960013665
"AGU",1.7465622905443712
"AUA",0.44412666804954853
"AUC",0.45721035287027567
"AUG",0.5516654845657503
"AUU",0.27912113573094927
"CAA",0.2996708156061624
"CAC",0.36995740093757057
"CAG",0.5730956609294396
"CAU",0.6074650779447658
"CCA",0.31123867516219866
"CCC",1.8049410896672506
"CCG",0.43367214001420334
"CCU",1.7626197599937863
"CGA",0.4814457000781877
"CGC",0.5105798392322118
"CGG",1.4061299084973164
"CGU",0.28294938140275
"CUA",1.2370745142647177
"CUC",3.4060200437726946
"CUG",1.1621774913246414
"CUU",1.1592199230278815
"GAA",0.272182842297099
"GAC",0.27979427121575207
"GAG",0.4347734505241546
"GAU",0.5073960131174651
"GCA",0.32173742215252943
"GCC",0.45106724120779
"GCG",0.7113350650849738
"GCU",0.20752089178475297
"GGA",0.831702956918002
"GGC",0.14896878439524372
"GGG",0.6327107275734967
"GGU",0.36107178530453915
"GUA",0.3242246895997883
"GUC",0.41733998998692107
"GUG",0.8587114537891768
"GUU",0.21228975237205966
"UAC",0.5342915963686103
"UAU",0.789844566100454
"UCA",0.377369452493468
"UCC",0.5059285168401839
"UCG",0.7872057497877607
"UCU",0.3104915338807785
"UGC",0.7041037762432611
"UGG",0.3536875007984626
"UGU",0.9821233097313236
"UUA",0.5787705355298451
"UUC",0.3429471424294795
"UUG",0.264087367975298
"UUU",0.5786303151310851
