"codon","average_decoding_time"
"AAA",0.45755544586344876
"AAC",0.32719685597381054
"AAG",0.23013793910330632
"AAU",0.5593981372606818
"ACA",0.3499193819168367
"ACC",0.3825313558045318
"ACG",0.6656471947806488
"ACU",0.22990647522803062
"AGA",0.14755453685772632
"AGC",1.389995179768754
"AGG",0.30686837265554057
"AGU",1.743450233933174
"AUA",0.44447902411164386
"AUC",0.47101733424501435
"AUG",0.5522651860928263
"AUU",0.2777091067200105
"CAA",0.4642530967686799
"CAC",0.5337370426902244
"CAG",0.6450838987351943
"CAU",0.7901574410697807
"CCA",0.31789754633785006
"CCC",2.1876768193788774
"CCG",0.5066919561843949
"CCU",1.791362833571368
"CGA",0.5111085305027212
"CGC",0.6339427449168943
"CGG",2.1978079615644193
"CGU",0.39247539450728924
"CUA",1.3653606657864388
"CUC",1.2093125943369625
"CUG",1.4660920795143721
"CUU",1.2875816985654738
"GAA",0.2725314776818093
"GAC",0.28009113902146077
"GAG",0.4351574843836917
"GAU",0.5074221874800314
"GCA",0.32304551476178933
"GCC",0.35061718646363715
"GCG",0.7111907658978773
"GCU",0.20811670282953146
"GGA",0.8303843293916925
"GGC",0.14849152704701532
"GGG",0.6321255886302276
"GGU",0.3613197638901831
"GUA",0.32420978144568846
"GUC",0.4330281862585608
"GUG",0.8561503846564502
"GUU",0.21264200868534722
"UAC",0.5328265373499813
"UAU",0.7906555817689351
"UCA",0.37846021473782016
"UCC",0.5415227922738137
"UCG",0.7867634019445356
"UCU",0.3101307406848024
"UGC",0.7049601847572275
"UGG",0.3546516843345814
"UGU",0.9801714596140765
"UUA",0.5800446549150667
"UUC",0.3432421727863191
"UUG",0.26471179067433004
"UUU",0.5774858330250421
