"codon","average_decoding_time"
"AAA",0.45881533287807114
"AAC",0.32681097737385856
"AAG",0.23085907767742897
"AAU",0.5597951393058328
"ACA",0.35067163572288895
"ACC",0.3823681126311592
"ACG",0.6661709517603852
"ACU",0.22939979631014115
"AGA",0.14821739858887995
"AGC",1.391839581207326
"AGG",0.3069966510305033
"AGU",1.7474162522342185
"AUA",0.44298093567651337
"AUC",0.47260449860100867
"AUG",0.5516594889273194
"AUU",0.27714184990026675
"CAA",0.464189990729445
"CAC",0.533113070913391
"CAG",0.6457761323147628
"CAU",0.7889003258821227
"CCA",0.31641140031404674
"CCC",2.1844528902605735
"CCG",0.5068229832872383
"CCU",1.7949406138132946
"CGA",0.5102757228657675
"CGC",0.63106894007107
"CGG",2.204484533077767
"CGU",0.3928229708201866
"CUA",1.3726318974496685
"CUC",1.208129674430606
"CUG",1.465047174199913
"CUU",1.2908676303898643
"GAA",0.27211437820524736
"GAC",0.27992870292703326
"GAG",0.4343192036976955
"GAU",0.507411468503074
"GCA",0.32231635177928625
"GCC",0.3495542988081725
"GCG",0.7103141471077299
"GCU",0.20758007103570367
"GGA",0.8291420319526859
"GGC",0.1490428844526178
"GGG",0.6321213413851423
"GGU",0.36230998967646433
"GUA",0.32399467908326396
"GUC",0.4341188084402242
"GUG",0.8586801394720316
"GUU",0.21303967457624928
"UAC",0.5340928813585815
"UAU",0.7897237544605825
"UCA",0.37754525411675716
"UCC",0.5419323098723128
"UCG",0.7883541802775443
"UCU",0.31078446405992327
"UGC",0.7022867170396186
"UGG",0.3532639225833424
"UGU",0.9821141929376511
"UUA",0.5790524235313682
"UUC",0.34264741485109657
"UUG",0.26295366576650286
"UUU",0.5772504433290856
