"codon","average_decoding_time"
"AAA",0.45944078972502866
"AAC",0.3267447159092318
"AAG",0.16164011270556372
"AAU",0.5591955675403123
"ACA",0.3510238496578985
"ACC",0.44567212825638114
"ACG",0.6851128771812862
"ACU",0.22973871056804923
"AGA",0.1479445907685074
"AGC",1.394627874741319
"AGG",1.8050393548766082
"AGU",1.7429289536353412
"AUA",0.44360423353261724
"AUC",0.45683512602116755
"AUG",0.5516457704337968
"AUU",0.2786778971771852
"CAA",0.29986168196115703
"CAC",0.37130382400317913
"CAG",2.4141379925043767
"CAU",0.6063796906101451
"CCA",0.3119264867272387
"CCC",1.8085269931202936
"CCG",0.38858973540674857
"CCU",1.76332481702742
"CGA",0.4816799463330044
"CGC",0.5095938194672519
"CGG",1.3967887296610235
"CGU",0.2823292498523343
"CUA",1.238549217482114
"CUC",3.3922851657264035
"CUG",1.1650954477827224
"CUU",1.1604147630266637
"GAA",0.30381872415459893
"GAC",0.2789742375864097
"GAG",2.1548015220710033
"GAU",0.5072797803062086
"GCA",0.326171909438182
"GCC",0.4812685358350825
"GCG",0.8535885907087112
"GCU",0.2264084762106198
"GGA",1.0242776244280336
"GGC",0.1711248308437058
"GGG",0.6830106076932186
"GGU",0.38672438838060785
"GUA",0.40497862465013756
"GUC",0.49869233788415984
"GUG",0.9973542437467029
"GUU",0.2854220213236912
"UAC",0.534128141852783
"UAU",0.78817324007518
"UCA",0.3768690098601198
"UCC",0.5052705562893774
"UCG",0.7884925903841765
"UCU",0.31072475852327547
"UGC",0.7046557163571544
"UGG",0.3530002934687962
"UGU",0.9826515284338192
"UUA",0.5766315766986747
"UUC",0.34402010984027237
"UUG",0.2639911198968351
"UUU",0.5777424957553869
