"codon","average_decoding_time"
"AAA",0.4588991819037949
"AAC",0.32698832235768277
"AAG",0.22921359240016007
"AAU",0.5596267919484266
"ACA",0.35083891013611135
"ACC",0.4450673953600844
"ACG",0.6864921142048671
"ACU",0.22930356806487195
"AGA",0.14797398014568477
"AGC",1.3972492053847299
"AGG",0.30717003263166104
"AGU",1.746130827205955
"AUA",0.44454146478945555
"AUC",0.4578858389153864
"AUG",0.5520127136195744
"AUU",0.27895180634048833
"CAA",0.2991105372880005
"CAC",0.3705167379537702
"CAG",0.5725315938495268
"CAU",0.6077358756481505
"CCA",0.31197948734137754
"CCC",1.80337906065996
"CCG",0.3878029616931459
"CCU",1.7617124490104987
"CGA",0.4809745924668249
"CGC",0.5099489732779093
"CGG",2.0799680567042924
"CGU",0.28164044064457977
"CUA",1.2355994131674952
"CUC",3.4120447138821786
"CUG",1.164428901531615
"CUU",1.1585207691961914
"GAA",0.30385649752815247
"GAC",0.2799786638692827
"GAG",0.4650809489868671
"GAU",0.5065451205631665
"GCA",0.3261040874969197
"GCC",0.4815536821694354
"GCG",0.8550612968849528
"GCU",0.2259125293698513
"GGA",1.0232450219697946
"GGC",0.17150404914236214
"GGG",0.6820697912106791
"GGU",0.3853667941209728
"GUA",0.4047173281582618
"GUC",0.49892727624554634
"GUG",0.9957206570440026
"GUU",0.28551297655707325
"UAC",0.5329678918805392
"UAU",0.7899197713840554
"UCA",0.3767701702693432
"UCC",0.5057483612925875
"UCG",0.7868760947246457
"UCU",0.31045310947625143
"UGC",0.706021082743388
"UGG",0.35410222889230497
"UGU",0.9832987982620549
"UUA",0.5795981155205635
"UUC",0.3429003472926504
"UUG",0.2638145741401298
"UUU",0.5768114096080217
