"codon","average_decoding_time"
"AAA",0.4596330454950909
"AAC",0.3269197366376213
"AAG",0.23015858604497427
"AAU",0.5595556273046608
"ACA",0.3503706532362722
"ACC",0.3816185661204726
"ACG",0.6869566549419799
"ACU",0.23007897961390214
"AGA",0.1480003249372605
"AGC",1.38969777658078
"AGG",0.30693211910868573
"AGU",1.7428468917101767
"AUA",0.4435568828638708
"AUC",0.4725695197378552
"AUG",0.5230079810978128
"AUU",0.2786482263572713
"CAA",0.4632048938231475
"CAC",0.5337383128493415
"CAG",0.6449102344442764
"CAU",0.7901756268061539
"CCA",0.3171302745062229
"CCC",2.1857576676519495
"CCG",0.44885702444770975
"CCU",1.7911493049302745
"CGA",0.5106874925183205
"CGC",0.6321191874117006
"CGG",2.199392165324935
"CGU",0.3926927459491441
"CUA",1.3728720261599485
"CUC",1.2068129794441422
"CUG",1.3973405645866412
"CUU",1.2880650574223098
"GAA",0.3038976979296825
"GAC",0.27959498101619534
"GAG",0.4645537524118415
"GAU",0.5079108839516207
"GCA",0.3256463631192769
"GCC",0.36920701369407044
"GCG",0.8547333259838417
"GCU",0.22581583257081497
"GGA",1.022317158175524
"GGC",0.17103823025979903
"GGG",0.6826418983546754
"GGU",0.38603292762800145
"GUA",0.40563861863080547
"GUC",0.5137704634734092
"GUG",2.0744245855081793
"GUU",0.2859259893376663
"UAC",0.532630261326836
"UAU",0.7904671770857449
"UCA",0.37717335617141506
"UCC",0.5424944771341855
"UCG",0.7891048163266036
"UCU",0.3100896872706224
"UGC",0.7039593561637376
"UGG",0.3534665398267745
"UGU",0.981093083451801
"UUA",0.577695916678132
"UUC",0.3428800245460755
"UUG",0.25313316732888075
"UUU",0.5775802421482433
