"codon","average_decoding_time"
"AAA",0.4590714890372821
"AAC",0.32679768096051515
"AAG",0.230512382462657
"AAU",0.559853884430121
"ACA",0.35022683293898543
"ACC",0.4445892746318082
"ACG",0.685607008875785
"ACU",0.22944892836744762
"AGA",0.1483768140784163
"AGC",1.3924190774390808
"AGG",0.3070299992026078
"AGU",1.7421146101372664
"AUA",0.44354123749426877
"AUC",0.4564193348258539
"AUG",0.552168011951807
"AUU",0.27871709786431137
"CAA",0.29920055322114136
"CAC",0.36953676580354433
"CAG",0.5724776676235489
"CAU",0.6075772267259093
"CCA",0.3116104721866433
"CCC",1.8155187763703944
"CCG",0.38828839712930113
"CCU",1.7641125062901635
"CGA",0.48218944754549437
"CGC",0.5091469894268512
"CGG",2.08466578202606
"CGU",0.281625373011972
"CUA",1.2348811617164943
"CUC",3.4048997335767726
"CUG",1.1639190754952222
"CUU",1.1607455005260996
"GAA",0.3045526448674909
"GAC",0.27964363862480607
"GAG",0.46539474734265107
"GAU",0.506167025931208
"GCA",0.32664684229557484
"GCC",0.4812462634254887
"GCG",0.8544799311918676
"GCU",0.22556362505536381
"GGA",1.0243939790104473
"GGC",0.17188868601426854
"GGG",0.683598938515895
"GGU",0.38615061291846925
"GUA",0.4046255034828631
"GUC",0.49956986205772325
"GUG",0.99683027071133
"GUU",0.2850238381734693
"UAC",0.5322173306412471
"UAU",0.7880078143973787
"UCA",0.3765997190259369
"UCC",0.5061912325236346
"UCG",0.787150617999995
"UCU",0.30933148126095406
"UGC",0.7052381009834419
"UGG",0.353909029162879
"UGU",0.9809084870392697
"UUA",0.5777233640428144
"UUC",0.3432307382342384
"UUG",0.2631494091591715
"UUU",0.5777975403107458
