"codon","average_decoding_time"
"AAA",0.45991942060834407
"AAC",0.3272077911993816
"AAG",0.23045044682790147
"AAU",0.5586006397445489
"ACA",0.3501372756308427
"ACC",0.3827122911127569
"ACG",0.6870829078203978
"ACU",0.2294960019439374
"AGA",0.1480085111991452
"AGC",1.3973355437451376
"AGG",1.805238463130217
"AGU",1.743672169392044
"AUA",0.44396214960848
"AUC",0.47212890485978143
"AUG",0.5514269630218616
"AUU",0.2776786062925519
"CAA",0.4642368265103311
"CAC",0.5331376891627775
"CAG",0.6455362789593747
"CAU",0.7902319013943103
"CCA",0.3170587054119394
"CCC",2.191712112747742
"CCG",0.44881100257655343
"CCU",1.7966784738238226
"CGA",0.5115479612822145
"CGC",0.6338826263908778
"CGG",2.200166647330669
"CGU",0.3907098424980336
"CUA",1.3700490887682697
"CUC",1.2082214843784256
"CUG",1.4646838600716896
"CUU",1.291851929398488
"GAA",0.3027078658071976
"GAC",0.2793596461244882
"GAG",0.4652343048374408
"GAU",0.5073065535266686
"GCA",0.3272901093989718
"GCC",0.36953190952595777
"GCG",0.8528147493109359
"GCU",0.2254551668272714
"GGA",1.026579119101022
"GGC",0.1711981496955324
"GGG",0.6852447808479825
"GGU",0.3862905356291376
"GUA",0.4049386238840896
"GUC",0.5124376244841424
"GUG",0.9985369925093821
"GUU",0.28505863680882076
"UAC",0.5323165053121731
"UAU",0.7902105097476276
"UCA",0.3779979148150193
"UCC",0.5411698371785699
"UCG",0.7885750887531834
"UCU",0.31110666572885326
"UGC",0.7046401203823393
"UGG",0.3528454245144868
"UGU",0.9813767523808686
"UUA",0.5796313985933421
"UUC",0.34369485122310217
"UUG",0.26379577525445413
"UUU",0.5772662025266445
