"codon","average_decoding_time"
"AAA",0.4599471772125682
"AAC",0.32749983984727116
"AAG",0.16102736898090284
"AAU",0.5596231693753678
"ACA",0.3494147215907519
"ACC",0.44473703611397847
"ACG",0.6858471895251814
"ACU",0.22908562977295757
"AGA",0.14838097504382042
"AGC",1.391594498966412
"AGG",0.3057016885566964
"AGU",1.7440395858193785
"AUA",0.4438702987143923
"AUC",0.45774128732868424
"AUG",0.551089129519104
"AUU",0.2776682352731032
"CAA",0.29988368257786313
"CAC",0.36957177410331576
"CAG",2.421169055385875
"CAU",0.6062579821255158
"CCA",0.3111157538754308
"CCC",1.8090076409260436
"CCG",0.3889540815158378
"CCU",1.7638608810438026
"CGA",0.48039964199995194
"CGC",0.510184992768795
"CGG",2.0900525862071304
"CGU",0.28117655566364086
"CUA",1.2387336318159645
"CUC",3.406723405485267
"CUG",1.163089864064276
"CUU",1.1598901690043153
"GAA",0.30414597405111976
"GAC",0.28026298252416365
"GAG",2.158621528091468
"GAU",0.5075585711372699
"GCA",0.3259973656275871
"GCC",0.48190775461724755
"GCG",0.8537596914570103
"GCU",0.2260185108535827
"GGA",1.022997335670905
"GGC",0.17130014651062803
"GGG",0.6824248475662104
"GGU",0.38709413815597127
"GUA",0.4048618971281648
"GUC",0.5004180762381193
"GUG",0.9945866459639033
"GUU",0.2853042062874577
"UAC",0.533606911336736
"UAU",0.7891485737777902
"UCA",0.3769165136670502
"UCC",0.5053156531788151
"UCG",0.787763346723078
"UCU",0.31049887927693787
"UGC",0.7071366561645379
"UGG",0.3534111732104238
"UGU",0.9853307348400548
"UUA",0.578027283385469
"UUC",0.34260384619224615
"UUG",0.2641889209553088
"UUU",0.5770310008363266
