"codon","average_decoding_time"
"AAA",0.457600179626175
"AAC",0.3270647566655182
"AAG",0.2303014163001894
"AAU",0.5600925205990148
"ACA",0.3497929655907046
"ACC",0.4438459965838499
"ACG",0.6864170449458861
"ACU",0.2298510042326799
"AGA",0.14832915348613177
"AGC",1.3944838211533541
"AGG",0.30658634677540997
"AGU",1.7479448940189046
"AUA",0.4435600390293669
"AUC",0.45708558078472367
"AUG",0.5513047594899965
"AUU",0.2783766545498695
"CAA",0.2993618728423068
"CAC",0.3700699564263562
"CAG",0.5743811344554745
"CAU",0.6074682680323907
"CCA",0.311556460736117
"CCC",1.807158236472895
"CCG",0.38873720041107845
"CCU",1.7581261987841812
"CGA",0.48012660569561394
"CGC",0.5113718307655369
"CGG",2.085519403582572
"CGU",0.282172861697042
"CUA",1.2350131043682981
"CUC",3.3972979433442636
"CUG",1.1667322109975509
"CUU",1.160528349733846
"GAA",0.30361911100431727
"GAC",0.28023215801095386
"GAG",0.4660032770868256
"GAU",0.5060319842321033
"GCA",0.3259359501521253
"GCC",0.4808048519187405
"GCG",0.8530246022741426
"GCU",0.22571045839497839
"GGA",1.0263211860131827
"GGC",0.17125411892025158
"GGG",0.6825730759535625
"GGU",0.38691639620302637
"GUA",0.40494771801835777
"GUC",0.4988723353046585
"GUG",0.9962983441849489
"GUU",0.28491557383563815
"UAC",0.5314426202128721
"UAU",0.789629398226968
"UCA",0.3778770553155486
"UCC",0.5063423397702143
"UCG",0.788436173997361
"UCU",0.3102899341869368
"UGC",0.7063968512264305
"UGG",0.3535921997151905
"UGU",0.9805113056565243
"UUA",0.5797573340993827
"UUC",0.34329752531407487
"UUG",0.32700285349950714
"UUU",0.57761667967621
