"codon","average_decoding_time"
"AAA",0.4602041405345911
"AAC",0.3267629413878458
"AAG",0.22985020444004084
"AAU",0.5596275732994865
"ACA",0.34976531710837594
"ACC",0.4448928928879109
"ACG",0.6883489682226156
"ACU",0.22416718631209892
"AGA",0.14791624086570201
"AGC",1.3956712276705578
"AGG",0.30702015720055625
"AGU",1.7529863148643248
"AUA",0.4443390842827453
"AUC",0.45703828509121
"AUG",0.5504746445200853
"AUU",0.2653568521192522
"CAA",0.29898569573355077
"CAC",0.3678841260094498
"CAG",0.5727127121101141
"CAU",0.6086165281603095
"CCA",0.3109377769977834
"CCC",1.808436104548871
"CCG",0.3883074403487545
"CCU",1.4495194626625088
"CGA",0.48140073988149856
"CGC",0.5097340143435293
"CGG",2.083559972627979
"CGU",0.2827325280198988
"CUA",1.2370085969867475
"CUC",3.417411328129851
"CUG",1.1662158257023487
"CUU",3.964884615973856
"GAA",0.30370095005185815
"GAC",0.27997224298430884
"GAG",0.4656663312687137
"GAU",0.5067110014307427
"GCA",0.3270721547577873
"GCC",0.481557239724548
"GCG",0.8547851908435871
"GCU",0.2561821660448423
"GGA",1.0227929853904694
"GGC",0.17132446918783936
"GGG",0.6824712577992041
"GGU",0.38684639095139134
"GUA",0.40569354978453964
"GUC",0.49931326936185183
"GUG",0.9994540970595206
"GUU",0.27182857195342836
"UAC",0.3702408072966459
"UAU",0.6087596745535921
"UCA",0.3732381983021623
"UCC",0.46944778657349506
"UCG",0.6476309992055271
"UCU",0.24580980791167636
"UGC",0.5153237393943945
"UGG",0.33344911679511047
"UGU",0.7682083343287477
"UUA",0.5191006949393348
"UUC",0.2990691326198998
"UUG",0.21190213067806032
"UUU",0.5289288998290247
