"codon","average_decoding_time"
"AAA",0.4591330057700775
"AAC",0.3282820582443211
"AAG",0.2303407077767193
"AAU",0.5601730094401784
"ACA",0.3516336129291925
"ACC",0.38183384486663796
"ACG",0.6857659136597669
"ACU",0.2296991494835391
"AGA",0.14802022391852424
"AGC",1.390537528210659
"AGG",0.30702393663349636
"AGU",1.7487721064595947
"AUA",0.44354236582242096
"AUC",0.4720367470337278
"AUG",0.5520747992702194
"AUU",0.27876922888372313
"CAA",0.4647845058613968
"CAC",0.5341190054597383
"CAG",0.6436740818418285
"CAU",0.7889139824280155
"CCA",0.31637365790713917
"CCC",2.192407480765566
"CCG",0.4493749553461502
"CCU",1.7889932591197062
"CGA",0.510269328446747
"CGC",0.6328576626615277
"CGG",2.198841975813009
"CGU",0.3924061950098767
"CUA",1.3723206127598284
"CUC",1.2080628334692158
"CUG",1.4647624689595065
"CUU",1.2901443584826853
"GAA",0.30385157068364244
"GAC",0.278575665914999
"GAG",0.4652799530008835
"GAU",0.5064238599263289
"GCA",0.3263832617424729
"GCC",0.369428827233334
"GCG",0.8541473456194293
"GCU",0.2263278075124278
"GGA",1.0225691937872992
"GGC",0.17092825176785115
"GGG",0.683919373805745
"GGU",0.38611967991776225
"GUA",0.40525738432799174
"GUC",0.5136316347919203
"GUG",0.9979267107646057
"GUU",0.2852340134269251
"UAC",0.5333388101658882
"UAU",0.7893462398499491
"UCA",0.3775286241439283
"UCC",0.5405196784252722
"UCG",0.7877290813400292
"UCU",0.3114918689881211
"UGC",0.7034503610934159
"UGG",0.3534859882652553
"UGU",0.9830010638241075
"UUA",0.5789388474729134
"UUC",0.3420060973227523
"UUG",0.2640242946618955
"UUU",0.5769189285104775
