"codon","average_decoding_time"
"AAA",0.4590577870544903
"AAC",0.32741635263346514
"AAG",0.22924650449303358
"AAU",0.5598833732475839
"ACA",0.3500595678554816
"ACC",0.4455183911812878
"ACG",0.6854211532891866
"ACU",0.22946991071095335
"AGA",0.14790070817474313
"AGC",1.394716792528481
"AGG",0.307149924925669
"AGU",1.7463781639428886
"AUA",0.4432459741464569
"AUC",0.45699789665237717
"AUG",0.5512357746388598
"AUU",0.277823527033842
"CAA",0.29904626193258405
"CAC",0.3704684772089067
"CAG",0.5730721082676582
"CAU",0.606932529447804
"CCA",0.3114293764404565
"CCC",1.810038931634298
"CCG",0.387773141827348
"CCU",1.7637334593774638
"CGA",0.48132792919435546
"CGC",0.5096644477340276
"CGG",2.076111636542121
"CGU",0.2823063298766232
"CUA",1.2347833179895757
"CUC",3.4154947185420705
"CUG",1.1661123007760958
"CUU",1.1611690790295557
"GAA",0.30464567455787006
"GAC",0.27977701205878736
"GAG",0.46614378808981
"GAU",0.5069015869923279
"GCA",0.3270086660613101
"GCC",0.48131888656204286
"GCG",0.8529224657301883
"GCU",0.22563867296475956
"GGA",1.0226390471464633
"GGC",0.17107995756615904
"GGG",0.6833551901870972
"GGU",0.3869055497565241
"GUA",0.40467162635489673
"GUC",0.5005196944042851
"GUG",0.995022331029187
"GUU",0.2855592547481299
"UAC",0.5326335736115853
"UAU",0.7899322610923027
"UCA",0.3770620794621337
"UCC",0.5046642563070655
"UCG",0.7877182441828665
"UCU",0.31168467209389705
"UGC",0.7050173347794764
"UGG",0.3535728519034047
"UGU",0.9786558685068957
"UUA",0.5811927153826288
"UUC",0.3436020582188665
"UUG",0.26401892379735425
"UUU",0.5776812989480595
