"codon","average_decoding_time"
"AAA",0.45870616225524175
"AAC",0.3262382066709324
"AAG",0.23057140220813566
"AAU",0.5609701742358603
"ACA",0.34913711310721574
"ACC",0.38242085278734606
"ACG",0.6866733480380139
"ACU",0.22436808310879977
"AGA",0.14777547631658566
"AGC",1.3933120080605275
"AGG",0.3069383571268353
"AGU",1.743344834576796
"AUA",0.4440325444442872
"AUC",0.47009913783253104
"AUG",0.5523806488683379
"AUU",0.2650696975558064
"CAA",0.46378418651799325
"CAC",0.532062302303225
"CAG",0.6435205579277562
"CAU",0.7912331999191768
"CCA",0.3181443794460831
"CCC",2.185038605684837
"CCG",0.44915800378736576
"CCU",1.6213190754797975
"CGA",0.5104151318570449
"CGC",0.6308604399747518
"CGG",2.1995599095685683
"CGU",0.3929968676033238
"CUA",1.3717008049397261
"CUC",1.2063007022317613
"CUG",1.4637474430021324
"CUU",4.451552268042203
"GAA",0.3034037361849082
"GAC",0.2787330326523821
"GAG",0.4660159945258359
"GAU",0.5065265583305103
"GCA",0.3263606355851331
"GCC",0.36901728321816685
"GCG",0.8517998372653298
"GCU",0.255834269338425
"GGA",1.0240726417144106
"GGC",0.17097388993837614
"GGG",0.6840288224145242
"GGU",0.3867416907044138
"GUA",0.4047885027412852
"GUC",0.5130466267182593
"GUG",0.9960668177700726
"GUU",0.27296000563533296
"UAC",0.36825871751262185
"UAU",0.6090186794244627
"UCA",0.3724466138186643
"UCC",0.5354082685832559
"UCG",0.6468488153289963
"UCU",0.24476297025761323
"UGC",0.5141762017437939
"UGG",0.3337794332169268
"UGU",0.7663648980463608
"UUA",0.519769637926266
"UUC",0.29968733380936896
"UUG",0.2129062175154815
"UUU",0.5295634126100138
