"codon","average_decoding_time"
"AAA",0.45940910192886375
"AAC",0.32616168893694486
"AAG",0.2304700415568988
"AAU",0.5595006593483064
"ACA",0.35086286438211084
"ACC",0.38206466770370134
"ACG",0.6872836810690266
"ACU",0.22986289808248137
"AGA",0.14844727503610036
"AGC",1.3975099955386194
"AGG",0.3074172210782637
"AGU",1.74881484436291
"AUA",0.4432895120859717
"AUC",0.4714544390015457
"AUG",0.5210840621947143
"AUU",0.2783347897124874
"CAA",0.4637900999315448
"CAC",0.5353370498521854
"CAG",0.6452004310087286
"CAU",0.7903090351187563
"CCA",0.316642561533424
"CCC",2.195902060209366
"CCG",0.4490202472313606
"CCU",1.7939611271830163
"CGA",0.5093649161019297
"CGC",0.6354614163562979
"CGG",2.193923478447924
"CGU",0.3918286235761653
"CUA",1.3717243351872719
"CUC",1.2020073512315852
"CUG",1.3989914208742316
"CUU",1.2911017467584092
"GAA",0.30439188275747997
"GAC",0.27916733705619434
"GAG",0.46480144157066466
"GAU",0.5083630997231162
"GCA",0.3268529887577008
"GCC",0.3689711032223209
"GCG",0.8530971510421022
"GCU",0.2257443239415925
"GGA",1.0229840640254946
"GGC",0.17184756339654786
"GGG",0.6833815882409459
"GGU",0.3860401793581494
"GUA",0.40582057612559574
"GUC",0.5140850504373509
"GUG",2.0774023437901605
"GUU",0.2854242754581964
"UAC",0.5333033071137468
"UAU",0.7894280925608755
"UCA",0.37808409609395616
"UCC",0.5418209809877302
"UCG",0.7869824236421228
"UCU",0.31057285124818895
"UGC",0.7041250665564373
"UGG",0.35405287176963984
"UGU",0.9818613451440718
"UUA",0.5785848330188021
"UUC",0.3426600694477009
"UUG",0.25276805095212007
"UUU",0.5766015175077844
