"codon","average_decoding_time"
"AAA",0.45856908173737765
"AAC",0.3262693746128743
"AAG",0.22980082623681083
"AAU",0.5581182215864952
"ACA",0.3509225200295245
"ACC",0.38288876399322475
"ACG",0.6875227198250332
"ACU",0.22918801670729488
"AGA",0.14788164610586635
"AGC",1.3893527129761964
"AGG",0.30710997120461286
"AGU",1.750099217827554
"AUA",0.44348503143663237
"AUC",0.4714343334488861
"AUG",0.550017640234295
"AUU",0.27808383115227797
"CAA",0.4651169215936553
"CAC",0.5331295133076921
"CAG",0.6439827086031081
"CAU",0.788420252558096
"CCA",0.3168357475624322
"CCC",2.191496817083967
"CCG",0.44857732032372527
"CCU",1.791801679723309
"CGA",0.5100610220827587
"CGC",0.6346230737158525
"CGG",2.2028873640088973
"CGU",0.3927717113482539
"CUA",1.3718106137616792
"CUC",1.2074980216560514
"CUG",1.4651975890328452
"CUU",1.2875108081513016
"GAA",0.3040237508965499
"GAC",0.27895636980513283
"GAG",0.4656350014775744
"GAU",0.506740972775467
"GCA",0.32653361922289625
"GCC",0.3693908635104887
"GCG",0.851898453912077
"GCU",0.22599617805981592
"GGA",1.0247570754065953
"GGC",0.17083187004762299
"GGG",0.6829011514514454
"GGU",0.3865300525984899
"GUA",0.4038114321217734
"GUC",0.5116970989317033
"GUG",0.9986796898484431
"GUU",0.2851759223900558
"UAC",0.5324453167389115
"UAU",0.7899398750072594
"UCA",0.3765781116349222
"UCC",0.540754413328795
"UCG",0.7875209932184964
"UCU",0.310958924752891
"UGC",0.7060442547459832
"UGG",0.35362641016109697
"UGU",0.9814907797606648
"UUA",0.5767784601407987
"UUC",0.3414657623543018
"UUG",0.3269642722025263
"UUU",0.5775768823679297
