"codon","average_decoding_time"
"AAA",0.4577674976859112
"AAC",0.32570945505516696
"AAG",0.22962478716707785
"AAU",0.55986274729343
"ACA",0.3507981689953991
"ACC",0.38163601126887636
"ACG",0.6868078444997621
"ACU",0.2296609350864223
"AGA",0.14779096628215618
"AGC",1.3944884037532825
"AGG",0.3071993480905365
"AGU",1.7488074777915112
"AUA",0.44257063438698385
"AUC",0.47132763230992103
"AUG",0.5497433840981288
"AUU",0.2783673368468247
"CAA",0.4640396556640356
"CAC",0.5326649189552577
"CAG",0.6460293849050495
"CAU",0.7890979219186853
"CCA",0.31811556443873407
"CCC",2.186631703359618
"CCG",0.4500465843913512
"CCU",1.8024398339349843
"CGA",0.5093611697124781
"CGC",0.6327135755537379
"CGG",2.1942157651602234
"CGU",0.39305932863918425
"CUA",1.3727113534180602
"CUC",1.2082690317631501
"CUG",1.4675512315342945
"CUU",1.291505399830552
"GAA",0.30473391162501084
"GAC",0.27883864944735026
"GAG",0.4654296318473676
"GAU",0.5063730230224432
"GCA",0.3266859417096082
"GCC",0.3698636865568484
"GCG",0.8525174677869962
"GCU",0.22645603382342616
"GGA",1.020976774838667
"GGC",0.17118921994278755
"GGG",0.685446605009053
"GGU",0.38810047513889007
"GUA",0.4048222491513284
"GUC",0.5121163316674046
"GUG",0.9978480544709665
"GUU",0.284339638199679
"UAC",0.5337931063383309
"UAU",0.7909790120917002
"UCA",0.3773981353153042
"UCC",0.5414276727646543
"UCG",0.7879309430880852
"UCU",0.3108093809016625
"UGC",0.7046869219487639
"UGG",0.35396902099133853
"UGU",0.9833871247411653
"UUA",0.5790406865278117
"UUC",0.34263902615938924
"UUG",0.26375746119413646
"UUU",0.5771418654771671
