"codon","average_decoding_time"
"AAA",0.4608164791412959
"AAC",0.32637448737924635
"AAG",0.16157224713892337
"AAU",0.5594429257883283
"ACA",0.3498654494422557
"ACC",0.44618862527036823
"ACG",0.6846046870423668
"ACU",0.22905623059852195
"AGA",0.1481031281516306
"AGC",1.3971038409442733
"AGG",0.3067002294335732
"AGU",1.7466114843083635
"AUA",0.4432353862255541
"AUC",0.4570725885906961
"AUG",0.5512050902327541
"AUU",0.2787134719223777
"CAA",0.29931974404532236
"CAC",0.37030585295216856
"CAG",2.4156494873358776
"CAU",0.6086734583550742
"CCA",0.3129267742044486
"CCC",1.8079156723245897
"CCG",0.3878468501876087
"CCU",1.7688561854127127
"CGA",0.48192221169968824
"CGC",0.509731972160986
"CGG",2.085154329114252
"CGU",0.28273701832329395
"CUA",1.2376560703999222
"CUC",3.420005866351791
"CUG",1.1628458952857756
"CUU",1.161228948610945
"GAA",0.3041166505034889
"GAC",0.2791735625029915
"GAG",2.1581432149946185
"GAU",0.5070644794468645
"GCA",0.326125207739509
"GCC",0.4820289390632459
"GCG",0.8532327170153364
"GCU",0.2258828563894818
"GGA",1.0225860636718533
"GGC",0.17120764596683685
"GGG",0.6832429300810814
"GGU",0.3872667616483661
"GUA",0.40540652937410365
"GUC",0.4988317962400344
"GUG",0.9986551328434268
"GUU",0.2843148727373
"UAC",0.532892176753364
"UAU",0.7905939074417271
"UCA",0.3776878369105825
"UCC",0.5044830286204895
"UCG",0.7867979271588625
"UCU",0.31044614545198035
"UGC",0.704518042807478
"UGG",0.3533819550651937
"UGU",0.9799440991787332
"UUA",0.5807207816439458
"UUC",0.3429985889796903
"UUG",0.26343437158505584
"UUU",0.5788217469366461
