"codon","average_decoding_time"
"AAA",0.45953897836526303
"AAC",0.3269491449007057
"AAG",0.2293412983430083
"AAU",0.5598846843682073
"ACA",0.34974753013576665
"ACC",0.4435302041792475
"ACG",0.6887975622413222
"ACU",0.22352214450513416
"AGA",0.1477108102096435
"AGC",1.3967685346772418
"AGG",0.3069897255011591
"AGU",1.7468335139880904
"AUA",0.4432206387528033
"AUC",0.45658110934015567
"AUG",0.5506447491492771
"AUU",0.26654382009081656
"CAA",0.29979874420512514
"CAC",0.37058977663697373
"CAG",0.5745893498422854
"CAU",0.6081086835231423
"CCA",0.31241196797728665
"CCC",1.8091832799564074
"CCG",0.38897499837138766
"CCU",1.4526849979272511
"CGA",0.481856546731358
"CGC",0.5089888135225338
"CGG",2.094003449482078
"CGU",0.2823210471507904
"CUA",1.232144154199669
"CUC",3.400561625988283
"CUG",1.1612328247661476
"CUU",3.9610153515779474
"GAA",0.3035213417003547
"GAC",0.2792715012463671
"GAG",0.4654192597861533
"GAU",0.5060258455742837
"GCA",0.32645396492452183
"GCC",0.48167389741718925
"GCG",0.8533838284153255
"GCU",0.25685474061415764
"GGA",1.0235673468791648
"GGC",0.1714807048228165
"GGG",0.6848523405272109
"GGU",0.3866555171553564
"GUA",0.4053290944423495
"GUC",0.49844213307360585
"GUG",0.9964392363034286
"GUU",0.27213780496136375
"UAC",0.3694166672297751
"UAU",0.6077449066963728
"UCA",0.37335202313374505
"UCC",0.4683861477680821
"UCG",0.6471780800276865
"UCU",0.24575385941561909
"UGC",0.5139224098319687
"UGG",0.33497716329185634
"UGU",0.7703220077760772
"UUA",0.5186497211304731
"UUC",0.29987468993933947
"UUG",0.2125488846001385
"UUU",0.5291535706343775
