"codon","average_decoding_time"
"AAA",0.45948982793372806
"AAC",0.3256737196132174
"AAG",0.22975665802774195
"AAU",0.5604570542851505
"ACA",0.3493827446202429
"ACC",0.4449810245326696
"ACG",0.687482694496902
"ACU",0.23015159742623917
"AGA",0.14814911359728636
"AGC",1.392566596773968
"AGG",0.3066606541671564
"AGU",1.7466251322227286
"AUA",0.44299874729363575
"AUC",0.4568767645921073
"AUG",0.5232731668579268
"AUU",0.27808384633697736
"CAA",0.2991748495415974
"CAC",0.3709117017906227
"CAG",0.572718856737664
"CAU",0.6070534356153854
"CCA",0.3121033488604069
"CCC",1.815464403825639
"CCG",0.3883135769299765
"CCU",1.7643282842878136
"CGA",0.4811288608041515
"CGC",0.5091916208636882
"CGG",2.088237687456687
"CGU",0.28254010373655103
"CUA",1.2366056402103782
"CUC",3.408081219106712
"CUG",1.098449688246459
"CUU",1.1573089679177226
"GAA",0.30389609633815357
"GAC",0.2788185700975118
"GAG",0.4668423594842978
"GAU",0.5070520319976398
"GCA",0.3266803142601122
"GCC",0.4810018128989588
"GCG",0.854090379046192
"GCU",0.22584139758710162
"GGA",1.023549402515694
"GGC",0.17089499138692302
"GGG",0.6839822080749074
"GGU",0.3864251207518365
"GUA",0.40576341577967195
"GUC",0.500766448693483
"GUG",2.0823241210927685
"GUU",0.2841352017194214
"UAC",0.5340257836730034
"UAU",0.7885191583460531
"UCA",0.37735774264044525
"UCC",0.5063116129902698
"UCG",0.7892640483161292
"UCU",0.30969679945855755
"UGC",0.7044713822722252
"UGG",0.3532962910774589
"UGU",0.9809082915876066
"UUA",0.5792668360530777
"UUC",0.34387106612619417
"UUG",0.253407979600975
"UUU",0.5773295974084703
