"codon","average_decoding_time"
"AAA",0.45821044807443456
"AAC",0.3268092353075021
"AAG",0.22987351248918877
"AAU",0.5586623063452929
"ACA",0.3491735671146605
"ACC",0.4457175691656003
"ACG",0.6637122890999126
"ACU",0.22965798197798373
"AGA",0.14780588094024805
"AGC",1.3923447706767422
"AGG",0.3067790894895351
"AGU",1.7478621183702974
"AUA",0.44486900783760785
"AUC",0.45680023803633474
"AUG",0.5521674688855454
"AUU",0.27781293979855093
"CAA",0.2996341636741855
"CAC",0.37025848772337105
"CAG",0.5719543605889624
"CAU",0.608061899333326
"CCA",0.312256300719607
"CCC",1.8058405454863158
"CCG",0.4343386567911383
"CCU",1.76244850631755
"CGA",0.4817668566941309
"CGC",0.5090163088920672
"CGG",2.090310825731435
"CGU",0.28168113296583525
"CUA",1.2396382281601597
"CUC",3.3971726752288474
"CUG",1.1605375397305109
"CUU",1.1563337030841
"GAA",0.27198198523663786
"GAC",0.2798472765776689
"GAG",0.4343526920295892
"GAU",0.5077045486026582
"GCA",0.32244498225205115
"GCC",0.4506704816247055
"GCG",0.707710872597779
"GCU",0.20775959487483533
"GGA",0.8301170655501696
"GGC",0.14901405832568113
"GGG",0.6334793792442027
"GGU",0.3628016439928819
"GUA",0.3249137463876998
"GUC",0.4183232912582606
"GUG",0.8618186670870475
"GUU",0.21230831191187555
"UAC",0.5338246810072846
"UAU",0.790171879822961
"UCA",0.3771405197409698
"UCC",0.5056376886622574
"UCG",0.7878858481339127
"UCU",0.31060253294792417
"UGC",0.7063569941753864
"UGG",0.3540098376728326
"UGU",0.9799801931843406
"UUA",0.5809032053848153
"UUC",0.34335748080344963
"UUG",0.2638269728118364
"UUU",0.5779505656894999
