"codon","average_decoding_time"
"AAA",0.4590163858325924
"AAC",0.32673693530526815
"AAG",0.2304168668372364
"AAU",0.5605933884320738
"ACA",0.3497531927906079
"ACC",0.3814846393889184
"ACG",0.5800232146191743
"ACU",0.22996175500590088
"AGA",0.14846151544875535
"AGC",1.3920343614755393
"AGG",0.29134489279200654
"AGU",1.7404866926406337
"AUA",0.44355505694580255
"AUC",0.4712545391005077
"AUG",0.551305356987801
"AUU",0.2775496096952656
"CAA",0.464760679577902
"CAC",0.533246485189133
"CAG",0.6428642243511702
"CAU",0.7906668743472862
"CCA",0.3165645440138558
"CCC",2.1872267256263984
"CCG",1.8355635310444014
"CCU",1.7907774145398712
"CGA",0.5109214445203549
"CGC",0.6334873576045289
"CGG",2.0327338164091993
"CGU",0.3912858333176858
"CUA",1.366381417932549
"CUC",1.2084017447931104
"CUG",1.461902280522883
"CUU",1.2921528173226693
"GAA",0.3036458217845104
"GAC",0.28002688892857397
"GAG",0.4650623735655594
"GAU",0.50700193691012
"GCA",0.3267790949173609
"GCC",0.3694701141576144
"GCG",0.7447510081262695
"GCU",0.22527775783667786
"GGA",1.0242355189314827
"GGC",0.17116946646440667
"GGG",1.362865982689149
"GGU",0.386241697619249
"GUA",0.4059418860914159
"GUC",0.512760642844872
"GUG",0.9937184654210958
"GUU",0.285191651985299
"UAC",0.5330026361479258
"UAU",0.7870309694306786
"UCA",0.3780709132598407
"UCC",0.5410225231455693
"UCG",2.913464548138381
"UCU",0.3099866919661527
"UGC",0.7051267228598326
"UGG",0.3247254582042171
"UGU",0.9819489011092366
"UUA",0.5786140528961194
"UUC",0.3428807222491228
"UUG",0.26428068847800373
"UUU",0.5779816276406601
