"codon","average_decoding_time"
"AAA",0.4610601482946076
"AAC",0.32671918941767986
"AAG",0.23018445413621333
"AAU",0.5603714236432572
"ACA",0.3489723132048557
"ACC",0.38245456876470935
"ACG",0.6890000545397608
"ACU",0.22954027637639443
"AGA",0.14810375299889125
"AGC",1.3922565897791321
"AGG",0.30717919618266676
"AGU",1.7427712665865474
"AUA",0.44536125121347686
"AUC",0.472557081511666
"AUG",0.5523197668473948
"AUU",0.27753202700990415
"CAA",0.4645956891397081
"CAC",0.535515040596511
"CAG",0.6461757533726976
"CAU",0.789241487459249
"CCA",0.3164996566243052
"CCC",2.1959758263260376
"CCG",0.45037654820610257
"CCU",1.7950623942725907
"CGA",0.5092726947270928
"CGC",0.6339003262317133
"CGG",2.1992276116611094
"CGU",0.39204451455591516
"CUA",1.3687327501943445
"CUC",1.2066540319961707
"CUG",1.4654550900484782
"CUU",1.2965177175817117
"GAA",0.3034970768177936
"GAC",0.279350095641866
"GAG",0.4666126477904906
"GAU",0.5073440241870273
"GCA",0.3265222065490706
"GCC",0.3680879604213341
"GCG",0.8537440997290213
"GCU",0.22633776321418556
"GGA",1.023472230055897
"GGC",0.17097686024247108
"GGG",0.6844769241966193
"GGU",0.38708652038779406
"GUA",0.40408075789780784
"GUC",0.5136396435834114
"GUG",0.999049738862803
"GUU",0.2850974074045011
"UAC",0.534011731741595
"UAU",0.7882558504684902
"UCA",0.3767551982326582
"UCC",0.5413745249230565
"UCG",0.7872244764884296
"UCU",0.3104961973415991
"UGC",0.7043422813612522
"UGG",0.3533772778247774
"UGU",0.9772591913562237
"UUA",0.5783091125685562
"UUC",0.3433776326118228
"UUG",0.2639233978229196
"UUU",0.5768209572670856
