"codon","average_decoding_time"
"AAA",0.4583162498471692
"AAC",0.32790034657142453
"AAG",0.2299947465339701
"AAU",0.5613239016677277
"ACA",0.34995653935861104
"ACC",0.4442181865950643
"ACG",0.6897549104391159
"ACU",0.2296083297517335
"AGA",0.14808642039056769
"AGC",1.3942132591906036
"AGG",0.3075001374709415
"AGU",1.7469390156473166
"AUA",0.44370476501180556
"AUC",0.4577990451579806
"AUG",0.5507801901689728
"AUU",0.2776915648882455
"CAA",0.2986971708921979
"CAC",0.3703399203791818
"CAG",0.574182320910323
"CAU",0.6084531197545398
"CCA",0.3116512345546291
"CCC",1.8106655311977014
"CCG",0.38791341569228605
"CCU",1.7587975679683756
"CGA",0.4812212471132931
"CGC",0.510699882091484
"CGG",2.088924211371374
"CGU",0.28177161896715464
"CUA",1.2371622293785431
"CUC",3.4096786095894114
"CUG",1.1630474858602042
"CUU",1.159902987307169
"GAA",0.3043854139483116
"GAC",0.2786279201834846
"GAG",0.46529667472591896
"GAU",0.5069332941130861
"GCA",0.32697089202801255
"GCC",0.4821989997107586
"GCG",0.8555489954674732
"GCU",0.22596919338758545
"GGA",1.0232485622400689
"GGC",0.17155176678582565
"GGG",0.6839590862230535
"GGU",0.3857895141499245
"GUA",0.4048120836954274
"GUC",0.4982309555906299
"GUG",0.998967793453017
"GUU",0.2844788051916102
"UAC",0.5331819025349951
"UAU",0.7906804926320994
"UCA",0.3768017959236278
"UCC",0.505468015375134
"UCG",0.7872645856409962
"UCU",0.3109885017608658
"UGC",0.7054222477914577
"UGG",0.3532647234545048
"UGU",0.9831300664345886
"UUA",0.5793840034770397
"UUC",0.34306576058665056
"UUG",0.2637449526930611
"UUU",0.5789059789228547
