"codon","average_decoding_time"
"AAA",0.4589026417068527
"AAC",0.32593200215447105
"AAG",0.23033973855677647
"AAU",0.5599356929400777
"ACA",0.34958074059068595
"ACC",0.44505230258528417
"ACG",0.6862841674969581
"ACU",0.22991419024009394
"AGA",0.1480009311618681
"AGC",1.3928124734550904
"AGG",0.30721085299889356
"AGU",1.741745678774717
"AUA",0.4433239850868727
"AUC",0.4577951096554273
"AUG",0.5221402118654954
"AUU",0.2781554084639696
"CAA",0.29926453809220976
"CAC",0.3702179575475832
"CAG",0.5735076079634391
"CAU",0.6065199983110531
"CCA",0.3106982597733249
"CCC",1.8127227081751733
"CCG",0.38813049455194465
"CCU",1.7616750824329839
"CGA",0.4812151735222847
"CGC",0.5097990867677311
"CGG",2.0956055337233113
"CGU",0.28140736108352754
"CUA",1.2352037791534392
"CUC",3.39886112163056
"CUG",1.0998735646145428
"CUU",1.1631088715313604
"GAA",0.3049034378464094
"GAC",0.2798097738162625
"GAG",0.4649472884851445
"GAU",0.506702774433891
"GCA",0.326404372281407
"GCC",0.48148266293037695
"GCG",0.8521548990722905
"GCU",0.22600700068916252
"GGA",1.0226283731996264
"GGC",0.17156055874287135
"GGG",0.6832318889545722
"GGU",0.3864486667789458
"GUA",0.40439233568355953
"GUC",0.4991063811522505
"GUG",2.0766560018137143
"GUU",0.285456114710203
"UAC",0.5322691680688456
"UAU",0.7894962212650347
"UCA",0.3770097636954016
"UCC",0.5056547220902214
"UCG",0.786798623354568
"UCU",0.31040268012330235
"UGC",0.7062165565166785
"UGG",0.3537134986725851
"UGU",0.9781868473930886
"UUA",0.5769370129520234
"UUC",0.3431798148519939
"UUG",0.25279399317293455
"UUU",0.578174312351599
