"codon","average_decoding_time"
"AAA",0.4587768340585316
"AAC",0.32595484534702185
"AAG",0.2298428424654888
"AAU",0.5588021504233617
"ACA",0.35057677801472104
"ACC",0.44566131125795694
"ACG",0.6859745560323148
"ACU",0.22921805915437643
"AGA",0.1476272748125097
"AGC",1.3938984707633704
"AGG",0.30621508644101486
"AGU",1.7489101407322698
"AUA",0.44398471657239463
"AUC",0.4575028300228221
"AUG",0.553201305002026
"AUU",0.27769513530666673
"CAA",0.2997420649441624
"CAC",0.37073218616719383
"CAG",0.5743540657991324
"CAU",0.6086542699513473
"CCA",0.3118555952777559
"CCC",1.8111346924050025
"CCG",0.3875221740101649
"CCU",1.766107559230508
"CGA",0.48209296935694457
"CGC",0.5103230976827229
"CGG",2.079887533810372
"CGU",0.28241965042334444
"CUA",1.2382405899132427
"CUC",3.4231239380313525
"CUG",1.1654383928030545
"CUU",1.1602779453658438
"GAA",0.3035260196551314
"GAC",0.27961837342626533
"GAG",0.46490912096816356
"GAU",0.5073786349276133
"GCA",0.3268786883749143
"GCC",0.4816432028707359
"GCG",0.8522122174465968
"GCU",0.22561302252715532
"GGA",1.0239070833724837
"GGC",0.1713831436884205
"GGG",0.6815725768831156
"GGU",0.38676948773236874
"GUA",0.4053991612952041
"GUC",0.5005590598027849
"GUG",0.9976857009943724
"GUU",0.28593856222285136
"UAC",0.5316425078955436
"UAU",0.7903078333259203
"UCA",0.377485415497643
"UCC",0.5049573077644967
"UCG",0.7897758808821608
"UCU",0.30969837925852284
"UGC",0.7060682228498747
"UGG",0.3531301412013514
"UGU",0.9790352464743612
"UUA",0.5786342124629851
"UUC",0.34307690287106735
"UUG",0.2644279840258878
"UUU",0.5779688754653699
