"codon","average_decoding_time"
"AAA",0.4607098153661323
"AAC",0.3268359957385954
"AAG",0.22949503964433499
"AAU",0.5605993855219713
"ACA",0.35033463101664825
"ACC",0.4447729527604712
"ACG",0.6873729555176594
"ACU",0.23030330959766618
"AGA",0.1484169425643122
"AGC",1.3923173535586884
"AGG",1.802600532507021
"AGU",1.7410152306861812
"AUA",0.4443782984105202
"AUC",0.4568976852613345
"AUG",0.5511600934303479
"AUU",0.2780788586750409
"CAA",0.3000089381868968
"CAC",0.36853287314131994
"CAG",0.5732169921705221
"CAU",0.6090045577911924
"CCA",0.31241936714569707
"CCC",1.81166506272856
"CCG",0.3878717334542943
"CCU",1.761285276967404
"CGA",0.4829298852281009
"CGC",0.5104728996595133
"CGG",1.4030053258003168
"CGU",0.2815310163785296
"CUA",1.2369038497176166
"CUC",3.420519648805388
"CUG",1.1615996798469144
"CUU",1.1590734194426668
"GAA",0.3043798422751801
"GAC",0.2800514921042495
"GAG",0.46600831216030864
"GAU",0.5076389654850184
"GCA",0.3267445559581341
"GCC",0.48194983523147267
"GCG",0.8527249839180834
"GCU",0.22638788396378087
"GGA",1.0239217910858374
"GGC",0.1715569479327782
"GGG",0.6822773562716745
"GGU",0.3872669208812023
"GUA",0.405476992968162
"GUC",0.4986303139247268
"GUG",0.9978467834577456
"GUU",0.2853512591412033
"UAC",0.533076395984454
"UAU",0.7908146370339639
"UCA",0.3770852621258578
"UCC",0.5057428931192444
"UCG",0.7887820942462892
"UCU",0.31106022282796086
"UGC",0.7058011718383604
"UGG",0.35426622107972977
"UGU",0.982651708540066
"UUA",0.5791221519229531
"UUC",0.3428647156424228
"UUG",0.26466889392739534
"UUU",0.5788367571658719
