"codon","average_decoding_time"
"AAA",0.4594179836733393
"AAC",0.32598175035194527
"AAG",0.23000435646538103
"AAU",0.5607632443377939
"ACA",0.3500638710389371
"ACC",0.38294254263977695
"ACG",0.6876364062514853
"ACU",0.22898665910184213
"AGA",0.14811799368066875
"AGC",1.3912301258116484
"AGG",0.30713991551247377
"AGU",1.7427223081580374
"AUA",0.44428225292950124
"AUC",0.47177743138799105
"AUG",0.5519576960918169
"AUU",0.2772810259147349
"CAA",0.46475807425199483
"CAC",0.5336445043041399
"CAG",0.646058744144857
"CAU",0.7891258333780858
"CCA",0.31770941420579507
"CCC",2.1896156626699894
"CCG",0.4498182638610407
"CCU",1.7944831283634264
"CGA",0.510564196013208
"CGC",0.6325024452051421
"CGG",2.1979035326186698
"CGU",0.39278365256833464
"CUA",1.3721574537200363
"CUC",1.207439000796228
"CUG",1.4635110176735957
"CUU",1.2858245311679406
"GAA",0.303977745563684
"GAC",0.27912960645880697
"GAG",0.46555998464188636
"GAU",0.5088263298361342
"GCA",0.32529619349558636
"GCC",0.36986210238947204
"GCG",0.8534513740189025
"GCU",0.22574565316012193
"GGA",1.0224771042836422
"GGC",0.17128163370041125
"GGG",0.683492647158173
"GGU",0.3868890309072975
"GUA",0.4059816296266397
"GUC",0.5135067753589291
"GUG",0.9955061399689373
"GUU",0.2849271416806023
"UAC",0.5342541349369155
"UAU",0.7890401350372165
"UCA",0.37742380684561333
"UCC",0.5415327607180831
"UCG",0.7893461008262606
"UCU",0.3111830619997147
"UGC",0.7041794630699569
"UGG",0.3540482271769054
"UGU",0.9835935051589432
"UUA",0.578607426664424
"UUC",0.34275738172404774
"UUG",0.3282158954711545
"UUU",0.5776408431221434
