"codon","average_decoding_time"
"AAA",0.45962733429192604
"AAC",0.3272274603315273
"AAG",0.23011498634078323
"AAU",0.5603493288974131
"ACA",0.3510783563062217
"ACC",0.3827252453133465
"ACG",0.6868402161191824
"ACU",0.22976155197894263
"AGA",0.14774050322116639
"AGC",1.392258058618604
"AGG",0.3062848369052713
"AGU",1.7437795252304433
"AUA",0.44377600108338605
"AUC",0.47039259921459803
"AUG",0.5506222266116573
"AUU",0.2776221226986448
"CAA",0.4638404440768517
"CAC",0.533412592606312
"CAG",0.6462363269698089
"CAU",0.7895274410972736
"CCA",0.3171765120753323
"CCC",2.1818777944245067
"CCG",0.45001228795348647
"CCU",1.7945666597744097
"CGA",0.510800867410002
"CGC",0.6347137764512771
"CGG",2.198876764028266
"CGU",0.3938364158308466
"CUA",1.3704730841032475
"CUC",1.2072016303189308
"CUG",1.4643003995664658
"CUU",1.2920764398981732
"GAA",0.3048917037374436
"GAC",0.2796365629013767
"GAG",0.46557471364524877
"GAU",0.5086464799133721
"GCA",0.32603339166649375
"GCC",0.36981756515051617
"GCG",0.8539010512220263
"GCU",0.22607005857823165
"GGA",1.0222801779185762
"GGC",0.17157220264817039
"GGG",0.685184642288537
"GGU",0.3863133164735135
"GUA",0.40617385461914
"GUC",0.5138543522941493
"GUG",0.9972534604171054
"GUU",0.2851444243648944
"UAC",0.5323734936503703
"UAU",0.7894894752954873
"UCA",0.3770769092427702
"UCC",0.5420155652839244
"UCG",0.7876719338695402
"UCU",0.31251631001133345
"UGC",0.7079351384664724
"UGG",0.35391326937926726
"UGU",0.9813433678844903
"UUA",0.5776360285018424
"UUC",0.34348395729669967
"UUG",0.26442726153938356
"UUU",0.5793220179951212
