"codon","average_decoding_time"
"AAA",0.45956288606181234
"AAC",0.32651784227193953
"AAG",0.23057543812117548
"AAU",0.5595109442856064
"ACA",0.35047030108630006
"ACC",0.3819608509642228
"ACG",0.6867278051645217
"ACU",0.22969009994860204
"AGA",0.14836392130995216
"AGC",1.392169005230862
"AGG",0.3069009714457775
"AGU",1.7472919954271602
"AUA",0.4436165536597567
"AUC",0.47325835391902404
"AUG",0.5528339225070552
"AUU",0.27886651184619177
"CAA",0.4647567054854178
"CAC",0.534047403802372
"CAG",0.6441515820251374
"CAU",0.7893025156738328
"CCA",0.3163802376580269
"CCC",2.1904739319494873
"CCG",0.44869075184178725
"CCU",1.7899502663195133
"CGA",0.5101886413404906
"CGC",0.6344191819635616
"CGG",2.1923260139503844
"CGU",0.3938823999365438
"CUA",1.3679325201634707
"CUC",1.2055931334851828
"CUG",1.4635741453097952
"CUU",1.2883076955902353
"GAA",0.3038454333650028
"GAC",0.2786757613280139
"GAG",0.4658518088543121
"GAU",0.5066300708968715
"GCA",0.32606551122011973
"GCC",0.3699497913612573
"GCG",0.8528173099157152
"GCU",0.22610164653840364
"GGA",1.0235828390470791
"GGC",0.17166595041600177
"GGG",0.6842965299270486
"GGU",0.3864508265997827
"GUA",0.4049318210517685
"GUC",0.5129901432526273
"GUG",1.0005311240199517
"GUU",0.2853089250006713
"UAC",0.5347212909593613
"UAU",0.7893784616178515
"UCA",0.37825912470475687
"UCC",0.5411475357468675
"UCG",0.7858829977511077
"UCU",0.31068184406424
"UGC",0.7057033295875347
"UGG",0.3531424591586399
"UGU",0.9807572139624265
"UUA",0.5803797149506653
"UUC",0.3436498089453965
"UUG",0.3260501815956846
"UUU",0.5797377227516475
