"codon","average_decoding_time"
"AAA",0.45746125227199647
"AAC",0.32637461325046063
"AAG",0.23046927198327122
"AAU",0.5611741273752147
"ACA",0.3501181572631232
"ACC",0.38249772601819026
"ACG",0.6664493613494106
"ACU",0.22952961569525399
"AGA",0.1478874656310495
"AGC",1.3915736396549478
"AGG",0.3069900854726991
"AGU",1.7462790465151812
"AUA",0.44258712377404763
"AUC",0.4702394904275678
"AUG",0.5515130138181261
"AUU",0.2783619927262223
"CAA",0.46406781554774207
"CAC",0.5322758877659595
"CAG",0.6442493366468975
"CAU",0.7896079114263228
"CCA",0.31760240438303694
"CCC",2.185542519988451
"CCG",0.5053243217686563
"CCU",1.7889776105733572
"CGA",0.5095661888281827
"CGC",0.6315891350266317
"CGG",2.203288334707283
"CGU",0.3913617664721341
"CUA",1.3691257026157324
"CUC",1.20666596009743
"CUG",1.4610413178683412
"CUU",1.2942874855262911
"GAA",0.2721745532467916
"GAC",0.27865895050786604
"GAG",0.4349481729906165
"GAU",0.507180753127368
"GCA",0.32334131729143983
"GCC",0.3504039705162496
"GCG",0.7104838541979983
"GCU",0.20823137753149182
"GGA",0.8270528566744663
"GGC",0.14857522003969661
"GGG",0.6323036962582866
"GGU",0.3616405245556455
"GUA",0.32347668816030906
"GUC",0.43262993840152425
"GUG",0.8606092053953869
"GUU",0.21261280736547383
"UAC",0.5329177015440998
"UAU",0.7899245213674543
"UCA",0.37646550299082043
"UCC",0.5414834147305342
"UCG",0.7884372387125392
"UCU",0.3100640892137155
"UGC",0.7061113308031398
"UGG",0.35242804522579885
"UGU",0.9841406497442065
"UUA",0.5781707822739152
"UUC",0.3429498844721678
"UUG",0.26439852240877754
"UUU",0.579221588531939
