"codon","average_decoding_time"
"AAA",0.45915935685443565
"AAC",0.32600709631240526
"AAG",0.2292430384053773
"AAU",0.5600517896596656
"ACA",0.3496720442673843
"ACC",0.445388583160949
"ACG",0.6885054035602433
"ACU",0.23044032560263814
"AGA",0.1483039050082482
"AGC",1.393680179825216
"AGG",0.3074519353509661
"AGU",1.741192505565302
"AUA",0.44299815607721976
"AUC",0.4576750842035785
"AUG",0.5495278288573053
"AUU",0.2780980626266638
"CAA",0.3005848399795007
"CAC",0.36990022115853294
"CAG",0.5722548749138265
"CAU",0.6065393596847776
"CCA",0.3128445955950843
"CCC",1.814187558326961
"CCG",0.38855409882143416
"CCU",1.7703806529545225
"CGA",0.4814098196248963
"CGC",0.5113609455003285
"CGG",2.0850045746804837
"CGU",0.2824885348634229
"CUA",1.2334721081558375
"CUC",3.412134246370005
"CUG",1.1632267440183814
"CUU",1.156880757624852
"GAA",0.3026413012138916
"GAC",0.2790230913709469
"GAG",0.4659930910200163
"GAU",0.5075809990087325
"GCA",0.32581643832690305
"GCC",0.4805428670888999
"GCG",0.8520201193343717
"GCU",0.22573286008503293
"GGA",1.0245080693034783
"GGC",0.1719097102811999
"GGG",0.6848348126239875
"GGU",0.38662904282194444
"GUA",0.4054390983979117
"GUC",0.5001780999477904
"GUG",0.9989271289843563
"GUU",0.2846844250552924
"UAC",0.5324364666582255
"UAU",0.7881325160960512
"UCA",0.3780198329745436
"UCC",0.505388466084894
"UCG",0.7861569976660319
"UCU",0.3112018814952619
"UGC",0.7048861814389438
"UGG",0.35271628831823415
"UGU",0.9796759562851931
"UUA",0.5787269483297143
"UUC",0.34296958516846787
"UUG",0.3265518230183241
"UUU",0.5776123025378589
