"codon","average_decoding_time"
"AAA",0.45879164238702846
"AAC",0.3267399205771597
"AAG",0.22960840817672112
"AAU",0.5616854039385835
"ACA",0.35022853225203715
"ACC",0.38320808352977825
"ACG",0.6871172549895609
"ACU",0.22990639030390886
"AGA",0.1477239303983962
"AGC",1.385413284337062
"AGG",1.8057402196039407
"AGU",1.7422712288668714
"AUA",0.44341563114263255
"AUC",0.4716390659169555
"AUG",0.5247175354524203
"AUU",0.27734190101000133
"CAA",0.4650451449616427
"CAC",0.5315567106410519
"CAG",0.6419025641381625
"CAU",0.7893400130259215
"CCA",0.3174015002937358
"CCC",2.190164940242638
"CCG",0.4495541858803588
"CCU",1.7970514447990467
"CGA",0.5090294277137349
"CGC",0.6324137862723521
"CGG",2.1905517461296378
"CGU",0.3931984918776356
"CUA",1.3695631351112847
"CUC",1.2088924887699959
"CUG",1.396454383811643
"CUU",1.2929839705358768
"GAA",0.30319373281367445
"GAC",0.2798159350522111
"GAG",0.4654289731012636
"GAU",0.5070930099554578
"GCA",0.3270256249102952
"GCC",0.36970396182766646
"GCG",0.8544202533200546
"GCU",0.22552457035534404
"GGA",1.027870697271956
"GGC",0.17160629437198474
"GGG",0.682123617189651
"GGU",0.3860187889258525
"GUA",0.4060859860388875
"GUC",0.5133157823650765
"GUG",2.0701061640156775
"GUU",0.2856036759435695
"UAC",0.5342689475180602
"UAU",0.788935196049576
"UCA",0.37820828955219055
"UCC",0.5415916715223115
"UCG",0.7872719801244079
"UCU",0.3115947249788858
"UGC",0.7036516660275698
"UGG",0.3525159120883268
"UGU",0.9849900612043828
"UUA",0.5767898664872528
"UUC",0.3434798515655486
"UUG",0.252231878164723
"UUU",0.5786085182170025
