"codon","average_decoding_time"
"AAA",0.4600210050301441
"AAC",0.3276775555926812
"AAG",0.22946707829121457
"AAU",0.5596281133095095
"ACA",0.3510705923423796
"ACC",0.4452763441963582
"ACG",0.6886919520459627
"ACU",0.2293699120288313
"AGA",0.1482049369360648
"AGC",1.391507206702805
"AGG",0.3063667214917307
"AGU",1.7473891056364645
"AUA",0.44412767923898444
"AUC",0.45673805227435865
"AUG",0.5504652206301905
"AUU",0.2791076089289622
"CAA",0.2987225262813098
"CAC",0.37120544584436505
"CAG",0.5730137551681342
"CAU",0.6079815848058329
"CCA",0.3113520222839984
"CCC",1.8114496191956038
"CCG",0.387494658215687
"CCU",1.7608950695958792
"CGA",0.4816197601843697
"CGC",0.510639450230466
"CGG",2.0859255732009188
"CGU",0.2821273233058859
"CUA",1.238886748416387
"CUC",3.3952614774868195
"CUG",1.1604856889237791
"CUU",1.159735331218016
"GAA",0.3031329605584927
"GAC",0.2801409349907355
"GAG",0.46466067689598084
"GAU",0.5073820073792216
"GCA",0.3265947852582057
"GCC",0.4815619548151706
"GCG",0.8544344654381401
"GCU",0.22522165490207874
"GGA",1.0263252508537202
"GGC",0.1710460486015192
"GGG",0.6818400826246864
"GGU",0.3860716760915091
"GUA",0.4052706939913871
"GUC",0.4990359082471457
"GUG",0.9957404483846831
"GUU",0.28568862100064585
"UAC",0.53066916820276
"UAU",0.7880446595345317
"UCA",0.3775619930539263
"UCC",0.5052598381703217
"UCG",0.7866270779921721
"UCU",0.3106743431603889
"UGC",0.7060860600163662
"UGG",0.3534893828541101
"UGU",0.982238130491116
"UUA",0.5783339039359356
"UUC",0.34344209915814844
"UUG",0.2636746259561095
"UUU",0.576260429994187
