"codon","average_decoding_time"
"AAA",0.4588067351789238
"AAC",0.3267390551963207
"AAG",0.22967266766285693
"AAU",0.5594831173993678
"ACA",0.34927954035169345
"ACC",0.4453263325856031
"ACG",0.6871240858706857
"ACU",0.2291237835301018
"AGA",0.147976651350648
"AGC",1.3898365582516574
"AGG",1.8020802958952775
"AGU",1.745546648636857
"AUA",0.44389212718763105
"AUC",0.4570501180133932
"AUG",0.549219949442035
"AUU",0.2772081703800881
"CAA",0.29940370791714854
"CAC",0.369829677732532
"CAG",0.5731010236950411
"CAU",0.6075033169715374
"CCA",0.31167669352080263
"CCC",1.8072108274781138
"CCG",0.387541874102308
"CCU",1.7652782583320439
"CGA",0.481629017387039
"CGC",0.510046666652678
"CGG",1.4030304917484089
"CGU",0.2822347602623619
"CUA",1.236822525505149
"CUC",3.4166376232051427
"CUG",1.1170782667193913
"CUU",1.158389667119678
"GAA",0.30391624315043725
"GAC",0.28049816273526523
"GAG",0.4656670938981566
"GAU",0.5074564947358344
"GCA",0.3264588235187307
"GCC",0.48102535631312326
"GCG",0.8550072447783189
"GCU",0.22587948871626484
"GGA",1.0261643577397142
"GGC",0.17148224997997688
"GGG",0.6837267423553849
"GGU",0.38624814006888497
"GUA",0.40532302373512025
"GUC",0.4989457870563948
"GUG",0.9972692117962119
"GUU",0.28445044436943656
"UAC",0.532755009333745
"UAU",0.7865761504934659
"UCA",0.37749785968905
"UCC",0.5066105440392078
"UCG",0.7881411449875572
"UCU",0.3113367301888507
"UGC",0.7050935272707005
"UGG",0.3536795112555836
"UGU",0.9810931919331131
"UUA",0.5790813675805977
"UUC",0.3428726587182524
"UUG",0.26441285349445187
"UUU",0.5764141201520387
