"codon","average_decoding_time"
"AAA",0.45875255112912466
"AAC",0.32685383535945045
"AAG",0.22948917299173927
"AAU",0.560416813710294
"ACA",0.3500229436464548
"ACC",0.4464709788471152
"ACG",0.6889596769993019
"ACU",0.22960794097641773
"AGA",0.14782755747819423
"AGC",1.395121311617235
"AGG",0.30737643222949323
"AGU",1.746253529695281
"AUA",0.4434839383774942
"AUC",0.45731955316339384
"AUG",0.5516726646880197
"AUU",0.27852735918258514
"CAA",0.2990311470708601
"CAC",0.3688999346427795
"CAG",0.5718267876977999
"CAU",0.608641496241234
"CCA",0.31255654007482664
"CCC",1.8109420214644625
"CCG",0.3877042385350811
"CCU",1.7672471772944105
"CGA",0.48141349716386483
"CGC",0.5110051830789744
"CGG",2.0749676515754594
"CGU",0.2825975072013181
"CUA",1.2381268000584589
"CUC",3.4074087099317785
"CUG",1.1599775977339044
"CUU",1.1588403705063022
"GAA",0.30505029380024695
"GAC",0.2789234107024962
"GAG",0.4657822336821036
"GAU",0.5075710243209577
"GCA",0.32645187703284084
"GCC",0.4818705293762039
"GCG",0.852957932776952
"GCU",0.22586077263149118
"GGA",1.027343228904692
"GGC",0.17139389486245515
"GGG",0.6841542898807825
"GGU",0.3859620694236079
"GUA",0.40486063697460023
"GUC",0.4983815335982979
"GUG",0.9960495572363862
"GUU",0.28412593089562516
"UAC",0.5328599018903677
"UAU",0.7889277124895738
"UCA",0.3781612684543082
"UCC",0.5047262056615708
"UCG",0.7892231380883687
"UCU",0.31039777342260017
"UGC",0.7033645691192835
"UGG",0.35407283352832036
"UGU",0.9830608733538645
"UUA",0.578473111973029
"UUC",0.34308107242548314
"UUG",0.26439159654502786
"UUU",0.5763454626500569
