"codon","average_decoding_time"
"AAA",0.45832597209570086
"AAC",0.32577263352725666
"AAG",0.23033647321907086
"AAU",0.5603980058295994
"ACA",0.3493355055346119
"ACC",0.38271050097193804
"ACG",0.5799164406951467
"ACU",0.22877338969797179
"AGA",0.14786792359170345
"AGC",1.3937819722106928
"AGG",0.2924379176184285
"AGU",1.7513268897147194
"AUA",0.4444842628996118
"AUC",0.4702599572381262
"AUG",0.5232582366422588
"AUU",0.2780424205775206
"CAA",0.46456119204642365
"CAC",0.5335687628083103
"CAG",0.6450536277778295
"CAU",0.7889374301317807
"CCA",0.31661315623465114
"CCC",2.190934091546576
"CCG",1.8381515982325367
"CCU",1.7960451119860288
"CGA",0.5104655433209405
"CGC",0.6336970404026608
"CGG",2.0288610467941726
"CGU",0.39283360160073016
"CUA",1.3665623176865596
"CUC",1.2053733307969121
"CUG",1.4019889500399645
"CUU",1.2893003302354846
"GAA",0.3041400823031632
"GAC",0.28018581397271247
"GAG",0.46585028288294417
"GAU",0.5059950249242382
"GCA",0.32621859872595527
"GCC",0.3685059914518841
"GCG",0.743793176892936
"GCU",0.22595583181453746
"GGA",1.024288597341482
"GGC",0.171097255647844
"GGG",1.3669978955089028
"GGU",0.3865128878049752
"GUA",0.4061552781473562
"GUC",0.5137258381792968
"GUG",2.0763876091851126
"GUU",0.2851228948943408
"UAC",0.5339507482594099
"UAU",0.7877819425414824
"UCA",0.3779951223908325
"UCC",0.5418108333261981
"UCG",2.924484826453513
"UCU",0.31053089287619823
"UGC",0.7034742281959647
"UGG",0.3235901873360467
"UGU",0.9795018357432174
"UUA",0.5782980748986971
"UUC",0.3440510567450346
"UUG",0.25307489584382614
"UUU",0.5778794964450787
