"codon","average_decoding_time"
"AAA",0.46012126011644666
"AAC",0.32612661039535934
"AAG",0.2299034599471533
"AAU",0.5591220221623701
"ACA",0.3508556207363486
"ACC",0.38145188230683835
"ACG",0.6870969496214456
"ACU",0.22993300942276848
"AGA",0.14816086167494713
"AGC",1.3969738686188389
"AGG",0.30683783090380684
"AGU",1.7451390497193056
"AUA",0.4434711813509477
"AUC",0.4719063918881553
"AUG",0.5508511538736159
"AUU",0.2783006546602731
"CAA",0.46487191100977215
"CAC",0.5332241937125851
"CAG",0.6455047635238682
"CAU",0.789489776958632
"CCA",0.31677088335215486
"CCC",2.189146844438061
"CCG",0.45029441009113563
"CCU",1.7913355259412245
"CGA",0.5105652011394133
"CGC",0.6312872614056201
"CGG",2.194226927192791
"CGU",0.393766584043577
"CUA",1.3741301914909314
"CUC",1.2082932114933131
"CUG",1.4628084422654595
"CUU",1.2909858233103093
"GAA",0.3044245394197815
"GAC",0.27956492448138265
"GAG",0.4655611632677475
"GAU",0.5063494811524125
"GCA",0.32593874171496034
"GCC",0.3697960921818334
"GCG",0.8518912541283152
"GCU",0.2261204439226013
"GGA",1.0241053663207027
"GGC",0.1714314257191391
"GGG",0.6826815391068504
"GGU",0.38617112940720383
"GUA",0.40533273569527783
"GUC",0.5132500129660481
"GUG",0.9960915491066555
"GUU",0.2853697331810502
"UAC",0.5321981188975357
"UAU",0.7901616946543322
"UCA",0.3774635874605366
"UCC",0.542144598109215
"UCG",0.7875851401343982
"UCU",0.30962310702528295
"UGC",0.7019006577813216
"UGG",0.35485191535310584
"UGU",0.9833759889627803
"UUA",0.5792770573325882
"UUC",0.34258108981186297
"UUG",0.26412696875788494
"UUU",0.5787376797112199
