"codon","average_decoding_time"
"AAA",0.45932967655348755
"AAC",0.32636858653953144
"AAG",0.2296533941940663
"AAU",0.5604658516706904
"ACA",0.3495611901076536
"ACC",0.38210288147722393
"ACG",0.6859044908886615
"ACU",0.2291713587092839
"AGA",0.14785858218675954
"AGC",1.3912870109991478
"AGG",0.30702159275632096
"AGU",1.7453654145733113
"AUA",0.4429916252011302
"AUC",0.47112346262320276
"AUG",0.5522523485824486
"AUU",0.2779153064666387
"CAA",0.464262571995263
"CAC",0.5348136552634944
"CAG",0.6443039286265553
"CAU",0.7906130281254217
"CCA",0.31622002502812985
"CCC",2.1880672430342365
"CCG",0.44944304735925444
"CCU",1.7959693337740175
"CGA",0.5099642901428668
"CGC",0.6351747503162827
"CGG",2.2048914371363386
"CGU",0.39212098143636354
"CUA",1.3715635431363329
"CUC",1.2093387800978064
"CUG",1.4683991518816526
"CUU",1.2916522432624415
"GAA",0.304313056258446
"GAC",0.2787865580093958
"GAG",0.46623849117421334
"GAU",0.5067457241477797
"GCA",0.32644888154974294
"GCC",0.3691539832103435
"GCG",0.8544971566201129
"GCU",0.22622732226409795
"GGA",1.0200746861732488
"GGC",0.1713321593814814
"GGG",0.6826653816960636
"GGU",0.38605366325837254
"GUA",0.4056226514786039
"GUC",0.5140487969009293
"GUG",1.0000713979706801
"GUU",0.2859811831299749
"UAC",0.5335785099805951
"UAU",0.7881635986861207
"UCA",0.37632770084128586
"UCC",0.5414800019656548
"UCG",0.7874097432237152
"UCU",0.3099788974693663
"UGC",0.7038508610549077
"UGG",0.3530263968744734
"UGU",0.9836643118438241
"UUA",0.5790944695045951
"UUC",0.34320906451002975
"UUG",0.26437688207323684
"UUU",0.5794355714139309
