"codon","average_decoding_time"
"AAA",0.4603856118421192
"AAC",0.3271911748074007
"AAG",0.23053255141713633
"AAU",0.5600680481746767
"ACA",0.35045095475600424
"ACC",0.44543718059240645
"ACG",0.6861795376163867
"ACU",0.2292603339085299
"AGA",0.14831622195588265
"AGC",1.393251422722539
"AGG",0.3073452607063532
"AGU",1.7380848234930864
"AUA",0.4440824863110891
"AUC",0.45689327229286514
"AUG",0.553090864628994
"AUU",0.2789601421340259
"CAA",0.30009209666783787
"CAC",0.36898082479078254
"CAG",0.5730687369927492
"CAU",0.60760644254563
"CCA",0.3123097709134241
"CCC",1.809568868335043
"CCG",0.3879163082192809
"CCU",1.7684184651181363
"CGA",0.48157508768329593
"CGC",0.5104882758485787
"CGG",2.085029811756473
"CGU",0.2821080560788635
"CUA",1.2344631953528031
"CUC",3.409144031685932
"CUG",1.1607713788422689
"CUU",1.1610097103043309
"GAA",0.3042304958137106
"GAC",0.27960541391754623
"GAG",0.46541375401203394
"GAU",0.5063010693926027
"GCA",0.32750473563482374
"GCC",0.4816533884010732
"GCG",0.8542730173063765
"GCU",0.22566932101986661
"GGA",1.022724445999571
"GGC",0.17130121300547235
"GGG",0.683076642296825
"GGU",0.3865874044803185
"GUA",0.4042611159061993
"GUC",0.4993305018819261
"GUG",0.9944361410577334
"GUU",0.2850446029982705
"UAC",0.5322335874717234
"UAU",0.7891410179900649
"UCA",0.37765341168350564
"UCC",0.5068240982579247
"UCG",0.7906100119549253
"UCU",0.31047443492914373
"UGC",0.7072349286259615
"UGG",0.35308702412313375
"UGU",0.9789383976034892
"UUA",0.5808019096026603
"UUC",0.34156192420923853
"UUG",0.2638886730548057
"UUU",0.5803224883790169
