"codon","average_decoding_time"
"AAA",0.4592117918952263
"AAC",0.3265664858120376
"AAG",0.23068430211347526
"AAU",0.5602691886179273
"ACA",0.35048480037231844
"ACC",0.3828861300372552
"ACG",0.6851400147035803
"ACU",0.22927736746931512
"AGA",0.14785774685930272
"AGC",1.3902466030304268
"AGG",0.3073597236617421
"AGU",1.7449544434939444
"AUA",0.4439022171388182
"AUC",0.4710338202977189
"AUG",0.5510116269397431
"AUU",0.27856797148492773
"CAA",0.4637904186567605
"CAC",0.5341157279766898
"CAG",0.6441648865357126
"CAU",0.7890597009812661
"CCA",0.3171249587058237
"CCC",2.189658744260946
"CCG",0.4488247931788919
"CCU",1.7928158234167946
"CGA",0.511307093703737
"CGC",0.6319978913590935
"CGG",2.2013092630589264
"CGU",0.39367550136130125
"CUA",1.3705671298260305
"CUC",1.2062919278936934
"CUG",1.4659264947634794
"CUU",1.2923679796966094
"GAA",0.30391186867381004
"GAC",0.2790739973019701
"GAG",0.4653660032035263
"GAU",0.5067090019378778
"GCA",0.32641115132674
"GCC",0.36931315179432095
"GCG",0.8535749382917829
"GCU",0.22630293979332458
"GGA",1.0242741537571034
"GGC",0.17121446437768126
"GGG",0.6831715377088385
"GGU",0.38607872006586186
"GUA",0.40489158210540616
"GUC",0.5138270546179353
"GUG",0.9981848840415084
"GUU",0.2852818830184304
"UAC",0.533547916671805
"UAU",0.7883643246952664
"UCA",0.37790971020727576
"UCC",0.5421795303972067
"UCG",0.7887664361107589
"UCU",0.3101993612313651
"UGC",0.7045113839526089
"UGG",0.3533343232166383
"UGU",0.981652053089391
"UUA",0.5789084970210159
"UUC",0.34317572772114785
"UUG",0.2638502808722385
"UUU",0.5775652714825688
