"codon","average_decoding_time"
"AAA",0.45949531979088354
"AAC",0.3260268213848455
"AAG",0.23030979169875737
"AAU",0.5585170283025298
"ACA",0.3500156950857158
"ACC",0.4444674677198736
"ACG",0.6890470829163287
"ACU",0.22421868130456526
"AGA",0.14801148829799132
"AGC",1.392431348295085
"AGG",0.3069681242997962
"AGU",1.746571104038784
"AUA",0.44507996896300467
"AUC",0.45731888881990024
"AUG",0.5500005713678888
"AUU",0.26553544797280665
"CAA",0.2991989570306428
"CAC",0.36979844410348334
"CAG",0.571058525691516
"CAU",0.6073736731696359
"CCA",0.31253780535332454
"CCC",1.8108563743860817
"CCG",0.3885820904670853
"CCU",1.4515932213450715
"CGA",0.4821266559600675
"CGC",0.5096253147045267
"CGG",2.0918957334507677
"CGU",0.2817586977908694
"CUA",1.2357810776822569
"CUC",3.4000285687699927
"CUG",1.1627383558074695
"CUU",3.960136119918748
"GAA",0.30368098664446
"GAC",0.27984162349929737
"GAG",0.4655401705053115
"GAU",0.5076843172224043
"GCA",0.3266305198087219
"GCC",0.48145593383076885
"GCG",0.8527262689967825
"GCU",0.25677036641800655
"GGA",1.0232349230365432
"GGC",0.17112318659679682
"GGG",0.6844680094385678
"GGU",0.38650743404323734
"GUA",0.40591935074955665
"GUC",0.4984326575052837
"GUG",0.9958881812958987
"GUU",0.2720300229731149
"UAC",0.3696581247751463
"UAU",0.6073662940926625
"UCA",0.3729014208591784
"UCC",0.469271474958906
"UCG",0.646699508185176
"UCU",0.24499646906122002
"UGC",0.5132478775639393
"UGG",0.3332949256743855
"UGU",0.7656409385565409
"UUA",0.5185297711498581
"UUC",0.2999685397684895
"UUG",0.21139501348219908
"UUU",0.5285577049394989
