"codon","average_decoding_time"
"AAA",0.45900839517178044
"AAC",0.32705389823380937
"AAG",0.2305302652276707
"AAU",0.5585892230086894
"ACA",0.3501208097145106
"ACC",0.3821524491190286
"ACG",0.685361064046202
"ACU",0.2290002873268324
"AGA",0.14829872199276478
"AGC",1.4038298174989028
"AGG",0.3067216376263216
"AGU",1.7491650631133413
"AUA",0.44248042132911963
"AUC",0.47284535824226626
"AUG",0.5499647017454318
"AUU",0.2780501428980978
"CAA",0.46530368935023825
"CAC",0.532423051494859
"CAG",0.6451111003562678
"CAU",0.7886775821919167
"CCA",0.3171300844953449
"CCC",2.1877563702120044
"CCG",0.4484290574725962
"CCU",1.797405330470472
"CGA",0.5094548658200961
"CGC",0.6351530670999006
"CGG",2.207254208264245
"CGU",0.3925293028309926
"CUA",1.369178088465444
"CUC",1.209319529141416
"CUG",1.4663676692648462
"CUU",1.2895812496365844
"GAA",0.30368584060086024
"GAC",0.27930447074464293
"GAG",0.4655146645632694
"GAU",0.5059613031863193
"GCA",0.32498677890064626
"GCC",0.3691385568314627
"GCG",0.8530631953733726
"GCU",0.22596603918946712
"GGA",1.0242628104527196
"GGC",0.17137363892541688
"GGG",0.682488925705303
"GGU",0.38700480193776776
"GUA",0.40512930000121805
"GUC",0.5130683498618699
"GUG",0.994108094051106
"GUU",0.28458006073568093
"UAC",0.5334077461758044
"UAU",0.7903647704127403
"UCA",0.3777508817635275
"UCC",0.5414087359501878
"UCG",0.7896444758861291
"UCU",0.3107141051892008
"UGC",0.7064607765340828
"UGG",0.3528382123809612
"UGU",0.9790373680845784
"UUA",0.5781794906237739
"UUC",0.3434582934763429
"UUG",0.2645090732675501
"UUU",0.5778617672303329
