"codon","average_decoding_time"
"AAA",0.4587977078283164
"AAC",0.32607910984827376
"AAG",0.22959442848931416
"AAU",0.5595378257323211
"ACA",0.3502081008289606
"ACC",0.44514641513585695
"ACG",0.5783141132692965
"ACU",0.22933966187314125
"AGA",0.14804881292564773
"AGC",1.3907320941201682
"AGG",0.2921559735131795
"AGU",1.7450504465758412
"AUA",0.44420655293532607
"AUC",0.4574487859127555
"AUG",0.5508011452082301
"AUU",0.27861571922106215
"CAA",0.2994762136693577
"CAC",0.36969553905422425
"CAG",0.5728396291144562
"CAU",0.6080006352531863
"CCA",0.31176729112493107
"CCC",1.8083691753264606
"CCG",1.4911470458036848
"CCU",1.7717817986840354
"CGA",0.48148584291162144
"CGC",0.5098869196620688
"CGG",1.9138160707385679
"CGU",0.2814014514009788
"CUA",1.2359388171235766
"CUC",3.4100074876194064
"CUG",1.1645676729965935
"CUU",1.1620406954085214
"GAA",0.30443580629737454
"GAC",0.2789839157996027
"GAG",0.46427692688223904
"GAU",0.5056335034958661
"GCA",0.3264815399402414
"GCC",0.4820341404221775
"GCG",0.744873778247317
"GCU",0.22606160041940496
"GGA",1.0225475810332205
"GGC",0.17172291604400877
"GGG",1.3622160154057796
"GGU",0.3874044426212115
"GUA",0.404836005477907
"GUC",0.4991690719669743
"GUG",0.9945880279725449
"GUU",0.2852045729655641
"UAC",0.5320240235725765
"UAU",0.7882435413885217
"UCA",0.3775898181240886
"UCC",0.5052846360093597
"UCG",2.9165329777354607
"UCU",0.3106686266863338
"UGC",0.7060195722078748
"UGG",0.32387410545035533
"UGU",0.9788146964529015
"UUA",0.5774147845123037
"UUC",0.34301397050045945
"UUG",0.32621829180493145
"UUU",0.5786366213512963
