"codon","average_decoding_time"
"AAA",0.4585316445373439
"AAC",0.3265584789847948
"AAG",0.23005679374531987
"AAU",0.5600284048898938
"ACA",0.35016505523847363
"ACC",0.3825974494759182
"ACG",0.6869978160590003
"ACU",0.22891999564718546
"AGA",0.14825452624152707
"AGC",1.391732206726934
"AGG",0.30730417420394823
"AGU",1.7467383117216353
"AUA",0.4437607347640714
"AUC",0.47141703216602715
"AUG",0.5515683904967101
"AUU",0.2785968328363096
"CAA",0.4637686177624019
"CAC",0.5336905445014049
"CAG",0.6456297601768206
"CAU",0.7882094779955354
"CCA",0.3173527333493967
"CCC",2.1924121496981437
"CCG",0.4496001698351495
"CCU",1.7919210102504768
"CGA",0.5098178539815156
"CGC",0.6328984836413515
"CGG",2.19785634473951
"CGU",0.3932161458885209
"CUA",1.3685213038339736
"CUC",1.207569479888595
"CUG",1.4642457310199337
"CUU",1.2910934952180133
"GAA",0.30481547933530967
"GAC",0.2789908228721924
"GAG",0.46555216216556095
"GAU",0.5069795302287837
"GCA",0.32629546174375845
"GCC",0.3698779971052029
"GCG",0.853091461218563
"GCU",0.22665683556977867
"GGA",1.0244114493476493
"GGC",0.1712008491388251
"GGG",0.6834654742126604
"GGU",0.3866224878976855
"GUA",0.40552651470009554
"GUC",0.5133344820525817
"GUG",0.9966300468691272
"GUU",0.2851485147845045
"UAC",0.5291226283998087
"UAU",0.7886311997181409
"UCA",0.3770303511640706
"UCC",0.5401089934071905
"UCG",0.7877655122071019
"UCU",0.3117865496033953
"UGC",0.7056347430249258
"UGG",0.354131413743844
"UGU",0.9801674426993573
"UUA",0.5785484437956567
"UUC",0.34396910374760975
"UUG",0.2638145212020505
"UUU",0.5778662425982286
