"codon","average_decoding_time"
"AAA",0.4583645196064654
"AAC",0.3266892469230457
"AAG",0.23059161588671073
"AAU",0.5600135076296205
"ACA",0.3502710781888552
"ACC",0.3826761207167717
"ACG",0.6876628143965458
"ACU",0.22971201432170463
"AGA",0.14806546636812998
"AGC",1.3932475889126308
"AGG",0.30651583689456885
"AGU",1.7476635381002015
"AUA",0.4430154286769606
"AUC",0.47139628542417833
"AUG",0.5522064814527058
"AUU",0.2781923073302623
"CAA",0.4633700598132747
"CAC",0.5333002104825365
"CAG",0.6435832932220575
"CAU",0.7924410196062306
"CCA",0.3168278907670947
"CCC",2.1838039525670485
"CCG",0.449077157678278
"CCU",1.7954193889806145
"CGA",0.5093418839763973
"CGC",0.6321561308002711
"CGG",2.2032660223340854
"CGU",0.39324565114341514
"CUA",1.3666002697542703
"CUC",1.2044506386770273
"CUG",1.4650416380119426
"CUU",1.290648230066627
"GAA",0.3043095849166323
"GAC",0.27975204458003233
"GAG",0.4657792448419706
"GAU",0.5080390594026816
"GCA",0.326957935174021
"GCC",0.3700718964110201
"GCG",0.8533691687946993
"GCU",0.22607215501974323
"GGA",1.0259893702809064
"GGC",0.17117946710064985
"GGG",0.6825205921872217
"GGU",0.38661862197349234
"GUA",0.40534541004486113
"GUC",0.5130326506265781
"GUG",0.9959865939473326
"GUU",0.2848748030825544
"UAC",0.5329692171898142
"UAU",0.7882964487113545
"UCA",0.37799414083486294
"UCC",0.5416851705706489
"UCG",0.7886559989119675
"UCU",0.31014167877589294
"UGC",0.7041637637658142
"UGG",0.3538939912481442
"UGU",0.9823996557836968
"UUA",0.5798411512900349
"UUC",0.34393933988062025
"UUG",0.2637103300023302
"UUU",0.5794948135503277
