"codon","average_decoding_time"
"AAA",0.46008856711508184
"AAC",0.3262781216360292
"AAG",0.1613180458433464
"AAU",0.5618350216645748
"ACA",0.35010525846496937
"ACC",0.4453034904395371
"ACG",0.5801852573158609
"ACU",0.23040522199987531
"AGA",0.14833529946156573
"AGC",1.3923061874409313
"AGG",0.2915846834488056
"AGU",1.748660319746152
"AUA",0.4440280357778734
"AUC",0.45748069074874065
"AUG",0.550982358595564
"AUU",0.27808308477238625
"CAA",0.3003301834712874
"CAC",0.3703195568771466
"CAG",2.426126824834551
"CAU",0.6069144466929375
"CCA",0.31209818979645704
"CCC",1.8098080911315702
"CCG",1.4887603927782451
"CCU",1.7656727087589952
"CGA",0.4820201552511152
"CGC",0.5102713661154107
"CGG",1.9198064818546032
"CGU",0.2822868390805384
"CUA",1.2299555061730438
"CUC",3.4096106524385035
"CUG",1.161802650209688
"CUU",1.1608674116616517
"GAA",0.30309314828767686
"GAC",0.2795752324155125
"GAG",2.1601450934251893
"GAU",0.5072971961647212
"GCA",0.32619085147890414
"GCC",0.4814668224659582
"GCG",0.7457521134545048
"GCU",0.22531498826834412
"GGA",1.024098488433448
"GGC",0.17171040959118392
"GGG",1.3653669083259146
"GGU",0.3871644022303263
"GUA",0.4046158092642427
"GUC",0.5000363451244657
"GUG",0.9971407904467771
"GUU",0.2852329791880722
"UAC",0.533322845638602
"UAU",0.7891279696884707
"UCA",0.37701520386534687
"UCC",0.5057175699091074
"UCG",2.9130978832262855
"UCU",0.3104765419193579
"UGC",0.70691854532507
"UGG",0.3227723642083529
"UGU",0.9783896176291758
"UUA",0.5782881889243882
"UUC",0.3432271313617322
"UUG",0.26436214844140726
"UUU",0.5775400882807985
