"codon","average_decoding_time"
"AAA",0.4597142604819367
"AAC",0.3270588966853602
"AAG",0.22982416167461114
"AAU",0.5588377893128705
"ACA",0.34923679072669556
"ACC",0.4452298326286569
"ACG",0.6862358958077414
"ACU",0.23005756161687696
"AGA",0.14781870414227108
"AGC",1.3929513345631395
"AGG",0.30750191490252715
"AGU",1.7481114811745038
"AUA",0.4440310903243793
"AUC",0.457290049728501
"AUG",0.5206699263073179
"AUU",0.2775996892494638
"CAA",0.29900297991206076
"CAC",0.3705212356608102
"CAG",0.5734285882869673
"CAU",0.6088080614682949
"CCA",0.3117638587009758
"CCC",1.8051553286810642
"CCG",0.38841253407758697
"CCU",1.7669231949934467
"CGA",0.4817862835769041
"CGC",0.5095216638421476
"CGG",2.0866969075560045
"CGU",0.2818584976585678
"CUA",1.2329044788582428
"CUC",3.401754017933622
"CUG",1.09744520520898
"CUU",1.1607572431532998
"GAA",0.3031808314053759
"GAC",0.2789914791345552
"GAG",0.464817410177564
"GAU",0.5055159406435368
"GCA",0.3266527088286529
"GCC",0.48189216811260716
"GCG",0.8531683497499033
"GCU",0.22564918059336783
"GGA",1.0235020691832268
"GGC",0.17102583048818154
"GGG",0.6838693728607765
"GGU",0.3865582879070907
"GUA",0.4067200064368189
"GUC",0.4988481377033879
"GUG",2.0775757223579494
"GUU",0.2844780870930435
"UAC",0.5316357436342896
"UAU",0.7896153824822688
"UCA",0.3767458821054099
"UCC",0.5054688248668304
"UCG",0.7893764732323919
"UCU",0.3104932409193488
"UGC",0.703229096416358
"UGG",0.3532468984187989
"UGU",0.9812473410537753
"UUA",0.5783570251090157
"UUC",0.3425037631537815
"UUG",0.30842951968409305
"UUU",0.5776264685465227
