"codon","average_decoding_time"
"AAA",0.45881173000766545
"AAC",0.32670039612651536
"AAG",0.22976107142577856
"AAU",0.5588613455190274
"ACA",0.3497492628498233
"ACC",0.3826819385194629
"ACG",0.5789482120205747
"ACU",0.2303024240582158
"AGA",0.14783971494792467
"AGC",1.3907183614308032
"AGG",0.29186414508525776
"AGU",1.7426414500906586
"AUA",0.44290164619633093
"AUC",0.471428223781079
"AUG",0.5483955431898323
"AUU",0.2784529945003021
"CAA",0.4651422316331461
"CAC",0.5329489847027311
"CAG",0.6425419314160596
"CAU",0.7901476453020149
"CCA",0.31729015062591803
"CCC",2.1903725783987813
"CCG",1.8399422417327815
"CCU",1.7981084671462648
"CGA",0.5113108775868982
"CGC",0.6331428105983256
"CGG",2.027643388244323
"CGU",0.39242214117247237
"CUA",1.3739134177783865
"CUC",1.207972851007218
"CUG",1.4689048212842415
"CUU",1.2904256088700783
"GAA",0.3037006955658821
"GAC",0.2787960263520568
"GAG",0.4654759941066414
"GAU",0.5065154195388437
"GCA",0.32614896955665684
"GCC",0.36896528979166354
"GCG",0.7451215446468973
"GCU",0.22552623450862133
"GGA",1.0257911398510933
"GGC",0.17120742749873882
"GGG",1.3654606437701486
"GGU",0.3863467863174047
"GUA",0.4051511503711521
"GUC",0.5123387156980529
"GUG",0.9948955159565994
"GUU",0.28544699540749174
"UAC",0.5318069977492454
"UAU",0.7897720429285956
"UCA",0.3770014421223795
"UCC",0.5416244267542918
"UCG",2.917594334297584
"UCU",0.3113488210304865
"UGC",0.7047512878424154
"UGG",0.3233508702899592
"UGU",0.98053006702821
"UUA",0.5789071381364245
"UUC",0.34238248312276104
"UUG",0.26364744146955377
"UUU",0.5772544508457895
