"codon","average_decoding_time"
"AAA",0.45907989428188206
"AAC",0.3274414932509332
"AAG",0.22929225827641833
"AAU",0.5602804475243349
"ACA",0.3501793473813788
"ACC",0.3819015701311845
"ACG",0.6876423865593346
"ACU",0.22974448749913132
"AGA",0.14800269232206775
"AGC",1.389959714567015
"AGG",0.3073291205301468
"AGU",1.7407859219661919
"AUA",0.44317701566821904
"AUC",0.47126441650794276
"AUG",0.550311870314819
"AUU",0.27856836053102896
"CAA",0.46442990178971677
"CAC",0.5325273785767749
"CAG",0.6455070352496672
"CAU",0.7900227502478895
"CCA",0.3170477406552601
"CCC",2.187912599006673
"CCG",0.44906087804068645
"CCU",1.7949603379122998
"CGA",0.5099567924800009
"CGC",0.6321921273885744
"CGG",2.203242516163624
"CGU",0.3919389263473847
"CUA",1.3732196245589883
"CUC",1.2057960925087745
"CUG",1.4638802917056233
"CUU",1.2929760263245427
"GAA",0.30408671001920584
"GAC",0.28033605213660506
"GAG",0.4653782638310748
"GAU",0.5063464842450763
"GCA",0.3275231627382944
"GCC",0.36909961181625
"GCG",0.8538836129220977
"GCU",0.22620032089490497
"GGA",1.022247392492379
"GGC",0.17169875279086258
"GGG",0.6830602669646543
"GGU",0.3862400953079302
"GUA",0.4048089807654657
"GUC",0.5143581699573087
"GUG",0.9985194560723009
"GUU",0.28538822883246434
"UAC",0.5330734360246554
"UAU",0.790851898904381
"UCA",0.3766639541097709
"UCC",0.5407132328889157
"UCG",0.7905485921755422
"UCU",0.3100739550536854
"UGC",0.7060439358171207
"UGG",0.35333440082066236
"UGU",0.9796024317740317
"UUA",0.5782223812151788
"UUC",0.34377911011944956
"UUG",0.3259817230440856
"UUU",0.5775913364988177
