"codon","average_decoding_time"
"AAA",0.46104046319647685
"AAC",0.3271378662899082
"AAG",0.16136753797893263
"AAU",0.5602350288172094
"ACA",0.35037544391062336
"ACC",0.44436299098054716
"ACG",0.6870058342984661
"ACU",0.2298675748833488
"AGA",0.14805013292116728
"AGC",1.3906790372554338
"AGG",0.30827867788194413
"AGU",1.7501151035893965
"AUA",0.4432889289081214
"AUC",0.4583514701140537
"AUG",0.5515016806769846
"AUU",0.278275847633509
"CAA",0.29900455445793955
"CAC",0.37070890643144905
"CAG",2.4174956835847285
"CAU",0.6069074839659891
"CCA",0.31109972459792
"CCC",1.8100907898180558
"CCG",0.38811488098588703
"CCU",1.7675407440760653
"CGA",0.4812552911818878
"CGC",0.5107348375453693
"CGG",2.0830565167381305
"CGU",0.28225798892901904
"CUA",1.236542046813078
"CUC",3.4083733760921016
"CUG",1.1646441658004636
"CUU",1.1585495095394125
"GAA",0.3040471053915859
"GAC",0.27983009957992
"GAG",2.160520827567414
"GAU",0.5068500144221695
"GCA",0.3274454388987077
"GCC",0.48060090586238385
"GCG",0.8524679939440426
"GCU",0.2265365791021919
"GGA",1.0235687782148937
"GGC",0.1712793182714525
"GGG",0.6832229694623452
"GGU",0.3871369953184651
"GUA",0.4047228957206726
"GUC",0.4993251966013609
"GUG",0.9958906632956346
"GUU",0.28523685801505005
"UAC",0.5328281358416187
"UAU",0.7874774643648857
"UCA",0.37803182906056276
"UCC",0.5044761569327447
"UCG",0.7890852160391595
"UCU",0.3108520612198015
"UGC",0.7040667526211816
"UGG",0.354280275024285
"UGU",0.9818659460331226
"UUA",0.579222088611118
"UUC",0.34227962210981894
"UUG",0.2633737447649814
"UUU",0.5777150325431519
