"codon","average_decoding_time"
"AAA",0.45857756586978554
"AAC",0.3260535547346507
"AAG",0.22932829488761738
"AAU",0.5604490078136218
"ACA",0.348937673518733
"ACC",0.3820294264285667
"ACG",0.6679643610319919
"ACU",0.22949601403319578
"AGA",0.1480760625946658
"AGC",1.3952483189257316
"AGG",0.30682431344300487
"AGU",1.7449452061986779
"AUA",0.4429216312623186
"AUC",0.47251687986184454
"AUG",0.5219547772776579
"AUU",0.27865002443601894
"CAA",0.4650176945078773
"CAC",0.5337505396374981
"CAG",0.644677568008882
"CAU",0.7879299093940392
"CCA",0.3173170756482121
"CCC",2.1874556526570514
"CCG",0.5061132515076661
"CCU",1.7938607422906483
"CGA",0.5115879346824985
"CGC",0.6330581576707094
"CGG",2.199393150718981
"CGU",0.39295212060979967
"CUA",1.3661349407246783
"CUC",1.2070749453825382
"CUG",1.3979982990167987
"CUU",1.2895738598709057
"GAA",0.2731507041450227
"GAC",0.27910437340053607
"GAG",0.434702038888317
"GAU",0.5074546401388248
"GCA",0.3220954291109599
"GCC",0.34953244084910967
"GCG",0.7133595535902759
"GCU",0.2079921867894969
"GGA",0.8290162791544845
"GGC",0.1484982855100733
"GGG",0.6326985914547099
"GGU",0.36150543717958544
"GUA",0.32439230323123397
"GUC",0.43270489874306184
"GUG",1.7621049948657033
"GUU",0.2127586839457968
"UAC",0.5323716760351841
"UAU",0.7892926700707424
"UCA",0.3770437454733709
"UCC",0.5424566832750244
"UCG",0.7876454493403046
"UCU",0.3108547144200565
"UGC",0.7030837893871751
"UGG",0.35467548937024096
"UGU",0.9801433038992976
"UUA",0.5775200148841204
"UUC",0.34358961118008335
"UUG",0.2526111176993565
"UUU",0.5770779996530272
