"codon","average_decoding_time"
"AAA",0.4594517521533636
"AAC",0.32594524156135635
"AAG",0.22941726792264017
"AAU",0.559638921942656
"ACA",0.35038617551492973
"ACC",0.38250987455432567
"ACG",0.6872205868969993
"ACU",0.22959145461373803
"AGA",0.14777792439518508
"AGC",1.3916659761390033
"AGG",1.8004178190334168
"AGU",1.7467276409457995
"AUA",0.44407024711096843
"AUC",0.4713991460806183
"AUG",0.5487148027635143
"AUU",0.2782682640172563
"CAA",0.46445194142758467
"CAC",0.5327594696795281
"CAG",0.6459158462750063
"CAU",0.7897359375305263
"CCA",0.31697091239662867
"CCC",2.1878806997375047
"CCG",0.44913320654011757
"CCU",1.7960725151952113
"CGA",0.5113989787043788
"CGC",0.6340963836929675
"CGG",2.201849765137416
"CGU",0.3927728576791381
"CUA",1.3709360018268089
"CUC",1.203896845772624
"CUG",1.4633241142115065
"CUU",1.293611596860112
"GAA",0.30396898967036134
"GAC",0.2787608028678491
"GAG",0.465301225729526
"GAU",0.50759908830343
"GCA",0.32683652661229884
"GCC",0.3692373136306247
"GCG",0.8525506472075253
"GCU",0.22498544474082144
"GGA",1.0231777141198783
"GGC",0.17136979490899965
"GGG",0.6829736958669739
"GGU",0.38616884299589704
"GUA",0.40440430535632726
"GUC",0.5127762090804104
"GUG",0.9968552118343826
"GUU",0.2848042391374437
"UAC",0.5332877065543418
"UAU",0.789686630847487
"UCA",0.3772933853149796
"UCC",0.5412839104055954
"UCG",0.7885475328071172
"UCU",0.31062802712945004
"UGC",0.7041697486826102
"UGG",0.3543032265060716
"UGU",0.9808488809289114
"UUA",0.5802316467817028
"UUC",0.3425999956910029
"UUG",0.2641012278496577
"UUU",0.5776637022466451
