"codon","average_decoding_time"
"AAA",0.45951372447300715
"AAC",0.3274230661038694
"AAG",0.23012612382113404
"AAU",0.560504948696621
"ACA",0.3508783751512952
"ACC",0.44595722389718373
"ACG",0.6874519521430401
"ACU",0.2299486280733422
"AGA",0.14745348797667812
"AGC",1.392122122692647
"AGG",0.3068672148747703
"AGU",1.74800876468263
"AUA",0.4438737962656087
"AUC",0.45699201970290293
"AUG",0.5519890245656843
"AUU",0.2780303756775223
"CAA",0.29998112585590203
"CAC",0.36981700102431797
"CAG",0.574094673755411
"CAU",0.6070364707825597
"CCA",0.31198622239951385
"CCC",1.8100802242243066
"CCG",0.38887923062829227
"CCU",1.7596900983417194
"CGA",0.4815111552409489
"CGC",0.5085074043575154
"CGG",2.086781225349086
"CGU",0.28231552921033437
"CUA",1.2403130208104245
"CUC",3.4025563504414356
"CUG",1.1604670426391575
"CUU",1.1611639890185355
"GAA",0.30364950677573943
"GAC",0.27986375637385025
"GAG",0.4654760678292417
"GAU",0.5074020055602562
"GCA",0.3254759480552399
"GCC",0.4806707732173576
"GCG",0.8527679699064501
"GCU",0.22605660869063815
"GGA",1.0262775162646662
"GGC",0.1713061123339808
"GGG",0.6820668319485544
"GGU",0.38647312544489376
"GUA",0.40584433312698254
"GUC",0.4988585335651165
"GUG",0.9953903373769862
"GUU",0.2848138532342477
"UAC",0.5334177932109114
"UAU",0.7899171886956411
"UCA",0.37734202475217304
"UCC",0.505478653142394
"UCG",0.7872836792114621
"UCU",0.31007835420067775
"UGC",0.7070757279219642
"UGG",0.3534259434989453
"UGU",0.982076402136783
"UUA",0.5796371388141377
"UUC",0.3427552212530938
"UUG",0.26419673817882705
"UUU",0.5782811667269834
