"codon","average_decoding_time"
"AAA",0.4597497800763247
"AAC",0.32673854949124237
"AAG",0.23015904017565572
"AAU",0.5603189813628051
"ACA",0.35076356596006397
"ACC",0.44555579908122045
"ACG",0.6890993016440426
"ACU",0.22951600826900032
"AGA",0.14811170656413036
"AGC",1.3885823076024775
"AGG",0.30722453089717705
"AGU",1.7518907539582729
"AUA",0.44388057298505473
"AUC",0.457585174746246
"AUG",0.5510359675226666
"AUU",0.27843845451803106
"CAA",0.3003856797951662
"CAC",0.36898439552527457
"CAG",0.5721541122642996
"CAU",0.6084895412448064
"CCA",0.31213563134118
"CCC",1.810557573079874
"CCG",0.3886228337907454
"CCU",1.7602681893930747
"CGA",0.48167688950211623
"CGC",0.5097678764042924
"CGG",2.0876307689461204
"CGU",0.2815549282510782
"CUA",1.2369315761724244
"CUC",3.4075865468981825
"CUG",1.1626912964146712
"CUU",1.1631417043987284
"GAA",0.30348093663438286
"GAC",0.27873638139325735
"GAG",0.46514981275963774
"GAU",0.5066127277236213
"GCA",0.3249480244076624
"GCC",0.4812267610585968
"GCG",0.8524224857686937
"GCU",0.2259768963632604
"GGA",1.0260386630804867
"GGC",0.17119281815227558
"GGG",0.6821563369613438
"GGU",0.3865132716122305
"GUA",0.40523740267655806
"GUC",0.4967733471842409
"GUG",0.9957262728814321
"GUU",0.2857980218329122
"UAC",0.5321825890843853
"UAU",0.7877281099420393
"UCA",0.3775278393568822
"UCC",0.50511175546881
"UCG",0.7866010196011497
"UCU",0.3102197977358706
"UGC",0.7049421552463898
"UGG",0.353423626488957
"UGU",0.9807633993521845
"UUA",0.5768382185629252
"UUC",0.34182616462934506
"UUG",0.2634107935975696
"UUU",0.5774040311457544
