"codon","average_decoding_time"
"AAA",0.45970157130826556
"AAC",0.32716571383398035
"AAG",0.22992023551543417
"AAU",0.5589017914996077
"ACA",0.35067136332217774
"ACC",0.3823666341186688
"ACG",0.6865109145144594
"ACU",0.22355588200718285
"AGA",0.14844585958216344
"AGC",1.3919932820215697
"AGG",0.3070859170349647
"AGU",1.7468451295027216
"AUA",0.44440248937478727
"AUC",0.47220567009843933
"AUG",0.5499074997941364
"AUU",0.26498665745051475
"CAA",0.464327083446947
"CAC",0.5330843876752738
"CAG",0.6453041488831193
"CAU",0.790482113230013
"CCA",0.3172080239885196
"CCC",2.1875258244706837
"CCG",0.44968320991571487
"CCU",1.6207609805377308
"CGA",0.509342463364172
"CGC",0.6322606636501495
"CGG",2.1934469498228024
"CGU",0.3927449341542579
"CUA",1.3678816787968864
"CUC",1.207047377696785
"CUG",1.4723204912264958
"CUU",4.435122367429975
"GAA",0.30364910335932943
"GAC",0.27928951591194795
"GAG",0.46492797639334565
"GAU",0.5086453477051452
"GCA",0.32546193979678556
"GCC",0.3697227226995449
"GCG",0.85193741666013
"GCU",0.2568602555462463
"GGA",1.0208900566426846
"GGC",0.1716125805338398
"GGG",0.6815786310595114
"GGU",0.38672954499333184
"GUA",0.40523294166107315
"GUC",0.5124930578453699
"GUG",0.9953317828760816
"GUU",0.27194316761270937
"UAC",0.37015513654805926
"UAU",0.6083326521204763
"UCA",0.37350809411069213
"UCC",0.5358820015926159
"UCG",0.6455869410185467
"UCU",0.24486528095469776
"UGC",0.5132530450049487
"UGG",0.3338162296079818
"UGU",0.7673583106790947
"UUA",0.5202126898703335
"UUC",0.3005131907087859
"UUG",0.21331347722610317
"UUU",0.530159366044077
