"codon","average_decoding_time"
"AAA",0.46033311808113786
"AAC",0.3266380951472508
"AAG",0.2296255398960272
"AAU",0.5610566442721205
"ACA",0.35061035456146256
"ACC",0.44562640268812187
"ACG",0.6881725641633946
"ACU",0.22974230588195968
"AGA",0.14745574754810134
"AGC",1.3907053306347472
"AGG",0.30677705797172716
"AGU",1.7443591931668454
"AUA",0.44380879900846515
"AUC",0.4570849631913313
"AUG",0.5517701278306782
"AUU",0.2787917741461749
"CAA",0.29859479403129174
"CAC",0.3687638693271647
"CAG",0.573386312049131
"CAU",0.6080042850742721
"CCA",0.3113484116743867
"CCC",1.8086915901154466
"CCG",0.38844509884280737
"CCU",1.7664905557547137
"CGA",0.48121603735509016
"CGC",0.5098933933577655
"CGG",2.087462699669506
"CGU",0.28235618553204944
"CUA",1.234774460405764
"CUC",3.4039086723787952
"CUG",1.1641433514438417
"CUU",1.1574906478783704
"GAA",0.3039368561860926
"GAC",0.2788792761258522
"GAG",0.4658166313536309
"GAU",0.5071136472934856
"GCA",0.32594223190850347
"GCC",0.4808619659341681
"GCG",0.8535353295805138
"GCU",0.22546735818002658
"GGA",1.0279781724898363
"GGC",0.17157644420499382
"GGG",0.6830580466536528
"GGU",0.3868284623714159
"GUA",0.4051911028610559
"GUC",0.4988826415772377
"GUG",0.994360955840303
"GUU",0.2853442726981564
"UAC",0.5333802934620283
"UAU",0.7895113846112577
"UCA",0.3771597323496863
"UCC",0.5057348626614556
"UCG",0.7883437284288211
"UCU",0.3107256577597081
"UGC",0.7034238418519487
"UGG",0.35282889052737987
"UGU",0.9810533334134107
"UUA",0.5785094437685505
"UUC",0.3427600426792819
"UUG",0.26279239044138053
"UUU",0.5787275788661586
