"codon","average_decoding_time"
"AAA",0.45863142053545347
"AAC",0.3270486887518689
"AAG",0.2299408097615825
"AAU",0.5603245713251298
"ACA",0.3497840336266095
"ACC",0.3822404447577413
"ACG",0.687602034081117
"ACU",0.22971790419338994
"AGA",0.14731274732544025
"AGC",1.392678055744544
"AGG",0.30709399471557347
"AGU",1.7433494897251465
"AUA",0.44421923271823316
"AUC",0.47253824978355996
"AUG",0.5503459850772231
"AUU",0.2787737846276266
"CAA",0.46546236402494656
"CAC",0.5337672564996254
"CAG",0.6446948324627674
"CAU",0.7906673682306842
"CCA",0.31751604786896936
"CCC",2.189501061349666
"CCG",0.4497743469280513
"CCU",1.7914559142202817
"CGA",0.5089117900920641
"CGC",0.6327654507625098
"CGG",2.1945243801593217
"CGU",0.3918932230506405
"CUA",1.3674173939410201
"CUC",1.206649963527339
"CUG",1.46757284766558
"CUU",1.2892758176327248
"GAA",0.3036751434623153
"GAC",0.27951062931747767
"GAG",0.4650050970412774
"GAU",0.5079819030056258
"GCA",0.327046433444456
"GCC",0.36937107159223354
"GCG",0.8539994527365016
"GCU",0.2258380610864995
"GGA",1.0247506408085938
"GGC",0.17139487080409488
"GGG",0.6816600872727481
"GGU",0.38644173947060784
"GUA",0.40549228605870336
"GUC",0.5132574263434931
"GUG",0.9954339698663963
"GUU",0.2856625965341602
"UAC",0.5321579699635547
"UAU",0.7921177874348597
"UCA",0.37791122434797336
"UCC",0.5412707626035159
"UCG",0.7873338350536775
"UCU",0.31055867502446255
"UGC",0.7056857747393572
"UGG",0.353963568270603
"UGU",0.981936106646149
"UUA",0.5809902623933638
"UUC",0.3433475714694293
"UUG",0.26464304126366706
"UUU",0.579022335341426
