"codon","average_decoding_time"
"AAA",0.4594384547114835
"AAC",0.32640498753742775
"AAG",0.23011000033410411
"AAU",0.5595720667868495
"ACA",0.3498752641434269
"ACC",0.3825184478477721
"ACG",0.6875927199601913
"ACU",0.22989431322639894
"AGA",0.14752461352517734
"AGC",1.3902462225895014
"AGG",0.3080944372864137
"AGU",1.748864406105479
"AUA",0.44242331597062867
"AUC",0.47058524562200055
"AUG",0.5506408811337208
"AUU",0.2786877482524546
"CAA",0.4644839172873943
"CAC",0.5321010350543196
"CAG",0.6457428265376068
"CAU",0.7875902422964599
"CCA",0.3175100282044515
"CCC",2.192742539198587
"CCG",0.4496604422150066
"CCU",1.7899814909973453
"CGA",0.5108073797082708
"CGC",0.6324259974642201
"CGG",2.197300897033975
"CGU",0.39214378579921255
"CUA",1.3752965870859932
"CUC",1.2101351910028253
"CUG",1.4654999612742152
"CUU",1.2916961094211592
"GAA",0.3035898163154202
"GAC",0.2796972800511515
"GAG",0.46508858232214845
"GAU",0.5063261118557115
"GCA",0.325263045762033
"GCC",0.369868110594648
"GCG",0.855472121661616
"GCU",0.22561318630697458
"GGA",1.0221245688497298
"GGC",0.17129354973512823
"GGG",0.6843453911124373
"GGU",0.3862665374033367
"GUA",0.4056436860907203
"GUC",0.5137089181953817
"GUG",0.9937821673131513
"GUU",0.2848019913153648
"UAC",0.5338346633095393
"UAU",0.7903951785749185
"UCA",0.37595328305070885
"UCC",0.5404923026768964
"UCG",0.7907784078981815
"UCU",0.3102188918125668
"UGC",0.7038479006498309
"UGG",0.3527640128069131
"UGU",0.9802075378198536
"UUA",0.5805780264782369
"UUC",0.34218802854911384
"UUG",0.32568373325560174
"UUU",0.5775329249975958
