"codon","average_decoding_time"
"AAA",0.458238038064337
"AAC",0.3267600988458395
"AAG",0.23012475737419988
"AAU",0.5606937839853127
"ACA",0.35031064283666674
"ACC",0.44495680997802245
"ACG",0.6864105323806593
"ACU",0.22968381429578003
"AGA",0.1483909000907906
"AGC",1.3908780912636722
"AGG",0.3063481973944154
"AGU",1.7463791467285135
"AUA",0.4438042361353748
"AUC",0.4590693486223495
"AUG",0.5511473078779529
"AUU",0.2789702217997609
"CAA",0.3005809469114874
"CAC",0.37041357229367905
"CAG",0.5726502088080647
"CAU",0.6087467007686685
"CCA",0.3118014428982055
"CCC",1.8033370063532839
"CCG",0.38816589028346166
"CCU",1.7680031076842135
"CGA",0.48026681558131407
"CGC",0.5099474318622391
"CGG",2.085832433916227
"CGU",0.282825720885459
"CUA",1.2383729876426242
"CUC",3.3976647166614566
"CUG",1.1599216492897164
"CUU",1.1624439724949553
"GAA",0.3043549051068053
"GAC",0.2798358148573427
"GAG",0.46449311623430034
"GAU",0.5085757039891241
"GCA",0.32556954713368125
"GCC",0.48072765759276137
"GCG",0.855055402992579
"GCU",0.2248252036269094
"GGA",1.0227739894202017
"GGC",0.17115910847995616
"GGG",0.6819065196303767
"GGU",0.3860745589172851
"GUA",0.40549133595042053
"GUC",0.498101920295791
"GUG",0.9937123637498946
"GUU",0.2854131822504778
"UAC",0.5326687225506666
"UAU",0.7883229156902091
"UCA",0.3765431506109658
"UCC",0.5048759548817707
"UCG",0.7889611204783975
"UCU",0.3110431172891486
"UGC",0.704157451900764
"UGG",0.35335473590435595
"UGU",0.9819752018958877
"UUA",0.5783490794817959
"UUC",0.3434688168732375
"UUG",0.2636107182238846
"UUU",0.5779788442180325
