"codon","average_decoding_time"
"AAA",0.4581605798397584
"AAC",0.32669885604687293
"AAG",0.22996124413694827
"AAU",0.5590424080766421
"ACA",0.3494465658738358
"ACC",0.382205668550549
"ACG",0.6862487627308209
"ACU",0.229442132894518
"AGA",0.14858752888494955
"AGC",1.3928946524807104
"AGG",1.7997768104723713
"AGU",1.7397119123692144
"AUA",0.4432269430832439
"AUC",0.4727572055430595
"AUG",0.5519855785030093
"AUU",0.27838250946949733
"CAA",0.4661475793333204
"CAC",0.5326444079512807
"CAG",0.6453883891704926
"CAU",0.7893850098147395
"CCA",0.3162490037457142
"CCC",2.1783951633345873
"CCG",0.4485174991278234
"CCU",1.7936005879497323
"CGA",0.5099472311506204
"CGC",0.63413006115691
"CGG",2.1987899979507004
"CGU",0.393815487263882
"CUA",1.3735640664393967
"CUC",1.209786910786705
"CUG",1.46389039205056
"CUU",1.2912031367397787
"GAA",0.30465216702745807
"GAC",0.27954782860193805
"GAG",0.4652982288321384
"GAU",0.5064604379503281
"GCA",0.3258090820299725
"GCC",0.3685027556794548
"GCG",0.8532668180341512
"GCU",0.22552065007271904
"GGA",1.0234067647375493
"GGC",0.17133395806590657
"GGG",0.6843120061662337
"GGU",0.3862535296568636
"GUA",0.40500401148990206
"GUC",0.5125018709536941
"GUG",0.9961244598050186
"GUU",0.2841469364020481
"UAC",0.5347909259522176
"UAU",0.7893401382904625
"UCA",0.37725310938201706
"UCC",0.5409199289768208
"UCG",0.788578577935211
"UCU",0.30961302641569755
"UGC",0.7044613779622598
"UGG",0.35413201010299766
"UGU",0.9792624870569634
"UUA",0.5791718771545402
"UUC",0.34394611616611837
"UUG",0.2641202375171955
"UUU",0.5768050710236913
