"codon","average_decoding_time"
"AAA",0.4588407652185654
"AAC",0.32808157967538104
"AAG",0.2302998040684816
"AAU",0.5584557494108358
"ACA",0.3491398616802865
"ACC",0.38234313561982397
"ACG",0.6657643904714312
"ACU",0.2290796003423312
"AGA",0.14844690718869816
"AGC",1.3938152055062514
"AGG",1.8059726013954247
"AGU",1.7423344083763257
"AUA",0.4443100987116197
"AUC",0.4716041590851676
"AUG",0.551456298999471
"AUU",0.27931184761015376
"CAA",0.464136314329958
"CAC",0.5327644865816792
"CAG",0.6456504583792352
"CAU",0.7890496485952656
"CCA",0.31691313809827565
"CCC",2.1835562606564944
"CCG",0.5061242934947534
"CCU",1.7917781465072438
"CGA",0.5098495040124473
"CGC",0.6337624272301088
"CGG",2.204181118603577
"CGU",0.3934297122605559
"CUA",1.3716209206338132
"CUC",1.2077772387432488
"CUG",1.4599564967632737
"CUU",1.2867349756148636
"GAA",0.2723097018189372
"GAC",0.27854886056252937
"GAG",0.4335255755824211
"GAU",0.507149701431475
"GCA",0.32208926909453384
"GCC",0.34981708822657137
"GCG",0.7128775948734701
"GCU",0.20822448343813235
"GGA",0.8286807189824623
"GGC",0.1488110332061893
"GGG",0.6338217217856708
"GGU",0.3611356935466927
"GUA",0.3243173388733751
"GUC",0.43268150365356917
"GUG",0.8584725497048986
"GUU",0.21316759572280383
"UAC",0.5331039608369216
"UAU",0.7890843300823703
"UCA",0.37738027830055004
"UCC",0.5410814269372206
"UCG",0.7896656969792946
"UCU",0.3115847658285762
"UGC",0.7043268117643018
"UGG",0.35376712099373386
"UGU",0.9808063379680458
"UUA",0.5794434327475321
"UUC",0.3424961921990264
"UUG",0.2635585333590341
"UUU",0.5780524073726448
