"codon","average_decoding_time"
"AAA",0.4585340337712705
"AAC",0.32752580976185935
"AAG",0.22940255136460022
"AAU",0.5597348138819752
"ACA",0.3497175237570077
"ACC",0.4442633806789817
"ACG",0.5787234639077514
"ACU",0.2294283330839669
"AGA",0.14848572427881013
"AGC",1.3939235091841706
"AGG",0.29175961476024603
"AGU",1.7459386551789915
"AUA",0.4431581625480427
"AUC",0.4576460494050365
"AUG",0.5509753402549544
"AUU",0.2790210483744416
"CAA",0.29990720563140466
"CAC",0.3695154179930921
"CAG",0.5734739453779566
"CAU",0.608255516354364
"CCA",0.31106793829503626
"CCC",1.8073831459599756
"CCG",1.4899178462409677
"CCU",1.7599032318795256
"CGA",0.48214476845926507
"CGC",0.5096437049518794
"CGG",1.9186055251566025
"CGU",0.28293621763295385
"CUA",1.2376260738862688
"CUC",3.4091861555623764
"CUG",1.1622856127561643
"CUU",1.163969750673285
"GAA",0.3043227515413807
"GAC",0.2793368121496858
"GAG",0.46437396881152776
"GAU",0.5074902227107326
"GCA",0.32652362662703077
"GCC",0.4807634169568721
"GCG",0.743497066445783
"GCU",0.22560931124324798
"GGA",1.0254517709751019
"GGC",0.17140486754126463
"GGG",1.368328341372055
"GGU",0.3868432903518178
"GUA",0.4045527805349712
"GUC",0.4987155334541185
"GUG",0.9968140663063207
"GUU",0.28481487614249656
"UAC",0.5318615548751967
"UAU",0.7900498705785537
"UCA",0.37836742468436907
"UCC",0.5061809622668532
"UCG",2.9213603892405917
"UCU",0.3095776598638314
"UGC",0.7062348491668248
"UGG",0.32314193903139016
"UGU",0.982226188612732
"UUA",0.5783105922272657
"UUC",0.34338891305365427
"UUG",0.2633443424778059
"UUU",0.5773677799538911
