"codon","average_decoding_time"
"AAA",0.4583571831398308
"AAC",0.3267086428900296
"AAG",0.22945747435234662
"AAU",0.5615563323313434
"ACA",0.35046333501212973
"ACC",0.38199153829189164
"ACG",0.6872997956610062
"ACU",0.2303995571407035
"AGA",0.14777772633031133
"AGC",1.3974923269413462
"AGG",0.3074428916571357
"AGU",1.7487512193789065
"AUA",0.44400118615916473
"AUC",0.47206121337548246
"AUG",0.5525749980753956
"AUU",0.2787538417819448
"CAA",0.46313122989306654
"CAC",0.5339550670332708
"CAG",0.6436342162577263
"CAU",0.7899478971201308
"CCA",0.3164993341257842
"CCC",2.19335794743381
"CCG",0.4497653569271991
"CCU",1.7958821452451295
"CGA",0.5092226304319505
"CGC",0.6328900174215203
"CGG",2.192728642909329
"CGU",0.39290624002189184
"CUA",1.3744655597495532
"CUC",1.2079758466295845
"CUG",1.463226544405096
"CUU",1.2915753001937633
"GAA",0.30405668141142395
"GAC",0.27894502335854915
"GAG",0.46556903139669914
"GAU",0.5070893365929176
"GCA",0.32577706167352466
"GCC",0.3698217866472714
"GCG",0.8541143587334313
"GCU",0.2257304393173582
"GGA",1.025167362291277
"GGC",0.17103880848406366
"GGG",0.6837313376078342
"GGU",0.3866635555489285
"GUA",0.4050508652548215
"GUC",0.5138399449705983
"GUG",0.997322483054474
"GUU",0.2849646479863108
"UAC",0.5330320427689699
"UAU",0.7904371946935207
"UCA",0.3777206253241084
"UCC",0.542556594980531
"UCG",0.7892724391088608
"UCU",0.3095916764555994
"UGC",0.7041463626014394
"UGG",0.35416343075682144
"UGU",0.9807152938096196
"UUA",0.5787005410659443
"UUC",0.3432432238280139
"UUG",0.2641202614065364
"UUU",0.5786301220632675
