"codon","average_decoding_time"
"AAA",0.4576488174614761
"AAC",0.3256764807563897
"AAG",0.22976157623007723
"AAU",0.5603229701959725
"ACA",0.3506351726709246
"ACC",0.4445050029683423
"ACG",0.6879866088591131
"ACU",0.2300260588640936
"AGA",0.14809145506085566
"AGC",1.3902005807607147
"AGG",0.30732858961876514
"AGU",1.7431013033856957
"AUA",0.4436396053628022
"AUC",0.4581986612674497
"AUG",0.5523820401243684
"AUU",0.2786862914365428
"CAA",0.29953721781855436
"CAC",0.3697330013281115
"CAG",0.5743494539555839
"CAU",0.608185599363105
"CCA",0.31043791574990753
"CCC",1.8080725032303273
"CCG",0.3886391929086011
"CCU",1.7609811557212107
"CGA",0.48200106810583393
"CGC",0.5102110668274097
"CGG",2.086920612405205
"CGU",0.28244844548822606
"CUA",1.2332498353793457
"CUC",3.4018184681116024
"CUG",1.160183244036774
"CUU",1.1596280122459428
"GAA",0.30402547538286384
"GAC",0.27980005558615606
"GAG",0.46456711927704114
"GAU",0.5066409115372409
"GCA",0.326093338842543
"GCC",0.48147708328327504
"GCG",0.8541971584388711
"GCU",0.22558371868135815
"GGA",1.0238694650863267
"GGC",0.17127682264188587
"GGG",0.685815553542725
"GGU",0.38594415894071155
"GUA",0.40545323231290115
"GUC",0.500357256471572
"GUG",0.9934784351565507
"GUU",0.28560926581092594
"UAC",0.5330549793509778
"UAU",0.7915867152466548
"UCA",0.3775225838480233
"UCC",0.5053784154171934
"UCG",0.7901107426981684
"UCU",0.3091305490181259
"UGC",0.7063474140216442
"UGG",0.3540243628466417
"UGU",0.9798554694545818
"UUA",0.5805836967768807
"UUC",0.34308758988210103
"UUG",0.2643762361523089
"UUU",0.5778405511902684
