"codon","average_decoding_time"
"AAA",0.45834795107836057
"AAC",0.32793768871526224
"AAG",0.22897774392389872
"AAU",0.5599489132536405
"ACA",0.35008329377816755
"ACC",0.38266745560462695
"ACG",0.6878010068544229
"ACU",0.22972958235817495
"AGA",0.14722793111698543
"AGC",1.3893111365573656
"AGG",0.30730279420128404
"AGU",1.7488217678024283
"AUA",0.44337047012690084
"AUC",0.4715427012245843
"AUG",0.5521282584947056
"AUU",0.27766739388000156
"CAA",0.463183006976675
"CAC",0.5343657091666593
"CAG",0.6435343928814122
"CAU",0.7891974446330476
"CCA",0.31557779505474287
"CCC",2.1931559885254397
"CCG",0.44871315008413637
"CCU",1.7946585284997578
"CGA",0.5095864393467209
"CGC",0.634118716683366
"CGG",2.202493589246559
"CGU",0.3928913570632742
"CUA",1.3687011332785275
"CUC",1.2098364002564852
"CUG",1.462371428613238
"CUU",1.2889769868995473
"GAA",0.3035937872249448
"GAC",0.27992036134005605
"GAG",0.46630273968090585
"GAU",0.5063130446962532
"GCA",0.32576811465525896
"GCC",0.36960591741541976
"GCG",0.8534634947580261
"GCU",0.2265020805588013
"GGA",1.0205901104661692
"GGC",0.17146500662816003
"GGG",0.6805206628480255
"GGU",0.3868451469356124
"GUA",0.40467187566140633
"GUC",0.5128821638301241
"GUG",0.9959279803559486
"GUU",0.28541796049908913
"UAC",0.5354595815404593
"UAU",0.789202230020549
"UCA",0.3783552866279858
"UCC",0.5410151389159553
"UCG",0.7881686515439944
"UCU",0.31006287031368374
"UGC",0.702638138073223
"UGG",0.35379851099436765
"UGU",0.9829378980397668
"UUA",0.5797811708727739
"UUC",0.3433741155111014
"UUG",0.26399911236240287
"UUU",0.5775017703890517
