"codon","average_decoding_time"
"AAA",0.45924150061423463
"AAC",0.32674216286746
"AAG",0.1611786151071293
"AAU",0.5584430872431733
"ACA",0.34947020454058786
"ACC",0.3829001567899485
"ACG",0.6878085920391196
"ACU",0.22917728105653096
"AGA",0.14803647220177846
"AGC",1.3923807540339914
"AGG",0.3069023395419001
"AGU",1.7430511171310998
"AUA",0.4439560192833183
"AUC",0.472541658883332
"AUG",0.5528929875986992
"AUU",0.27871704672324565
"CAA",0.46331847368220236
"CAC",0.5322189842949462
"CAG",3.4631554686355472
"CAU",0.7907568269373599
"CCA",0.3167595520087397
"CCC",2.1917330097660264
"CCG",0.44982337091677504
"CCU",1.7880465003179484
"CGA",0.5105209264153767
"CGC",0.6319439557688211
"CGG",2.1935456003365363
"CGU",0.39220719238045443
"CUA",1.3694226550608966
"CUC",1.2093669009350119
"CUG",1.4638834452878642
"CUU",1.2903501756893974
"GAA",0.30339241756424673
"GAC",0.27945260286886364
"GAG",2.159492047635741
"GAU",0.505915441520682
"GCA",0.3262294871676382
"GCC",0.3695531187445686
"GCG",0.8528113101003238
"GCU",0.22639822895315495
"GGA",1.0236950241236211
"GGC",0.17128233703613877
"GGG",0.684344521066709
"GGU",0.38686487187819074
"GUA",0.4045657596446961
"GUC",0.5131037330088111
"GUG",0.9966428147101903
"GUU",0.2854680274071139
"UAC",0.5336542020075813
"UAU",0.7888806516221323
"UCA",0.3769098190969527
"UCC",0.5421303865414818
"UCG",0.7884392373866289
"UCU",0.31061321830241084
"UGC",0.7024647741367016
"UGG",0.3529983499067032
"UGU",0.9817089202795447
"UUA",0.5796910277767328
"UUC",0.34327139763233755
"UUG",0.2637204168157526
"UUU",0.578070267495102
