"codon","average_decoding_time"
"AAA",0.45873209918845714
"AAC",0.32627458443275326
"AAG",0.22934611101007923
"AAU",0.5596029605219204
"ACA",0.3510309777172217
"ACC",0.4451835676051343
"ACG",0.689264793568371
"ACU",0.22955566964014681
"AGA",0.1484203371444148
"AGC",1.3928996378793423
"AGG",0.3064856940013399
"AGU",1.7426121844800027
"AUA",0.4440035976876891
"AUC",0.4571012559248365
"AUG",0.5518494696976408
"AUU",0.2784443465573162
"CAA",0.3004005428943901
"CAC",0.3696958862209662
"CAG",0.5733217608376345
"CAU",0.6068044619966321
"CCA",0.3117917032948042
"CCC",1.807903157266321
"CCG",0.3886680640195155
"CCU",1.7697695393953996
"CGA",0.4812175998027196
"CGC",0.5101047887550122
"CGG",2.0826710656335616
"CGU",0.2826955570782681
"CUA",1.2358911343400891
"CUC",3.404700955391686
"CUG",1.1197016496048302
"CUU",1.1595843725707276
"GAA",0.30470377715319785
"GAC",0.2798182498674725
"GAG",0.4649847643243366
"GAU",0.5084042174120579
"GCA",0.3257900358135329
"GCC",0.48140710966878697
"GCG",0.8533011100016507
"GCU",0.2258844560885252
"GGA",1.0258575189355157
"GGC",0.1713289285015654
"GGG",0.6819388438536476
"GGU",0.38719429470443495
"GUA",0.4045822426326818
"GUC",0.4990297943581989
"GUG",0.9975428146805595
"GUU",0.2853762801001507
"UAC",0.533486830153865
"UAU",0.7888036025732321
"UCA",0.3776838864110523
"UCC",0.5051593000723943
"UCG",0.7894880704029498
"UCU",0.3112389434177304
"UGC",0.7071655905288291
"UGG",0.3535170965862936
"UGU",0.9810913962218598
"UUA",0.5769056215296506
"UUC",0.3423892812674553
"UUG",0.2637377387377559
"UUU",0.5766869120525568
