"codon","average_decoding_time"
"AAA",0.4585876005877179
"AAC",0.32681883307572257
"AAG",0.2299794388008231
"AAU",0.5604357108765848
"ACA",0.35051889080487425
"ACC",0.44620976175636257
"ACG",0.5809434199050002
"ACU",0.22948390511898445
"AGA",0.14818086342939524
"AGC",1.397643910076435
"AGG",0.29183335844241537
"AGU",1.7454293472333968
"AUA",0.44369434128817153
"AUC",0.45769147243462205
"AUG",0.5504533487727451
"AUU",0.27835126927863524
"CAA",0.29876444771679866
"CAC",0.3693398282340824
"CAG",0.5737339562051471
"CAU",0.6086291954540536
"CCA",0.311733734499054
"CCC",1.8087260051114427
"CCG",1.489705884727523
"CCU",1.7618037547569236
"CGA",0.48174178552525965
"CGC",0.5100081731054902
"CGG",1.9194314426325036
"CGU",0.28218051290174434
"CUA",1.2374558982891977
"CUC",3.4037734227237375
"CUG",1.117042523158088
"CUU",1.15964457477358
"GAA",0.30504763753163533
"GAC",0.2792473671544611
"GAG",0.4644142315491124
"GAU",0.5080000489229691
"GCA",0.3264417158020498
"GCC",0.48164548716168637
"GCG",0.7432449887304843
"GCU",0.22661429940094513
"GGA",1.0262953038387472
"GGC",0.17089475787767178
"GGG",1.365294177651774
"GGU",0.3862613520518229
"GUA",0.40399938622877535
"GUC",0.4988610457821957
"GUG",1.0002090575913407
"GUU",0.28510129427624353
"UAC",0.5328354704645095
"UAU",0.7905638763066236
"UCA",0.37700131654720814
"UCC",0.5057560828951156
"UCG",2.9232924564162444
"UCU",0.3094646149369779
"UGC",0.7044148510168714
"UGG",0.3238125117324904
"UGU",0.9829928485322309
"UUA",0.5787115505487069
"UUC",0.3429896746156913
"UUG",0.26387030797442773
"UUU",0.5783477649034011
