"codon","average_decoding_time"
"AAA",0.4590573664456082
"AAC",0.32641906867420106
"AAG",0.22970327326744644
"AAU",0.5600777282158581
"ACA",0.3507615916292703
"ACC",0.4448173457357013
"ACG",0.6873931625708264
"ACU",0.2295504320547004
"AGA",0.1475086645675004
"AGC",1.3994187536088063
"AGG",0.3072956543365825
"AGU",1.743960589616872
"AUA",0.44462831783333456
"AUC",0.4563604401707909
"AUG",0.5524838533325475
"AUU",0.278541599684029
"CAA",0.29915088459598815
"CAC",0.369921706256103
"CAG",0.5725245087747719
"CAU",0.6076842038439807
"CCA",0.3114831940471384
"CCC",1.8081634741292951
"CCG",0.3883842635389532
"CCU",1.7688074157773064
"CGA",0.4821755953262527
"CGC",0.5093789671001572
"CGG",2.0858591266693414
"CGU",0.2820779514864853
"CUA",1.236979226645443
"CUC",3.3960979448708435
"CUG",1.1615026201186152
"CUU",1.1581525458604311
"GAA",0.3035653020169323
"GAC",0.27899717270109414
"GAG",0.46576661124447116
"GAU",0.5069437546147577
"GCA",0.326931581685115
"GCC",0.48110361403342927
"GCG",0.8552975361057717
"GCU",0.225757233508108
"GGA",1.02225741709219
"GGC",0.17104549138232528
"GGG",0.6843311517834262
"GGU",0.38613495120419
"GUA",0.40466700459718524
"GUC",0.4989861593697494
"GUG",0.9967799276097545
"GUU",0.28639077016296954
"UAC",0.533060171838124
"UAU",0.790333270322749
"UCA",0.3770656574025416
"UCC",0.5053835254314328
"UCG",0.7886652223875421
"UCU",0.3106587812549291
"UGC",0.7065864835917905
"UGG",0.3523397251536708
"UGU",0.9801137879421168
"UUA",0.5796081979854716
"UUC",0.34217929355895826
"UUG",0.2649881020375538
"UUU",0.5767518378436824
