"codon","average_decoding_time"
"AAA",0.45975364291019505
"AAC",0.3264225392643704
"AAG",0.23057340790896477
"AAU",0.5600819312363625
"ACA",0.3504975868039591
"ACC",0.44421577955178965
"ACG",0.6885937243347163
"ACU",0.22938118335739374
"AGA",0.1479004987167631
"AGC",1.395301218004388
"AGG",0.30723701077030385
"AGU",1.742775991744068
"AUA",0.44313822505402223
"AUC",0.4581904857985424
"AUG",0.5494228158688883
"AUU",0.27802492639659065
"CAA",0.2992618483287067
"CAC",0.37050935459574424
"CAG",0.5739110264329339
"CAU",0.6073927946231997
"CCA",0.31123903952951304
"CCC",1.8082624081058412
"CCG",0.3885280227351835
"CCU",1.7635206744608707
"CGA",0.48110071167027546
"CGC",0.5108686404946793
"CGG",2.0865371094193064
"CGU",0.28194773112823035
"CUA",1.2363145941152751
"CUC",3.428016147482925
"CUG",1.1615773132040295
"CUU",1.1594316940449492
"GAA",0.3047229963588031
"GAC",0.27993230770382127
"GAG",0.46518636937175023
"GAU",0.5072172725648434
"GCA",0.3262361193776435
"GCC",0.48147818358593525
"GCG",0.8533774269501021
"GCU",0.225812710676919
"GGA",1.0246517917352724
"GGC",0.1713362203276352
"GGG",0.6848091316617679
"GGU",0.3863812415835372
"GUA",0.4059501346609395
"GUC",0.4992218180013416
"GUG",0.9976033229243602
"GUU",0.28490867834867767
"UAC",0.5346898041055254
"UAU",0.7908954504238471
"UCA",0.37713612935027163
"UCC",0.5066812280334799
"UCG",0.7865281048731243
"UCU",0.31098509590230533
"UGC",0.7054117355189533
"UGG",0.3539493029371969
"UGU",0.9821933037745235
"UUA",0.5785732983929948
"UUC",0.34332640145550675
"UUG",0.26352162395933093
"UUU",0.5772370727461188
