"codon","average_decoding_time"
"AAA",0.4592806687123825
"AAC",0.32763023074539865
"AAG",0.16113906702829325
"AAU",0.5596874104045702
"ACA",0.34930876285471213
"ACC",0.38175756727207466
"ACG",0.6866677463891058
"ACU",0.22987210827066387
"AGA",0.14783118196973372
"AGC",1.4008082966907571
"AGG",0.30707181036286463
"AGU",1.7497602062947533
"AUA",0.44362524521902075
"AUC",0.471705634368712
"AUG",0.5529583607013352
"AUU",0.27800097986778716
"CAA",0.4658529945483959
"CAC",0.5328505051463034
"CAG",3.4586224682673676
"CAU",0.7884239042401189
"CCA",0.31667518415461277
"CCC",2.187639021182008
"CCG",0.44870061969792074
"CCU",1.800134636297909
"CGA",0.508556678151993
"CGC",0.6335853128995654
"CGG",2.195735206829216
"CGU",0.39171991099939846
"CUA",1.3692833814189318
"CUC",1.2103750502237125
"CUG",1.4624068102571777
"CUU",1.2883720156580152
"GAA",0.30375302053251646
"GAC",0.2785771039497639
"GAG",2.1583771179246756
"GAU",0.5083358075340141
"GCA",0.32531162003573605
"GCC",0.37007075474809686
"GCG",0.855999589864713
"GCU",0.22582491861725387
"GGA",1.0226190115281395
"GGC",0.17168429354840867
"GGG",0.6837871497315651
"GGU",0.3858426626235433
"GUA",0.4053069409148534
"GUC",0.5136227546247959
"GUG",0.9994884426100126
"GUU",0.28461695849516816
"UAC",0.5334657440886803
"UAU",0.788334001146359
"UCA",0.3776223308931605
"UCC",0.5407042905805226
"UCG",0.7883750319465588
"UCU",0.3104518363347288
"UGC",0.7050346712447524
"UGG",0.3532765980774457
"UGU",0.9774186886598639
"UUA",0.578506399169253
"UUC",0.3427885629543836
"UUG",0.2642235347179362
"UUU",0.5782058587076416
