"codon","average_decoding_time"
"AAA",0.4595700695866719
"AAC",0.3266210990502945
"AAG",0.23041495691560762
"AAU",0.5587054861035662
"ACA",0.3496250326897825
"ACC",0.44547776033892866
"ACG",0.6867208534996205
"ACU",0.2290308992908689
"AGA",0.1479887419161815
"AGC",1.3937448267804002
"AGG",1.8047724170353612
"AGU",1.741839926486613
"AUA",0.4434111453563526
"AUC",0.4568323357006489
"AUG",0.5521844763076961
"AUU",0.27740547706209384
"CAA",0.29954963527926154
"CAC",0.37088708798479153
"CAG",0.5723196494599558
"CAU",0.6070948207631768
"CCA",0.3114716963377439
"CCC",1.8073657258698312
"CCG",0.38783531785060277
"CCU",1.7635645960671114
"CGA",0.4823381597323903
"CGC",0.5116875255574367
"CGG",1.4048802272977068
"CGU",0.28174645895206574
"CUA",1.238043257585713
"CUC",3.4121425056696375
"CUG",1.1638931287085268
"CUU",1.1567083265735485
"GAA",0.3035172146033039
"GAC",0.27936622598447136
"GAG",0.4658707418730701
"GAU",0.5067565969363511
"GCA",0.3265065217682097
"GCC",0.4819150963255355
"GCG",0.8525764167620383
"GCU",0.22604366983416016
"GGA",1.0232557835239846
"GGC",0.1707709354218902
"GGG",0.6826216773071492
"GGU",0.38624999728154585
"GUA",0.40518208354591667
"GUC",0.49912319768490326
"GUG",0.9965950578751547
"GUU",0.28440526839952934
"UAC",0.5337815996883556
"UAU",0.7883996554826664
"UCA",0.3771852911362573
"UCC",0.5049283410353501
"UCG",0.786775528594684
"UCU",0.31165585749775154
"UGC",0.7045048309604549
"UGG",0.3542021292170042
"UGU",0.9815447702237011
"UUA",0.579768118358818
"UUC",0.3431030333892643
"UUG",0.2642395362895015
"UUU",0.5786810937259534
