"codon","average_decoding_time"
"AAA",0.4584629990316154
"AAC",0.3270874012823745
"AAG",0.2297443255107292
"AAU",0.5584772503033645
"ACA",0.35046101544888936
"ACC",0.44566565245058143
"ACG",0.6888309748078109
"ACU",0.22877408949852096
"AGA",0.1479642860438626
"AGC",1.3972755307033593
"AGG",0.30782469534991347
"AGU",1.7474451506456063
"AUA",0.44458136302861523
"AUC",0.4567118088652693
"AUG",0.550955222114203
"AUU",0.2783797733153736
"CAA",0.2999069089117378
"CAC",0.3704106181863592
"CAG",0.5739196259791869
"CAU",0.6090909511805629
"CCA",0.3112941944493267
"CCC",1.8053670067727268
"CCG",0.3890916391145514
"CCU",1.7656202704225694
"CGA",0.48113975010567356
"CGC",0.5093776941942056
"CGG",2.085492989296518
"CGU",0.2829815519091682
"CUA",1.2348169722699414
"CUC",3.4110030759955094
"CUG",1.1656559719395017
"CUU",1.1590723141480377
"GAA",0.30395216763936805
"GAC",0.2798507614489398
"GAG",0.46627913922058467
"GAU",0.5073170149871074
"GCA",0.32645707769584015
"GCC",0.4813169437589688
"GCG",0.8526735187219191
"GCU",0.22603207571163295
"GGA",1.0218093430374273
"GGC",0.17156711049950957
"GGG",0.683279149333083
"GGU",0.38653297761857863
"GUA",0.4041807494009073
"GUC",0.49792986488294855
"GUG",0.9953514994993798
"GUU",0.28522013019414355
"UAC",0.5333095873399057
"UAU",0.789888052383168
"UCA",0.3768340307725481
"UCC",0.5053041000368963
"UCG",0.7878491448962236
"UCU",0.31056295628126723
"UGC",0.7070938705622228
"UGG",0.35428043671725096
"UGU",0.9787790559501112
"UUA",0.5778645415703594
"UUC",0.34331304292094333
"UUG",0.26349461021636345
"UUU",0.5779762960311827
