"codon","average_decoding_time"
"AAA",0.4581495788182449
"AAC",0.3268405563481336
"AAG",0.23021802126814314
"AAU",0.5599493602792384
"ACA",0.34972847593138423
"ACC",0.38298917027800206
"ACG",0.5794396069991473
"ACU",0.23019886814877916
"AGA",0.14823715059850795
"AGC",1.3871693891658776
"AGG",0.29240414687397953
"AGU",1.7430933992531104
"AUA",0.44481166595418276
"AUC",0.47149100795340426
"AUG",0.5526138628710723
"AUU",0.27913155124679895
"CAA",0.46528915160152734
"CAC",0.5335212961821132
"CAG",0.6452930653358839
"CAU",0.7919916458155122
"CCA",0.3161064211926262
"CCC",2.192872263788623
"CCG",1.843456362358293
"CCU",1.789240982156669
"CGA",0.5103091586490294
"CGC",0.6331322970150924
"CGG",2.0277741199409327
"CGU",0.3930329402875499
"CUA",1.3679739574879672
"CUC",1.2089042775301293
"CUG",1.4613339616085887
"CUU",1.291323146145154
"GAA",0.30469109552494694
"GAC",0.27959867513530334
"GAG",0.46583662001694215
"GAU",0.5088650054195881
"GCA",0.32655097464294447
"GCC",0.36937797661270755
"GCG",0.7450426757998275
"GCU",0.22593612747279626
"GGA",1.023554780519605
"GGC",0.171141483872004
"GGG",1.3688886483000526
"GGU",0.38664244320192925
"GUA",0.4058874028054548
"GUC",0.5127858854855182
"GUG",0.9950569229695855
"GUU",0.28511989126028425
"UAC",0.5335958571002216
"UAU",0.7884987314638929
"UCA",0.37651742776337566
"UCC",0.5412612489901613
"UCG",2.9299976899622147
"UCU",0.3109234225805593
"UGC",0.7053402930771747
"UGG",0.3248645057567998
"UGU",0.9806217831985901
"UUA",0.5783223897394363
"UUC",0.3442234366659656
"UUG",0.26450709530962857
"UUU",0.5795288422406006
