"codon","average_decoding_time"
"AAA",0.45813091286832397
"AAC",0.3263548813793816
"AAG",0.23006002507775158
"AAU",0.5600048984697068
"ACA",0.35068646251791435
"ACC",0.4450381270448259
"ACG",0.689201902451633
"ACU",0.22962570538776092
"AGA",0.14832290673297382
"AGC",1.3952116051482102
"AGG",0.3071395521351471
"AGU",1.7453585845524662
"AUA",0.4438897535687831
"AUC",0.45916947218802456
"AUG",0.5541546881699838
"AUU",0.2781720244863632
"CAA",0.29995200067194167
"CAC",0.3678462374883119
"CAG",0.5737002350052778
"CAU",0.6092531040278746
"CCA",0.3127822517667042
"CCC",1.8148266423238395
"CCG",0.3879963503150524
"CCU",1.7648619788518762
"CGA",0.48049667651968087
"CGC",0.5107643924857865
"CGG",2.0870772027121562
"CGU",0.2815006612988985
"CUA",1.2404581581475016
"CUC",3.3958994603085504
"CUG",1.1650949768590562
"CUU",1.161531361956316
"GAA",0.3048883117007835
"GAC",0.2793264091478172
"GAG",0.4646669835114447
"GAU",0.5066562571364783
"GCA",0.3258698173957698
"GCC",0.4816452605615928
"GCG",0.8528086966822437
"GCU",0.22639942140611868
"GGA",1.0263583134909637
"GGC",0.1716233186527702
"GGG",0.6845883522323396
"GGU",0.38708128009259474
"GUA",0.40484594419539965
"GUC",0.4981782079114108
"GUG",0.9952221061571515
"GUU",0.2848664891718698
"UAC",0.5339801971686307
"UAU",0.7913406907552946
"UCA",0.3771664544529148
"UCC",0.5042842391166027
"UCG",0.7874241582262003
"UCU",0.31093110267316576
"UGC",0.7050201262096288
"UGG",0.3549388817913125
"UGU",0.9783337303515497
"UUA",0.5784280716843062
"UUC",0.3438516099519172
"UUG",0.2639572056310358
"UUU",0.577897454449187
