"codon","average_decoding_time"
"AAA",0.4589004853526571
"AAC",0.32639525595409186
"AAG",0.2288552216135488
"AAU",0.5604687158908015
"ACA",0.3502307104616123
"ACC",0.4439730685854903
"ACG",0.6889445933902757
"ACU",0.2292772784072638
"AGA",0.14826069339376144
"AGC",1.395044610379177
"AGG",0.3077494385031332
"AGU",1.7459364536957185
"AUA",0.44511078310127555
"AUC",0.4580604068705067
"AUG",0.5502840412444657
"AUU",0.2783807199349707
"CAA",0.29963837509384944
"CAC",0.37059989188146764
"CAG",0.5721287048405573
"CAU",0.6088850885331298
"CCA",0.31146079663367376
"CCC",1.8080470255259642
"CCG",0.38902678676809455
"CCU",1.767354699814037
"CGA",0.4806098779651769
"CGC",0.5108552034546936
"CGG",2.083866759317829
"CGU",0.28241288728118563
"CUA",1.239849460676851
"CUC",3.4087169652179012
"CUG",1.163069701594476
"CUU",1.1587466245477789
"GAA",0.3037335569841326
"GAC",0.278815227516067
"GAG",0.4651586149454987
"GAU",0.5079360375970642
"GCA",0.32643396926196044
"GCC",0.4821353385659995
"GCG",0.8526141195887539
"GCU",0.22616841057048354
"GGA",1.021322939856734
"GGC",0.17080070948629608
"GGG",0.6806005949420666
"GGU",0.38553461736232847
"GUA",0.4057510891748193
"GUC",0.4984747995989826
"GUG",0.9981685805628336
"GUU",0.2857763937529746
"UAC",0.5340697660061252
"UAU",0.7877971618361647
"UCA",0.37776304579566816
"UCC",0.5043076228529747
"UCG",0.7882804305704595
"UCU",0.31057982765309006
"UGC",0.7066214047957384
"UGG",0.3545044654174048
"UGU",0.9825805792435517
"UUA",0.5785512597373944
"UUC",0.3422270898934084
"UUG",0.2647094760505421
"UUU",0.575894601613912
