"codon","average_decoding_time"
"AAA",0.4587889635579941
"AAC",0.3276587292641963
"AAG",0.23030135493577653
"AAU",0.5596283780087427
"ACA",0.3506830956272608
"ACC",0.38239381448037146
"ACG",0.6861335580359206
"ACU",0.23077862327703172
"AGA",0.14756597277941677
"AGC",1.394870878274411
"AGG",1.805559964309969
"AGU",1.7460137925448458
"AUA",0.4434557074030513
"AUC",0.47116215246116905
"AUG",0.5522205596480367
"AUU",0.2783312917217838
"CAA",0.46543366807518005
"CAC",0.5336034816926661
"CAG",0.6466133228301884
"CAU",0.7897803351708895
"CCA",0.31594445599022586
"CCC",2.1930723005045656
"CCG",0.44917948877651864
"CCU",1.7998657341532607
"CGA",0.5101519725284192
"CGC",0.633291975103366
"CGG",2.201965794230487
"CGU",0.3922974094005544
"CUA",1.3738084926675829
"CUC",1.2087029823941655
"CUG",1.4663824664861835
"CUU",1.2865255796846884
"GAA",0.30435055502098923
"GAC",0.2787634087162567
"GAG",0.4649497951817107
"GAU",0.507442516323837
"GCA",0.3260582062018849
"GCC",0.3684534348888205
"GCG",0.8555343438355626
"GCU",0.22606006631800227
"GGA",1.024073804074415
"GGC",0.17155512018526747
"GGG",0.6836902333578034
"GGU",0.3866758503042108
"GUA",0.4052993957562931
"GUC",0.51363661108131
"GUG",0.9954811376132865
"GUU",0.2850183802609321
"UAC",0.5316068414305657
"UAU",0.7875479057688208
"UCA",0.37698912676044893
"UCC",0.5403386542260233
"UCG",0.7882272049238093
"UCU",0.3107302128616926
"UGC",0.7058152519460708
"UGG",0.3531566603956675
"UGU",0.9780186393295973
"UUA",0.5793911519543572
"UUC",0.34330989545533136
"UUG",0.26370723388079015
"UUU",0.5786649327254877
