"codon","average_decoding_time"
"AAA",0.4586450534230038
"AAC",0.3266043164755929
"AAG",0.22961909013164022
"AAU",0.5599339049347389
"ACA",0.3503198361307769
"ACC",0.38198498982020596
"ACG",0.6646805353540166
"ACU",0.22989201509907678
"AGA",0.14784424663466444
"AGC",1.3942887194901232
"AGG",0.30741146880773024
"AGU",1.744255320660002
"AUA",0.4439101229964449
"AUC",0.4727044695245916
"AUG",0.5499633503468038
"AUU",0.27836077948495547
"CAA",0.4646935932243953
"CAC",0.5317666839764597
"CAG",0.6451410395698907
"CAU",0.7900292266512515
"CCA",0.3170405865184824
"CCC",2.189223105406422
"CCG",0.5071410998071196
"CCU",1.7990840352464366
"CGA",0.5103629995041544
"CGC",0.6325557979619245
"CGG",2.1997834325085575
"CGU",0.3931662807265734
"CUA",1.375668722423454
"CUC",1.2053663718592815
"CUG",1.4628471134415526
"CUU",1.2901412112013142
"GAA",0.27201736145049915
"GAC",0.2791232696896012
"GAG",0.43508267050683835
"GAU",0.5061465701690959
"GCA",0.3219994011529995
"GCC",0.34899379419085863
"GCG",0.7099284745991887
"GCU",0.20743638232355066
"GGA",0.8294485406221754
"GGC",0.14870931786334388
"GGG",0.6321146149986131
"GGU",0.3619679968229464
"GUA",0.32396280132654415
"GUC",0.4328792986770307
"GUG",0.7700680114440541
"GUU",0.21342314526803693
"UAC",0.5322289363324626
"UAU",0.7892392820891272
"UCA",0.3763606968876386
"UCC",0.5408770157269482
"UCG",0.7876982345174544
"UCU",0.30964114331289616
"UGC",0.7035174647318464
"UGG",0.3529307169694825
"UGU",0.9840918560951339
"UUA",0.5785940007319181
"UUC",0.3431684056824414
"UUG",0.32613159073717896
"UUU",0.5777484453972773
