"codon","average_decoding_time"
"AAA",0.45797908907560525
"AAC",0.3259428872010495
"AAG",0.23032068479152848
"AAU",0.5601939138419956
"ACA",0.3503470953480867
"ACC",0.38263169816120235
"ACG",0.6865639853358623
"ACU",0.22400300173636511
"AGA",0.14798923242916062
"AGC",1.3975363819217788
"AGG",0.3064902401818244
"AGU",1.7471155555093436
"AUA",0.4435636893118817
"AUC",0.4718220400448782
"AUG",0.551134475726052
"AUU",0.26505231279239666
"CAA",0.46464251919732885
"CAC",0.5328474853441395
"CAG",0.6440315584535109
"CAU",0.7890748061299044
"CCA",0.3181301307530592
"CCC",2.1849290913566466
"CCG",0.4487444887833432
"CCU",1.6266737025829812
"CGA",0.5103929927506777
"CGC",0.6322656717864148
"CGG",2.197483855125681
"CGU",0.39166074674336143
"CUA",1.3690849092077015
"CUC",1.2044407245300164
"CUG",1.461082493037532
"CUU",4.453110503386005
"GAA",0.30335525024550475
"GAC",0.27945065936092167
"GAG",0.46520704741850255
"GAU",0.5072143267349397
"GCA",0.32655181987150095
"GCC",0.36954710130464086
"GCG",0.8555348747329482
"GCU",0.25669938468292
"GGA",1.0247564081216773
"GGC",0.17168647902498918
"GGG",0.6814883950609781
"GGU",0.38574504271187665
"GUA",0.404495564674224
"GUC",0.5138541136358163
"GUG",0.9968516143185967
"GUU",0.27141408101643255
"UAC",0.3694438219108155
"UAU",0.6088918121575441
"UCA",0.372281387709634
"UCC",0.5374271392310987
"UCG",0.6477069119676538
"UCU",0.24582302384956284
"UGC",0.513485952526198
"UGG",0.33294074526354794
"UGU",0.7668597073901302
"UUA",0.5199705075108919
"UUC",0.2994862017057477
"UUG",0.21239759017833146
"UUU",0.5291901402425643
