"codon","average_decoding_time"
"AAA",0.45868920108772
"AAC",0.3264484073482075
"AAG",0.2300773723886345
"AAU",0.5604251463844238
"ACA",0.3505572694176217
"ACC",0.3814265535387555
"ACG",0.6865890690709805
"ACU",0.2293733780360568
"AGA",0.14867704837036133
"AGC",1.392294867598027
"AGG",0.3077599680529747
"AGU",1.7434045750299476
"AUA",0.4441390155538734
"AUC",0.4715216192823575
"AUG",0.5516289340865275
"AUU",0.27799887114508065
"CAA",0.46607959995958953
"CAC",0.5326476115045754
"CAG",0.6460201666004407
"CAU",0.7890449569769601
"CCA",0.3162089254353582
"CCC",2.1856599546407782
"CCG",0.4492931174595042
"CCU",1.7883698301597626
"CGA",0.5093961334914663
"CGC",0.6332352674438136
"CGG",2.202834429384069
"CGU",0.39247119008912484
"CUA",1.3682233410547138
"CUC",1.208324247030686
"CUG",1.463332300459193
"CUU",1.290916874646113
"GAA",0.3046811687764885
"GAC",0.27958848771424205
"GAG",0.4652288997117157
"GAU",0.5072173161572062
"GCA",0.32579802711854783
"GCC",0.36963861996282127
"GCG",0.855187330513723
"GCU",0.22619844635933947
"GGA",1.0242110320815572
"GGC",0.17150243569624743
"GGG",0.6836380706010731
"GGU",0.38629801255522006
"GUA",0.4048424113918494
"GUC",0.5135386765168303
"GUG",0.995749950323658
"GUU",0.28463608649791994
"UAC",0.533206161725593
"UAU",0.7884950133113385
"UCA",0.37762450508932127
"UCC",0.5429446823603132
"UCG",0.7875529507508096
"UCU",0.30960350561784233
"UGC",0.7048788297980099
"UGG",0.3539837679993166
"UGU",0.9807621545681355
"UUA",0.5777824443821358
"UUC",0.3428972138216884
"UUG",0.26324296175690837
"UUU",0.5764072035798813
