"codon","average_decoding_time"
"AAA",0.45905996979105435
"AAC",0.32756765718266057
"AAG",0.23041621479000868
"AAU",0.560075516058923
"ACA",0.35034233299140205
"ACC",0.3825644478501472
"ACG",0.6868737080794047
"ACU",0.2235866912906981
"AGA",0.148256616077543
"AGC",1.3944260161878517
"AGG",0.3066105576690999
"AGU",1.7481545947706916
"AUA",0.4441250723073417
"AUC",0.47128135399087023
"AUG",0.5505011475856606
"AUU",0.2649918851401846
"CAA",0.4646298661197587
"CAC",0.5349440805976944
"CAG",0.6443304057404675
"CAU",0.7900022470822219
"CCA",0.3165614038057017
"CCC",2.1918896070837723
"CCG",0.44975766232769965
"CCU",1.6218784682106409
"CGA",0.5109062555589126
"CGC",0.6325549866294451
"CGG",2.199126721674441
"CGU",0.392600252462213
"CUA",1.374708587609001
"CUC",1.2109194674240333
"CUG",1.464978151505897
"CUU",4.438263215058473
"GAA",0.3042633323019557
"GAC",0.2793550228651713
"GAG",0.466761873308764
"GAU",0.5067839401394435
"GCA",0.3259986633307811
"GCC",0.369329791569885
"GCG",0.8525753244254681
"GCU",0.2561104807470108
"GGA",1.0258093484759436
"GGC",0.17160626921345776
"GGG",0.6825282678918349
"GGU",0.3861693560607258
"GUA",0.4053441311754609
"GUC",0.5131278157289764
"GUG",0.9954345775375298
"GUU",0.27298415099263434
"UAC",0.36994148431164214
"UAU",0.6089985162254395
"UCA",0.37330198912247164
"UCC",0.5367191432303131
"UCG",0.6447045945023037
"UCU",0.24527656308172352
"UGC",0.512621236297154
"UGG",0.3337320740833708
"UGU",0.7698748071293996
"UUA",0.5199352788407651
"UUC",0.3005976160518164
"UUG",0.2125986248357882
"UUU",0.5284663457530557
