"codon","average_decoding_time"
"AAA",0.4581069410117733
"AAC",0.32619262738385807
"AAG",0.22935126960990906
"AAU",0.5593288205859345
"ACA",0.34991184167923695
"ACC",0.38157657268393586
"ACG",0.6882079275643167
"ACU",0.22459106591091146
"AGA",0.1480262447063305
"AGC",1.3885465794092264
"AGG",0.30743398959709467
"AGU",1.7485402314248426
"AUA",0.44473734886019944
"AUC",0.4711562746526424
"AUG",0.5513880475757559
"AUU",0.2644451021113288
"CAA",0.4653604312689715
"CAC",0.532333430239089
"CAG",0.6431782799085131
"CAU",0.7881921506944827
"CCA",0.3157520828032185
"CCC",2.1875669987928963
"CCG",0.4491969437958325
"CCU",1.621564136310229
"CGA",0.5099493831220872
"CGC",0.6303637459147943
"CGG",2.192032128486587
"CGU",0.3938074448790246
"CUA",1.3724655864364668
"CUC",1.2073557400252073
"CUG",1.4608208259429283
"CUU",4.4471047368749375
"GAA",0.3041039804146795
"GAC",0.27926269501882545
"GAG",0.4656148224704758
"GAU",0.5082374979492248
"GCA",0.3255636266373386
"GCC",0.3702498179206158
"GCG",0.8538876448842414
"GCU",0.2569128182447194
"GGA",1.0219483636358622
"GGC",0.17091842328163565
"GGG",0.6838924259104455
"GGU",0.3861469013610639
"GUA",0.40534069965223746
"GUC",0.5128084234548941
"GUG",0.9963398918659491
"GUU",0.27152368349652223
"UAC",0.37019039865822684
"UAU",0.6077075210850656
"UCA",0.37265053118603136
"UCC",0.5350156566644562
"UCG",0.6460119729812362
"UCU",0.2450460466502019
"UGC",0.5128807654927459
"UGG",0.3339976452888369
"UGU",0.7685652275300802
"UUA",0.5211295876964879
"UUC",0.29889196685066227
"UUG",0.24334347631339479
"UUU",0.5298255931676459
