"codon","average_decoding_time"
"AAA",0.45963590452398145
"AAC",0.3272955483902629
"AAG",0.16132616104096595
"AAU",0.5585204291720466
"ACA",0.35061013188894286
"ACC",0.3822162639715335
"ACG",0.6878373771221644
"ACU",0.22970512348141803
"AGA",0.1482131389098851
"AGC",1.394755832564622
"AGG",0.30669615524166793
"AGU",1.7467946493284132
"AUA",0.4437597017406241
"AUC",0.47222250299794016
"AUG",0.5506843081518236
"AUU",0.27821736765198174
"CAA",0.4651435426752758
"CAC",0.5330599557408939
"CAG",3.459399683239841
"CAU",0.7889270718941032
"CCA",0.3174853176194854
"CCC",2.191498904151471
"CCG",0.4508235288690403
"CCU",1.7868507177090427
"CGA",0.5105757669023955
"CGC",0.6328509456844132
"CGG",2.1954656131542856
"CGU",0.3937244848253283
"CUA",1.3683219494902763
"CUC",1.2025449264354944
"CUG",1.4673056897297592
"CUU",1.291918354388831
"GAA",0.30419966269642384
"GAC",0.2793335677947389
"GAG",2.1590613975085713
"GAU",0.5073511772674483
"GCA",0.326159202296625
"GCC",0.36910722923867684
"GCG",0.8545068047489893
"GCU",0.22587778696390404
"GGA",1.0208742925998444
"GGC",0.171097919230893
"GGG",0.6831089134597123
"GGU",0.38663906537636406
"GUA",0.40484781767113515
"GUC",0.5133071419069865
"GUG",0.9965043902192395
"GUU",0.2848430082800485
"UAC",0.5337532373554451
"UAU",0.7894516171832755
"UCA",0.376573643760108
"UCC",0.5425841545608723
"UCG",0.7877271811940479
"UCU",0.3097644102740652
"UGC",0.7025180812531073
"UGG",0.3536976503438132
"UGU",0.9826123227363014
"UUA",0.5774864406771612
"UUC",0.3421792969327064
"UUG",0.3270186885383881
"UUU",0.5772167316829887
