"codon","average_decoding_time"
"AAA",0.46028550647458605
"AAC",0.32695651199401926
"AAG",0.22961989836419497
"AAU",0.559303804098305
"ACA",0.3510713925434306
"ACC",0.3824270366147122
"ACG",0.6862972683353143
"ACU",0.22911401398145823
"AGA",0.1475896366393167
"AGC",1.3964718320153127
"AGG",1.8021840258954496
"AGU",1.7476745451533844
"AUA",0.44378646357089785
"AUC",0.4717177848221349
"AUG",0.5517666391758852
"AUU",0.27866234206424456
"CAA",0.46536886172808656
"CAC",0.5325021877987323
"CAG",0.6458382666712095
"CAU",0.7874149082866768
"CCA",0.3168718371513033
"CCC",2.1855883325931043
"CCG",0.44894773484556433
"CCU",1.788511919135846
"CGA",0.5114764596777105
"CGC",0.6336660339754013
"CGG",2.2019609683994164
"CGU",0.3941761238172952
"CUA",1.372010070133259
"CUC",1.2095100035865158
"CUG",1.4672666618556554
"CUU",1.2928440589874515
"GAA",0.30328028317232547
"GAC",0.27943647458227583
"GAG",0.46501113018302676
"GAU",0.5076176881112913
"GCA",0.3259816547807459
"GCC",0.368879353767932
"GCG",0.853926003433176
"GCU",0.22659992001022358
"GGA",1.0257107582991614
"GGC",0.17176164874033892
"GGG",0.6840264276483282
"GGU",0.3866968321017398
"GUA",0.4054807204009159
"GUC",0.5135315895559633
"GUG",0.9961892496486783
"GUU",0.28563292440973137
"UAC",0.5326017088614722
"UAU",0.788025200877066
"UCA",0.3778350596747778
"UCC",0.5423355062161334
"UCG",0.7876586724862784
"UCU",0.30948908581595513
"UGC",0.7055028600847072
"UGG",0.3534285605071079
"UGU",0.9793211643266941
"UUA",0.5781519887349424
"UUC",0.3429380077405383
"UUG",0.2642916085345906
"UUU",0.5793932628636501
