"codon","average_decoding_time"
"AAA",0.4595188345198877
"AAC",0.3261973468581534
"AAG",0.229866191620644
"AAU",0.5603466813182653
"ACA",0.3502950107216866
"ACC",0.3825785621791026
"ACG",0.686432823188688
"ACU",0.229207402873406
"AGA",0.148103312005574
"AGC",1.3982425670880718
"AGG",0.3067517777469681
"AGU",1.748895367550444
"AUA",0.4440671078188095
"AUC",0.4709633075349792
"AUG",0.5506106615443477
"AUU",0.2773545673405804
"CAA",0.46312001107533074
"CAC",0.532416413372841
"CAG",0.6443357014574999
"CAU",0.7913490142307799
"CCA",0.317858516887835
"CCC",2.1857560148686237
"CCG",0.44859152717542583
"CCU",1.7940439644275679
"CGA",0.5099697557447338
"CGC",0.6347483020266439
"CGG",2.1975291899149108
"CGU",0.3931655450828918
"CUA",1.3683414632185051
"CUC",1.2061025249440651
"CUG",1.4563529806069557
"CUU",1.2907517815264917
"GAA",0.3045142787530461
"GAC",0.2803398749483171
"GAG",0.4663583053642941
"GAU",0.5069570462676222
"GCA",0.32652955225853014
"GCC",0.36825278115347965
"GCG",0.8532922197592313
"GCU",0.22576726001541197
"GGA",1.0247904967940566
"GGC",0.17163510562738266
"GGG",0.6825610459836506
"GGU",0.3866906739902042
"GUA",0.4045979318581398
"GUC",0.5122373470602607
"GUG",0.9959582831193036
"GUU",0.2856527970674467
"UAC",0.5325958091258403
"UAU",0.789636930387938
"UCA",0.37774380266498786
"UCC",0.5424400210010699
"UCG",0.7886760734089577
"UCU",0.3109198564503316
"UGC",0.7041854502125969
"UGG",0.3542819291157728
"UGU",0.9775671928516645
"UUA",0.5777320103820551
"UUC",0.34285788086427454
"UUG",0.26333759014540853
"UUU",0.5784606219384546
