"codon","average_decoding_time"
"AAA",0.4598446558759339
"AAC",0.3265543156471372
"AAG",0.16159833332602636
"AAU",0.5607108393121825
"ACA",0.34937131531019816
"ACC",0.3815010133670951
"ACG",0.6884303401723849
"ACU",0.22958493051721787
"AGA",0.14719435785334
"AGC",1.3915023965272308
"AGG",0.3071224177778343
"AGU",1.7453741137859748
"AUA",0.4437619469874837
"AUC",0.47111238341244366
"AUG",0.5218980453601147
"AUU",0.27764105035746367
"CAA",0.46444290421397744
"CAC",0.5330202151776345
"CAG",3.463953964346444
"CAU",0.7923580121731707
"CCA",0.3169420647450081
"CCC",2.186069733193911
"CCG",0.44848832103512387
"CCU",1.7876489005786356
"CGA",0.5104263077645164
"CGC",0.6348206999571047
"CGG",2.203328467657466
"CGU",0.39199017903715644
"CUA",1.3727764425200517
"CUC",1.203113629227875
"CUG",1.4033714187531805
"CUU",1.288667112963391
"GAA",0.303907322571414
"GAC",0.279675015479987
"GAG",2.1584522285838963
"GAU",0.5079042663138164
"GCA",0.3261067699988775
"GCC",0.37023856772260544
"GCG",0.8516214918722984
"GCU",0.22632429920068486
"GGA",1.0269921799382191
"GGC",0.17110822329701017
"GGG",0.681117927258091
"GGU",0.3864613827551501
"GUA",0.4043123638651112
"GUC",0.5143739473082044
"GUG",2.0793784174137193
"GUU",0.2855335893987005
"UAC",0.5319035456766176
"UAU",0.7873429935663504
"UCA",0.3780010016782836
"UCC",0.5407656316961761
"UCG",0.7883969603421377
"UCU",0.31122292573872334
"UGC",0.7076833218242871
"UGG",0.35466390569744205
"UGU",0.980601245876145
"UUA",0.5770378734044282
"UUC",0.342631169657792
"UUG",0.25207270822592814
"UUU",0.5762653660082171
