"codon","average_decoding_time"
"AAA",0.45964704225327685
"AAC",0.326852511253305
"AAG",0.23049114304896226
"AAU",0.5609836241775421
"ACA",0.3496510262730765
"ACC",0.38229775185500486
"ACG",0.577321932379425
"ACU",0.2294022968174669
"AGA",0.1482869254114009
"AGC",1.3937153653257592
"AGG",0.29234438923545125
"AGU",1.7382859223844171
"AUA",0.44504116180661407
"AUC",0.47360737172692047
"AUG",0.5511946122711909
"AUU",0.27749574932563176
"CAA",0.46523274002417503
"CAC",0.5332697900259403
"CAG",0.643064012007256
"CAU",0.790706565642671
"CCA",0.31783707860179494
"CCC",2.1897964735686757
"CCG",1.8410354027224347
"CCU",1.796325976988462
"CGA",0.5100612455246226
"CGC",0.6329845600322669
"CGG",2.025871138668087
"CGU",0.39361299514395204
"CUA",1.3732178934374746
"CUC",1.204769275957925
"CUG",1.4650970226987863
"CUU",1.2919040723192583
"GAA",0.30355961373041257
"GAC",0.27981695847360066
"GAG",0.46477206035424345
"GAU",0.507637389709548
"GCA",0.32607203190607753
"GCC",0.36965421481091687
"GCG",0.7435030605474017
"GCU",0.22664268349420924
"GGA",1.0215261346942979
"GGC",0.1707617031229198
"GGG",1.3614870061908646
"GGU",0.3865523883760388
"GUA",0.40500634057079726
"GUC",0.5131229388961845
"GUG",0.997012601150387
"GUU",0.28470989558752663
"UAC",0.5329060209238727
"UAU",0.7904106335890329
"UCA",0.37825068620144137
"UCC",0.5414805328303262
"UCG",2.9197918494568387
"UCU",0.31056793935478527
"UGC",0.7051259464756806
"UGG",0.3248924160532892
"UGU",0.9834002754438975
"UUA",0.5797827789889318
"UUC",0.3432751650754959
"UUG",0.26434816953131823
"UUU",0.5769503470292106
