"codon","average_decoding_time"
"AAA",0.46169837015953896
"AAC",0.32667043188122963
"AAG",0.2300902630904589
"AAU",0.5591685156793992
"ACA",0.3501164493082497
"ACC",0.3828197788504971
"ACG",0.5795286259039714
"ACU",0.2293785087857915
"AGA",0.14767416349569223
"AGC",1.396007471145536
"AGG",0.29150687743297965
"AGU",1.7473433185046563
"AUA",0.44449771360287965
"AUC",0.47232766509222324
"AUG",0.5498751825369497
"AUU",0.2782426062629175
"CAA",0.46525515028096937
"CAC",0.5349195805984999
"CAG",0.6437832276316939
"CAU",0.7900342931262347
"CCA",0.317328832981432
"CCC",2.182820035142559
"CCG",1.841068129008436
"CCU",1.7927280963083505
"CGA",0.5107060535972254
"CGC",0.6317399226386456
"CGG",2.0307396907085686
"CGU",0.3937519683599218
"CUA",1.3745464025742478
"CUC",1.2068261439371724
"CUG",1.4699217082168934
"CUU",1.2869785932925508
"GAA",0.30306547155090446
"GAC",0.2796509992130577
"GAG",0.46559620949968533
"GAU",0.5081832970735878
"GCA",0.3264829572124663
"GCC",0.369520049902285
"GCG",0.7446943774962557
"GCU",0.22587361987841545
"GGA",1.0211412540778466
"GGC",0.17184616908908457
"GGG",1.362327430555072
"GGU",0.386461866692767
"GUA",0.40540167950768013
"GUC",0.5138928312913003
"GUG",0.9963694492728407
"GUU",0.2849958639243223
"UAC",0.5328629136347103
"UAU",0.7919109310495316
"UCA",0.37699466980652563
"UCC",0.5425645727701951
"UCG",2.914328428945249
"UCU",0.310553165925595
"UGC",0.7062095221791214
"UGG",0.3238159313052094
"UGU",0.9787575270623097
"UUA",0.5787463226556049
"UUC",0.34355504333664333
"UUG",0.2641641715843572
"UUU",0.577704126142544
