"codon","average_decoding_time"
"AAA",0.4588326647537672
"AAC",0.32734839776369923
"AAG",0.22991392291853044
"AAU",0.5609043464268618
"ACA",0.35026597476412713
"ACC",0.3830779506871685
"ACG",0.6867805269318623
"ACU",0.22959834084505856
"AGA",0.1479318955458121
"AGC",1.3872011205757444
"AGG",0.30717325638720133
"AGU",1.7484958035470262
"AUA",0.44408803526877716
"AUC",0.47151748328070825
"AUG",0.5505959735729916
"AUU",0.2777995576643918
"CAA",0.46451187371965846
"CAC",0.5327218000615994
"CAG",0.6443106286822513
"CAU",0.7891369902002058
"CCA",0.31660752098831024
"CCC",2.1851471112958674
"CCG",0.4487587990583366
"CCU",1.7971569398096092
"CGA",0.5108977249881405
"CGC",0.6328518430156779
"CGG",2.1975680573859973
"CGU",0.3918613927261502
"CUA",1.3725709767433765
"CUC",1.2047733235981164
"CUG",1.4660760774486297
"CUU",1.2898762040542398
"GAA",0.3039703425086771
"GAC",0.2789100488217935
"GAG",0.4641540479384271
"GAU",0.508424754585264
"GCA",0.3259190026371707
"GCC",0.36996434818805685
"GCG",0.8546298888617604
"GCU",0.22528372337839017
"GGA",1.0269006644013607
"GGC",0.1716184897092344
"GGG",0.6826804727980584
"GGU",0.385951292621783
"GUA",0.40491394993157925
"GUC",0.514867966768322
"GUG",0.9981294190768341
"GUU",0.2852974909430115
"UAC",0.5325305558063764
"UAU",0.7906723604336887
"UCA",0.3764402697163493
"UCC",0.5417600728216678
"UCG",0.7909928791328038
"UCU",0.31036443399231556
"UGC",0.7065353866415193
"UGG",0.35381563017853485
"UGU",0.9785290381256221
"UUA",0.5813890749085927
"UUC",0.34285153087227993
"UUG",0.26259065656801117
"UUU",0.5777127738724722
