"codon","average_decoding_time"
"AAA",0.4597736677893347
"AAC",0.326992332020009
"AAG",0.23041570998342828
"AAU",0.5584157597562823
"ACA",0.3491263783328615
"ACC",0.382725833223578
"ACG",0.6659020362975611
"ACU",0.22928969812980668
"AGA",0.14787765337140102
"AGC",1.3938822553753991
"AGG",0.30712599126031165
"AGU",1.7489753465041262
"AUA",0.44316441506992743
"AUC",0.47072131230834335
"AUG",0.5239245213203666
"AUU",0.2786319750340477
"CAA",0.46687969006123314
"CAC",0.533263736867328
"CAG",0.6445283618282903
"CAU",0.789536494981108
"CCA",0.3170842658882723
"CCC",2.1873899484048915
"CCG",0.5070132993862406
"CCU",1.7973620802044523
"CGA",0.5101576343821826
"CGC",0.6317779019407352
"CGG",2.1980645977866566
"CGU",0.39273013258410666
"CUA",1.370729713672287
"CUC",1.2057013298478358
"CUG",1.3977282134121929
"CUU",1.2874655446911312
"GAA",0.27224696924872643
"GAC",0.27946560050765273
"GAG",0.4336315019681623
"GAU",0.5067365374660651
"GCA",0.32336339148379645
"GCC",0.3499173717558689
"GCG",0.7118088205078191
"GCU",0.20780981008980068
"GGA",0.8300826756829547
"GGC",0.1487732660900255
"GGG",0.634624776040924
"GGU",0.362228031634601
"GUA",0.32527772426084317
"GUC",0.4319947828410372
"GUG",1.5616055629134942
"GUU",0.21283039728315548
"UAC",0.532182177192612
"UAU",0.7889845391408187
"UCA",0.3777480629729364
"UCC",0.54172732868709
"UCG",0.7867849749687349
"UCU",0.3107589510839457
"UGC",0.7046155478362885
"UGG",0.35419734465884356
"UGU",0.9798594095682588
"UUA",0.5783839246281248
"UUC",0.3431618961173189
"UUG",0.30844147733706795
"UUU",0.5785796537997758
