"codon","average_decoding_time"
"AAA",0.4571648742334982
"AAC",0.32648294582181686
"AAG",0.16101766767550896
"AAU",0.5610995863590048
"ACA",0.35038461000953275
"ACC",0.38176916833107033
"ACG",0.6875501509105985
"ACU",0.2290976436351629
"AGA",0.14823242185927246
"AGC",1.3925091359964128
"AGG",0.30731909917485484
"AGU",1.7409598698212454
"AUA",0.44476697644335667
"AUC",0.4717144599701357
"AUG",0.5521379165680596
"AUU",0.27760920414461515
"CAA",0.46455569464850965
"CAC",0.53211795763502
"CAG",3.453782583894056
"CAU",0.7882410309301427
"CCA",0.31677840054244644
"CCC",2.1915417835968567
"CCG",0.4493172520146911
"CCU",1.7887006048996639
"CGA",0.5100194611574624
"CGC",0.6322889716532103
"CGG",2.199112755065055
"CGU",0.39283506333743917
"CUA",1.3733232551670675
"CUC",1.2081252004906438
"CUG",1.4638878619506557
"CUU",1.2887634033073834
"GAA",0.3032315145552597
"GAC",0.2789720445474541
"GAG",2.15949354461592
"GAU",0.5061920697254612
"GCA",0.3258879626517314
"GCC",0.3695179289726441
"GCG",0.853401297441588
"GCU",0.22549630241801608
"GGA",1.022789281745841
"GGC",0.17096305700105724
"GGG",0.6826977100654446
"GGU",0.38628423641616483
"GUA",0.40527036121771504
"GUC",0.5136134960531229
"GUG",0.9934296649441069
"GUU",0.2852205022682288
"UAC",0.5347530111357559
"UAU",0.788011030627171
"UCA",0.3775175711135622
"UCC",0.5415347378662776
"UCG",0.7882132873412788
"UCU",0.3104497910919062
"UGC",0.7073927578618375
"UGG",0.35311064240396
"UGU",0.9819723473113474
"UUA",0.5790139143479174
"UUC",0.3421886913146331
"UUG",0.2650463812448878
"UUU",0.5780259953538117
