"codon","average_decoding_time"
"AAA",0.460053619731948
"AAC",0.3260230977359824
"AAG",0.1606621123519573
"AAU",0.5590788236687029
"ACA",0.3504935326147215
"ACC",0.3820326037362819
"ACG",0.6859940003563276
"ACU",0.22909749148525924
"AGA",0.14775710314228846
"AGC",1.392511236916963
"AGG",0.30730938379319345
"AGU",1.7428865094400108
"AUA",0.4441539384041205
"AUC",0.4711072920929505
"AUG",0.5527975826865532
"AUU",0.27867967296804314
"CAA",0.464368532100102
"CAC",0.5319014706955139
"CAG",3.467731683857495
"CAU",0.7888664347931476
"CCA",0.31689790906252646
"CCC",2.1899294225589525
"CCG",0.4495627480186631
"CCU",1.7848370803529001
"CGA",0.5103552652058346
"CGC",0.6328909563989754
"CGG",2.1941257088149846
"CGU",0.3920953999432543
"CUA",1.3718609733106824
"CUC",1.2067437803149206
"CUG",1.4609691172266277
"CUU",1.2921844749540232
"GAA",0.30305847215027376
"GAC",0.27959706176059984
"GAG",2.1529171664473106
"GAU",0.5067514883739661
"GCA",0.3261709025940905
"GCC",0.3691118320632809
"GCG",0.8539639937515683
"GCU",0.22608044510372924
"GGA",1.0250303331167576
"GGC",0.17121108021037293
"GGG",0.682095594125969
"GGU",0.3864177816813627
"GUA",0.40528356926622444
"GUC",0.5147256239504794
"GUG",0.9963329159625021
"GUU",0.2840609779489975
"UAC",0.5325063411365529
"UAU",0.7897464154906763
"UCA",0.3765784019900699
"UCC",0.5397283080723542
"UCG",0.7896158686289799
"UCU",0.31006224559058126
"UGC",0.7027213268393403
"UGG",0.35340217668573104
"UGU",0.9806715093133254
"UUA",0.5807290119833388
"UUC",0.3437891882442978
"UUG",0.2637604158864131
"UUU",0.57649933053936
