"codon","average_decoding_time"
"AAA",0.45980562316461165
"AAC",0.3266690742926437
"AAG",0.23013150182774067
"AAU",0.5604491763042464
"ACA",0.3503544714881131
"ACC",0.3825401342160278
"ACG",0.6855994842594018
"ACU",0.22953570947482385
"AGA",0.1478954580719888
"AGC",1.3931361710426184
"AGG",1.805988980976567
"AGU",1.7447226083999468
"AUA",0.4427295816815746
"AUC",0.47163707493893087
"AUG",0.5505886027805849
"AUU",0.27800035357757763
"CAA",0.4656009810081753
"CAC",0.5336244307933038
"CAG",0.6451878003281
"CAU",0.7891612018678902
"CCA",0.31700392616918216
"CCC",2.1876450791305446
"CCG",0.4498385478240337
"CCU",1.7922167394516981
"CGA",0.5102335511213567
"CGC",0.632528980647614
"CGG",2.203502108375573
"CGU",0.3933834599286819
"CUA",1.3699273362117568
"CUC",1.2070859670252319
"CUG",1.4634630747202748
"CUU",1.2884778067476088
"GAA",0.30412192687655265
"GAC",0.28001932625294945
"GAG",0.46539688059441947
"GAU",0.5065104135305956
"GCA",0.3263821302393676
"GCC",0.36938218749735985
"GCG",0.8542814297275507
"GCU",0.22598613504979667
"GGA",1.0219974198991928
"GGC",0.1712568959651234
"GGG",0.683997769343553
"GGU",0.38621123902323856
"GUA",0.4041797728957185
"GUC",0.5136510489207524
"GUG",0.9978265252205714
"GUU",0.2845115002509619
"UAC",0.5325357000791208
"UAU",0.789963845344828
"UCA",0.377157433367503
"UCC",0.5409542594731579
"UCG",0.787227299495433
"UCU",0.3107965747549715
"UGC",0.7068147585065154
"UGG",0.3540043658602142
"UGU",0.9798367590390189
"UUA",0.5781567402562914
"UUC",0.34348496151942776
"UUG",0.32686324929347865
"UUU",0.5780253322585943
