"codon","average_decoding_time"
"AAA",0.45876313724889634
"AAC",0.32576775434866173
"AAG",0.2299040448853597
"AAU",0.5600782013958081
"ACA",0.350861309733252
"ACC",0.38234421376022515
"ACG",0.6885414496641489
"ACU",0.22964125375677574
"AGA",0.14834456325084974
"AGC",1.3956222585742555
"AGG",0.30710044904134454
"AGU",1.7447143497903437
"AUA",0.44368288405620765
"AUC",0.47105972671948926
"AUG",0.5504532768054329
"AUU",0.27877773525695426
"CAA",0.4658704276257762
"CAC",0.5334081988056169
"CAG",0.6445275139227695
"CAU",0.7898639548177241
"CCA",0.31818366787672775
"CCC",2.1845613771232846
"CCG",0.4487407111639195
"CCU",1.7961458178663847
"CGA",0.5097315023757851
"CGC",0.6337819291164454
"CGG",2.1913520317025434
"CGU",0.39250345132158815
"CUA",1.3675785753284018
"CUC",1.2039248056041534
"CUG",1.465985462274199
"CUU",1.2929050876477528
"GAA",0.3040622190100446
"GAC",0.27935026437067934
"GAG",0.46516681645320246
"GAU",0.5085284237825654
"GCA",0.32596360624652254
"GCC",0.36931671926734033
"GCG",0.8541879902362508
"GCU",0.22581861654978566
"GGA",1.0228610328381627
"GGC",0.17084904243126448
"GGG",0.6828147990262925
"GGU",0.3860494450652188
"GUA",0.4060391446506486
"GUC",0.512657819616108
"GUG",1.001638279191243
"GUU",0.28471710060836913
"UAC",0.5323099798129862
"UAU",0.7878113302541997
"UCA",0.3772975541508506
"UCC",0.5417115285956942
"UCG",0.7879360439341716
"UCU",0.31120575170518977
"UGC",0.7053868620878094
"UGG",0.3532236958116959
"UGU",0.9790546408462975
"UUA",0.5796218897537968
"UUC",0.34359593316426773
"UUG",0.3263618323896037
"UUU",0.5764626668124785
