"codon","average_decoding_time"
"AAA",0.4595357502179133
"AAC",0.3270940179124779
"AAG",0.2307991680222399
"AAU",0.5602584947596854
"ACA",0.3495785131399326
"ACC",0.38175929832709676
"ACG",0.6867158045972936
"ACU",0.2289569525537016
"AGA",0.14783103835359399
"AGC",1.3909974675865269
"AGG",0.3074487063882889
"AGU",1.7436631522720438
"AUA",0.4441244083865893
"AUC",0.4714961722723283
"AUG",0.5508035624058939
"AUU",0.2767284751834543
"CAA",0.4647606117929816
"CAC",0.5326569911644521
"CAG",0.6451404898995711
"CAU",0.7889263660401861
"CCA",0.31661934893312493
"CCC",2.190839535864853
"CCG",0.4478219275622779
"CCU",1.802349492352963
"CGA",0.5116582648876618
"CGC",0.6337081826229084
"CGG",2.203216996563895
"CGU",0.3917612185224329
"CUA",1.3719190096782015
"CUC",1.2070663255711236
"CUG",1.4664033220638333
"CUU",1.2879171997624586
"GAA",0.3034716404381672
"GAC",0.28021827624745776
"GAG",0.4642817525828517
"GAU",0.5088209626250229
"GCA",0.3261038791932513
"GCC",0.3695929434135875
"GCG",0.8507925612104541
"GCU",0.22545653633883442
"GGA",1.0248651218221114
"GGC",0.17156635937664103
"GGG",0.6831050204392025
"GGU",0.38707667797263423
"GUA",0.405615463988811
"GUC",0.5128921786246248
"GUG",0.9933713424132037
"GUU",0.2844403545977829
"UAC",0.5328634406448514
"UAU",0.7893831849106993
"UCA",0.37761446633166357
"UCC",0.5425943974405302
"UCG",0.7873192508309057
"UCU",0.31145679713947344
"UGC",0.7045793082265415
"UGG",0.3537533956872241
"UGU",0.980811194304575
"UUA",0.5781594758795617
"UUC",0.3435049824879576
"UUG",0.3263477754883417
"UUU",0.5768783829403448
