"codon","average_decoding_time"
"AAA",0.46005839465892495
"AAC",0.32651989858685293
"AAG",0.22984296678988383
"AAU",0.5595950711917655
"ACA",0.3508829267389605
"ACC",0.3827315870747106
"ACG",0.6861827147585422
"ACU",0.2287837732589564
"AGA",0.14781247591284838
"AGC",1.3973033791553384
"AGG",0.3070620783796134
"AGU",1.750180590484571
"AUA",0.44204669059286417
"AUC",0.4708802534919206
"AUG",0.5507302295925931
"AUU",0.2780571003654114
"CAA",0.4647183986838217
"CAC",0.5337936539024775
"CAG",0.6451127577388087
"CAU",0.7890824860713919
"CCA",0.3167888707368105
"CCC",2.1922935183898757
"CCG",0.44973402818368874
"CCU",1.7968985467862986
"CGA",0.5116453476533406
"CGC",0.632592652910399
"CGG",2.194183422123286
"CGU",0.3923008218303311
"CUA",1.3672908492847966
"CUC",1.206312789390828
"CUG",1.4650559799154528
"CUU",1.292250718522415
"GAA",0.3047407668730057
"GAC",0.2795543417542912
"GAG",0.46522406795654603
"GAU",0.5089729127297863
"GCA",0.3271189322178091
"GCC",0.36964566646057717
"GCG",0.852387417705662
"GCU",0.226439023545315
"GGA",1.0260428869211964
"GGC",0.1713081477230169
"GGG",0.683512903032187
"GGU",0.38591072729195225
"GUA",0.40527930542374285
"GUC",0.5128111202781788
"GUG",0.9997057446813339
"GUU",0.28536459187395635
"UAC",0.534082494979026
"UAU",0.7890562009264553
"UCA",0.378143648856975
"UCC",0.5440620346062629
"UCG",0.7873146592291641
"UCU",0.31094153956705006
"UGC",0.7062618851314297
"UGG",0.3537209136936397
"UGU",0.9823513962821294
"UUA",0.5807563512000098
"UUC",0.342585484793946
"UUG",0.2634616115430226
"UUU",0.5783723204020912
