"codon","average_decoding_time"
"AAA",0.45881169533342075
"AAC",0.32631059118057204
"AAG",0.23005460797217514
"AAU",0.559585157937196
"ACA",0.35019888739213684
"ACC",0.38268285953691095
"ACG",0.6863378807125989
"ACU",0.22966819237135983
"AGA",0.14852163929368412
"AGC",1.3946974609008882
"AGG",0.30695457874096777
"AGU",1.7399502731987657
"AUA",0.4440641845319925
"AUC",0.47193210671704894
"AUG",0.5224839170657093
"AUU",0.27801844113794366
"CAA",0.4642327572947664
"CAC",0.5334117822773694
"CAG",0.6456626625468491
"CAU",0.7890081836584018
"CCA",0.3176176135980598
"CCC",2.194456248517262
"CCG",0.44946299741251605
"CCU",1.792354235709317
"CGA",0.5096977553799331
"CGC",0.6337899907035961
"CGG",2.2011083816115775
"CGU",0.3944533303051457
"CUA",1.3713185395476852
"CUC",1.2108141228233515
"CUG",1.398610097748897
"CUU",1.2883681151659099
"GAA",0.30401124562108384
"GAC",0.27980802221396855
"GAG",0.46507127114017144
"GAU",0.5084264834185034
"GCA",0.32629399986327373
"GCC",0.36941964862195503
"GCG",0.8538208286840153
"GCU",0.22621136076935755
"GGA",1.0249331029559627
"GGC",0.17129896986509924
"GGG",0.6825637974574685
"GGU",0.38635765534206484
"GUA",0.4052085204028267
"GUC",0.5126680483228605
"GUG",2.079879592921981
"GUU",0.28623512100001125
"UAC",0.5316146931992244
"UAU",0.7899901043993277
"UCA",0.37756963147307826
"UCC",0.5414290900981753
"UCG",0.7871327323283552
"UCU",0.3105533352378066
"UGC",0.7025531457091475
"UGG",0.3533253284540856
"UGU",0.9805129499957512
"UUA",0.5789286067373217
"UUC",0.34342280676159037
"UUG",0.2523488548015732
"UUU",0.5771826814484186
