"codon","average_decoding_time"
"AAA",0.4609099162730447
"AAC",0.3256480478765576
"AAG",0.23063236950192667
"AAU",0.5603950615368813
"ACA",0.3501030240979918
"ACC",0.38198733909320437
"ACG",0.5789226193046701
"ACU",0.22412619527894445
"AGA",0.14809420154292421
"AGC",1.3964508931975894
"AGG",0.29139185101026255
"AGU",1.7438102046023225
"AUA",0.4431789569912002
"AUC",0.47227350950218583
"AUG",0.5501314141551191
"AUU",0.26511602076976276
"CAA",0.4664300511917338
"CAC",0.5344230915080526
"CAG",0.6454506129694271
"CAU",0.7907813624049456
"CCA",0.317217955169786
"CCC",2.191494278920626
"CCG",1.8359822149548768
"CCU",1.6279736912710956
"CGA",0.509783079424344
"CGC",0.6335204277886456
"CGG",2.02641022499846
"CGU",0.3919697986380176
"CUA",1.368496458298558
"CUC",1.2074110246401277
"CUG",1.464011773298892
"CUU",4.445935929206095
"GAA",0.3047242255393973
"GAC",0.28036176179335504
"GAG",0.4657999159634355
"GAU",0.5074091756631328
"GCA",0.3275535723864581
"GCC",0.3691150610210735
"GCG",0.7428224083379731
"GCU",0.25525295699754935
"GGA",1.0225364659009
"GGC",0.17160553993256136
"GGG",1.3637035773493607
"GGU",0.3866686596598351
"GUA",0.40513624450146185
"GUC",0.5132276459170448
"GUG",0.9976489918189115
"GUU",0.2724247698726618
"UAC",0.37162024288844375
"UAU",0.6086492842460614
"UCA",0.37320947158516005
"UCC",0.5350512415829736
"UCG",2.3068736446524456
"UCU",0.24633041221627675
"UGC",0.5136756894458757
"UGG",0.30309449622872536
"UGU",0.7682478868881361
"UUA",0.520632557687709
"UUC",0.2996451610387482
"UUG",0.21187318178668813
"UUU",0.5295688234166191
