"codon","average_decoding_time"
"AAA",0.4585311811006627
"AAC",0.326677153363775
"AAG",0.2296798998423852
"AAU",0.560178512675468
"ACA",0.3494299703897113
"ACC",0.3821128531011618
"ACG",0.6866133263804751
"ACU",0.22947416686279354
"AGA",0.14741682545539894
"AGC",1.3908369706207684
"AGG",0.30719448902325186
"AGU",1.7475487888129972
"AUA",0.4435491919291685
"AUC",0.47220188252428497
"AUG",0.5516594358957061
"AUU",0.27823693484092127
"CAA",0.4648033656493099
"CAC",0.5327454186788836
"CAG",0.6443493931093468
"CAU",0.7920041363313672
"CCA",0.3164612154691275
"CCC",2.1796286442137407
"CCG",0.450269432787574
"CCU",1.7895980433129597
"CGA",0.5097103721263115
"CGC",0.6330411078793907
"CGG",2.1927625785787255
"CGU",0.3923649375135953
"CUA",1.368788329097682
"CUC",1.2058994647833836
"CUG",1.461233129865184
"CUU",1.2907130490959549
"GAA",0.3031152297088272
"GAC",0.27838881394684883
"GAG",0.4656656798899909
"GAU",0.5079359550939762
"GCA",0.32611309165656893
"GCC",0.37028909711158864
"GCG",0.8547299335750829
"GCU",0.22593427087994608
"GGA",1.0203907574428737
"GGC",0.17052620164800888
"GGG",0.680837289351908
"GGU",0.38599022260628213
"GUA",0.4050655229334
"GUC",0.5125341125138076
"GUG",0.9953913509484819
"GUU",0.2852880665584432
"UAC",0.5324163040656101
"UAU",0.7887325478126858
"UCA",0.3777834834121878
"UCC",0.5422253457255048
"UCG",0.7860381402713364
"UCU",0.3109134679275692
"UGC",0.7057718419025404
"UGG",0.3538423591499002
"UGU",0.9791930880332389
"UUA",0.5795849601692787
"UUC",0.34356751262658675
"UUG",0.26328014943371536
"UUU",0.5767117985081812
