"codon","average_decoding_time"
"AAA",0.4589476438453066
"AAC",0.32718043340375785
"AAG",0.22935743821000318
"AAU",0.5608289837033965
"ACA",0.35040064436131096
"ACC",0.3830652034205179
"ACG",0.5788243042037818
"ACU",0.23003361140896322
"AGA",0.14802434691439995
"AGC",1.3945016988499064
"AGG",0.2917338326128888
"AGU",1.7490228220609936
"AUA",0.44441485976015344
"AUC",0.4713205677622548
"AUG",0.5511377463044324
"AUU",0.2780376123998661
"CAA",0.4645890213614788
"CAC",0.5338487326904335
"CAG",0.6452141236148967
"CAU",0.7910262059250296
"CCA",0.3167387870565752
"CCC",2.1889457134268677
"CCG",1.8420531282455435
"CCU",1.7868866425558072
"CGA",0.5096511320004842
"CGC",0.6331499592070999
"CGG",2.02940814956745
"CGU",0.3918568209176087
"CUA",1.3669832356816953
"CUC",1.2091094317108328
"CUG",1.4687158510487217
"CUU",1.2924395339373531
"GAA",0.3044432403864278
"GAC",0.2793054980837404
"GAG",0.4641710179257774
"GAU",0.5057293744802289
"GCA",0.3268716283950158
"GCC",0.36874524970923617
"GCG",0.7429741621411078
"GCU",0.22602372115991423
"GGA",1.021574709207085
"GGC",0.17174590403873682
"GGG",1.3663279981857657
"GGU",0.38649112034016375
"GUA",0.40526952101609787
"GUC",0.5115599907076318
"GUG",0.9960771759240232
"GUU",0.28511862310260894
"UAC",0.5311423258611937
"UAU",0.789527977334893
"UCA",0.3776228469172483
"UCC",0.5417322942612998
"UCG",2.9086118287629423
"UCU",0.31137920980142036
"UGC",0.7046101329804065
"UGG",0.3229381126432879
"UGU",0.9812403409820896
"UUA",0.57910565739958
"UUC",0.3421130129602515
"UUG",0.2639901274521602
"UUU",0.5777464567639884
