"codon","average_decoding_time"
"AAA",0.45854941775498953
"AAC",0.328180763461456
"AAG",0.23036022994941557
"AAU",0.5598659981023584
"ACA",0.35159307795736655
"ACC",0.38232464842631314
"ACG",0.6872184126367152
"ACU",0.22978971292444753
"AGA",0.14773988660748014
"AGC",1.394007555958461
"AGG",0.306811048246176
"AGU",1.7487621091421717
"AUA",0.44361428816012827
"AUC",0.4709965871561377
"AUG",0.5520786685689507
"AUU",0.27932706555451836
"CAA",0.4652500208035644
"CAC",0.5343071215284808
"CAG",0.6443496541567053
"CAU",0.7874275932348247
"CCA",0.3180485943480201
"CCC",2.1948110354497197
"CCG",0.4499120114948783
"CCU",1.7961022069918318
"CGA",0.5102435741247688
"CGC",0.6328697995039811
"CGG",2.192647003693928
"CGU",0.39111611630654824
"CUA",1.3719982856593473
"CUC",1.208189367975895
"CUG",1.4627131897881758
"CUU",1.2893014566475651
"GAA",0.3032839679156025
"GAC",0.2793412231876997
"GAG",0.46477139436845755
"GAU",0.5073080236270467
"GCA",0.32564966261966044
"GCC",0.3700145595992245
"GCG",0.8517877852568432
"GCU",0.2268205019849715
"GGA",1.0257236078910243
"GGC",0.17160769317396202
"GGG",0.6816604462945989
"GGU",0.3865833795818727
"GUA",0.4051275242829033
"GUC",0.5132983325119326
"GUG",0.9976183316724749
"GUU",0.2850510913598682
"UAC",0.53186844699008
"UAU",0.7896799138699873
"UCA",0.3771725655586975
"UCC",0.5415326775852168
"UCG",0.7884326462709039
"UCU",0.3104303142341988
"UGC",0.7051677513459151
"UGG",0.3535526601599199
"UGU",0.9784620703812797
"UUA",0.5796392466013689
"UUC",0.3441048643294063
"UUG",0.2643063559177465
"UUU",0.5773087717491622
