"codon","average_decoding_time"
"AAA",0.45946141692568915
"AAC",0.32625565226806663
"AAG",0.23018681787645595
"AAU",0.5592851592640143
"ACA",0.3506318267958328
"ACC",0.3820265698687374
"ACG",0.6883970754486952
"ACU",0.22986201824221483
"AGA",0.14794426678485256
"AGC",1.3904893626271937
"AGG",0.3070772040781656
"AGU",1.7524884782763024
"AUA",0.44328602999644356
"AUC",0.47145035504736366
"AUG",0.5508395428164701
"AUU",0.2776922627104619
"CAA",0.4644328688793472
"CAC",0.5316761068206061
"CAG",0.6449413524774672
"CAU",0.7899202123509601
"CCA",0.31747187443432284
"CCC",2.1863059474573805
"CCG",0.4493636826012754
"CCU",1.7938321757039293
"CGA",0.5097364669068583
"CGC",0.6332935177611094
"CGG",2.19910879564214
"CGU",0.393676754200126
"CUA",1.3645709523821201
"CUC",1.208724200531174
"CUG",1.4637995796099632
"CUU",1.286633242657025
"GAA",0.3033191084537343
"GAC",0.2779343505740984
"GAG",0.46731204323369524
"GAU",0.506649345926754
"GCA",0.32589195318252057
"GCC",0.3701212768072483
"GCG",0.853793257890066
"GCU",0.2257508455333566
"GGA",1.0238376313994004
"GGC",0.17060194156447053
"GGG",0.6816467643108888
"GGU",0.38646283263277004
"GUA",0.4046107778770057
"GUC",0.5125830519729095
"GUG",0.9954013754504764
"GUU",0.2847259926896063
"UAC",0.5332572724355004
"UAU",0.789198793995034
"UCA",0.3775027807361503
"UCC",0.5419232632532652
"UCG",0.7864268479900549
"UCU",0.3101666088865248
"UGC",0.7038535329930385
"UGG",0.35350545766012004
"UGU",0.9803127042109195
"UUA",0.579756682612661
"UUC",0.34254438872845244
"UUG",0.2634217152335544
"UUU",0.5769307645439283
