"codon","average_decoding_time"
"AAA",0.4587900207038789
"AAC",0.3286312035073752
"AAG",0.23066779641323795
"AAU",0.5599200176304785
"ACA",0.3502068748536841
"ACC",0.38276253005017297
"ACG",0.5805872794158514
"ACU",0.22968194385572682
"AGA",0.14774440171761113
"AGC",1.394781443511409
"AGG",0.2919782858684141
"AGU",1.7447248345461026
"AUA",0.4439504725297259
"AUC",0.4721689361471213
"AUG",0.5526128721292866
"AUU",0.2788392411142569
"CAA",0.4638330460459412
"CAC",0.5331284353786947
"CAG",0.6458413162664397
"CAU",0.7895392810941544
"CCA",0.3172430961650013
"CCC",2.1967364567124004
"CCG",1.8406711589008116
"CCU",1.7956145857368964
"CGA",0.5101777076994645
"CGC",0.6322526440578002
"CGG",2.033526096490805
"CGU",0.39214219627925134
"CUA",1.3711826072327764
"CUC",1.2041487758543075
"CUG",1.4638883742500792
"CUU",1.2899631016215538
"GAA",0.30408856232785986
"GAC",0.2793447150924822
"GAG",0.4657960998824763
"GAU",0.5069723759353949
"GCA",0.32618154066913113
"GCC",0.36979280820202437
"GCG",0.7423560467489118
"GCU",0.22567730647197293
"GGA",1.0225947575038332
"GGC",0.17119908455474012
"GGG",1.3628413715657917
"GGU",0.386979482848546
"GUA",0.40505920478503193
"GUC",0.5138155363250956
"GUG",0.9957870030396404
"GUU",0.2863737015521476
"UAC",0.5329072557241075
"UAU",0.7905508253616501
"UCA",0.37790684159238924
"UCC",0.5419546333369443
"UCG",2.918781412700169
"UCU",0.31014139971700916
"UGC",0.7073532961876436
"UGG",0.32353075891044597
"UGU",0.9842681840172821
"UUA",0.5790500564994329
"UUC",0.3432537405817868
"UUG",0.26417518545308394
"UUU",0.5776300885638673
