"codon","average_decoding_time"
"AAA",0.45951790813808135
"AAC",0.3268377598735066
"AAG",0.22998197541051002
"AAU",0.5598315984240575
"ACA",0.3501988052212557
"ACC",0.3816263949716406
"ACG",0.6659455813336054
"ACU",0.22937704240202803
"AGA",0.14817286364261673
"AGC",1.3917977280731884
"AGG",0.3064535806494808
"AGU",1.7394842473216623
"AUA",0.4452296207211604
"AUC",0.4720085080303689
"AUG",0.5507208467981723
"AUU",0.27867219652969255
"CAA",0.465536945000551
"CAC",0.5335139041221741
"CAG",0.6452280670884544
"CAU",0.7907950845656989
"CCA",0.3179036937129529
"CCC",2.1907073712319707
"CCG",0.5048236997420013
"CCU",1.7945158699279802
"CGA",0.5104472371922626
"CGC",0.6326004874919513
"CGG",2.204328183424524
"CGU",0.3919993181868877
"CUA",1.3690739145438684
"CUC",1.204588610015354
"CUG",1.4628520353341286
"CUU",1.2916730470009392
"GAA",0.27217623729532847
"GAC",0.27841036024601495
"GAG",0.43424288637241243
"GAU",0.5079118388914686
"GCA",0.32345681153656897
"GCC",0.3504208694302776
"GCG",0.7093027502729141
"GCU",0.20767937775665854
"GGA",0.830144210291437
"GGC",0.14923690545282872
"GGG",0.6337627103836349
"GGU",0.36076765064457683
"GUA",0.32430052143547056
"GUC",0.43241597486737365
"GUG",0.8552800661716525
"GUU",0.21182455463554525
"UAC",0.5313264697362106
"UAU",0.792199939314636
"UCA",0.37706689654374964
"UCC",0.5416421561771013
"UCG",0.7890489271216535
"UCU",0.30961056510246926
"UGC",0.7059519779779561
"UGG",0.35325553720545355
"UGU",0.9784480590243595
"UUA",0.5779363551792313
"UUC",0.34257537342742334
"UUG",0.2636666388170415
"UUU",0.575724916932846
