"codon","average_decoding_time"
"AAA",0.4586861333406465
"AAC",0.32712834153082293
"AAG",0.23033422127259667
"AAU",0.5607338356832683
"ACA",0.3498848010979715
"ACC",0.381655680098578
"ACG",0.6873279414902899
"ACU",0.22373492830211167
"AGA",0.1480663191442017
"AGC",1.3951772002086447
"AGG",0.30733010173850256
"AGU",1.7448988875347875
"AUA",0.44270302778551657
"AUC",0.47171556192060266
"AUG",0.5213664564006769
"AUU",0.2648683021591234
"CAA",0.46389929443400996
"CAC",0.5342454666495581
"CAG",0.6437893238494103
"CAU",0.7898777206603307
"CCA",0.31654418459302336
"CCC",2.1951304830556992
"CCG",0.44895457632871344
"CCU",1.6237893621209176
"CGA",0.5099418614439883
"CGC",0.631706763954128
"CGG",2.1984595028532508
"CGU",0.3926904833451621
"CUA",1.369150964338646
"CUC",1.206365949563991
"CUG",1.3996310005791772
"CUU",4.446025759375488
"GAA",0.3050431131956749
"GAC",0.27869010769297725
"GAG",0.4664218820432852
"GAU",0.5078774579035069
"GCA",0.32617004026552415
"GCC",0.36882243345505866
"GCG",0.8548628959893504
"GCU",0.25690547217235793
"GGA",1.023646765323685
"GGC",0.17137072312008245
"GGG",0.6817985638487484
"GGU",0.3861076885780725
"GUA",0.40432903170357704
"GUC",0.5145325929864362
"GUG",2.0768184554992097
"GUU",0.2723298967566897
"UAC",0.3692898459036299
"UAU",0.6083250709638915
"UCA",0.37269627380103926
"UCC",0.5356792364359435
"UCG",0.6468109683723723
"UCU",0.246085820719536
"UGC",0.5118645115456314
"UGG",0.3343110836769322
"UGU",0.7671649369084641
"UUA",0.5199608071644681
"UUC",0.29945757422045516
"UUG",0.1938747424770028
"UUU",0.5294695706639606
