"codon","average_decoding_time"
"AAA",0.45916172867316435
"AAC",0.3267066313357347
"AAG",0.22964561543650805
"AAU",0.5596326067291462
"ACA",0.35130194113565055
"ACC",0.3832961533133333
"ACG",0.6859236218618725
"ACU",0.22954284094711824
"AGA",0.14803741017871916
"AGC",1.3937709936124032
"AGG",1.8063186700950544
"AGU",1.7459479664774828
"AUA",0.44318373873506617
"AUC",0.47227967727920417
"AUG",0.5208107217887934
"AUU",0.27844592868596746
"CAA",0.4645634278193231
"CAC",0.5326704471528247
"CAG",0.6462647498212515
"CAU",0.7892810372001591
"CCA",0.31603137715262214
"CCC",2.1860300149640377
"CCG",0.44915800061401234
"CCU",1.7887428416042415
"CGA",0.5090662157139114
"CGC",0.6332499023365018
"CGG",2.193966651185369
"CGU",0.3915219043716704
"CUA",1.3704918729849487
"CUC",1.2065299973269266
"CUG",1.4015191365057842
"CUU",1.289364518798966
"GAA",0.30497908513885896
"GAC",0.27955675835887284
"GAG",0.46509835696284446
"GAU",0.508248978117708
"GCA",0.3262192694076609
"GCC",0.36909967721358006
"GCG",0.8517428046038059
"GCU",0.22601651838951636
"GGA",1.024160602585502
"GGC",0.17074740774680047
"GGG",0.68358514021395
"GGU",0.38720028339619167
"GUA",0.40629615579299383
"GUC",0.514172316240216
"GUG",2.0702309095014737
"GUU",0.2857091426578699
"UAC",0.5321203024679123
"UAU",0.7895309533836651
"UCA",0.3774976403554927
"UCC",0.5429369852690263
"UCG",0.7882230684075937
"UCU",0.3105940359902917
"UGC",0.706873080938887
"UGG",0.352834688609098
"UGU",0.9801556739788634
"UUA",0.5796076661086306
"UUC",0.34449190914819117
"UUG",0.2529678105078243
"UUU",0.5779218193462449
