"codon","average_decoding_time"
"AAA",0.45948273909944554
"AAC",0.32625605284293857
"AAG",0.23021038443987846
"AAU",0.5590137844970101
"ACA",0.3505945645291361
"ACC",0.38270902125911194
"ACG",0.5790873682422023
"ACU",0.2296823447103493
"AGA",0.14804564586643065
"AGC",1.3902346924959597
"AGG",0.29197819497051836
"AGU",1.7433983150364913
"AUA",0.444175759224394
"AUC",0.4705468204924382
"AUG",0.549719584154254
"AUU",0.2776289963129874
"CAA",0.4654973502328641
"CAC",0.5319829706906364
"CAG",0.6464268693346549
"CAU",0.7881207239641729
"CCA",0.31691600775104617
"CCC",2.1922058528794754
"CCG",1.8444463695736373
"CCU",1.7942210241210659
"CGA",0.5104829675808322
"CGC",0.6336465579364189
"CGG",2.0231822248139157
"CGU",0.3920554818647945
"CUA",1.3673040565217958
"CUC",1.2057472707089298
"CUG",1.46865289951543
"CUU",1.2889794206110166
"GAA",0.30421160407952663
"GAC",0.2797401708736741
"GAG",0.46521630691414634
"GAU",0.5070060362142239
"GCA",0.32541226190086575
"GCC",0.3700362016551698
"GCG",0.7447795832801968
"GCU",0.2257755144800642
"GGA",1.0264614836528314
"GGC",0.17112442400881658
"GGG",1.3666397630999705
"GGU",0.3863563752719577
"GUA",0.4049917534752775
"GUC",0.5134741124181023
"GUG",0.9951202775492768
"GUU",0.2843169406839503
"UAC",0.5352232523301657
"UAU",0.7879699388681044
"UCA",0.37729202000835355
"UCC",0.5421338194089849
"UCG",2.9171758912006944
"UCU",0.3096865485067899
"UGC",0.7022105219054708
"UGG",0.3242615159766611
"UGU",0.9815921027951728
"UUA",0.5785574018503923
"UUC",0.34164780663029415
"UUG",0.26388854138058576
"UUU",0.5778338388817021
