"codon","average_decoding_time"
"AAA",0.45776447062783543
"AAC",0.32707028404128863
"AAG",0.2303907902548599
"AAU",0.5599049821422531
"ACA",0.34996187560248865
"ACC",0.38235500709277415
"ACG",0.5794802887242032
"ACU",0.23012944198467367
"AGA",0.14783594026051422
"AGC",1.3922049062840636
"AGG",0.29159879183944626
"AGU",1.7448250624398938
"AUA",0.4431350860185164
"AUC",0.4728317923927663
"AUG",0.5519392696026286
"AUU",0.2787263336803634
"CAA",0.4656873263846065
"CAC",0.5328218806720606
"CAG",0.6469856065356393
"CAU",0.7876448242083983
"CCA",0.3169315106676678
"CCC",2.1897759765431064
"CCG",1.8393058006454592
"CCU",1.79436382320498
"CGA",0.5101789510221303
"CGC",0.6325801616916714
"CGG",2.037175876563841
"CGU",0.3924656860501165
"CUA",1.3726481281071823
"CUC",1.208540914932794
"CUG",1.4660554439862608
"CUU",1.2868479520656053
"GAA",0.30344285921822567
"GAC",0.2795662301622518
"GAG",0.4643485053609728
"GAU",0.5076878467054233
"GCA",0.3265344098693354
"GCC",0.36985979646295736
"GCG",0.744305517023897
"GCU",0.22582471353549807
"GGA",1.0241018224903085
"GGC",0.17112765662221804
"GGG",1.3620169323086568
"GGU",0.3868633009711015
"GUA",0.40437902218745764
"GUC",0.5137937522405185
"GUG",0.9954493480937142
"GUU",0.2847645896078941
"UAC",0.5315343346999487
"UAU",0.7905165109036381
"UCA",0.3766946051185077
"UCC",0.5418191126950375
"UCG",2.9138501096520804
"UCU",0.31066174261036444
"UGC",0.7064594783853454
"UGG",0.32290291618528055
"UGU",0.9801135817911105
"UUA",0.5793061910555471
"UUC",0.34378796003214307
"UUG",0.26436639842433507
"UUU",0.5786492611930187
