"codon","average_decoding_time"
"AAA",0.45811164907007285
"AAC",0.32673288590603977
"AAG",0.16091844244511075
"AAU",0.5606939737631376
"ACA",0.35004896138972164
"ACC",0.38207481058913495
"ACG",0.6871949839365442
"ACU",0.22928710560303953
"AGA",0.14840050327218138
"AGC",1.3944078162926137
"AGG",0.30685727586317196
"AGU",1.7478534127381335
"AUA",0.44329863702721406
"AUC",0.47176579922889983
"AUG",0.5213011761425229
"AUU",0.27881263024142594
"CAA",0.46459818412791637
"CAC",0.5325930067515752
"CAG",3.455116282963361
"CAU",0.7901109021838272
"CCA",0.3169873357440656
"CCC",2.193133909497513
"CCG",0.44949094050838156
"CCU",1.7916285933845526
"CGA",0.5098326649335386
"CGC",0.6336759607051233
"CGG",2.1985895518374545
"CGU",0.39245258571888203
"CUA",1.367450856021704
"CUC",1.206265933077533
"CUG",1.3954419244874707
"CUU",1.2911004946654128
"GAA",0.30460891474598045
"GAC",0.2794300574340602
"GAG",2.158951380554768
"GAU",0.5074849005141597
"GCA",0.3269292278581676
"GCC",0.3687537607124785
"GCG",0.8555974322939347
"GCU",0.22574406311058026
"GGA",1.0235867273334207
"GGC",0.17108862174683598
"GGG",0.682652431368079
"GGU",0.3860514481872172
"GUA",0.4050358686892831
"GUC",0.5123892780526562
"GUG",2.0758406582267352
"GUU",0.2852371251196915
"UAC",0.5338585643400077
"UAU",0.7900508401937727
"UCA",0.3769472422225585
"UCC",0.5420042244783928
"UCG",0.7872987986545139
"UCU",0.3103704289289716
"UGC",0.7028794758685353
"UGG",0.3530838041213927
"UGU",0.9828352605599509
"UUA",0.5787836651557913
"UUC",0.34273720721598383
"UUG",0.25233366692121506
"UUU",0.5783528557278366
