"codon","average_decoding_time"
"AAA",0.4595092919241906
"AAC",0.3262785862230227
"AAG",0.23023169740629387
"AAU",0.5604752927010453
"ACA",0.35007361656157354
"ACC",0.38242517578039836
"ACG",0.6875104333957909
"ACU",0.22985508069466998
"AGA",0.14846944916258636
"AGC",1.3933002451679994
"AGG",0.3067612329911216
"AGU",1.7464091826109518
"AUA",0.4444591911705335
"AUC",0.47188395327378035
"AUG",0.5512721663081458
"AUU",0.2777616122810437
"CAA",0.46224842175686703
"CAC",0.5339786842786547
"CAG",0.6431324005445324
"CAU",0.7886259219811451
"CCA",0.3169786373114855
"CCC",2.190794507030566
"CCG",0.4498665068912016
"CCU",1.7995128450974351
"CGA",0.5093206128576374
"CGC",0.6331028231776058
"CGG",2.2031554210048854
"CGU",0.3925887663156136
"CUA",1.374970840541811
"CUC",1.2027358126005596
"CUG",1.458533088894874
"CUU",1.2948908618699997
"GAA",0.30422397881350294
"GAC",0.2796142821095608
"GAG",0.46605922983321324
"GAU",0.5064754623644601
"GCA",0.32553212730979875
"GCC",0.3689542892234508
"GCG",0.8541774096178955
"GCU",0.2264579742784918
"GGA",1.0229329423277844
"GGC",0.17121350948131067
"GGG",0.6817210952695631
"GGU",0.3862695017717986
"GUA",0.40497641845803856
"GUC",0.512854569362996
"GUG",0.9951950202212665
"GUU",0.2861483427767837
"UAC",0.5315281088050559
"UAU",0.7867905901674939
"UCA",0.3761235083380155
"UCC",0.5422572451634146
"UCG",0.788798266584191
"UCU",0.3108404304745249
"UGC",0.705299598936206
"UGG",0.35317254400921627
"UGU",0.9819120780255322
"UUA",0.5774663742367456
"UUC",0.3425909179124084
"UUG",0.26370829242727256
"UUU",0.5769362851311928
