"codon","average_decoding_time"
"AAA",0.4590306524786199
"AAC",0.32717353003273825
"AAG",0.2296856918440462
"AAU",0.5593580635504529
"ACA",0.35047176613384834
"ACC",0.38235332897042945
"ACG",0.6871622016601294
"ACU",0.2294813976109686
"AGA",0.1480858975434675
"AGC",1.3922172991943658
"AGG",0.30715318431179545
"AGU",1.7459528096769963
"AUA",0.44286965684722324
"AUC",0.4723122849188946
"AUG",0.5510693423996554
"AUU",0.27768100569770154
"CAA",0.46582457108736797
"CAC",0.5330156625833435
"CAG",0.6450056069145871
"CAU",0.7875478675981027
"CCA",0.3175102755534189
"CCC",2.189563189077095
"CCG",0.4490883336365616
"CCU",1.7910758961028446
"CGA",0.50939729212195
"CGC",0.631408339117682
"CGG",2.1986021633741175
"CGU",0.3932240401400331
"CUA",1.3686157716950451
"CUC",1.203408718837905
"CUG",1.4715717784162199
"CUU",1.2856308734303712
"GAA",0.3035355460400877
"GAC",0.27982789453001733
"GAG",0.46542366362073867
"GAU",0.5073747093711014
"GCA",0.3258371831127898
"GCC",0.3698746073285962
"GCG",0.8516496568943819
"GCU",0.22584974852107173
"GGA",1.022976454045003
"GGC",0.17107869990191335
"GGG",0.6807122214057186
"GGU",0.38603912706154586
"GUA",0.4050453139069155
"GUC",0.5131412822483885
"GUG",0.9936463556071872
"GUU",0.28440845367884304
"UAC",0.5315270570858449
"UAU",0.7883884148148134
"UCA",0.37737943146095526
"UCC",0.5405540989670297
"UCG",0.7853481324200449
"UCU",0.3112839735879348
"UGC",0.7052913304987305
"UGG",0.3519705435475446
"UGU",0.981975771058597
"UUA",0.5781767526823988
"UUC",0.342809578741936
"UUG",0.2640929844917406
"UUU",0.5774682806401128
