"codon","average_decoding_time"
"AAA",0.45906147707344686
"AAC",0.32749473384516953
"AAG",0.23007605191515304
"AAU",0.5610644407068035
"ACA",0.3505401815377219
"ACC",0.381479687981676
"ACG",0.5794780821269339
"ACU",0.23015508934264625
"AGA",0.1482068916741488
"AGC",1.3924039336637026
"AGG",0.29149643752512194
"AGU",1.7460295684451115
"AUA",0.4436532608543903
"AUC",0.4715750677070229
"AUG",0.5511369207403288
"AUU",0.27840697856091934
"CAA",0.4647019663310754
"CAC",0.5334661920160425
"CAG",0.645021281778741
"CAU",0.7878073747342934
"CCA",0.3180222176389813
"CCC",2.187179966449342
"CCG",1.8411240584789643
"CCU",1.791146756161346
"CGA",0.5102609057913751
"CGC",0.6340619491733238
"CGG",2.028213082190246
"CGU",0.3924494860429946
"CUA",1.3664533542779274
"CUC",1.2055896079091675
"CUG",1.4659471486690279
"CUU",1.2899824629975325
"GAA",0.3030604514844006
"GAC",0.2790154175114447
"GAG",0.46556274102392664
"GAU",0.5067245529558561
"GCA",0.3266570303862684
"GCC",0.36896319225122703
"GCG",0.7425752712331851
"GCU",0.2264942807303481
"GGA",1.02392809198786
"GGC",0.1718764052333689
"GGG",1.3654854707246806
"GGU",0.38620787540400286
"GUA",0.4056390189287809
"GUC",0.5131136294661112
"GUG",0.995722337447113
"GUU",0.2847778564564991
"UAC",0.5328841056728488
"UAU",0.7905974908405428
"UCA",0.376899211173171
"UCC",0.5423789799971763
"UCG",2.906942137982013
"UCU",0.31128107949479616
"UGC",0.7036179352963494
"UGG",0.3242554557056097
"UGU",0.982463758848923
"UUA",0.5780279682790767
"UUC",0.34232557831405747
"UUG",0.32588714004366937
"UUU",0.5754261880642121
