"codon","average_decoding_time"
"AAA",0.459827375216008
"AAC",0.32749193743727856
"AAG",0.22925260735019717
"AAU",0.5605767967020683
"ACA",0.34983726534234316
"ACC",0.38249550327688964
"ACG",0.5783683515681228
"ACU",0.22991679673906237
"AGA",0.14719976912043126
"AGC",1.3927598192408837
"AGG",0.29208362205189964
"AGU",1.7449903911743185
"AUA",0.44347992900990185
"AUC",0.47200392980668315
"AUG",0.5523456187607456
"AUU",0.27787172216399764
"CAA",0.46468925336837824
"CAC",0.5337243600004226
"CAG",0.6446154442577687
"CAU",0.7892429795647146
"CCA",0.3153356078498665
"CCC",2.1912440673890154
"CCG",1.8465870992640971
"CCU",1.7945069449592452
"CGA",0.5097689791678568
"CGC",0.6322598307580035
"CGG",2.0216986268319697
"CGU",0.39443068309279267
"CUA",1.3701983567309672
"CUC",1.2080181571489732
"CUG",1.4664414618531574
"CUU",1.2911440850194544
"GAA",0.30412371971618934
"GAC",0.2793203125516412
"GAG",0.46614953405683557
"GAU",0.5079126481676244
"GCA",0.32531745725349065
"GCC",0.36919728939202057
"GCG",0.744139115048811
"GCU",0.22579449033023163
"GGA",1.024708211207688
"GGC",0.17139122033059703
"GGG",1.365874240205567
"GGU",0.38613257141569934
"GUA",0.40475649556391324
"GUC",0.5129013300685801
"GUG",0.9966399473862204
"GUU",0.2847265889357533
"UAC",0.5326971547333246
"UAU",0.7897415763125655
"UCA",0.3778137374159489
"UCC",0.5414462994579
"UCG",2.910409836481245
"UCU",0.3100330883978286
"UGC",0.7059268526744307
"UGG",0.3239738498305777
"UGU",0.9818501451560203
"UUA",0.5771052017693812
"UUC",0.34213623276920196
"UUG",0.2642447960385108
"UUU",0.577750101732691
