"codon","average_decoding_time"
"AAA",0.4590888976067812
"AAC",0.3264906448143591
"AAG",0.2297794617789583
"AAU",0.5602452591584238
"ACA",0.35126839132947246
"ACC",0.3824256870546093
"ACG",0.6872482370690479
"ACU",0.2240427574853211
"AGA",0.14789237195668758
"AGC",1.3901651261716184
"AGG",0.3072281158787023
"AGU",1.7508488984645716
"AUA",0.443560681562797
"AUC",0.4704160562309742
"AUG",0.5510384915064271
"AUU",0.2651886973546356
"CAA",0.4647115799765323
"CAC",0.533073644073591
"CAG",0.6450810867359528
"CAU",0.7888177767746968
"CCA",0.3173924915991939
"CCC",2.1901885083477706
"CCG",0.4494858960145379
"CCU",1.6193174056790929
"CGA",0.5101239805326171
"CGC",0.6326313513354298
"CGG",2.197837390601219
"CGU",0.3924502674736099
"CUA",1.3726972278281473
"CUC",1.2070571051326777
"CUG",1.4655889621001204
"CUU",4.438316377183299
"GAA",0.30396184371175355
"GAC",0.27948963841181507
"GAG",0.4652540864804261
"GAU",0.5069718652365541
"GCA",0.3265338453632942
"GCC",0.3699388244644511
"GCG",0.8520748582039354
"GCU",0.25676087566598127
"GGA",1.0252542786581038
"GGC",0.17125896918663167
"GGG",0.6847661865024325
"GGU",0.3859933782743464
"GUA",0.4052219906451318
"GUC",0.5133635053584412
"GUG",0.9965907880471692
"GUU",0.2723293709152024
"UAC",0.36879475614481944
"UAU",0.6074370071605517
"UCA",0.3713943424869785
"UCC",0.5351320108534823
"UCG",0.6477366093032952
"UCU",0.24503071933396806
"UGC",0.514434887725013
"UGG",0.3320442358420879
"UGU",0.7678521890384123
"UUA",0.5190223855828202
"UUC",0.2993185682228472
"UUG",0.21196577480374812
"UUU",0.5314623506447932
