"codon","average_decoding_time"
"AAA",0.4587861001769614
"AAC",0.3265727272529683
"AAG",0.2300001290530427
"AAU",0.5589000522419456
"ACA",0.35055156384921293
"ACC",0.38250542708247165
"ACG",0.6887095229899449
"ACU",0.23000701061331943
"AGA",0.14817289705596354
"AGC",1.3963635868186688
"AGG",0.3076246069047128
"AGU",1.7434503716876173
"AUA",0.4444611799941472
"AUC",0.4717835453464798
"AUG",0.521965390241431
"AUU",0.2776677929797023
"CAA",0.46509301201205916
"CAC",0.5327478729469028
"CAG",0.6448645749513513
"CAU",0.7924051843839987
"CCA",0.3160365396426104
"CCC",2.193691898046174
"CCG",0.4488891581347885
"CCU",1.7895903071489923
"CGA",0.5106705582563208
"CGC",0.632892039762337
"CGG",2.1899676361186127
"CGU",0.3920597097441931
"CUA",1.3710437990627846
"CUC",1.2048365910410594
"CUG",1.3991843683813912
"CUU",1.289128517667584
"GAA",0.30465939951712867
"GAC",0.27894304061561326
"GAG",0.465710478387937
"GAU",0.5071039712092615
"GCA",0.32664794221761523
"GCC",0.3694527460234991
"GCG",0.8521134058981166
"GCU",0.22603400999543355
"GGA",1.0209908596947386
"GGC",0.17069128390322957
"GGG",0.6838766703019696
"GGU",0.38568972371842447
"GUA",0.4049614764731926
"GUC",0.5129272214516877
"GUG",2.0727719872961194
"GUU",0.28529616843632655
"UAC",0.5337748512677176
"UAU",0.7889140340052478
"UCA",0.37725318781887035
"UCC",0.5412427104979634
"UCG",0.7873598829341791
"UCU",0.31125124461330017
"UGC",0.7046374757560162
"UGG",0.3538449553082898
"UGU",0.9805880218320245
"UUA",0.5779982755739811
"UUC",0.34346346634778346
"UUG",0.2527080967508165
"UUU",0.5769339591924213
