"codon","average_decoding_time"
"AAA",0.45888425640125907
"AAC",0.3262364491482409
"AAG",0.16128019298858903
"AAU",0.5589526296345465
"ACA",0.3508527544509971
"ACC",0.3826108087446188
"ACG",0.6871040660058401
"ACU",0.22891464192835967
"AGA",0.14786614835544862
"AGC",1.3940204728001866
"AGG",1.8038537909950545
"AGU",1.7438642952838876
"AUA",0.4440610448157716
"AUC",0.4717619455719479
"AUG",0.550448282909894
"AUU",0.2785320857358406
"CAA",0.46409785259973324
"CAC",0.5319371655504996
"CAG",3.463474803667045
"CAU",0.7885443238564456
"CCA",0.31768515073537973
"CCC",2.1941369473517085
"CCG",0.4495832028540352
"CCU",1.7955592781823548
"CGA",0.5109826178007826
"CGC",0.632141424836594
"CGG",2.203510737785703
"CGU",0.3928432066271422
"CUA",1.3706339562155136
"CUC",1.205802189505165
"CUG",1.4641131482695617
"CUU",1.2902873460076192
"GAA",0.3047766492637163
"GAC",0.27978477768412935
"GAG",2.165413099513981
"GAU",0.50610581759527
"GCA",0.32689404593070986
"GCC",0.37003788061991516
"GCG",0.8543383691085842
"GCU",0.22605929857673304
"GGA",1.0234460880826433
"GGC",0.17172749680366176
"GGG",0.682227823987659
"GGU",0.3871866392740199
"GUA",0.405829419700522
"GUC",0.513372637962951
"GUG",0.9967741946281605
"GUU",0.2852804062451532
"UAC",0.5326755528661892
"UAU",0.7897601906997311
"UCA",0.3772785923819133
"UCC",0.5427482346889522
"UCG",0.7885512535175901
"UCU",0.3105732598934327
"UGC",0.7031715611441159
"UGG",0.3537967500407982
"UGU",0.9816529678313947
"UUA",0.5784749498424269
"UUC",0.34212892430752145
"UUG",0.26348827627275756
"UUU",0.5764854030322253
