"codon","average_decoding_time"
"AAA",0.45922288551365587
"AAC",0.32713723062316996
"AAG",0.22983998426006225
"AAU",0.5592959449097099
"ACA",0.35069050118850925
"ACC",0.38202002780436894
"ACG",0.6877632939598164
"ACU",0.23009220745212583
"AGA",0.148174794820811
"AGC",1.3961038566089032
"AGG",1.803033231988932
"AGU",1.7502433507482553
"AUA",0.4441236789139752
"AUC",0.47264754213485605
"AUG",0.5518050961378027
"AUU",0.2778824898013608
"CAA",0.46357958505357333
"CAC",0.5320350805218479
"CAG",0.646238415209325
"CAU",0.7908649838286474
"CCA",0.3177504643753003
"CCC",2.188278350725585
"CCG",0.4492232235070911
"CCU",1.7930411296811894
"CGA",0.5109410285078542
"CGC",0.6341809652260719
"CGG",2.205066232957768
"CGU",0.39273171085505676
"CUA",1.3716544226101373
"CUC",1.2112807494092959
"CUG",1.4611467548128894
"CUU",1.2917325714440147
"GAA",0.30385298671766653
"GAC",0.27932397126899905
"GAG",0.465428028279779
"GAU",0.5074053113700054
"GCA",0.32684413894469394
"GCC",0.3690558363235958
"GCG",0.8520260555960545
"GCU",0.22582085973870272
"GGA",1.0263885696494934
"GGC",0.17095407341202598
"GGG",0.6843577632345544
"GGU",0.3865873481610004
"GUA",0.4051742450747498
"GUC",0.5131416507613992
"GUG",0.996618644662319
"GUU",0.28538211601771735
"UAC",0.5340010460818956
"UAU",0.7890023195721088
"UCA",0.3781554766143281
"UCC",0.5414145835760855
"UCG",0.788112868426648
"UCU",0.3102507871743854
"UGC",0.7072677256101025
"UGG",0.35406001330140696
"UGU",0.9815220361565385
"UUA",0.5789167364309639
"UUC",0.34363034165370543
"UUG",0.3262663206390601
"UUU",0.5774370452906569
