"codon","average_decoding_time"
"AAA",0.4582795205721198
"AAC",0.32617302306751134
"AAG",0.23028297584751728
"AAU",0.5599454926747893
"ACA",0.34942764260427667
"ACC",0.3822902208953499
"ACG",0.6863869518942542
"ACU",0.22928589969376695
"AGA",0.14784170987899367
"AGC",1.3922284627730406
"AGG",1.8040183307707853
"AGU",1.7424680558923171
"AUA",0.44399547093278924
"AUC",0.4722250936454986
"AUG",0.5513995512849154
"AUU",0.27718613222556643
"CAA",0.4652127106957552
"CAC",0.5336773376351786
"CAG",0.6446932199354457
"CAU",0.7875595107083271
"CCA",0.3164041174752841
"CCC",2.191305404013456
"CCG",0.44900293654846773
"CCU",1.7953839326564223
"CGA",0.5120032177504936
"CGC",0.6348490460629094
"CGG",2.203130102929544
"CGU",0.39421096794630917
"CUA",1.373314914042374
"CUC",1.205477712328552
"CUG",1.469119310212639
"CUU",1.2905941061076032
"GAA",0.30367065424841205
"GAC",0.27947989230488673
"GAG",0.4646679747908284
"GAU",0.5071486634894439
"GCA",0.3264904718030587
"GCC",0.36912319885950157
"GCG",0.8546795742462525
"GCU",0.2252292322703349
"GGA",1.0245781631037254
"GGC",0.17085212310463055
"GGG",0.6829170979737212
"GGU",0.38669447883279995
"GUA",0.40475578619480923
"GUC",0.5146836645275296
"GUG",0.9965567122924599
"GUU",0.28466444427063636
"UAC",0.5340251528759952
"UAU",0.7897124738375082
"UCA",0.37684547142988634
"UCC",0.5425173041809082
"UCG",0.7877298851920305
"UCU",0.3106110399059495
"UGC",0.7069006687160054
"UGG",0.35228794943067754
"UGU",0.9804168409199219
"UUA",0.5773798424411801
"UUC",0.3433699379793192
"UUG",0.32830051568165597
"UUU",0.5784552485674812
