"codon","average_decoding_time"
"AAA",0.46104341919420083
"AAC",0.32685161898192827
"AAG",0.22985835131427798
"AAU",0.5585574412756162
"ACA",0.3496724270953344
"ACC",0.3822154715570567
"ACG",0.6862556620814718
"ACU",0.23000246384133988
"AGA",0.14809103515011107
"AGC",1.3869106355973622
"AGG",1.8071597529024406
"AGU",1.7462025669245274
"AUA",0.4434707087770468
"AUC",0.4721471007998579
"AUG",0.5512642547826053
"AUU",0.27803875942809897
"CAA",0.4631563676603415
"CAC",0.5353050518232908
"CAG",0.6446493195826212
"CAU",0.7897219321414893
"CCA",0.31744158009861845
"CCC",2.194615782893455
"CCG",0.4492769918863296
"CCU",1.7905651094752448
"CGA",0.5100280731532219
"CGC",0.6332395408856993
"CGG",2.1995562515812206
"CGU",0.39328554490775597
"CUA",1.3741852393625682
"CUC",1.2024537204451877
"CUG",1.4597430726725824
"CUU",1.291345330134396
"GAA",0.30356143776262706
"GAC",0.27891121460051305
"GAG",0.4651653333810189
"GAU",0.5061040066934004
"GCA",0.3258797653760301
"GCC",0.3698639301464447
"GCG",0.8523625507036618
"GCU",0.22564358976733298
"GGA",1.0237218893386908
"GGC",0.17149651349766454
"GGG",0.6832093103171972
"GGU",0.3859312686459403
"GUA",0.40579646193171365
"GUC",0.5137565912432822
"GUG",0.9945970516671351
"GUU",0.2853317260140467
"UAC",0.5335917243181245
"UAU",0.788989883343048
"UCA",0.3779886678253817
"UCC",0.5423799159543924
"UCG",0.7888984606878453
"UCU",0.31056127701972247
"UGC",0.7054616742261083
"UGG",0.3546542815453829
"UGU",0.9818918039479099
"UUA",0.5786138489513747
"UUC",0.34219143165864274
"UUG",0.263492280624378
"UUU",0.5783855163297746
