"codon","average_decoding_time"
"AAA",0.4597480905353593
"AAC",0.3273576379989729
"AAG",0.22992914107096007
"AAU",0.5600635115951238
"ACA",0.3504127445194304
"ACC",0.3824600918747707
"ACG",0.6878041740872247
"ACU",0.2301144926315337
"AGA",0.14793653541803528
"AGC",1.3888931534684803
"AGG",0.3067189513604322
"AGU",1.7463386801875869
"AUA",0.44400798401890507
"AUC",0.47146609574275705
"AUG",0.52263053302225
"AUU",0.2773970056550616
"CAA",0.4659503571085195
"CAC",0.533968458733726
"CAG",0.644451555487499
"CAU",0.7896530817642209
"CCA",0.31700908344160894
"CCC",2.189390582503993
"CCG",0.4497670818180818
"CCU",1.7956420684825822
"CGA",0.5104297270386389
"CGC",0.6324482017799266
"CGG",2.200529299321296
"CGU",0.39254400612438567
"CUA",1.3746058166804977
"CUC",1.2046827361729382
"CUG",1.3960341159369178
"CUU",1.2889568300859804
"GAA",0.30350012388687775
"GAC",0.2788936119696577
"GAG",0.4658352363456164
"GAU",0.5079611249129462
"GCA",0.3262823340526604
"GCC",0.368790341578845
"GCG",0.852466436693464
"GCU",0.2260651332956659
"GGA",1.024419756218071
"GGC",0.17119850055324226
"GGG",0.6842702428782018
"GGU",0.3867512899613741
"GUA",0.4053976490237001
"GUC",0.513670966163104
"GUG",2.07485861733724
"GUU",0.2855222727671055
"UAC",0.5318218426706651
"UAU",0.789916374963765
"UCA",0.3767957733348236
"UCC",0.5417873315354784
"UCG",0.7897157859936782
"UCU",0.3107665075435554
"UGC",0.7057692370581037
"UGG",0.3526736875197561
"UGU",0.9791023732788556
"UUA",0.5782690824903729
"UUC",0.34308787735535784
"UUG",0.2525019619279836
"UUU",0.5789941780769439
