"codon","average_decoding_time"
"AAA",0.4587301873482331
"AAC",0.32728766238973805
"AAG",0.23053404567826272
"AAU",0.5593006119530234
"ACA",0.35098913864713427
"ACC",0.38210046756275196
"ACG",0.6655025453594251
"ACU",0.22905613838323635
"AGA",0.14785592142069093
"AGC",1.3962461182846326
"AGG",0.30728146546795176
"AGU",1.7453347507923795
"AUA",0.4439373376740718
"AUC",0.4719170360194201
"AUG",0.5512262047972478
"AUU",0.27796789794962234
"CAA",0.46601628215396623
"CAC",0.53552966057573
"CAG",0.6452873050359258
"CAU",0.7894867059307701
"CCA",0.31711345931602436
"CCC",2.1894684289876416
"CCG",0.5063057696496044
"CCU",1.7936147834316842
"CGA",0.5109758055072147
"CGC",0.6330924850245427
"CGG",2.2014603422761874
"CGU",0.39244472275403114
"CUA",1.3759929117798706
"CUC",1.204446434371895
"CUG",1.4655543738083385
"CUU",1.2888093456197227
"GAA",0.2727160468273012
"GAC",0.27922019703491036
"GAG",0.43459520017763537
"GAU",0.5080063602522378
"GCA",0.3226126520538248
"GCC",0.3501483805512011
"GCG",0.7111651649032348
"GCU",0.2075537024530867
"GGA",0.8296543758465489
"GGC",0.1484896459763333
"GGG",0.6333507744312539
"GGU",0.36169770687274244
"GUA",0.3238858834746125
"GUC",0.4320817170613164
"GUG",0.8589703969266286
"GUU",0.2126434200488331
"UAC",0.5327858192908502
"UAU",0.790966268091709
"UCA",0.37779969610698005
"UCC",0.5416973384547031
"UCG",0.7883105328273698
"UCU",0.3106085491057176
"UGC",0.7063424318676897
"UGG",0.3540158834168091
"UGU",0.9817783483900712
"UUA",0.5776125229508395
"UUC",0.34404259768263445
"UUG",0.26433375147126037
"UUU",0.5783254386133888
