"codon","average_decoding_time"
"AAA",0.45921404586960524
"AAC",0.32612133332801346
"AAG",0.22963129924222217
"AAU",0.5598191473167062
"ACA",0.35107777074488683
"ACC",0.3820803027562123
"ACG",0.6875991962345059
"ACU",0.22958230511911593
"AGA",0.1478458957365605
"AGC",1.3967248533116245
"AGG",1.8059073315612537
"AGU",1.7436723460970949
"AUA",0.44319272262020776
"AUC",0.47177038017974915
"AUG",0.5508485009945625
"AUU",0.27774587562463365
"CAA",0.4631293870783894
"CAC",0.5331222697252861
"CAG",0.6450252753533803
"CAU",0.7878606756012424
"CCA",0.31775659635053105
"CCC",2.1903670019095647
"CCG",0.44904730441706897
"CCU",1.7979944888623762
"CGA",0.5105486586869143
"CGC",0.6335734038787708
"CGG",2.2058296558845885
"CGU",0.3909642287643769
"CUA",1.3761009610927817
"CUC",1.208939270302133
"CUG",1.4618637334584361
"CUU",1.290949434871038
"GAA",0.3040044410364683
"GAC",0.27941609709411025
"GAG",0.4655604368321931
"GAU",0.5065788961032036
"GCA",0.32673458377087905
"GCC",0.3697296423277609
"GCG",0.8520939888875372
"GCU",0.22570849735786708
"GGA",1.022293881284466
"GGC",0.17117047014174486
"GGG",0.6846897070851347
"GGU",0.38622289059825904
"GUA",0.40544986958434664
"GUC",0.5135038347526298
"GUG",0.9920094244516225
"GUU",0.2846444360108241
"UAC",0.5334264840182428
"UAU",0.7876765797952648
"UCA",0.37859533697804126
"UCC",0.5416274607930586
"UCG",0.7899433336384227
"UCU",0.31103421498035627
"UGC",0.7044935853552834
"UGG",0.3533697255192889
"UGU",0.9838549878092211
"UUA",0.5798876729028469
"UUC",0.34301600842505003
"UUG",0.2642108494973135
"UUU",0.5775290636537688
