"codon","average_decoding_time"
"AAA",0.4589524116352412
"AAC",0.327296824136799
"AAG",0.1613257551139348
"AAU",0.5603788592553592
"ACA",0.3495371978801842
"ACC",0.3817740877736578
"ACG",0.6880116601387058
"ACU",0.23023463800862412
"AGA",0.14815739069281697
"AGC",1.396121228704586
"AGG",1.807601841127149
"AGU",1.7455018511105966
"AUA",0.4427736888703763
"AUC",0.47236096584281245
"AUG",0.5531784940895644
"AUU",0.2781955397663931
"CAA",0.4637859293179147
"CAC",0.5343090643993551
"CAG",3.453315178299337
"CAU",0.7880637722981023
"CCA",0.3176430693927632
"CCC",2.1852504185478274
"CCG",0.4491824707436834
"CCU",1.7935912526873172
"CGA",0.5099906771950593
"CGC",0.6334957487336933
"CGG",2.193759911433489
"CGU",0.39282365557559734
"CUA",1.3701330741514495
"CUC",1.207417751126807
"CUG",1.469102123898242
"CUU",1.2905783235502946
"GAA",0.3040508235720467
"GAC",0.2797894350741614
"GAG",2.1630567025025487
"GAU",0.50699103978759
"GCA",0.3266446801694906
"GCC",0.369291509320621
"GCG",0.8547760179217708
"GCU",0.22541742991408453
"GGA",1.0220190890890999
"GGC",0.17130672011957268
"GGG",0.6840412703558231
"GGU",0.38616084831298436
"GUA",0.4046102152062473
"GUC",0.5142318630564666
"GUG",0.9967263875725464
"GUU",0.2847922021065428
"UAC",0.5342127363976227
"UAU",0.7883309294011875
"UCA",0.3775428118614931
"UCC",0.5409404299364458
"UCG",0.7875515409093918
"UCU",0.3105619422159867
"UGC",0.7061821428871379
"UGG",0.3541483776792557
"UGU",0.9826526755766017
"UUA",0.5793861965860871
"UUC",0.34413959774821185
"UUG",0.26337524376947163
"UUU",0.5783822502012173
