"codon","average_decoding_time"
"AAA",0.45816733626073264
"AAC",0.3285403088555857
"AAG",0.230301627962773
"AAU",0.5598827902470688
"ACA",0.3496988642985203
"ACC",0.382824221032193
"ACG",0.687223862762144
"ACU",0.2295335919374815
"AGA",0.14816957098560896
"AGC",1.392226522375908
"AGG",0.30707244201887696
"AGU",1.7501302488975188
"AUA",0.4445142955827222
"AUC",0.47034499154120685
"AUG",0.5511752937230571
"AUU",0.27773960935900677
"CAA",0.46337830015563813
"CAC",0.5320776764778702
"CAG",0.6439538101769838
"CAU",0.7910184015039544
"CCA",0.31667044778067965
"CCC",2.191522567263918
"CCG",0.44840940208709806
"CCU",1.7979453537532462
"CGA",0.5099726491501908
"CGC",0.6338912144575943
"CGG",2.205585376775129
"CGU",0.3935234840762031
"CUA",1.3683953067653818
"CUC",1.2081051004027668
"CUG",1.4658704394599629
"CUU",1.2896976877668143
"GAA",0.30427215215442766
"GAC",0.28007811815756306
"GAG",0.4657214241650363
"GAU",0.5076365105714554
"GCA",0.32716757953614717
"GCC",0.3699941185398835
"GCG",0.8528654169303657
"GCU",0.2253788882994049
"GGA",1.0220949398078967
"GGC",0.17068129175599986
"GGG",0.6854243475595052
"GGU",0.3870541522662853
"GUA",0.40554541750016
"GUC",0.5123733953751297
"GUG",0.9951289112175045
"GUU",0.2846709587249066
"UAC",0.5329332955020951
"UAU",0.7893150628879703
"UCA",0.3775669358701009
"UCC",0.5409587237920622
"UCG",0.7899748264535273
"UCU",0.30974184612329664
"UGC",0.7048253717600057
"UGG",0.3528090731475033
"UGU",0.9812219525475887
"UUA",0.5789283240039476
"UUC",0.34302815263477093
"UUG",0.2634670175492581
"UUU",0.5771950654696689
