"codon","average_decoding_time"
"AAA",0.4584363326710664
"AAC",0.326876978333565
"AAG",0.22985736598941958
"AAU",0.5600704527132752
"ACA",0.34977080149280554
"ACC",0.3828575841769135
"ACG",0.6887707539687721
"ACU",0.23006245596551783
"AGA",0.14743728729201835
"AGC",1.395859897639709
"AGG",0.30660432126926
"AGU",1.745621524127704
"AUA",0.44393081411201335
"AUC",0.4709109294394718
"AUG",0.549654334939791
"AUU",0.27810810804785574
"CAA",0.4640075245584408
"CAC",0.5321253970744698
"CAG",0.6454149031153086
"CAU",0.788260294686437
"CCA",0.3171793580640285
"CCC",2.186229336839803
"CCG",0.4489550041022153
"CCU",1.7907641169814246
"CGA",0.5099487134184713
"CGC",0.633554785489914
"CGG",2.196194474717705
"CGU",0.39249745218355764
"CUA",1.3705917886207952
"CUC",1.2073572629555303
"CUG",1.4660243932606682
"CUU",1.29315936673142
"GAA",0.3039712761169269
"GAC",0.2803069198100593
"GAG",0.46554140848532627
"GAU",0.5075873892529797
"GCA",0.32678735487836325
"GCC",0.3699984293992198
"GCG",0.8526903893382063
"GCU",0.22636265947608136
"GGA",1.0228083241318697
"GGC",0.17137044163968185
"GGG",0.6812628288743655
"GGU",0.38602012819759846
"GUA",0.4046588347704913
"GUC",0.5137366330254194
"GUG",0.9966926230348552
"GUU",0.2848554741186051
"UAC",0.5333980472014667
"UAU",0.7897999601537017
"UCA",0.3772911690386599
"UCC",0.5411097431613782
"UCG",0.7880930909364247
"UCU",0.31066308748481863
"UGC",0.7052754693423047
"UGG",0.3555086272380009
"UGU",0.9844037418592201
"UUA",0.5791293250754778
"UUC",0.34366348411013165
"UUG",0.2635497077725413
"UUU",0.5781766872664021
