"codon","average_decoding_time"
"AAA",0.4600862714785612
"AAC",0.32634418769891554
"AAG",0.23006928072580296
"AAU",0.56015323099923
"ACA",0.35080115000121037
"ACC",0.3825381015758417
"ACG",0.6881569195438684
"ACU",0.23019985139803267
"AGA",0.14749142234269985
"AGC",1.3951908111150855
"AGG",0.30763351283641166
"AGU",1.7486154574846966
"AUA",0.4427234674136682
"AUC",0.4718595859843669
"AUG",0.5515984531316966
"AUU",0.2782543239036653
"CAA",0.46516474336334585
"CAC",0.5330566920610391
"CAG",0.6468329645267464
"CAU",0.7892182690360419
"CCA",0.3167651167394101
"CCC",2.193496746836648
"CCG",0.4485792022304551
"CCU",1.7957081536986228
"CGA",0.5099262373833954
"CGC",0.6336556686620974
"CGG",2.191070587906934
"CGU",0.39254219239944
"CUA",1.3717455934334093
"CUC",1.2087956837736784
"CUG",1.465868247500596
"CUU",1.2890139981308375
"GAA",0.3028706000869207
"GAC",0.27964736936321105
"GAG",0.4651848904538475
"GAU",0.5057723864046768
"GCA",0.32608760999458186
"GCC",0.36837632090868283
"GCG",0.8534602637314823
"GCU",0.2264838145497504
"GGA",1.0221126064286217
"GGC",0.1712972576008724
"GGG",0.6843750002883625
"GGU",0.38681801983638625
"GUA",0.40518224400464753
"GUC",0.513938524865016
"GUG",0.9978210855202757
"GUU",0.28475285069387096
"UAC",0.533313880109056
"UAU",0.7882707562040798
"UCA",0.3771063111015655
"UCC",0.5420675804850349
"UCG",0.7915420922569429
"UCU",0.3103722817223005
"UGC",0.7070279167943608
"UGG",0.35283121888649965
"UGU",0.9806697153458892
"UUA",0.5786786834037166
"UUC",0.3425282707769348
"UUG",0.26419946742189754
"UUU",0.5777555572862525
