"codon","average_decoding_time"
"AAA",0.45938922608999455
"AAC",0.32535535310234426
"AAG",0.1611162371019355
"AAU",0.5595294470622366
"ACA",0.35032355474832544
"ACC",0.38312443305128174
"ACG",0.6865521410462017
"ACU",0.2296185976984296
"AGA",0.14748244164674476
"AGC",1.3899578731945936
"AGG",0.30712105432912834
"AGU",1.746896672557934
"AUA",0.44338301741193437
"AUC",0.4712824088456224
"AUG",0.5516861558411759
"AUU",0.27811831970925094
"CAA",0.46455514409931736
"CAC",0.5354763258564911
"CAG",3.472596171642441
"CAU",0.7903080053480747
"CCA",0.3164531237565575
"CCC",2.1873177318954338
"CCG",0.44924609146612776
"CCU",1.7966697634701283
"CGA",0.5101512007199115
"CGC",0.6324583062168752
"CGG",2.196555775864886
"CGU",0.39404237832311106
"CUA",1.3655242636312268
"CUC",1.2108167990519079
"CUG",1.4654755808598334
"CUU",1.2917922441837988
"GAA",0.3045430737684113
"GAC",0.27884373063014833
"GAG",2.164381370062321
"GAU",0.506453036528911
"GCA",0.32687428524555123
"GCC",0.3691516094071411
"GCG",0.8527063157992127
"GCU",0.22666592223202287
"GGA",1.0241417075645587
"GGC",0.17103606743947866
"GGG",0.6838989846237183
"GGU",0.3876795619991299
"GUA",0.40380206596832713
"GUC",0.5158997881508426
"GUG",0.9958261308952648
"GUU",0.28434034949041126
"UAC",0.5323895376914948
"UAU",0.7881674835399886
"UCA",0.3778150983282313
"UCC",0.5420800871433984
"UCG",0.7887532717335888
"UCU",0.3107327231347086
"UGC",0.7044099364918863
"UGG",0.3520868759593396
"UGU",0.9811919788772341
"UUA",0.5781012446737558
"UUC",0.3433915827771735
"UUG",0.2628690325688354
"UUU",0.5780280083501375
