"codon","average_decoding_time"
"AAA",0.45932182092407253
"AAC",0.325996891604215
"AAG",0.23002333257582383
"AAU",0.5603891239794493
"ACA",0.35034157791832155
"ACC",0.38335515744045096
"ACG",0.6863808139018069
"ACU",0.22930669779477628
"AGA",0.1481762953998987
"AGC",1.3942977967683639
"AGG",0.30732876930045305
"AGU",1.749648422147318
"AUA",0.4436929909445064
"AUC",0.4711879804017355
"AUG",0.5198528947849492
"AUU",0.27786615032952566
"CAA",0.4651097946783571
"CAC",0.5324318946743758
"CAG",0.6446262277816106
"CAU",0.7891608923732513
"CCA",0.3169316276360903
"CCC",2.196214196155012
"CCG",0.45012207367252005
"CCU",1.7919919818896668
"CGA",0.5105435221583112
"CGC",0.6328805593559489
"CGG",2.1946154664434405
"CGU",0.39221665926467686
"CUA",1.3720622039953418
"CUC",1.2070556779509134
"CUG",1.3997444033458153
"CUU",1.2891871800033856
"GAA",0.30436586579187414
"GAC",0.27947793077669963
"GAG",0.4658011700955863
"GAU",0.5066850008059427
"GCA",0.3253551111155714
"GCC",0.3701102591848864
"GCG",0.8544531607451811
"GCU",0.22563781531856641
"GGA",1.0204373985200328
"GGC",0.17079774154857127
"GGG",0.6836851254391371
"GGU",0.38638529807329663
"GUA",0.4053100258909302
"GUC",0.5123079305523451
"GUG",2.075787285428924
"GUU",0.2843879324548963
"UAC",0.5328202007950361
"UAU",0.7893089442443869
"UCA",0.37746401476382857
"UCC",0.5423028203860505
"UCG",0.7898574291805092
"UCU",0.3096804789254335
"UGC",0.7041632832853586
"UGG",0.3529538262310302
"UGU",0.9813266775695731
"UUA",0.5774457163058222
"UUC",0.34470338085756014
"UUG",0.2534366774221998
"UUU",0.5771712213206693
