"codon","average_decoding_time"
"AAA",0.4583191778587882
"AAC",0.32714531059967117
"AAG",0.22890024927994967
"AAU",0.560870146511828
"ACA",0.3504910164627212
"ACC",0.3821732869821431
"ACG",0.6676829223583786
"ACU",0.22899710457137573
"AGA",0.1476802997332262
"AGC",1.39300030825212
"AGG",0.3066489200443233
"AGU",1.7411356189169034
"AUA",0.4444317106448021
"AUC",0.4715125913522052
"AUG",0.553450000012124
"AUU",0.27798311634914646
"CAA",0.4647646214469239
"CAC",0.534192006204802
"CAG",0.6449946568276799
"CAU",0.7897347131441681
"CCA",0.31657282022393535
"CCC",2.185513933252081
"CCG",0.5056741993440789
"CCU",1.7967490361215825
"CGA",0.5101804020839978
"CGC",0.6350992449144534
"CGG",2.198232979467886
"CGU",0.3935192693597671
"CUA",1.3706889379700875
"CUC",1.2114350237476146
"CUG",1.4659983828302487
"CUU",1.292259336366736
"GAA",0.2711624573239084
"GAC",0.280336759346118
"GAG",0.4350485837766922
"GAU",0.5064905283264524
"GCA",0.3216406228312431
"GCC",0.3503189877717938
"GCG",0.7106771851169218
"GCU",0.20826405344126342
"GGA",0.8305472675789483
"GGC",0.14891436482737594
"GGG",0.6342168993471867
"GGU",0.36107022111182796
"GUA",0.3247009371425968
"GUC",0.43237299257247763
"GUG",0.7686952020156048
"GUU",0.21350797325881932
"UAC",0.5339963942565704
"UAU",0.7894867174387852
"UCA",0.3780084734973689
"UCC",0.541031299969354
"UCG",0.7869067214255919
"UCU",0.31158068151100854
"UGC",0.7061017091579634
"UGG",0.35480875677130447
"UGU",0.9785271463038953
"UUA",0.5773834584467704
"UUC",0.3427258658688611
"UUG",0.32723991997258595
"UUU",0.5774601114159674
