"codon","average_decoding_time"
"AAA",0.45813810872925564
"AAC",0.32573886279412867
"AAG",0.23081074859829576
"AAU",0.5602239514817008
"ACA",0.35053390025751496
"ACC",0.3828333771041708
"ACG",0.6660833963870672
"ACU",0.2292020456064181
"AGA",0.14835834942356288
"AGC",1.3941157275138083
"AGG",0.30735569581836014
"AGU",1.7486999597199109
"AUA",0.4427731534915372
"AUC",0.47139453653333924
"AUG",0.5511316100245727
"AUU",0.27892623713582965
"CAA",0.4646965240173593
"CAC",0.5326750710276941
"CAG",0.645253543201953
"CAU",0.7889543743164136
"CCA",0.3168893351128912
"CCC",2.1964771924862077
"CCG",0.5065509042850692
"CCU",1.7941436227332086
"CGA",0.5093881264989586
"CGC",0.6345169798382297
"CGG",2.203013304185831
"CGU",0.3928362695629495
"CUA",1.3695257637410898
"CUC",1.2068521376532695
"CUG",1.4699795987222284
"CUU",1.2907916012734948
"GAA",0.27206205966127545
"GAC",0.27916286331547124
"GAG",0.4348871489626064
"GAU",0.5047419148333643
"GCA",0.32347717709561785
"GCC",0.3502495045196858
"GCG",0.7120638425674354
"GCU",0.2078589582485989
"GGA",0.8304678906168189
"GGC",0.14959799310721603
"GGG",0.634736400806537
"GGU",0.36182974302983695
"GUA",0.3237095183091515
"GUC",0.4324161091831279
"GUG",0.8579762385347118
"GUU",0.21314172539448176
"UAC",0.5341376078878058
"UAU",0.7883695673852726
"UCA",0.377253036867604
"UCC",0.5413262982350249
"UCG",0.7855778342661328
"UCU",0.3103555658928288
"UGC",0.7047054519027998
"UGG",0.35349345579661157
"UGU",0.9819733696230957
"UUA",0.5795519154677331
"UUC",0.34343013796317495
"UUG",0.2647201539532265
"UUU",0.5759502463783177
