"codon","average_decoding_time"
"AAA",0.45779745589632204
"AAC",0.3271080147974426
"AAG",0.22942465322044805
"AAU",0.5608648774938121
"ACA",0.3501681688024031
"ACC",0.38223241975525324
"ACG",0.6876869561071831
"ACU",0.2288122880994298
"AGA",0.14804044627606827
"AGC",1.3891781726471109
"AGG",0.30651237293680256
"AGU",1.7467917189178186
"AUA",0.4436729985020492
"AUC",0.47022074747028536
"AUG",0.549831999724756
"AUU",0.2785329390521114
"CAA",0.46447170287427747
"CAC",0.5321145761373068
"CAG",0.6449793576853025
"CAU",0.7903695888975248
"CCA",0.316475987880914
"CCC",2.1924691085714967
"CCG",0.44859069070986946
"CCU",1.7904169956798095
"CGA",0.5105448014657332
"CGC",0.6334662716050617
"CGG",2.198466486733208
"CGU",0.3913676428016745
"CUA",1.3758069451469908
"CUC",1.2054899255668
"CUG",1.4617275234380054
"CUU",1.2900015211040654
"GAA",0.30399229963733987
"GAC",0.278949600307683
"GAG",0.4646358153327382
"GAU",0.5069802331157328
"GCA",0.3265661105720525
"GCC",0.36877498707572365
"GCG",0.8531378686914799
"GCU",0.22630125479825441
"GGA",1.023197147082923
"GGC",0.17125625384419824
"GGG",0.6833763391908662
"GGU",0.3858141129136732
"GUA",0.405335511592763
"GUC",0.5129723035801372
"GUG",0.99553644450782
"GUU",0.28491961550173345
"UAC",0.5337087825663128
"UAU",0.7894779920711019
"UCA",0.3774146766866747
"UCC",0.5412075402801272
"UCG",0.7907272000126264
"UCU",0.31109915452782794
"UGC",0.7035220815900554
"UGG",0.3548528363171977
"UGU",0.9805789220437559
"UUA",0.5789509959886867
"UUC",0.34356512226433217
"UUG",0.26365044047856867
"UUU",0.5780364518557343
