"codon","average_decoding_time"
"AAA",0.4572047511475289
"AAC",0.3267734991158385
"AAG",0.23045941633691255
"AAU",0.5600694478678003
"ACA",0.35082824038946436
"ACC",0.38262833724199696
"ACG",0.6871918322293057
"ACU",0.23033741050958212
"AGA",0.1476860792239527
"AGC",1.3880588414716302
"AGG",0.30699189235217006
"AGU",1.746265244223761
"AUA",0.4436003843820444
"AUC",0.47162820986857756
"AUG",0.5515683805269989
"AUU",0.2784211454813622
"CAA",0.4667831513706444
"CAC",0.5332829598509466
"CAG",0.6432302782393551
"CAU",0.7895091963427199
"CCA",0.3164735314504763
"CCC",2.187625027195016
"CCG",0.45014534516817306
"CCU",1.7879720549668492
"CGA",0.511168836372984
"CGC",0.6339194065112035
"CGG",2.194676740670934
"CGU",0.3942036256523159
"CUA",1.3757985976146196
"CUC",1.2049453640752017
"CUG",1.4643742769685222
"CUU",1.288023942072721
"GAA",0.30364548259327057
"GAC",0.27903592745286054
"GAG",0.4650753522111758
"GAU",0.5067996693951298
"GCA",0.3270386085969877
"GCC",0.36955980206236944
"GCG",0.8535928657977296
"GCU",0.2259526105464174
"GGA",1.022909056969253
"GGC",0.17074610458155048
"GGG",0.6862516011622662
"GGU",0.3860535400592307
"GUA",0.4055036867374813
"GUC",0.5144352078914386
"GUG",0.9925095022909993
"GUU",0.284828851076787
"UAC",0.5333510680284488
"UAU",0.788725293363023
"UCA",0.37764775328889555
"UCC",0.5425314677197288
"UCG",0.7902879583765615
"UCU",0.3100214265396922
"UGC",0.7024366452200925
"UGG",0.35384373278075076
"UGU",0.9803627743873968
"UUA",0.5783439023884228
"UUC",0.3428553216923087
"UUG",0.32539637217940853
"UUU",0.5785809953354583
