"codon","average_decoding_time"
"AAA",0.46053834043886765
"AAC",0.3263938555823046
"AAG",0.22996237695320904
"AAU",0.5581562085821681
"ACA",0.35079951555720096
"ACC",0.38220729437190437
"ACG",0.6853469052167392
"ACU",0.22970698919606744
"AGA",0.14852480944947857
"AGC",1.3956405936242262
"AGG",0.3074345829900454
"AGU",1.745623578906927
"AUA",0.4431744066168125
"AUC",0.47167378855166153
"AUG",0.55179944767688
"AUU",0.27872292926803394
"CAA",0.46364896529817023
"CAC",0.531869710678783
"CAG",0.6463929137778127
"CAU",0.7895975896223912
"CCA",0.3167563243874343
"CCC",2.1919446564600866
"CCG",0.44950458941960725
"CCU",1.7949869108708587
"CGA",0.5098827591665483
"CGC",0.6333567428733585
"CGG",2.198641502624566
"CGU",0.39286855615156124
"CUA",1.3698091690058827
"CUC",1.2090740457569373
"CUG",1.4662866444642328
"CUU",1.2894453774968326
"GAA",0.30420798624421574
"GAC",0.27905913393929405
"GAG",0.4651765873871889
"GAU",0.5066694734058844
"GCA",0.3262984753233627
"GCC",0.36915445356112286
"GCG",0.8541829918426296
"GCU",0.22638662927864203
"GGA",1.02131104588
"GGC",0.17192338397635495
"GGG",0.6846159453044108
"GGU",0.38652250369924007
"GUA",0.40393932979187286
"GUC",0.5135688641436927
"GUG",0.9990016776766808
"GUU",0.28437088216596174
"UAC",0.5343675416487649
"UAU",0.789124103786174
"UCA",0.3772177891002319
"UCC",0.541694737193818
"UCG",0.7863359438807416
"UCU",0.31113414268248774
"UGC",0.7066708289953751
"UGG",0.3523377044549039
"UGU",0.9797608356666319
"UUA",0.5794121740900914
"UUC",0.3432617408628246
"UUG",0.2634052735490799
"UUU",0.5776164268872458
