"codon","average_decoding_time"
"AAA",0.4595372921604024
"AAC",0.32664967178073856
"AAG",0.16155774238106768
"AAU",0.5599115488847783
"ACA",0.3502510887479349
"ACC",0.38197605359091225
"ACG",0.6869109838903578
"ACU",0.22935698080886224
"AGA",0.1483113741401555
"AGC",1.3887630504567647
"AGG",0.3082764479251976
"AGU",1.7483318438986442
"AUA",0.4431312331418191
"AUC",0.47015920279513784
"AUG",0.5499043822886474
"AUU",0.27879599419132967
"CAA",0.4661558270962652
"CAC",0.5313313477717625
"CAG",3.4649077772584866
"CAU",0.789439278916002
"CCA",0.3173722793307569
"CCC",2.191407244453756
"CCG",0.44951590848122286
"CCU",1.790302044784779
"CGA",0.5096088024187905
"CGC",0.633101401844296
"CGG",2.1965166477115314
"CGU",0.39276484827757174
"CUA",1.3680136502760238
"CUC",1.2083105092975643
"CUG",1.4660310309143798
"CUU",1.291824070092269
"GAA",0.3040432039993739
"GAC",0.2795154888435292
"GAG",2.1641330828492453
"GAU",0.5070805758147454
"GCA",0.3269111923989216
"GCC",0.37043885640794755
"GCG",0.8535899861441618
"GCU",0.22641203616752162
"GGA",1.0252016458677677
"GGC",0.17141521995640122
"GGG",0.68402737445605
"GGU",0.38643773874206655
"GUA",0.4049104437415442
"GUC",0.5133130324692109
"GUG",0.9967053586420269
"GUU",0.2852577927558881
"UAC",0.5338768922616323
"UAU",0.7908558969398799
"UCA",0.3783489819006498
"UCC",0.5412021583929727
"UCG",0.7879906106881279
"UCU",0.30994301857914774
"UGC",0.7019226067638678
"UGG",0.3537970019314208
"UGU",0.9812765502354326
"UUA",0.5787236425995249
"UUC",0.34233366365206647
"UUG",0.2634213433931059
"UUU",0.579206722324258
