"codon","average_decoding_time"
"AAA",0.4599805546461628
"AAC",0.32756845166236176
"AAG",0.2299797931686065
"AAU",0.5594782370190743
"ACA",0.35011944168130615
"ACC",0.3823070014332884
"ACG",0.6864529799453003
"ACU",0.22961932820097883
"AGA",0.1474214939696115
"AGC",1.3962630737977795
"AGG",0.30632779816148087
"AGU",1.745959131276136
"AUA",0.4440887400033919
"AUC",0.47136662978007265
"AUG",0.5501942135685426
"AUU",0.2784542964360089
"CAA",0.46420235773740415
"CAC",0.53355571986104
"CAG",0.6451838069631077
"CAU",0.7886730550861217
"CCA",0.3170223607452912
"CCC",2.191848719225349
"CCG",0.44837383690340105
"CCU",1.7902630895648768
"CGA",0.5106255621469701
"CGC",0.6329376582511989
"CGG",2.198291116679936
"CGU",0.3931401471021009
"CUA",1.3664324672115316
"CUC",1.2114976949155831
"CUG",1.4691955986330367
"CUU",1.292429614915231
"GAA",0.3043383082782355
"GAC",0.27977901453257914
"GAG",0.4654059414754505
"GAU",0.507595039431947
"GCA",0.32517399604834824
"GCC",0.36929319395813487
"GCG",0.8520967905907724
"GCU",0.22617990521574358
"GGA",1.0226655510126346
"GGC",0.17111391837053452
"GGG",0.682657442741293
"GGU",0.3866370782885908
"GUA",0.40463809026988723
"GUC",0.513922108512837
"GUG",0.996205001121391
"GUU",0.28553339224659874
"UAC",0.5331978853366888
"UAU",0.7889903661639098
"UCA",0.37699713476923613
"UCC",0.5419494817925332
"UCG",0.7879341424687603
"UCU",0.31044833260696636
"UGC",0.7058094673247198
"UGG",0.3539935312644064
"UGU",0.9817348883192856
"UUA",0.5795458053908807
"UUC",0.3430951604646078
"UUG",0.32760610909362925
"UUU",0.5764489538032669
