"codon","average_decoding_time"
"AAA",0.4597037303299364
"AAC",0.32717982762466347
"AAG",0.22979879762824862
"AAU",0.561660782101871
"ACA",0.3498722977844617
"ACC",0.3818278590591672
"ACG",0.6871388356425696
"ACU",0.22942493335471703
"AGA",0.14812526024203637
"AGC",1.393877262102662
"AGG",0.3074087921021851
"AGU",1.7398691782842381
"AUA",0.4436654767842159
"AUC",0.4718067375713748
"AUG",0.5510049325428962
"AUU",0.2787700514293021
"CAA",0.4645043468909348
"CAC",0.533702549650393
"CAG",0.644256989412473
"CAU",0.7887596031624918
"CCA",0.3171913481420846
"CCC",2.195309147991244
"CCG",0.4486224216305194
"CCU",1.790625523036878
"CGA",0.5093419719765941
"CGC",0.6352521673821712
"CGG",2.199540979650478
"CGU",0.39207566267280103
"CUA",1.3708438773317644
"CUC",1.2072473132724375
"CUG",1.464325412890903
"CUU",1.2917246259385755
"GAA",0.3040838219179806
"GAC",0.2800319405123494
"GAG",0.46466119970989345
"GAU",0.5066199553431409
"GCA",0.32654400053087285
"GCC",0.36928891905419536
"GCG",0.8534036528795297
"GCU",0.2259729191634866
"GGA",1.0223952866347112
"GGC",0.17135163748996007
"GGG",0.6814182862877405
"GGU",0.3867528743883005
"GUA",0.4052304608923679
"GUC",0.5142760275859739
"GUG",0.9955237411761424
"GUU",0.285437020111909
"UAC",0.5320912529918208
"UAU",0.7896128894807183
"UCA",0.37777353555159754
"UCC",0.5427642294325742
"UCG",0.786295721340496
"UCU",0.30971047666849527
"UGC",0.7035026526207081
"UGG",0.35315967221882705
"UGU",0.9802321438712204
"UUA",0.578906417097767
"UUC",0.3433878653552084
"UUG",0.2632277549879352
"UUU",0.5771538790947578
