"codon","average_decoding_time"
"AAA",0.4580738099596656
"AAC",0.3262639453724057
"AAG",0.16123176806269
"AAU",0.5602100094997267
"ACA",0.3497389473473167
"ACC",0.38244909632472923
"ACG",0.5788582032902392
"ACU",0.23004250325086847
"AGA",0.1478169014541087
"AGC",1.3933571197830998
"AGG",0.29154124400507075
"AGU",1.7503420460562513
"AUA",0.4433823825353523
"AUC",0.47115551782233056
"AUG",0.5489554710694498
"AUU",0.27776733960519767
"CAA",0.46466947013012194
"CAC",0.5336486226253663
"CAG",3.4543331052820836
"CAU",0.7901765036941144
"CCA",0.31756424433630037
"CCC",2.184914786978602
"CCG",1.8385208040289838
"CCU",1.7954765010667122
"CGA",0.510888556283242
"CGC",0.63339748876889
"CGG",2.035662892889675
"CGU",0.3918599621978413
"CUA",1.3679404125682844
"CUC",1.2059435734651485
"CUG",1.459626363082725
"CUU",1.28929085777543
"GAA",0.3035146201390018
"GAC",0.27908782689304606
"GAG",2.156481878286906
"GAU",0.5064740160798019
"GCA",0.3263944500109405
"GCC",0.36866726846137216
"GCG",0.7421316737957389
"GCU",0.22595505910130426
"GGA",1.0227240420909678
"GGC",0.17118070150055353
"GGG",1.364647106891775
"GGU",0.38616456635692736
"GUA",0.4042348743250259
"GUC",0.5126317391947761
"GUG",0.9988435987534593
"GUU",0.28414082982282873
"UAC",0.5319404154250509
"UAU",0.7904478495792655
"UCA",0.37710312377563615
"UCC",0.5423022789154326
"UCG",2.9158349129933354
"UCU",0.3104336524975745
"UGC",0.7049598042929816
"UGG",0.32439326899460463
"UGU",0.9807746406131269
"UUA",0.5786957829951542
"UUC",0.3436313646556051
"UUG",0.2640826400487681
"UUU",0.5792278956040794
