"codon","average_decoding_time"
"AAA",0.4586827700159693
"AAC",0.32654009136520745
"AAG",0.16152494275064358
"AAU",0.5616594650771427
"ACA",0.35097556255680634
"ACC",0.3823708678286677
"ACG",0.6867499509375886
"ACU",0.22932646842421114
"AGA",0.14854085869462752
"AGC",1.3911426206649804
"AGG",0.3070059192550293
"AGU",1.7448724114745908
"AUA",0.443535176773961
"AUC",0.4703813884199924
"AUG",0.55221808383536
"AUU",0.27762749346204274
"CAA",0.4638608699225842
"CAC",0.534891552246123
"CAG",3.469640123688433
"CAU",0.789698445607927
"CCA",0.3174377725753362
"CCC",2.1874316428043508
"CCG",0.4493622579303083
"CCU",1.7932376981334166
"CGA",0.510368547585642
"CGC",0.6322155697216139
"CGG",2.19857163078563
"CGU",0.39242714323687533
"CUA",1.3737756322984667
"CUC",1.2092046201152105
"CUG",1.4666135680188033
"CUU",1.2902259461068388
"GAA",0.3039476164013071
"GAC",0.27971739380878013
"GAG",2.161369908350648
"GAU",0.5077533567630497
"GCA",0.3269303838854807
"GCC",0.3693363919616508
"GCG",0.8530736141478443
"GCU",0.2264830358215437
"GGA",1.0238102766735488
"GGC",0.17152847162842735
"GGG",0.6832563437379234
"GGU",0.38651916393982483
"GUA",0.4044760941731225
"GUC",0.5140021786492212
"GUG",0.9970946134712994
"GUU",0.28517907351737704
"UAC",0.5324109802634068
"UAU",0.7886837446846675
"UCA",0.37756360983951354
"UCC",0.5414336301635473
"UCG",0.7870728988999313
"UCU",0.310061447639494
"UGC",0.7037838120117108
"UGG",0.35312285603910265
"UGU",0.98213163286334
"UUA",0.5795519154647464
"UUC",0.3428511954274405
"UUG",0.26436023867522823
"UUU",0.5769227203301738
