"codon","average_decoding_time"
"AAA",0.4601190998984031
"AAC",0.3277242871698245
"AAG",0.2293414843133864
"AAU",0.5590016845240884
"ACA",0.35049135758007743
"ACC",0.3825155086066193
"ACG",0.6865281839341428
"ACU",0.22975527148691802
"AGA",0.14760292047087892
"AGC",1.400075363113612
"AGG",0.3059839152592933
"AGU",1.745249132056515
"AUA",0.4445570436347721
"AUC",0.4724050927409451
"AUG",0.5511665861487172
"AUU",0.2784933636019897
"CAA",0.4643039622105863
"CAC",0.5348061115147713
"CAG",0.6449478740448391
"CAU",0.7888113105094798
"CCA",0.3179610315740028
"CCC",2.1900896273379558
"CCG",0.44949509323977593
"CCU",1.7942153843575852
"CGA",0.5101245095991923
"CGC",0.6333363129922244
"CGG",2.19590089650158
"CGU",0.393261618859069
"CUA",1.3654742727436033
"CUC",1.2079392815402155
"CUG",1.464658948747782
"CUU",1.2921825572188312
"GAA",0.30359080324798854
"GAC",0.27983811138457476
"GAG",0.4653273868636393
"GAU",0.5079551198600408
"GCA",0.3259996401827399
"GCC",0.37048587041366704
"GCG",0.8535327886954056
"GCU",0.2253379810643899
"GGA",1.0230505759495403
"GGC",0.17118756631257903
"GGG",0.6822188568991869
"GGU",0.3870883774981362
"GUA",0.4048520741919047
"GUC",0.5139596544601295
"GUG",0.9985335869526711
"GUU",0.2851717870846264
"UAC",0.5337438776550506
"UAU",0.7909404175411333
"UCA",0.37689321025827516
"UCC",0.540968043699659
"UCG",0.7886902760907737
"UCU",0.3110164147871717
"UGC",0.7030311029340117
"UGG",0.3541207853654358
"UGU",0.9811629594094426
"UUA",0.5794931748824501
"UUC",0.34223666889970455
"UUG",0.2638855899932167
"UUU",0.577180874037751
