"codon","average_decoding_time"
"AAA",0.45870095292546803
"AAC",0.3267295871827555
"AAG",0.22977785151246974
"AAU",0.55879495368943
"ACA",0.35023986974198845
"ACC",0.382408277352172
"ACG",0.6872268904295089
"ACU",0.2295692955793258
"AGA",0.14766523473752927
"AGC",1.391669524012459
"AGG",0.3071512089151855
"AGU",1.7413530466446747
"AUA",0.44307908441317334
"AUC",0.47129637556111664
"AUG",0.5502427514038127
"AUU",0.2774726607901518
"CAA",0.463706695933114
"CAC",0.5320512639641753
"CAG",0.6449997699478759
"CAU",0.7908558986042502
"CCA",0.3172693481427433
"CCC",2.188422479154979
"CCG",0.44937972055155145
"CCU",1.7941941411603541
"CGA",0.5110718512828305
"CGC",0.6319488189202906
"CGG",2.1965596403777656
"CGU",0.3927423269776653
"CUA",1.3739315593257906
"CUC",1.206516172813892
"CUG",1.4623820206296163
"CUU",1.2904955363368178
"GAA",0.30334796519857765
"GAC",0.2799174414369911
"GAG",0.46599349241846544
"GAU",0.5080905345878254
"GCA",0.3260743634855172
"GCC",0.3693302031782536
"GCG",0.8515205823179804
"GCU",0.22572606003411594
"GGA",1.022597665748526
"GGC",0.17144219515494255
"GGG",0.6833863572482601
"GGU",0.3867880371957981
"GUA",0.4045328572986739
"GUC",0.5136475348041661
"GUG",0.9991098430680445
"GUU",0.2857256231861226
"UAC",0.5339264236253286
"UAU",0.7900854960963253
"UCA",0.37786582245312766
"UCC",0.5410325341790041
"UCG",0.7894652400801545
"UCU",0.31120637727877004
"UGC",0.7056514347632559
"UGG",0.354140863123158
"UGU",0.9812266391940958
"UUA",0.5800843607361292
"UUC",0.34353406800417646
"UUG",0.26405018455171914
"UUU",0.5776172395850204
