"codon","average_decoding_time"
"AAA",0.45953723423109805
"AAC",0.3268074924860719
"AAG",0.16148489894426116
"AAU",0.5598463343941326
"ACA",0.35131869210241384
"ACC",0.3824719970155117
"ACG",0.6862816344337497
"ACU",0.23011896143683125
"AGA",0.14822844127215695
"AGC",1.3963757635865448
"AGG",0.306867727846475
"AGU",1.7494033942252514
"AUA",0.4438242234708167
"AUC",0.4720911936889489
"AUG",0.5511441052467961
"AUU",0.27920933429988437
"CAA",0.4630229483076118
"CAC",0.5337713543700956
"CAG",3.4704715308683878
"CAU",0.7882457503916503
"CCA",0.3170711921099077
"CCC",2.197853395294231
"CCG",0.44870043613410243
"CCU",1.7982312761675694
"CGA",0.5101882063697213
"CGC",0.6328764819800388
"CGG",2.199609646411035
"CGU",0.39199047733860537
"CUA",1.36877428000845
"CUC",1.2074143467828629
"CUG",1.4669891035970222
"CUU",1.2924035662481945
"GAA",0.30325929567027854
"GAC",0.2797209971875635
"GAG",2.1660293156241477
"GAU",0.506606762206506
"GCA",0.32582600803273176
"GCC",0.3696283942311718
"GCG",0.852103402648552
"GCU",0.22603546244816802
"GGA",1.024275657980883
"GGC",0.17073989081884547
"GGG",0.6817909920829902
"GGU",0.38649507357924434
"GUA",0.40501439259098765
"GUC",0.5137001172172724
"GUG",0.9979205849481584
"GUU",0.2849961870542467
"UAC",0.5332941244810143
"UAU",0.7905078037205923
"UCA",0.37805977069111035
"UCC",0.5421496885091134
"UCG",0.7874535751295616
"UCU",0.31088185491407627
"UGC",0.7028300427347067
"UGG",0.3531233546389256
"UGU",0.9817759345869992
"UUA",0.5796698764421538
"UUC",0.3430478169692233
"UUG",0.26403404179200274
"UUU",0.5767855035819976
