"codon","average_decoding_time"
"AAA",0.4582012870754572
"AAC",0.3259589175088953
"AAG",0.22940465093275722
"AAU",0.5599306885428815
"ACA",0.35058635153548867
"ACC",0.38136191109399575
"ACG",0.6659720280706379
"ACU",0.23005652184039588
"AGA",0.14849528488014052
"AGC",1.396502941408262
"AGG",0.30686203534857226
"AGU",1.745425306455183
"AUA",0.4446079613692489
"AUC",0.47238978340763926
"AUG",0.552911645131915
"AUU",0.27874149738734905
"CAA",0.46464082435694987
"CAC",0.5339877489589816
"CAG",0.6459389826621208
"CAU",0.789571710195637
"CCA",0.31689029255504164
"CCC",2.1841684510624377
"CCG",0.50525230659811
"CCU",1.7928877798391134
"CGA",0.510298813576746
"CGC",0.632720719154331
"CGG",2.2002661989074026
"CGU",0.39360819074802045
"CUA",1.3693904813858113
"CUC",1.2096744634142604
"CUG",1.4671112972838793
"CUU",1.2923972528755518
"GAA",0.27249973650186077
"GAC",0.27991776899969995
"GAG",0.4350066252596622
"GAU",0.5078119722035542
"GCA",0.3224894800118462
"GCC",0.3501548422866091
"GCG",0.7118567936136914
"GCU",0.2084868942446962
"GGA",0.8263841919792746
"GGC",0.14882407747251522
"GGG",0.6303352472208439
"GGU",0.36151025615935517
"GUA",0.323946409395471
"GUC",0.4326842809708658
"GUG",0.8577866807510989
"GUU",0.2129444438285883
"UAC",0.5338561680557212
"UAU",0.7876843231522824
"UCA",0.37734133460356273
"UCC",0.5412365251077643
"UCG",0.7865033804652415
"UCU",0.31180637597016975
"UGC",0.7049557849479879
"UGG",0.3539071646847238
"UGU",0.981184012020017
"UUA",0.5784832456516725
"UUC",0.3437122908997979
"UUG",0.2637609754530709
"UUU",0.5768355526825473
