"codon","average_decoding_time"
"AAA",0.45924219529581334
"AAC",0.3268382685020046
"AAG",0.22973505171753011
"AAU",0.5596535038150187
"ACA",0.3500070597025053
"ACC",0.3823944666117149
"ACG",0.6876090391299722
"ACU",0.22947098208321468
"AGA",0.1480176669983948
"AGC",1.394189607504007
"AGG",0.30741888556980146
"AGU",1.7492341111921825
"AUA",0.44383559093029556
"AUC",0.4722642236165916
"AUG",0.5500441030399906
"AUU",0.2777139087942154
"CAA",0.4641661925646013
"CAC",0.5320580866345521
"CAG",0.6433932984508423
"CAU",0.7910017441058851
"CCA",0.31757696967573623
"CCC",2.1965203125187425
"CCG",0.4491218075381699
"CCU",1.795515857074856
"CGA",0.5100067761131091
"CGC",0.6330072603147737
"CGG",2.199810071979699
"CGU",0.3913243689058425
"CUA",1.3745586274825734
"CUC",1.2107755656745072
"CUG",1.4610192644123434
"CUU",1.2866154200944884
"GAA",0.3035186613900096
"GAC",0.2794210444622572
"GAG",0.46491555494567377
"GAU",0.5074447577903316
"GCA",0.32598592605487564
"GCC",0.3702457715290961
"GCG",0.8518749769894198
"GCU",0.2257745046063869
"GGA",1.0241198611673323
"GGC",0.17164785572898994
"GGG",0.6839030493863618
"GGU",0.3860637832228583
"GUA",0.4042807972410553
"GUC",0.5132792659318482
"GUG",0.9963608309804685
"GUU",0.2843846054612136
"UAC",0.5338273169468741
"UAU",0.7883105008226099
"UCA",0.378030935798117
"UCC",0.5422297472615872
"UCG",0.7870936047051326
"UCU",0.3110876697233088
"UGC",0.7065239788167287
"UGG",0.3519475486362458
"UGU",0.9809933595356305
"UUA",0.5813046077973792
"UUC",0.342253919351558
"UUG",0.26410389102925125
"UUU",0.5779284376128543
