"codon","average_decoding_time"
"AAA",0.4589068028426287
"AAC",0.32744208002886765
"AAG",0.16171463447901027
"AAU",0.5589847889009094
"ACA",0.34938737935236924
"ACC",0.38302832248247204
"ACG",0.6872549606681595
"ACU",0.22893482358628225
"AGA",0.14823360746947276
"AGC",1.3979264195346972
"AGG",0.3066030810827014
"AGU",1.748111317214483
"AUA",0.44316706139421447
"AUC",0.47265437772628327
"AUG",0.5505897221593578
"AUU",0.2773002977367191
"CAA",0.46505139531239226
"CAC",0.5332499060993376
"CAG",3.4685063077713916
"CAU",0.7908970181837899
"CCA",0.3173033988823863
"CCC",2.1914281303783856
"CCG",0.4497681577924483
"CCU",1.7955153961827486
"CGA",0.5112568081292064
"CGC",0.6318531231326134
"CGG",2.1978788777252247
"CGU",0.3917575304564974
"CUA",1.3735122625463196
"CUC",1.2022107339393056
"CUG",1.466840385712436
"CUU",1.2926130009779897
"GAA",0.3040434237519429
"GAC",0.27897497481323863
"GAG",2.1666906273368767
"GAU",0.5071622648892117
"GCA",0.32650571078765317
"GCC",0.3692281223696399
"GCG",0.8560863343902313
"GCU",0.22589428288244115
"GGA",1.025790758891494
"GGC",0.17181406324376214
"GGG",0.6838790595474465
"GGU",0.3873482842148255
"GUA",0.40530967152131625
"GUC",0.5152929967231966
"GUG",0.9995428167481138
"GUU",0.2849392751561421
"UAC",0.5333630224036175
"UAU",0.7884965592106602
"UCA",0.37642291584465115
"UCC",0.5396763955559445
"UCG",0.7889145839404137
"UCU",0.31136182948866764
"UGC",0.7040183406531926
"UGG",0.35419783677181343
"UGU",0.9806878553105266
"UUA",0.5789041771654798
"UUC",0.3425131084531927
"UUG",0.2642611158044015
"UUU",0.5783277917796051
