"codon","average_decoding_time"
"AAA",0.4580399078447625
"AAC",0.32768456556990816
"AAG",0.229899568910486
"AAU",0.5602106348912711
"ACA",0.35085285284486534
"ACC",0.3829818156267202
"ACG",0.6866038897088174
"ACU",0.22988745788441908
"AGA",0.14792568324740785
"AGC",1.3935637862024366
"AGG",0.3075696080239139
"AGU",1.7480578528053388
"AUA",0.44387401600422977
"AUC",0.4710244631052721
"AUG",0.5525318987765365
"AUU",0.27809778367196386
"CAA",0.46385813983551666
"CAC",0.5323466104403061
"CAG",0.6456017029284662
"CAU",0.7880479635876089
"CCA",0.31783033014247575
"CCC",2.1892799790363093
"CCG",0.4496676256950118
"CCU",1.7986309182038138
"CGA",0.5104809638455843
"CGC",0.6323840770262049
"CGG",2.195538161691261
"CGU",0.3925193417276325
"CUA",1.3669701681978985
"CUC",1.2086728545278207
"CUG",1.4628126196679259
"CUU",1.2910207390709396
"GAA",0.30345655730528454
"GAC",0.2795891837578592
"GAG",0.4652748760472084
"GAU",0.5066925977723916
"GCA",0.32678539990883043
"GCC",0.3693876380746606
"GCG",0.8564764024769412
"GCU",0.2266942280809414
"GGA",1.0234340418183312
"GGC",0.17169838237595553
"GGG",0.6799674866218157
"GGU",0.3856982236486698
"GUA",0.4045259636665559
"GUC",0.5115897553044063
"GUG",0.9954868844702904
"GUU",0.2845353597135296
"UAC",0.5326616084453368
"UAU",0.7878937470490585
"UCA",0.37836046499576953
"UCC",0.5419587134566444
"UCG",0.7879466016844688
"UCU",0.3113006736674769
"UGC",0.7058599494320877
"UGG",0.3530665239625559
"UGU",0.9810922213631562
"UUA",0.5784224327587936
"UUC",0.34302061100529113
"UUG",0.2642512438408621
"UUU",0.5763183002488401
