"codon","average_decoding_time"
"AAA",0.4592564090399419
"AAC",0.32763301782945214
"AAG",0.16154927768863872
"AAU",0.5606877200050816
"ACA",0.34970888941600925
"ACC",0.38248611353795287
"ACG",0.687858982365753
"ACU",0.2299461824736642
"AGA",0.14843166572773067
"AGC",1.391684996091303
"AGG",0.30638135400103866
"AGU",1.747772382743234
"AUA",0.4450011439792218
"AUC",0.4721996778138984
"AUG",0.5510251134062834
"AUU",0.27871466533207057
"CAA",0.4654325820521273
"CAC",0.5315460582682536
"CAG",3.4571433559759552
"CAU",0.7910305026967398
"CCA",0.31784941242581144
"CCC",2.1904780626293396
"CCG",0.44976048077018826
"CCU",1.7952514145364775
"CGA",0.5102982827724706
"CGC",0.6324863087996108
"CGG",2.2001006093297217
"CGU",0.3921981865947948
"CUA",1.369265003703513
"CUC",1.207490935764174
"CUG",1.4639889623830784
"CUU",1.2872688432956514
"GAA",0.30326141759592773
"GAC",0.2787251542096065
"GAG",2.154639991822304
"GAU",0.5072490713884286
"GCA",0.3266785357172274
"GCC",0.36869443210425057
"GCG",0.8539272685675922
"GCU",0.2259041421485223
"GGA",1.0232982214669468
"GGC",0.1710977775275081
"GGG",0.6843059850013058
"GGU",0.3872330530623512
"GUA",0.405228859766629
"GUC",0.5126650193574257
"GUG",0.9979290938809602
"GUU",0.2848097419810632
"UAC",0.5306951333366456
"UAU",0.7887439464976743
"UCA",0.37818523018346156
"UCC",0.542651725321525
"UCG",0.7883829433223054
"UCU",0.3110472796609975
"UGC",0.7044954480824867
"UGG",0.3541751732180273
"UGU",0.9801615035358338
"UUA",0.5774727839477126
"UUC",0.34263568653980814
"UUG",0.3272423074206379
"UUU",0.5788858466591643
