"codon","average_decoding_time"
"AAA",0.4604775632800034
"AAC",0.3269492859376327
"AAG",0.23009864217264966
"AAU",0.560527639905125
"ACA",0.3502347427677804
"ACC",0.38407159147539727
"ACG",0.6867311266003341
"ACU",0.22969651120676185
"AGA",0.14794349147181346
"AGC",1.3912248607756055
"AGG",0.30703054193861345
"AGU",1.7436825833121588
"AUA",0.4444680564775336
"AUC",0.4723403753522872
"AUG",0.5505337820078543
"AUU",0.2785439825632253
"CAA",0.46508427377893746
"CAC",0.5320945451494306
"CAG",0.6446514829084026
"CAU",0.7892104418010772
"CCA",0.3166960295512617
"CCC",2.1935221428850498
"CCG",0.45036384984278827
"CCU",1.792650992851959
"CGA",0.5118749461553255
"CGC",0.6353232138468627
"CGG",2.204800003638005
"CGU",0.39237271757513753
"CUA",1.3720265157046385
"CUC",1.206501732245889
"CUG",1.4619706321159585
"CUU",1.2901099732790091
"GAA",0.30331773752446733
"GAC",0.28036772004134497
"GAG",0.4640091116827414
"GAU",0.5058799620686808
"GCA",0.3261618715950936
"GCC",0.3689779163693582
"GCG",0.8566104494465765
"GCU",0.22678508933452085
"GGA",1.0263583893930577
"GGC",0.17076760821647866
"GGG",0.6848724886391739
"GGU",0.38638762320359216
"GUA",0.40513549046388986
"GUC",0.5125151709468814
"GUG",0.9946309556297402
"GUU",0.28570047996094716
"UAC",0.5337317221794193
"UAU",0.789349902908132
"UCA",0.3775815776990073
"UCC",0.541255578299516
"UCG",0.7886068084929173
"UCU",0.3095042913839126
"UGC",0.7052699318477326
"UGG",0.3530822869450718
"UGU",0.9779027452013977
"UUA",0.5788691835067078
"UUC",0.34361891747859113
"UUG",0.26394075671443445
"UUU",0.5789122998967913
