"codon","average_decoding_time"
"AAA",0.45963017068090817
"AAC",0.3268511487402688
"AAG",0.16137568993855747
"AAU",0.5597499509260514
"ACA",0.35011293255586057
"ACC",0.38215836019800764
"ACG",0.6887134077089393
"ACU",0.22950705726601353
"AGA",0.14792799966971876
"AGC",1.3928640499304377
"AGG",0.3067075746737487
"AGU",1.7492213362168438
"AUA",0.44405670000837816
"AUC",0.47056869274264684
"AUG",0.5501116195198232
"AUU",0.27815446524426285
"CAA",0.463405650779459
"CAC",0.5337097724056676
"CAG",3.4500489702573516
"CAU",0.7886910515137798
"CCA",0.3169377695923453
"CCC",2.189671443595224
"CCG",0.4492351371805529
"CCU",1.7936027704970268
"CGA",0.510293913554826
"CGC",0.6326595246724304
"CGG",2.2009112075936965
"CGU",0.3931255539076003
"CUA",1.3704917987179632
"CUC",1.2092152508626282
"CUG",1.4657970915195988
"CUU",1.2870655903146548
"GAA",0.30392689447213667
"GAC",0.27929949950679495
"GAG",2.159387442943689
"GAU",0.507901909513427
"GCA",0.3266701316322476
"GCC",0.369282749018074
"GCG",0.8526018523925933
"GCU",0.225860680297308
"GGA",1.0240360745183337
"GGC",0.17121483008543567
"GGG",0.6837509665179852
"GGU",0.38637005377689343
"GUA",0.4054001212307507
"GUC",0.5124022839910151
"GUG",0.9980327375787577
"GUU",0.28484651816269224
"UAC",0.5352943902027117
"UAU",0.7902155209518518
"UCA",0.37648952665358515
"UCC",0.541193864927263
"UCG",0.7895024323102663
"UCU",0.31070086599805136
"UGC",0.7050507315623883
"UGG",0.35337742908305203
"UGU",0.9824887901032865
"UUA",0.5778640933535649
"UUC",0.34296246804909336
"UUG",0.2634076424934999
"UUU",0.5773214341063125
