"codon","average_decoding_time"
"AAA",0.4589883422400771
"AAC",0.3260500360241399
"AAG",0.2298410263925351
"AAU",0.5605752037432713
"ACA",0.35055159189139184
"ACC",0.3822636935502401
"ACG",0.6890926763233939
"ACU",0.22990540219643857
"AGA",0.147833054393453
"AGC",1.3943405381350515
"AGG",0.3082042059489546
"AGU",1.7502023924116876
"AUA",0.44311569631720255
"AUC",0.47141347300068376
"AUG",0.5499445115050284
"AUU",0.2786511376007188
"CAA",0.4639334471211157
"CAC",0.5341062388780038
"CAG",0.6444817035842679
"CAU",0.7886411466965707
"CCA",0.3181256151714603
"CCC",2.187684279967928
"CCG",0.44968988678205574
"CCU",1.7897299956409427
"CGA",0.5096658800902244
"CGC",0.6334801509880162
"CGG",2.2039216301172426
"CGU",0.392896222445001
"CUA",1.3742216464186954
"CUC",1.2037895221209056
"CUG",1.4618982674269612
"CUU",1.2911815507707514
"GAA",0.304112839806186
"GAC",0.27969226679145215
"GAG",0.46433256955753643
"GAU",0.5073674134618064
"GCA",0.3266835013313428
"GCC",0.36820787772908536
"GCG",0.8521242130637426
"GCU",0.2263191274263412
"GGA",1.0243051127555562
"GGC",0.17151874011816504
"GGG",0.683601005838647
"GGU",0.3862192444876749
"GUA",0.4046990009235928
"GUC",0.5129119960601708
"GUG",0.9978241237847474
"GUU",0.2843241596543174
"UAC",0.5313959272299691
"UAU",0.7916223241021344
"UCA",0.3782591795324405
"UCC",0.541491782093826
"UCG",0.7904043627187813
"UCU",0.3110246678715817
"UGC",0.7063885603430097
"UGG",0.35451180881083766
"UGU",0.977034215471788
"UUA",0.5799349125285043
"UUC",0.34232869962447204
"UUG",0.2645525548562325
"UUU",0.5786321494244716
