"codon","average_decoding_time"
"AAA",0.458577689854701
"AAC",0.3265823252529119
"AAG",0.23001834073257177
"AAU",0.5590410163805267
"ACA",0.3491790477794237
"ACC",0.3823301838927399
"ACG",0.6871930221091684
"ACU",0.2289416109822574
"AGA",0.1482331467155964
"AGC",1.3905390054344293
"AGG",0.30713918510514904
"AGU",1.739857070422873
"AUA",0.4442968087997071
"AUC",0.4712966754740524
"AUG",0.5529003953016378
"AUU",0.27900507365093485
"CAA",0.46605681046324693
"CAC",0.5334999960496524
"CAG",0.6454341403869138
"CAU",0.7888792198929994
"CCA",0.3177877371988027
"CCC",2.1889353541862766
"CCG",0.4490307957252734
"CCU",1.7980738682993955
"CGA",0.5099675078507165
"CGC",0.6331888828085691
"CGG",2.199066018444962
"CGU",0.39261049002164733
"CUA",1.3709219233490477
"CUC",1.2104515221441545
"CUG",1.4660581894098306
"CUU",1.287201393066848
"GAA",0.30460232639278534
"GAC",0.27964230430460707
"GAG",0.4655767212185079
"GAU",0.506720801692478
"GCA",0.32596097743145425
"GCC",0.3690613990583164
"GCG",0.8525903072689001
"GCU",0.22642577215470674
"GGA",1.0257222144224059
"GGC",0.17153741665500755
"GGG",0.6838268626612751
"GGU",0.3863528823356502
"GUA",0.40346212121063646
"GUC",0.5137641148627677
"GUG",0.9961839983815046
"GUU",0.2844556376773625
"UAC",0.5343994851595015
"UAU",0.7900672982646145
"UCA",0.3782209962226927
"UCC",0.5416916910824969
"UCG",0.7906859063538301
"UCU",0.31102728170231575
"UGC",0.7049469009262449
"UGG",0.3523686113612516
"UGU",0.979214234237364
"UUA",0.5776932182116704
"UUC",0.34224835895933453
"UUG",0.2640545951577054
"UUU",0.5771378679404926
