"codon","average_decoding_time"
"AAA",0.45866365624693817
"AAC",0.32576909960586475
"AAG",0.22988944367472766
"AAU",0.5593468621875147
"ACA",0.35000751956153653
"ACC",0.38169504888708766
"ACG",0.5795965329903471
"ACU",0.22906975794562576
"AGA",0.14768838354197533
"AGC",1.3963292451384537
"AGG",0.2912292150830031
"AGU",1.7421877335879792
"AUA",0.4428659861508102
"AUC",0.4732831297007468
"AUG",0.5529046056422798
"AUU",0.2778338723742725
"CAA",0.46497456560453815
"CAC",0.5317504849577389
"CAG",0.6450310576425344
"CAU",0.7908809347413016
"CCA",0.3167283765206062
"CCC",2.1888446645560253
"CCG",1.837268715832916
"CCU",1.7922584605434362
"CGA",0.5102100485392986
"CGC",0.6323093045757996
"CGG",2.0260206241170664
"CGU",0.392650683618614
"CUA",1.3703704804989965
"CUC",1.2088419823549068
"CUG",1.4598069691611228
"CUU",1.2877693117780087
"GAA",0.3031198235404009
"GAC",0.2791852338112705
"GAG",0.4644053050220001
"GAU",0.5065746786249896
"GCA",0.32717372162168634
"GCC",0.36944235372453954
"GCG",0.7428303219406546
"GCU",0.22562682899903297
"GGA",1.022996895330757
"GGC",0.17104293656794697
"GGG",1.361900571411244
"GGU",0.3866661483981578
"GUA",0.40475118057697507
"GUC",0.5136630047729357
"GUG",0.9973697128760454
"GUU",0.28537802575054777
"UAC",0.5329498213003796
"UAU",0.7897053572068921
"UCA",0.37740737596988033
"UCC",0.5401252777445454
"UCG",2.921530910598615
"UCU",0.3095463870852017
"UGC",0.707514492533061
"UGG",0.3238924511770477
"UGU",0.9828360047544696
"UUA",0.57907488306433
"UUC",0.34333882124511966
"UUG",0.2647812869384114
"UUU",0.5783417893386804
