"codon","average_decoding_time"
"AAA",0.4592558165631262
"AAC",0.325912649292964
"AAG",0.2299356014025369
"AAU",0.5603581318097532
"ACA",0.3500346181266986
"ACC",0.38148802059156633
"ACG",0.6858070122111567
"ACU",0.22993546067847362
"AGA",0.14818421817720143
"AGC",1.394771159474371
"AGG",0.3072575700940826
"AGU",1.7431668585688977
"AUA",0.44306310919550557
"AUC",0.47139194898917436
"AUG",0.5532584258151936
"AUU",0.277032283569731
"CAA",0.4637749881322604
"CAC",0.5314659493135279
"CAG",0.644722036519074
"CAU",0.7874041259412291
"CCA",0.3180413147618607
"CCC",2.1942306312801545
"CCG",0.44926329273552157
"CCU",1.7911405919134815
"CGA",0.510670130816176
"CGC",0.6327531741986175
"CGG",2.1998158345198497
"CGU",0.3928220900348132
"CUA",1.3741459550498545
"CUC",1.2053697615975285
"CUG",1.4647239535881857
"CUU",1.2898645434408327
"GAA",0.30340000351381846
"GAC",0.2797118328681594
"GAG",0.4667761105210466
"GAU",0.5068024433329119
"GCA",0.3268486311169405
"GCC",0.3691577818799289
"GCG",0.8535746511677256
"GCU",0.22671921158300362
"GGA",1.0220754306281683
"GGC",0.17105084721551048
"GGG",0.6817913966026763
"GGU",0.3860153705382344
"GUA",0.40484557300836455
"GUC",0.5132843351249929
"GUG",0.9952768734864225
"GUU",0.2853984647210049
"UAC",0.5332974454766108
"UAU",0.7888238757320715
"UCA",0.3781662890407264
"UCC",0.5413814336703013
"UCG",0.788936646733175
"UCU",0.31100680859702995
"UGC",0.7071652301211808
"UGG",0.3536233451760711
"UGU",0.9814983861456078
"UUA",0.580798396766024
"UUC",0.34289823884204124
"UUG",0.326145381381699
"UUU",0.5775919410541592
