"codon","average_decoding_time"
"AAA",0.4599992750867303
"AAC",0.3268287652893588
"AAG",0.22954960185130466
"AAU",0.5589670475808742
"ACA",0.34947475786712096
"ACC",0.38234337570228205
"ACG",0.6885814227796947
"ACU",0.22989320743745037
"AGA",0.1483080513631514
"AGC",1.3932541191107726
"AGG",0.3065547802744535
"AGU",1.7447799447932548
"AUA",0.44438283044344384
"AUC",0.4712755678043959
"AUG",0.5224591089259909
"AUU",0.27871969381855816
"CAA",0.4654832577452887
"CAC",0.5329532040592402
"CAG",0.6438166141401035
"CAU",0.7890712751377501
"CCA",0.31755943270250064
"CCC",2.1841757030000264
"CCG",0.44875611394635273
"CCU",1.7942307878285022
"CGA",0.5107491290795579
"CGC",0.6341400341825082
"CGG",2.1971031879654808
"CGU",0.39221112568210365
"CUA",1.367400232385
"CUC",1.2064324034969576
"CUG",1.3998514256065409
"CUU",1.2890585874965967
"GAA",0.30492390286548965
"GAC",0.2797841227316153
"GAG",0.46558325294457464
"GAU",0.5054616452643663
"GCA",0.326282679653908
"GCC",0.37064291150176865
"GCG",0.8534353333809274
"GCU",0.226063899554799
"GGA",1.0207540202813306
"GGC",0.1708850212184627
"GGG",0.6825236959400621
"GGU",0.38573879927155463
"GUA",0.40617021350448046
"GUC",0.513406909202321
"GUG",2.0758304406441535
"GUU",0.2843887788287886
"UAC",0.5319890913529336
"UAU",0.7912275614371858
"UCA",0.37746732685031137
"UCC",0.5408117808651576
"UCG",0.7886074431930178
"UCU",0.31115725390632654
"UGC",0.7044932788093023
"UGG",0.353317523846061
"UGU",0.979543088601995
"UUA",0.5796908675428251
"UUC",0.34165837071651783
"UUG",0.25290812251413247
"UUU",0.5780185991774068
