"codon","average_decoding_time"
"AAA",0.4585513153213199
"AAC",0.3269513890578957
"AAG",0.2293681594487461
"AAU",0.5600678648133891
"ACA",0.35019086128916194
"ACC",0.3826995571871517
"ACG",0.6848066254435321
"ACU",0.22964211602701215
"AGA",0.14809773696034748
"AGC",1.3927451696198467
"AGG",0.30658529197817097
"AGU",1.749067913822463
"AUA",0.44373546551061804
"AUC",0.4707350162432046
"AUG",0.5214707821170581
"AUU",0.27825347144205265
"CAA",0.4641433728234886
"CAC",0.5335422272635758
"CAG",0.6454196185452028
"CAU",0.7890930800025004
"CCA",0.3168655701819896
"CCC",2.19085786125194
"CCG",0.44985186197598465
"CCU",1.7892328248316585
"CGA",0.5100309819789873
"CGC",0.6313161716194344
"CGG",2.1968648094756036
"CGU",0.39384374413266054
"CUA",1.3715193536048822
"CUC",1.2080197254771596
"CUG",1.3979702696295677
"CUU",1.2927916588348078
"GAA",0.30431416299162595
"GAC",0.27933279435939246
"GAG",0.4646418224402786
"GAU",0.5082573896625184
"GCA",0.32597979551490436
"GCC",0.3698176567149057
"GCG",0.8515618244800425
"GCU",0.22639792176553175
"GGA",1.0227759738892332
"GGC",0.1715579829015376
"GGG",0.6867652359481851
"GGU",0.3867658151269159
"GUA",0.4042945099950488
"GUC",0.5130387495319911
"GUG",2.079164911783841
"GUU",0.284939569317533
"UAC",0.5328845502740142
"UAU",0.7891045925903807
"UCA",0.37878363028128365
"UCC",0.5402121851869148
"UCG",0.786056788519074
"UCU",0.3120079754116727
"UGC",0.7048583222386138
"UGG",0.35273220124502025
"UGU",0.9836278091919569
"UUA",0.5784118301536845
"UUC",0.3428932420005513
"UUG",0.25202094919482976
"UUU",0.5793913207637797
