"codon","average_decoding_time"
"AAA",0.45908054470600523
"AAC",0.32699832981144694
"AAG",0.16098770209628607
"AAU",0.5605909643913459
"ACA",0.3492519606512019
"ACC",0.38242315533527227
"ACG",0.6632012842865178
"ACU",0.2294820483345798
"AGA",0.14848282311064198
"AGC",1.393531815017608
"AGG",0.3070014469514888
"AGU",1.7446439881430746
"AUA",0.4437640599707737
"AUC",0.4701333601144424
"AUG",0.5502700793495519
"AUU",0.277652006898975
"CAA",0.4635995087186703
"CAC",0.5324238988187725
"CAG",3.467288345558715
"CAU",0.7893896320021335
"CCA",0.3174811750360542
"CCC",2.1901008667866444
"CCG",0.5063823722945875
"CCU",1.7920494773502524
"CGA",0.5099533565732242
"CGC",0.6330147662292704
"CGG",2.1969978874330747
"CGU",0.3937114939343666
"CUA",1.3729928171012413
"CUC",1.205227506416086
"CUG",1.461242568214046
"CUU",1.2869846633098154
"GAA",0.27184834618541054
"GAC",0.27868337593828524
"GAG",1.9392446531590388
"GAU",0.5074187905675761
"GCA",0.32227792162622587
"GCC",0.3493745823312155
"GCG",0.7109978171620221
"GCU",0.20742061820501342
"GGA",0.8290482865668913
"GGC",0.1487442420731733
"GGG",0.6345167312284764
"GGU",0.36108569515134187
"GUA",0.32448695449579185
"GUC",0.4323920577785555
"GUG",0.8582217190146431
"GUU",0.21217357746565554
"UAC",0.5335144758968168
"UAU",0.7876215404444453
"UCA",0.3777834104037106
"UCC",0.542431504924854
"UCG",0.788276837446563
"UCU",0.3114076911558766
"UGC",0.7067260073551868
"UGG",0.354310126181652
"UGU",0.9810751826020153
"UUA",0.5779270509758241
"UUC",0.3424154557954468
"UUG",0.2645535392476125
"UUU",0.5790144978287075
