"codon","average_decoding_time"
"AAA",0.4599198835599836
"AAC",0.3266838872426239
"AAG",0.16150731302869561
"AAU",0.5610251714206275
"ACA",0.3503319446782624
"ACC",0.38252422357008165
"ACG",0.6870483335003579
"ACU",0.2290895311614789
"AGA",0.14807205526617898
"AGC",1.3913578150880388
"AGG",0.3064840177686402
"AGU",1.7455287868594977
"AUA",0.4453481896942516
"AUC",0.4723279443105063
"AUG",0.5518838720178805
"AUU",0.2774853070185112
"CAA",0.4652624098966484
"CAC",0.5321904949895134
"CAG",3.4529396756120536
"CAU",0.7898453548226998
"CCA",0.31641598908291185
"CCC",2.1927272739490626
"CCG",0.4496326385334396
"CCU",1.7937522317663868
"CGA",0.5099359093600881
"CGC",0.6322704363077665
"CGG",2.1971109194223883
"CGU",0.3932059331482682
"CUA",1.3691162959165184
"CUC",1.2069715808520038
"CUG",1.4646010217305494
"CUU",1.288177988398682
"GAA",0.3046512699586305
"GAC",0.2789729607985682
"GAG",2.163450079021414
"GAU",0.5069638989793382
"GCA",0.3252354412246796
"GCC",0.3698877561769621
"GCG",0.85395672472739
"GCU",0.22562355437672849
"GGA",1.0214500033652358
"GGC",0.17148144342364907
"GGG",0.6845773637634932
"GGU",0.3864475303663763
"GUA",0.40531275885720824
"GUC",0.5134587993101847
"GUG",0.9950336852968708
"GUU",0.2848069821692196
"UAC",0.5347962799736501
"UAU",0.7873415955803446
"UCA",0.37727719384013086
"UCC",0.5400196137510445
"UCG",0.7866587124351769
"UCU",0.30966840027415815
"UGC",0.7041094820835399
"UGG",0.3545621227612537
"UGU",0.9786489792907321
"UUA",0.577427177905572
"UUC",0.3421651732637129
"UUG",0.2634316982557948
"UUU",0.5797324885608646
