"codon","average_decoding_time"
"AAA",0.4588458044732789
"AAC",0.3268497517707428
"AAG",0.2290973277976081
"AAU",0.55970662616992
"ACA",0.34999977275901734
"ACC",0.3829004883790212
"ACG",0.6860227121354523
"ACU",0.22968973491049402
"AGA",0.14792266187011957
"AGC",1.3952723607190682
"AGG",1.8022192865249849
"AGU",1.7468324500011487
"AUA",0.44325502201432654
"AUC",0.47145020490342915
"AUG",0.5520636197415555
"AUU",0.2794063898386852
"CAA",0.46501536478982997
"CAC",0.5317346738327656
"CAG",0.645273017286726
"CAU",0.7883762436541745
"CCA",0.31698360442422635
"CCC",2.1956988744894743
"CCG",0.4489965387257859
"CCU",1.7977835284828891
"CGA",0.5103311274846313
"CGC",0.6330294327294571
"CGG",2.1950887987665384
"CGU",0.3925126621498269
"CUA",1.3695522214848754
"CUC",1.2083319120158857
"CUG",1.462730723472582
"CUU",1.2856076504961342
"GAA",0.304324161207191
"GAC",0.2793877496061428
"GAG",0.46467213377156236
"GAU",0.5062854573659381
"GCA",0.3270559760397782
"GCC",0.3693581929862633
"GCG",0.8529162102165689
"GCU",0.2259816365157496
"GGA",1.0223837278013175
"GGC",0.17081109218421203
"GGG",0.6834644418657129
"GGU",0.3870393416163047
"GUA",0.40529226666975776
"GUC",0.5127669512328774
"GUG",0.9986118167868885
"GUU",0.28527725651036756
"UAC",0.532676456837484
"UAU",0.7884829324543666
"UCA",0.3784052194150086
"UCC",0.5413301726787604
"UCG",0.7873331037372223
"UCU",0.3098149304936559
"UGC",0.7061273903832151
"UGG",0.3550285919375819
"UGU",0.9837378281155271
"UUA",0.580251680473164
"UUC",0.3432660708237504
"UUG",0.2636664839987174
"UUU",0.5787156802468073
