"codon","average_decoding_time"
"AAA",0.4606440313210221
"AAC",0.3276797682015895
"AAG",0.22980879258736717
"AAU",0.5605720283495903
"ACA",0.35044124475122257
"ACC",0.38240439671111737
"ACG",0.6651906279545589
"ACU",0.2293350849681267
"AGA",0.1478691209026473
"AGC",1.3950391398781832
"AGG",0.3074518921235928
"AGU",1.741423289366164
"AUA",0.4444306646090777
"AUC",0.4721683336715113
"AUG",0.550602270751399
"AUU",0.278348895613532
"CAA",0.46559285323192345
"CAC",0.5337731923622863
"CAG",0.6451560926354426
"CAU",0.7917044783321016
"CCA",0.31810485695236324
"CCC",2.1912077672473336
"CCG",0.5067352231033236
"CCU",1.7845783040898764
"CGA",0.509402750508372
"CGC",0.6340395422418633
"CGG",2.200526453483099
"CGU",0.39310463553076275
"CUA",1.3693565819135671
"CUC",1.2070579605397889
"CUG",1.4626935710827917
"CUU",1.2890990596765626
"GAA",0.2720344480368236
"GAC",0.2785350378724579
"GAG",0.43402035135406547
"GAU",0.5067684026450454
"GCA",0.3229976024926216
"GCC",0.350139110010471
"GCG",0.7112339614594827
"GCU",0.2075780641054412
"GGA",0.827695034967726
"GGC",0.14874388237366357
"GGG",0.6333293210704315
"GGU",0.36103205896461593
"GUA",0.3240319070665807
"GUC",0.43289062373559084
"GUG",0.8605660634626058
"GUU",0.21264166724245506
"UAC",0.5319971327874677
"UAU",0.7898434426989371
"UCA",0.3767324235274783
"UCC",0.5412635433518366
"UCG",0.7881318433722639
"UCU",0.31140032158313186
"UGC",0.7040618997857249
"UGG",0.3537929213404632
"UGU",0.9800389683645361
"UUA",0.579090597393322
"UUC",0.34164674085823427
"UUG",0.2639824478384326
"UUU",0.5778807633214298
