"codon","average_decoding_time"
"AAA",0.4579412655502428
"AAC",0.326478671985174
"AAG",0.23045835521392238
"AAU",0.5581614749010523
"ACA",0.34962547001972577
"ACC",0.3821751625572597
"ACG",0.6662381050228154
"ACU",0.22984526672923059
"AGA",0.1480713353880268
"AGC",1.391647500120019
"AGG",0.30608321553204776
"AGU",1.74659754913256
"AUA",0.4439811488020178
"AUC",0.4716270295538526
"AUG",0.5514879136803396
"AUU",0.2778608358628433
"CAA",0.4651412697204357
"CAC",0.5328545513165027
"CAG",0.6462644316339448
"CAU",0.7896525615491146
"CCA",0.31620330347211806
"CCC",2.1900596768266953
"CCG",0.5072421483760648
"CCU",1.7981824392757921
"CGA",0.5102426539686135
"CGC",0.634300259125379
"CGG",2.194317838631878
"CGU",0.3918778378003406
"CUA",1.3726995791644185
"CUC",1.2078204653141538
"CUG",1.4685888066745152
"CUU",1.2894329642775377
"GAA",0.2716664310470095
"GAC",0.27955553902983116
"GAG",0.435411908950295
"GAU",0.5067113616545228
"GCA",0.32307406167884267
"GCC",0.3491609230653184
"GCG",0.7112611041037701
"GCU",0.20771176430442007
"GGA",0.8298651461836499
"GGC",0.14951619609361688
"GGG",0.6334345544276815
"GGU",0.3618551881837514
"GUA",0.323728968559764
"GUC",0.4335148076005008
"GUG",0.8575668256081627
"GUU",0.21262942894176906
"UAC",0.5326483732534139
"UAU",0.7906023696225013
"UCA",0.37590349080280494
"UCC",0.5419128030536465
"UCG",0.7879122045897716
"UCU",0.31126260757189333
"UGC",0.705430345788555
"UGG",0.3535430060564926
"UGU",0.9824879307030956
"UUA",0.5779320980700474
"UUC",0.34364883728072804
"UUG",0.264149313898127
"UUU",0.5776277955823738
