"codon","average_decoding_time"
"AAA",0.4598490697072682
"AAC",0.32717911461562377
"AAG",0.22979144028997547
"AAU",0.5582189740399814
"ACA",0.3490363609970608
"ACC",0.38253229708455977
"ACG",0.6876069940339522
"ACU",0.22984705585113713
"AGA",0.14824698421380866
"AGC",1.394630190438478
"AGG",1.8055616616093162
"AGU",1.7476715479384495
"AUA",0.4431232869493354
"AUC",0.4710387226113284
"AUG",0.5513776298887966
"AUU",0.2779216183972991
"CAA",0.4661924805767036
"CAC",0.5330656443569469
"CAG",0.6448547899916137
"CAU",0.7898597894389812
"CCA",0.3165426760356472
"CCC",2.1890473852233043
"CCG",0.44921098564937884
"CCU",1.7920115503377307
"CGA",0.5091433619758199
"CGC",0.6343266288922415
"CGG",2.199912286840591
"CGU",0.39333473198986646
"CUA",1.3726228169957866
"CUC",1.2060997747230504
"CUG",1.4623330932341014
"CUU",1.2918785548028144
"GAA",0.3028431660433541
"GAC",0.27900442436342865
"GAG",0.46522982503883115
"GAU",0.507623928501588
"GCA",0.32605086622801216
"GCC",0.36899243444519597
"GCG",0.8525837010515951
"GCU",0.2261225210861609
"GGA",1.0254126817198939
"GGC",0.1719520513652642
"GGG",0.6835454558818866
"GGU",0.38644918822807195
"GUA",0.4044464677116971
"GUC",0.5131484428724997
"GUG",0.9984338892073578
"GUU",0.2850509728732587
"UAC",0.5329512870531025
"UAU",0.7903374018376591
"UCA",0.376954605394402
"UCC",0.541398956602887
"UCG",0.7899617685137929
"UCU",0.31151860389031477
"UGC",0.7065431282116994
"UGG",0.35413471559137266
"UGU",0.9808348136631116
"UUA",0.5791400043004641
"UUC",0.34260582960365105
"UUG",0.26438470093987604
"UUU",0.578067571822064
