"codon","average_decoding_time"
"AAA",0.45952520230402083
"AAC",0.3280388934480332
"AAG",0.23022021218594654
"AAU",0.5605051042074174
"ACA",0.3502326901688348
"ACC",0.38216253984439
"ACG",0.5808902978004072
"ACU",0.2295447962438534
"AGA",0.1480612211202444
"AGC",1.392621213513335
"AGG",0.29177783635213933
"AGU",1.742794520521308
"AUA",0.44386694035240226
"AUC",0.4724595881690908
"AUG",0.549896252139508
"AUU",0.2772634669199611
"CAA",0.46390785598578094
"CAC",0.5347480647040749
"CAG",0.6462131538207415
"CAU",0.7910380612487519
"CCA",0.31755332022462884
"CCC",2.1942751034710772
"CCG",1.835425560882378
"CCU",1.7906887246276229
"CGA",0.5102832042849663
"CGC",0.6330271972164656
"CGG",2.0256808346432233
"CGU",0.3924830881764899
"CUA",1.3739845576925578
"CUC",1.2048163321076069
"CUG",1.4609802544358144
"CUU",1.2917721401916558
"GAA",0.3029745264066141
"GAC",0.28010136241982864
"GAG",0.46517342211479795
"GAU",0.5066361673787677
"GCA",0.3273478902684024
"GCC",0.36978506084514245
"GCG",0.7454596192810244
"GCU",0.22624812101465552
"GGA",1.0234890487471506
"GGC",0.1713317219065358
"GGG",1.3633909613604156
"GGU",0.38748076835560136
"GUA",0.40480053773907726
"GUC",0.5135966567223029
"GUG",0.9939884047873576
"GUU",0.2861493835664921
"UAC",0.5333965922808399
"UAU",0.7905642888566282
"UCA",0.37702491268693433
"UCC",0.5398282791866792
"UCG",2.917023342576473
"UCU",0.3105647348486802
"UGC",0.7039472192342879
"UGG",0.32390488318935795
"UGU",0.9810255727497669
"UUA",0.5772717566779971
"UUC",0.3423931482714606
"UUG",0.2637919207797871
"UUU",0.5795623181568509
