"codon","average_decoding_time"
"AAA",0.458560920094269
"AAC",0.32781880117532397
"AAG",0.22973737925272839
"AAU",0.5595782216793445
"ACA",0.3502094287475641
"ACC",0.38185687972787324
"ACG",0.6876183792915775
"ACU",0.2296283457404849
"AGA",0.14848474273243398
"AGC",1.3936378462816896
"AGG",0.30649450628241165
"AGU",1.7467767218879717
"AUA",0.4437952317482718
"AUC",0.471981196854759
"AUG",0.5502582986458271
"AUU",0.2788833992258125
"CAA",0.4641347612631575
"CAC",0.5331739861354204
"CAG",0.6444660846227673
"CAU",0.7896135473104455
"CCA",0.31671448717620715
"CCC",2.195692075940169
"CCG",0.4500895120491784
"CCU",1.7920622372035895
"CGA",0.5108487604629068
"CGC",0.6328234791416671
"CGG",2.1918146496675255
"CGU",0.3922180959512895
"CUA",1.372018403504257
"CUC",1.2074731084538473
"CUG",1.4658272806249326
"CUU",1.2901039376468866
"GAA",0.30455664463215465
"GAC",0.27914401264904737
"GAG",0.4655826158545084
"GAU",0.5079940012572146
"GCA",0.32643813834974084
"GCC",0.36862875835789005
"GCG",0.852716894472809
"GCU",0.226278090768361
"GGA",1.0210220246952593
"GGC",0.1710977366289716
"GGG",0.6824912247228486
"GGU",0.3867341806572037
"GUA",0.4051938439308923
"GUC",0.5125545816405367
"GUG",0.9934194770658443
"GUU",0.28511226265765666
"UAC",0.5337393744411658
"UAU",0.7875001663489801
"UCA",0.3775458307478262
"UCC",0.5413990463523793
"UCG",0.7878313920751585
"UCU",0.3102404641562772
"UGC",0.7030392314573978
"UGG",0.3528095641482462
"UGU",0.9811366234985871
"UUA",0.5781544404779159
"UUC",0.34310850402479803
"UUG",0.2634120390225949
"UUU",0.5781543232335509
