"codon","average_decoding_time"
"AAA",0.458199724316538
"AAC",0.3273536691244745
"AAG",0.22978528647597787
"AAU",0.560675261672517
"ACA",0.35018411458582926
"ACC",0.3829588129870188
"ACG",0.686717209801614
"ACU",0.22946202851070616
"AGA",0.14796392739744713
"AGC",1.395319091592095
"AGG",0.30724456809579426
"AGU",1.7401950514501472
"AUA",0.44295450662930475
"AUC",0.4714373280199418
"AUG",0.5509024274388101
"AUU",0.277650965503805
"CAA",0.4645598942259958
"CAC",0.5337146308891434
"CAG",0.642573359905613
"CAU",0.7878799815157295
"CCA",0.31793163725806806
"CCC",2.191548262099688
"CCG",0.44969648760764547
"CCU",1.790434105686743
"CGA",0.5090141420165297
"CGC",0.63331461724286
"CGG",2.1995172311005704
"CGU",0.3941233235923649
"CUA",1.3715252872331272
"CUC",1.209920093685711
"CUG",1.4645873070802664
"CUU",1.2889747312997935
"GAA",0.3041342913199122
"GAC",0.27905384652236703
"GAG",0.4667896540460661
"GAU",0.5075415593550588
"GCA",0.32643867732454096
"GCC",0.36964779494902567
"GCG",0.8536837618431082
"GCU",0.22657311747806733
"GGA",1.0218667542864515
"GGC",0.17160295590905694
"GGG",0.6838297096860193
"GGU",0.38602929353986176
"GUA",0.40499478606664685
"GUC",0.5130109127200371
"GUG",0.9951051708724922
"GUU",0.2854339329520279
"UAC",0.5321934673673192
"UAU",0.7891664874897972
"UCA",0.3773469262853714
"UCC",0.5426233867829884
"UCG",0.7894156905794292
"UCU",0.3098193207226037
"UGC",0.7062305826972257
"UGG",0.35375170088869606
"UGU",0.9800722443874068
"UUA",0.5765968386789446
"UUC",0.34326568838597427
"UUG",0.26344550659024085
"UUU",0.5777875013674866
