"codon","average_decoding_time"
"AAA",0.45933899229414044
"AAC",0.3261618588896081
"AAG",0.23006078024073784
"AAU",0.5602088150866664
"ACA",0.3500652826373485
"ACC",0.38266183787540103
"ACG",0.6631730116242244
"ACU",0.22915125974292422
"AGA",0.1486311138270382
"AGC",1.3981951633390644
"AGG",0.30700342620586574
"AGU",1.7439917259207471
"AUA",0.4445063574696652
"AUC",0.4718489874195133
"AUG",0.5524950207377776
"AUU",0.27776782605517814
"CAA",0.46641976402687896
"CAC",0.5322162559071181
"CAG",0.6443020462490295
"CAU",0.7910931789010228
"CCA",0.3173625631299027
"CCC",2.193791950038056
"CCG",0.5064896519099416
"CCU",1.793264022444754
"CGA",0.5100746760103277
"CGC",0.6326465891453652
"CGG",2.197444663906116
"CGU",0.39217905167248013
"CUA",1.3699662225752764
"CUC",1.2070126337815292
"CUG",1.4613160203130606
"CUU",1.2930250603463878
"GAA",0.2718663380751358
"GAC",0.2795456369245843
"GAG",0.43451017922271984
"GAU",0.5068222805586596
"GCA",0.3218561046782555
"GCC",0.34977010824079663
"GCG",0.7081805923412339
"GCU",0.20807539254965007
"GGA",0.8251614501740098
"GGC",0.14879542681485852
"GGG",0.6330467631507202
"GGU",0.36159133717258596
"GUA",0.32446971382335466
"GUC",0.4334536294464738
"GUG",0.8592410729166851
"GUU",0.21297121554321538
"UAC",0.5329859766266205
"UAU",0.7882359661667261
"UCA",0.378365225022448
"UCC",0.5413849628393776
"UCG",0.7878288237424209
"UCU",0.3099632140849055
"UGC",0.7071449254312943
"UGG",0.3536126613975383
"UGU",0.9817038337452673
"UUA",0.5776853169039264
"UUC",0.3424254066392144
"UUG",0.2635371062514064
"UUU",0.5781602247249511
