"codon","average_decoding_time"
"AAA",0.4582401989253922
"AAC",0.32760066671843907
"AAG",0.22944244707319608
"AAU",0.5598447722781504
"ACA",0.34973706140678207
"ACC",0.3826821508437421
"ACG",0.6879381433498055
"ACU",0.2301765944703106
"AGA",0.148168947936811
"AGC",1.3909367150843084
"AGG",0.3073201836932084
"AGU",1.74936686789229
"AUA",0.4442888350864751
"AUC",0.4726122653282476
"AUG",0.5523703332601271
"AUU",0.2791164669317608
"CAA",0.46376368288241054
"CAC",0.5324156149515417
"CAG",0.6449483883081173
"CAU",0.788370896339212
"CCA",0.3174537536067153
"CCC",2.1900321973255434
"CCG",0.4500606966632202
"CCU",1.7915010944324876
"CGA",0.5100088135727379
"CGC",0.6320927519888674
"CGG",2.194855598391608
"CGU",0.3933140499498685
"CUA",1.3716229192580522
"CUC",1.2038785380766526
"CUG",1.4691537592623816
"CUU",1.2886848203314945
"GAA",0.3033346594312842
"GAC",0.279776600510197
"GAG",0.4651707597035676
"GAU",0.5071020033337088
"GCA",0.3267766215150262
"GCC",0.3691723699431044
"GCG",0.8535697136295456
"GCU",0.22539733839691248
"GGA",1.0220544733352883
"GGC",0.1714416602610846
"GGG",0.6841301304419922
"GGU",0.38668238218838674
"GUA",0.40476634110265863
"GUC",0.514051574239292
"GUG",0.995361850949929
"GUU",0.28498644636462006
"UAC",0.532034509165268
"UAU",0.7901906725006921
"UCA",0.3782997822726605
"UCC",0.54222191110127
"UCG",0.7894280603479669
"UCU",0.3106211662019772
"UGC",0.703846177889392
"UGG",0.354284913669454
"UGU",0.9819144181142462
"UUA",0.5790820590817005
"UUC",0.342979302688415
"UUG",0.32677605897483497
"UUU",0.5774145088046014
