"codon","average_decoding_time"
"AAA",0.45871177433249766
"AAC",0.325795437502621
"AAG",0.23001057344338566
"AAU",0.5593798517520524
"ACA",0.35067962145953113
"ACC",0.38147704925444764
"ACG",0.6872206810185574
"ACU",0.22334849185185449
"AGA",0.1482683958345821
"AGC",1.3916233495734582
"AGG",0.3068946910872279
"AGU",1.743202661997598
"AUA",0.4441877901415222
"AUC",0.47227658975748144
"AUG",0.5486708016744982
"AUU",0.26476282104656135
"CAA",0.46355774731736477
"CAC",0.5310334780646806
"CAG",0.6449523500317489
"CAU",0.7900920528049348
"CCA",0.31656996070802484
"CCC",2.186915416547376
"CCG",0.44798651548281576
"CCU",1.6246642669481914
"CGA",0.5091564449964722
"CGC",0.6350439733148285
"CGG",2.199913180340584
"CGU",0.39298552844962786
"CUA",1.3696238076583536
"CUC",1.2042463315006018
"CUG",1.463524722581202
"CUU",4.457002637974655
"GAA",0.3041251383521511
"GAC",0.28029975966782966
"GAG",0.46535367585528553
"GAU",0.5067136441490562
"GCA",0.3261621938844022
"GCC",0.36894537119299686
"GCG",0.8540601676295345
"GCU",0.25696896310973677
"GGA",1.0245643644382965
"GGC",0.171348902964436
"GGG",0.6839461216842048
"GGU",0.3868461814907306
"GUA",0.4047759724944117
"GUC",0.5124121143659277
"GUG",0.9936511189375917
"GUU",0.2718327797486526
"UAC",0.37076014090487297
"UAU",0.6072134892733999
"UCA",0.3735614033648054
"UCC",0.5351505841485261
"UCG",0.6444132721056279
"UCU",0.24514463460021338
"UGC",0.5139561152802412
"UGG",0.3348242150229705
"UGU",0.767684968311812
"UUA",0.5202983869033168
"UUC",0.2986923006621515
"UUG",0.24323455058731341
"UUU",0.5318560646338552
