"codon","average_decoding_time"
"AAA",0.4613154665037922
"AAC",0.3280075871674975
"AAG",0.23053786953894306
"AAU",0.559938757088035
"ACA",0.3496122363853817
"ACC",0.3819842393487146
"ACG",0.6873876885246437
"ACU",0.23008365285122578
"AGA",0.14794387114731564
"AGC",1.3979040758941816
"AGG",1.802344516305784
"AGU",1.7441558618204656
"AUA",0.4434210323826438
"AUC",0.47169996124848595
"AUG",0.5496943193988878
"AUU",0.2784193329663187
"CAA",0.46652000649078895
"CAC",0.5334057964374751
"CAG",0.6451751962323682
"CAU",0.7884023265224992
"CCA",0.3173547209265432
"CCC",2.185610992436316
"CCG",0.45063162201796775
"CCU",1.7915576181595816
"CGA",0.5103744054152788
"CGC",0.6325620975821622
"CGG",2.2077380007793406
"CGU",0.3908765676470543
"CUA",1.3707060581254702
"CUC",1.207988608955485
"CUG",1.4651829775482859
"CUU",1.288664732538586
"GAA",0.3033662702193877
"GAC",0.27904940661999356
"GAG",0.46600640131965465
"GAU",0.5068078110373154
"GCA",0.3264981547867322
"GCC",0.36928148850218057
"GCG",0.8536881800718935
"GCU",0.2252287757167129
"GGA",1.024099184095468
"GGC",0.17137546960405806
"GGG",0.6833540188268123
"GGU",0.3862796945194428
"GUA",0.40465436192130305
"GUC",0.5133362167033514
"GUG",0.9934355942664636
"GUU",0.2850615472204348
"UAC",0.5329503688934782
"UAU",0.7899527435280942
"UCA",0.37777828593366525
"UCC",0.541260524464497
"UCG",0.7889082998176676
"UCU",0.3105523646768968
"UGC",0.7055342031439255
"UGG",0.35403758121246004
"UGU",0.9789612759958666
"UUA",0.5801393317750037
"UUC",0.34320935622335524
"UUG",0.3261325495060612
"UUU",0.5780345333220575
