"codon","average_decoding_time"
"AAA",0.45859198942974144
"AAC",0.32643412181358855
"AAG",0.22948710402527042
"AAU",0.56073142526692
"ACA",0.3502489305242022
"ACC",0.3813433910193425
"ACG",0.6869676325855093
"ACU",0.22975429599730351
"AGA",0.14856652425176947
"AGC",1.3919218649216867
"AGG",0.30647496984169703
"AGU",1.74428308766731
"AUA",0.44243462117896026
"AUC",0.47033671298020724
"AUG",0.5503699838754533
"AUU",0.27839270583053716
"CAA",0.4639415404687777
"CAC",0.5336493555025112
"CAG",0.6460768195519477
"CAU",0.7901489044752968
"CCA",0.3161057279821529
"CCC",2.184002147887003
"CCG",0.448340998327071
"CCU",1.7931120039338901
"CGA",0.5100026078018294
"CGC",0.631465150493358
"CGG",2.1942282835709017
"CGU",0.39163136957606376
"CUA",1.3713018054001407
"CUC",1.2069763060709133
"CUG",1.4674993391126003
"CUU",1.291013998882993
"GAA",0.3048478756435917
"GAC",0.2791037422340117
"GAG",0.46585333299410714
"GAU",0.5068530035453512
"GCA",0.32574939014754334
"GCC",0.3694825384015059
"GCG",0.8534783573224831
"GCU",0.22659736797479055
"GGA",1.0231782804213836
"GGC",0.17078867672842662
"GGG",0.6831691119356509
"GGU",0.38732772477353367
"GUA",0.40478134810447364
"GUC",0.514087087773507
"GUG",0.9933725390274056
"GUU",0.284826458755697
"UAC",0.5324759532609736
"UAU",0.7885663939250795
"UCA",0.378519605904314
"UCC",0.5409061892424059
"UCG",0.7874681541026077
"UCU",0.31084349129526695
"UGC",0.703655998855986
"UGG",0.35328524917677095
"UGU",0.9808005271997755
"UUA",0.5777945432947903
"UUC",0.3434172642946811
"UUG",0.26448431663369465
"UUU",0.5780125335220264
