"codon","average_decoding_time"
"AAA",0.4608627263315184
"AAC",0.32666548287368513
"AAG",0.22971025350415764
"AAU",0.5596265274644202
"ACA",0.34878938642959956
"ACC",0.3818377317304633
"ACG",0.687120884962124
"ACU",0.22965679422857008
"AGA",0.14851241933648152
"AGC",1.3922585252403272
"AGG",0.3066823077296988
"AGU",1.7463681455137723
"AUA",0.4445470957043476
"AUC",0.4711598494458131
"AUG",0.5501139097689902
"AUU",0.2780367652655314
"CAA",0.46444770869248003
"CAC",0.53328725007807
"CAG",0.6442011482818156
"CAU",0.788181537482675
"CCA",0.3184951376869112
"CCC",2.1817864635682813
"CCG",0.4486876733558035
"CCU",1.7891970765950604
"CGA",0.5097528122531834
"CGC",0.6332363427125263
"CGG",2.198202101612902
"CGU",0.3933788711652964
"CUA",1.368340981155775
"CUC",1.2061602435430654
"CUG",1.4678645289190957
"CUU",1.2935357025447436
"GAA",0.3039174644607153
"GAC",0.27898394577627
"GAG",0.4660139763708724
"GAU",0.5074747239919009
"GCA",0.32625726140702693
"GCC",0.36865289080549196
"GCG",0.8539498718456453
"GCU",0.22699111059242355
"GGA",1.0258342182623958
"GGC",0.17048017691452627
"GGG",0.6820006570491469
"GGU",0.3864465513675098
"GUA",0.40385593537370595
"GUC",0.5141295928338115
"GUG",0.9928713773037736
"GUU",0.2854884960784153
"UAC",0.5329269934359878
"UAU",0.7906190953656868
"UCA",0.3774134561294888
"UCC",0.5420573736582023
"UCG",0.7888614962742351
"UCU",0.31035690928211657
"UGC",0.7044277500578114
"UGG",0.35378104535540816
"UGU",0.9791334019946464
"UUA",0.5793463827487036
"UUC",0.34270523695286753
"UUG",0.2638457989811332
"UUU",0.5790797471442105
