"codon","average_decoding_time"
"AAA",0.4594697744426265
"AAC",0.32581199321610704
"AAG",0.23007089886113605
"AAU",0.5590781681567213
"ACA",0.349304490700351
"ACC",0.38308071582785824
"ACG",0.6858956350851192
"ACU",0.22883568457192974
"AGA",0.14817556439800011
"AGC",1.398581378674627
"AGG",0.3071622514704854
"AGU",1.7539701443695639
"AUA",0.44381007928014365
"AUC",0.47301654569420587
"AUG",0.5510941187031804
"AUU",0.27797747767567954
"CAA",0.4650413786473917
"CAC",0.5329723727753066
"CAG",0.6442988064489729
"CAU",0.7883583672372785
"CCA",0.3173862520754865
"CCC",2.1910614329499642
"CCG",0.449636239068734
"CCU",1.7882577696643618
"CGA",0.5094056256156544
"CGC",0.633275195012019
"CGG",2.200966443872401
"CGU",0.3940652251240548
"CUA",1.370271996604904
"CUC",1.2058902269522749
"CUG",1.4645738687641587
"CUU",1.2864498357983782
"GAA",0.30403433258192253
"GAC",0.27913154509722127
"GAG",0.46606595631349523
"GAU",0.5073687281455177
"GCA",0.3270037724484041
"GCC",0.36950205734482067
"GCG",0.8551237132737933
"GCU",0.2258795934778641
"GGA",1.0300402297942657
"GGC",0.17104533564412322
"GGG",0.6829885049981493
"GGU",0.38785924033327007
"GUA",0.4047600181634771
"GUC",0.5142146754674853
"GUG",0.9971291378513012
"GUU",0.28467828126023587
"UAC",0.533829041723842
"UAU",0.7890138079157974
"UCA",0.3781182235484433
"UCC",0.5417596344334813
"UCG",0.7864203608352885
"UCU",0.3108591043377463
"UGC",0.7065289107791998
"UGG",0.3530906307211374
"UGU",0.9804661028330509
"UUA",0.5783863816300724
"UUC",0.3421000242988069
"UUG",0.2637114608408563
"UUU",0.5767873467472845
