"codon","average_decoding_time"
"AAA",0.4578413223215867
"AAC",0.3263753259953795
"AAG",0.16118223500902656
"AAU",0.5593876100235649
"ACA",0.3497619907669929
"ACC",0.3817368310886232
"ACG",0.6872550227316971
"ACU",0.22809599388719987
"AGA",0.14756728647142675
"AGC",1.3982556536009136
"AGG",0.3075650093181562
"AGU",1.7430267061279994
"AUA",0.44368595424865254
"AUC",0.4730693585211831
"AUG",0.5215014105005672
"AUU",0.2782013193335486
"CAA",0.4623872882918912
"CAC",0.5334380246361893
"CAG",3.460365545829503
"CAU",0.7892994817980638
"CCA",0.31782169030598206
"CCC",2.1866094103579243
"CCG",0.4499825952801894
"CCU",1.7935384853643723
"CGA",0.5094567037464753
"CGC",0.6327695132534314
"CGG",2.193387835331034
"CGU",0.3920314433801964
"CUA",1.3744068911709468
"CUC",1.2054188908081211
"CUG",1.4006155784432195
"CUU",1.2939862694693753
"GAA",0.30321194424615205
"GAC",0.27867819048463327
"GAG",2.163851398356384
"GAU",0.5079348561483789
"GCA",0.32655050219346077
"GCC",0.3705186140501832
"GCG",0.8518156199529253
"GCU",0.22636713089659796
"GGA",1.021977916483673
"GGC",0.17111120149256073
"GGG",0.6833973550968229
"GGU",0.38584157316835566
"GUA",0.40531970768780595
"GUC",0.5128188641468713
"GUG",2.081284421261175
"GUU",0.2857567296725437
"UAC",0.5327421652811024
"UAU",0.7909629750529522
"UCA",0.3774646729458314
"UCC",0.5422132956370243
"UCG",0.7896633032597654
"UCU",0.3107793190901643
"UGC",0.7037392030556242
"UGG",0.3558075154867809
"UGU",0.9805957812817812
"UUA",0.5794235232090242
"UUC",0.34227064678447483
"UUG",0.25288439514637806
"UUU",0.5772130379390781
