"codon","average_decoding_time"
"AAA",0.46064353591918555
"AAC",0.3258494937751354
"AAG",0.22956422454938005
"AAU",0.560574658843059
"ACA",0.3504316935885717
"ACC",0.38259506105379537
"ACG",0.6863267824790361
"ACU",0.22964016225122605
"AGA",0.1477801103202982
"AGC",1.3944690864430584
"AGG",0.30675582562216436
"AGU",1.7404470446389273
"AUA",0.44504335177472776
"AUC",0.4713740420862849
"AUG",0.5511188021702426
"AUU",0.2792820585084642
"CAA",0.4659075804602835
"CAC",0.5336523677639758
"CAG",0.6450869736398622
"CAU",0.7905602737123893
"CCA",0.3173908361370428
"CCC",2.183746198006896
"CCG",0.449714020922085
"CCU",1.7943172741438367
"CGA",0.5091419750522822
"CGC",0.6332573904508849
"CGG",2.195549472113861
"CGU",0.3913814212821846
"CUA",1.3721997452942074
"CUC",1.2038665543625109
"CUG",1.4676460688059865
"CUU",1.2913948434362295
"GAA",0.30304423724142887
"GAC",0.2797485918686904
"GAG",0.4666853001007822
"GAU",0.507912887277104
"GCA",0.32703440447113435
"GCC",0.3704711312808267
"GCG",0.8539308768845861
"GCU",0.22604414137807127
"GGA",1.0222045946263254
"GGC",0.17111498521142499
"GGG",0.6833347390243333
"GGU",0.38671712575224537
"GUA",0.4045189591235817
"GUC",0.5134911215578812
"GUG",0.9985912712296667
"GUU",0.28474537808672884
"UAC",0.5313279953592496
"UAU",0.788545484486985
"UCA",0.37817102746663167
"UCC",0.5434757921051966
"UCG",0.7890246746479865
"UCU",0.3106817679215314
"UGC",0.7056481118614151
"UGG",0.3529609793544756
"UGU",0.9813529498297728
"UUA",0.578057086435867
"UUC",0.3429759003667026
"UUG",0.2637788987849942
"UUU",0.5787877429102469
