"codon","average_decoding_time"
"AAA",0.45932929059959726
"AAC",0.32651703370805857
"AAG",0.22960966897223417
"AAU",0.5600577142582897
"ACA",0.3504822231313512
"ACC",0.3819320708847702
"ACG",0.6871608457303722
"ACU",0.2303806274583714
"AGA",0.14828513861653114
"AGC",1.3936551873373393
"AGG",0.30679627445406904
"AGU",1.7439162167975273
"AUA",0.4437144558195984
"AUC",0.4713382257215767
"AUG",0.5492188430693852
"AUU",0.27848717747449064
"CAA",0.46384686028764904
"CAC",0.5337888072599022
"CAG",0.6461679839056953
"CAU",0.7898346726002916
"CCA",0.3172274734032689
"CCC",2.1834635820803023
"CCG",0.4488341418071343
"CCU",1.792666184914643
"CGA",0.5104366501116341
"CGC",0.63020251470716
"CGG",2.1970872450545462
"CGU",0.3937160920315786
"CUA",1.3724588315254616
"CUC",1.211489656176292
"CUG",1.4639972484399366
"CUU",1.2927728202550626
"GAA",0.3053826040987749
"GAC",0.27973700844909477
"GAG",0.46654530260212135
"GAU",0.5073520029130495
"GCA",0.3266255198850218
"GCC",0.36969292009431964
"GCG",0.8533877437233762
"GCU",0.2266012152989818
"GGA",1.0250763193828873
"GGC",0.170972192356832
"GGG",0.6822913310421816
"GGU",0.3869561850760288
"GUA",0.40376326685232355
"GUC",0.5133463812253436
"GUG",0.9946256817251995
"GUU",0.2845720849590885
"UAC",0.5350215467131049
"UAU",0.7885162129509905
"UCA",0.378255378294568
"UCC",0.541533954907261
"UCG",0.787752057937157
"UCU",0.30987080877723466
"UGC",0.7060598365250417
"UGG",0.35427543995162275
"UGU",0.9817345044445442
"UUA",0.5780985005831535
"UUC",0.34302433915451885
"UUG",0.2645917924851737
"UUU",0.5770992105636522
