"codon","average_decoding_time"
"AAA",0.4595437589416795
"AAC",0.3270112447280312
"AAG",0.22895035582694195
"AAU",0.5598695654333005
"ACA",0.35029104563652175
"ACC",0.38218472175752777
"ACG",0.6872698472244702
"ACU",0.22953268350132158
"AGA",0.1484306218420302
"AGC",1.3933914752637064
"AGG",0.3069837199008479
"AGU",1.7505834980455064
"AUA",0.44382183623667565
"AUC",0.47051298245831896
"AUG",0.5535217082752922
"AUU",0.27832936731418007
"CAA",0.462507465090572
"CAC",0.5326339120085255
"CAG",0.6439424422995647
"CAU",0.7912540267201436
"CCA",0.3160897950326761
"CCC",2.1933055287106265
"CCG",0.4503982092452504
"CCU",1.7902977304441696
"CGA",0.5096875617360735
"CGC",0.6339991355180973
"CGG",2.1952693057279395
"CGU",0.3933147079008775
"CUA",1.3723238885403382
"CUC",1.205528885550631
"CUG",1.4662583758769414
"CUU",1.2883092968562961
"GAA",0.3036622185844181
"GAC",0.2793597252009479
"GAG",0.4653682919519026
"GAU",0.5070271363836993
"GCA",0.3268739085567765
"GCC",0.36943613670721837
"GCG",0.8550619143389673
"GCU",0.22614544268309497
"GGA",1.0261024415171782
"GGC",0.17120788465827072
"GGG",0.6835669069649658
"GGU",0.38701342325339266
"GUA",0.4055272466563101
"GUC",0.512420343983721
"GUG",0.9975874488115087
"GUU",0.2843665421351868
"UAC",0.533373912742626
"UAU",0.7906318991489132
"UCA",0.37778841283221354
"UCC",0.5412868657781926
"UCG",0.7892859659523397
"UCU",0.3118062953316609
"UGC",0.7046358312738414
"UGG",0.35405426692195646
"UGU",0.9832238407082821
"UUA",0.5784973681478538
"UUC",0.34351009707116786
"UUG",0.2641949560024654
"UUU",0.577672496360353
