"codon","average_decoding_time"
"AAA",0.460627506328362
"AAC",0.3264779258423396
"AAG",0.23002813503712896
"AAU",0.5602152692069613
"ACA",0.34993727853829293
"ACC",0.3829650379055287
"ACG",0.6881574450005421
"ACU",0.22396807228640425
"AGA",0.1473776853280861
"AGC",1.3910119751653103
"AGG",0.3071009446053504
"AGU",1.7438705733713358
"AUA",0.44338802193316157
"AUC",0.47150088030626863
"AUG",0.551773837977666
"AUU",0.26481870078368985
"CAA",0.46425391933535515
"CAC",0.5307373417940764
"CAG",0.644637271388562
"CAU",0.7900701713975952
"CCA",0.3157443356365248
"CCC",2.1925743218998273
"CCG",0.44961686595173284
"CCU",1.6201190423084972
"CGA",0.511169549698557
"CGC",0.6328222984609717
"CGG",2.200863179666757
"CGU",0.3933698659239743
"CUA",1.3725030087589078
"CUC",1.2056122505932103
"CUG",1.466273428451696
"CUU",4.4492686263008405
"GAA",0.3043813884030123
"GAC",0.27928286890260967
"GAG",0.46649456875290674
"GAU",0.506746926266693
"GCA",0.32599747096214804
"GCC",0.3696945659823651
"GCG",0.8519212889428959
"GCU",0.25603039373698067
"GGA",1.023556510569496
"GGC",0.17115121235858466
"GGG",0.6841788649270515
"GGU",0.3870727436342789
"GUA",0.40525288595931824
"GUC",0.512362822215144
"GUG",0.9973918949151087
"GUU",0.2727071344060485
"UAC",0.3698836444113197
"UAU",0.6081764054847332
"UCA",0.3735372176898034
"UCC",0.5356590335774201
"UCG",0.6470210224157352
"UCU",0.2460497281254873
"UGC",0.5137780709701946
"UGG",0.3345091800767041
"UGU",0.7670401856679723
"UUA",0.5194506437538156
"UUC",0.29927645205184844
"UUG",0.205274084455893
"UUU",0.5294721329295385
