"codon","average_decoding_time"
"AAA",0.4585222806760296
"AAC",0.32584422847536126
"AAG",0.23006608923823835
"AAU",0.5601076033692814
"ACA",0.35036251568747556
"ACC",0.38246934779753594
"ACG",0.5781517549208266
"ACU",0.22451845046718424
"AGA",0.14741332852980785
"AGC",1.3945009058197877
"AGG",0.29170730428824615
"AGU",1.7464086996529944
"AUA",0.4437856577646446
"AUC",0.471788106661112
"AUG",0.5518354831049709
"AUU",0.2652521450266081
"CAA",0.4643661352442106
"CAC",0.5335579611593264
"CAG",0.6452231041939857
"CAU",0.7904511196740168
"CCA",0.31664500964603015
"CCC",2.189914271673708
"CCG",1.8415621279867564
"CCU",1.6268847201581131
"CGA",0.5107892530308511
"CGC",0.633566871826292
"CGG",2.0311199670064712
"CGU",0.3929463122565834
"CUA",1.3739271139915195
"CUC",1.2079269075409969
"CUG",1.4664013802130627
"CUU",4.445796852318868
"GAA",0.30316678647377016
"GAC",0.2792716589865693
"GAG",0.46499541594981403
"GAU",0.507417027719919
"GCA",0.32642100356949216
"GCC",0.3685919819242846
"GCG",0.7445324364974416
"GCU",0.2561294475091509
"GGA",1.0236978845625906
"GGC",0.17170432013137776
"GGG",1.3600756416997388
"GGU",0.38665444191420784
"GUA",0.40549229078847904
"GUC",0.5132153361924009
"GUG",0.9974670513262557
"GUU",0.2720648684354658
"UAC",0.3705311465014
"UAU",0.6077484023710569
"UCA",0.3727192594653355
"UCC",0.5362712668209617
"UCG",2.308203411454767
"UCU",0.24578338587435564
"UGC",0.5143345477540513
"UGG",0.3044250492641615
"UGU",0.7680410390080717
"UUA",0.5195675999565125
"UUC",0.3000482469729133
"UUG",0.21225530445203228
"UUU",0.5298730005138831
