"codon","average_decoding_time"
"AAA",0.4590551173827809
"AAC",0.32671463772963044
"AAG",0.2295631958873996
"AAU",0.5604055012289344
"ACA",0.3510512088512295
"ACC",0.382556607177784
"ACG",0.6869801561548649
"ACU",0.22961230584807882
"AGA",0.147803759766725
"AGC",1.392565415241485
"AGG",0.3081784451240029
"AGU",1.7454491080458239
"AUA",0.44354773235603545
"AUC",0.47118951889207095
"AUG",0.5220076157102218
"AUU",0.27832070228421574
"CAA",0.4653433125009466
"CAC",0.5327180508542744
"CAG",0.6452883578317482
"CAU",0.7896850526361847
"CCA",0.3171719678221496
"CCC",2.1880272911117022
"CCG",0.4504842241973816
"CCU",1.7917651900076113
"CGA",0.5095594569034735
"CGC",0.633627036934465
"CGG",2.19347157315057
"CGU",0.3939250225232866
"CUA",1.3762487227894098
"CUC",1.2063733624278858
"CUG",1.3987641641699535
"CUU",1.2914969374277234
"GAA",0.3042272308205119
"GAC",0.27925248704370476
"GAG",0.4647900297682221
"GAU",0.5069201486492103
"GCA",0.3252979438668913
"GCC",0.3698509936721014
"GCG",0.8534526778031835
"GCU",0.22619695847141577
"GGA",1.021214181246487
"GGC",0.17122324020976015
"GGG",0.683178232059994
"GGU",0.3864482741584568
"GUA",0.40467958063103765
"GUC",0.5137203274315983
"GUG",2.0807515286699485
"GUU",0.2845856271980723
"UAC",0.5328723017265778
"UAU",0.7890370282420531
"UCA",0.3768006033781217
"UCC",0.543025440238885
"UCG",0.7887009139868483
"UCU",0.30922930582543373
"UGC",0.7043324680773535
"UGG",0.3533118228027478
"UGU",0.9819729316927598
"UUA",0.5765716746172903
"UUC",0.3438247035937501
"UUG",0.25287881005213825
"UUU",0.5783498392325664
