"codon","average_decoding_time"
"AAA",0.45887747276389157
"AAC",0.3260727509703811
"AAG",0.2305050500775746
"AAU",0.5591564555880745
"ACA",0.34991279844352424
"ACC",0.3830150446457315
"ACG",0.6865664611465303
"ACU",0.22375951603638974
"AGA",0.14822743501989513
"AGC",1.3918184447426267
"AGG",0.30755728011545724
"AGU",1.7472120902156536
"AUA",0.4422204908206927
"AUC",0.4703210373103639
"AUG",0.5508350876165321
"AUU",0.2654207190828329
"CAA",0.4635814131841899
"CAC",0.5341427278309518
"CAG",0.6439884960701028
"CAU",0.7883996612351685
"CCA",0.3168032125639501
"CCC",2.1861029791869724
"CCG",0.44922099428301676
"CCU",1.6216446110206664
"CGA",0.511552872570954
"CGC",0.6325473982285938
"CGG",2.2024173367005897
"CGU",0.3921989867773945
"CUA",1.367764955682011
"CUC",1.2102083081184893
"CUG",1.4628140015222681
"CUU",4.436423130678604
"GAA",0.30352001652655847
"GAC",0.2787173075632933
"GAG",0.4652301296439899
"GAU",0.508553154091999
"GCA",0.32594372014742057
"GCC",0.37013881593790815
"GCG",0.8534328781111176
"GCU",0.25590709060819317
"GGA",1.02539582949511
"GGC",0.17091076537638633
"GGG",0.6838503526096807
"GGU",0.38554507979312036
"GUA",0.4064229571224102
"GUC",0.5125238912698143
"GUG",0.9950701364744983
"GUU",0.2719972868858816
"UAC",0.37136881000055866
"UAU",0.6076935276894088
"UCA",0.3731993506075795
"UCC",0.5349766642995565
"UCG",0.6457312689271285
"UCU",0.24486266039627358
"UGC",0.5126957950194513
"UGG",0.3334466340936045
"UGU",0.7673391899952643
"UUA",0.5196146006117235
"UUC",0.29932983770623756
"UUG",0.21251204002648147
"UUU",0.5296955750102736
