"codon","average_decoding_time"
"AAA",0.45905080413481203
"AAC",0.3279140434061114
"AAG",0.23111832607661487
"AAU",0.5601660459418071
"ACA",0.34987772360892755
"ACC",0.38199209183973265
"ACG",0.6872496405034575
"ACU",0.22976225286341262
"AGA",0.14801114971740775
"AGC",1.3938686990540419
"AGG",0.3075206635717363
"AGU",1.7467213110530948
"AUA",0.44319715207428295
"AUC",0.4711572679892763
"AUG",0.5512129098640458
"AUU",0.2788213433541935
"CAA",0.4635249046478931
"CAC",0.5338073852640948
"CAG",0.6451927332660733
"CAU",0.7897759774161893
"CCA",0.31830896939045883
"CCC",2.1920699721879475
"CCG",0.44956114150984244
"CCU",1.7932023854478871
"CGA",0.5097072394808013
"CGC",0.632030818536581
"CGG",2.196794530933464
"CGU",0.392384612457002
"CUA",1.3686066425894785
"CUC",1.2055507732833106
"CUG",1.4618013031623036
"CUU",1.2924550522354625
"GAA",0.3043127820504075
"GAC",0.2793829235706715
"GAG",0.46468025793318984
"GAU",0.5074579150676235
"GCA",0.3257695726146732
"GCC",0.37032979140216676
"GCG",0.8516798600428223
"GCU",0.2254308169380391
"GGA",1.0238259343846587
"GGC",0.17062174257068297
"GGG",0.6813229214512749
"GGU",0.38593481153252446
"GUA",0.404816441809112
"GUC",0.5139979327632914
"GUG",0.9965761586104946
"GUU",0.28510553166157115
"UAC",0.5326434037381318
"UAU",0.7891597020293605
"UCA",0.37827957254660355
"UCC",0.5414670743554987
"UCG",0.7898227827551523
"UCU",0.3100289427347406
"UGC",0.7067657014965061
"UGG",0.35203054045149657
"UGU",0.9777555227508379
"UUA",0.5773940457614395
"UUC",0.34217668430527803
"UUG",0.3267083476993663
"UUU",0.5787399878723912
