"codon","average_decoding_time"
"AAA",0.4595723902049603
"AAC",0.32757941856094286
"AAG",0.22995202547654423
"AAU",0.5599162503661413
"ACA",0.35088175349937534
"ACC",0.38161455589502474
"ACG",0.687307174083852
"ACU",0.22974789456225994
"AGA",0.14778595413617268
"AGC",1.3922083444388282
"AGG",0.307335346311458
"AGU",1.747087482632405
"AUA",0.44389324350762677
"AUC",0.4714090593659571
"AUG",0.549385968045814
"AUU",0.2779059729159588
"CAA",0.4647037707387371
"CAC",0.5335640391481739
"CAG",0.6447447769120203
"CAU",0.7889818381080309
"CCA",0.31790163711649605
"CCC",2.1838101228710025
"CCG",0.44911218984803225
"CCU",1.796923231734871
"CGA",0.5098004495211431
"CGC",0.6343680870511987
"CGG",2.1997489502865393
"CGU",0.39379847909908944
"CUA",1.3682515822639685
"CUC",1.208894074209569
"CUG",1.4589358304426
"CUU",1.2847997931705655
"GAA",0.3037166034435286
"GAC",0.2785559714283674
"GAG",0.4655779288418677
"GAU",0.5074295748495165
"GCA",0.3264415714574836
"GCC",0.36974916154480325
"GCG",0.8549056097584137
"GCU",0.2256822911911125
"GGA",1.0244811707853942
"GGC",0.17140110876446935
"GGG",0.6833301551019004
"GGU",0.38609243473288174
"GUA",0.4056798571522295
"GUC",0.5130530675674588
"GUG",0.998437876552505
"GUU",0.2849665625658285
"UAC",0.5338200369697443
"UAU",0.7888166249582598
"UCA",0.37764470360399677
"UCC",0.5419003328691653
"UCG",0.7905066923296138
"UCU",0.31053115896335465
"UGC",0.7060858334909449
"UGG",0.3538720968028172
"UGU",0.9780215751223384
"UUA",0.5775979558456215
"UUC",0.34415324263192565
"UUG",0.3261055432880142
"UUU",0.5770940155207954
