"codon","average_decoding_time"
"AAA",0.4600810883580248
"AAC",0.3258402546444518
"AAG",0.2299850126285847
"AAU",0.5613612413920218
"ACA",0.35045508601128855
"ACC",0.3828257019583671
"ACG",0.686008073934285
"ACU",0.22951696733951235
"AGA",0.1477303251587503
"AGC",1.3940408448648676
"AGG",0.30677249002776347
"AGU",1.7412322744308415
"AUA",0.44322380717043025
"AUC",0.4705805518038244
"AUG",0.5519524339805115
"AUU",0.2781458890139962
"CAA",0.464316722902218
"CAC",0.5336618663106465
"CAG",0.6457323874673329
"CAU",0.7893649256044982
"CCA",0.31727895993260663
"CCC",2.1894794200361205
"CCG",0.45006616377995456
"CCU",1.7918921055353279
"CGA",0.5107635548449333
"CGC",0.6323863408070816
"CGG",2.199017618617017
"CGU",0.39327615985045433
"CUA",1.371728030557449
"CUC",1.2106234745150712
"CUG",1.4642903813531027
"CUU",1.2892670185083113
"GAA",0.30341775546647975
"GAC",0.2799397698870557
"GAG",0.464963314360841
"GAU",0.5067034428378195
"GCA",0.32581782375305507
"GCC",0.36889435637187235
"GCG",0.8533397121826063
"GCU",0.22577410641380638
"GGA",1.0260497412781902
"GGC",0.17102638751322172
"GGG",0.6836118061607722
"GGU",0.3870529945057056
"GUA",0.4059659886720816
"GUC",0.5126570661570377
"GUG",0.998121228765236
"GUU",0.284711680296535
"UAC",0.5322793988253401
"UAU",0.7889189936007802
"UCA",0.3778889598626721
"UCC",0.5416083598556567
"UCG",0.7879702510938373
"UCU",0.31072743763336114
"UGC",0.7053958457500513
"UGG",0.35375652313762285
"UGU",0.9813910626822145
"UUA",0.5796447499194278
"UUC",0.34289180361460764
"UUG",0.2634088534436138
"UUU",0.577846495850324
