"codon","average_decoding_time"
"AAA",0.45942917204789974
"AAC",0.3266865176396794
"AAG",0.22986256420599588
"AAU",0.560624892919099
"ACA",0.3509507703954615
"ACC",0.3815750612079012
"ACG",0.5796879467268611
"ACU",0.2295373184730175
"AGA",0.14768990552750375
"AGC",1.3939222259096054
"AGG",0.2914846708490656
"AGU",1.7494537275566928
"AUA",0.4441066804044743
"AUC",0.47148095982743826
"AUG",0.522639582682443
"AUU",0.27844373541921963
"CAA",0.4641792042125324
"CAC",0.5328545687119997
"CAG",0.6447815262279245
"CAU",0.7891217536763988
"CCA",0.3164652511709051
"CCC",2.1899631058359343
"CCG",1.8433402776779153
"CCU",1.7944406002162567
"CGA",0.5093343378959484
"CGC",0.631828487350595
"CGG",2.0323585308070213
"CGU",0.392279639904502
"CUA",1.3738459383661894
"CUC",1.2055671231707068
"CUG",1.4006068510971519
"CUU",1.2900793311640764
"GAA",0.3034709569217688
"GAC",0.27918312624886127
"GAG",0.46542934163374583
"GAU",0.5073365597605815
"GCA",0.3262026201907505
"GCC",0.369462410340816
"GCG",0.7434620484906788
"GCU",0.2261177287625473
"GGA",1.0222842410937192
"GGC",0.17106845808075508
"GGG",1.3660396951913687
"GGU",0.38669198631524826
"GUA",0.4060127005932862
"GUC",0.5125114218887497
"GUG",2.0674116820814747
"GUU",0.28568612714117625
"UAC",0.5331813235847517
"UAU",0.7903905557353378
"UCA",0.3770953125066934
"UCC",0.5404938234221258
"UCG",2.932113511667907
"UCU",0.3112085891788014
"UGC",0.7041578988546697
"UGG",0.3234368229957911
"UGU",0.9796456740354217
"UUA",0.5780074413710593
"UUC",0.3427931580489062
"UUG",0.2529195524511581
"UUU",0.5788560809529957
