"codon","average_decoding_time"
"AAA",0.45855590946980895
"AAC",0.3265507865914548
"AAG",0.2307285750663518
"AAU",0.5599579771819031
"ACA",0.34992731710696456
"ACC",0.38231362411288294
"ACG",0.5783947324556225
"ACU",0.22995701569967616
"AGA",0.14818933365689851
"AGC",1.3958566869830011
"AGG",0.291583912544817
"AGU",1.750849089981651
"AUA",0.44329237836667257
"AUC",0.47170671872969133
"AUG",0.5522903722946346
"AUU",0.2774170416798801
"CAA",0.4647553208057234
"CAC",0.5344972457035323
"CAG",0.6435487803287562
"CAU",0.7890729126664451
"CCA",0.3166624670151321
"CCC",2.191928990763972
"CCG",1.8447519496867972
"CCU",1.7969027493230583
"CGA",0.5097113007877373
"CGC",0.6322766391179445
"CGG",2.0285140975803992
"CGU",0.39233718697174014
"CUA",1.3730301445737192
"CUC",1.2035149744335516
"CUG",1.4634839639588968
"CUU",1.292439626416104
"GAA",0.3027990313015712
"GAC",0.2792480447880882
"GAG",0.46522870998032256
"GAU",0.5072150211222013
"GCA",0.3258211568990623
"GCC",0.3693205656832335
"GCG",0.743156397982526
"GCU",0.22641677036472607
"GGA",1.0254343494213647
"GGC",0.17103894458399024
"GGG",1.3623595639820365
"GGU",0.3859320280884225
"GUA",0.4043195268021388
"GUC",0.5129241769177196
"GUG",0.9958032608060562
"GUU",0.28521384826891344
"UAC",0.534673124591916
"UAU",0.7898081741382854
"UCA",0.3780962844188743
"UCC",0.5425240574039059
"UCG",2.9177597423642707
"UCU",0.31076899076308423
"UGC",0.7037445582060967
"UGG",0.324720612660003
"UGU",0.9802651881876021
"UUA",0.5792249115915311
"UUC",0.3441358637315863
"UUG",0.26475764116859135
"UUU",0.5782393227871551
