"codon","average_decoding_time"
"AAA",0.45986897973545615
"AAC",0.3261452343699626
"AAG",0.22928805160212412
"AAU",0.5610458559133934
"ACA",0.3493004908859247
"ACC",0.38343086164499407
"ACG",0.6876829274402483
"ACU",0.22906239909148382
"AGA",0.14840690842229554
"AGC",1.396129391127068
"AGG",0.3075032703530356
"AGU",1.742714319195506
"AUA",0.4433168844467542
"AUC",0.4715274797544199
"AUG",0.5516189975396277
"AUU",0.27921365382044905
"CAA",0.46433052195694086
"CAC",0.5337777256900285
"CAG",0.6443875333745243
"CAU",0.7912892603853211
"CCA",0.31751570323244094
"CCC",2.191501685003521
"CCG",0.4495416941982789
"CCU",1.7922510567419483
"CGA",0.5104734923095707
"CGC",0.6339373600817392
"CGG",2.1947652305722953
"CGU",0.3923261653666366
"CUA",1.3730439946450752
"CUC",1.2082914248747911
"CUG",1.4664185925350408
"CUU",1.2890941002778786
"GAA",0.303851348690464
"GAC",0.27944203226327174
"GAG",0.4655453695191903
"GAU",0.5084365240714412
"GCA",0.32672764657028625
"GCC",0.3692453635657379
"GCG",0.8536721235869231
"GCU",0.2255616530584131
"GGA",1.0270524478884464
"GGC",0.17118596593518076
"GGG",0.6817011977000264
"GGU",0.3853721033164146
"GUA",0.40461164966718594
"GUC",0.5129142074055857
"GUG",0.9967414378715639
"GUU",0.28436934446178114
"UAC",0.5356402270723344
"UAU",0.7894833085586357
"UCA",0.37779851500212264
"UCC",0.5411935680396217
"UCG",0.7902472998386901
"UCU",0.3110654606858771
"UGC",0.705736438914283
"UGG",0.35292788707880735
"UGU",0.9811083615171217
"UUA",0.5796344855494892
"UUC",0.34198032906247217
"UUG",0.26330043525534574
"UUU",0.576480957866263
