"codon","average_decoding_time"
"AAA",0.4578118953672927
"AAC",0.32720892641036686
"AAG",0.22976483532560013
"AAU",0.5595336250749203
"ACA",0.3500880189317577
"ACC",0.3823014791599763
"ACG",0.6884595299350237
"ACU",0.22957992600381263
"AGA",0.14848238162212377
"AGC",1.3972855693425947
"AGG",0.30710472592639004
"AGU",1.7463241236783777
"AUA",0.44371203469225107
"AUC",0.47040036398601504
"AUG",0.5233148475573794
"AUU",0.2783942416629542
"CAA",0.4649849278031958
"CAC",0.5320555232371854
"CAG",0.6434934835345285
"CAU",0.7896307389460061
"CCA",0.31694836459988024
"CCC",2.1944201314021905
"CCG",0.4487757855335358
"CCU",1.7906167400465098
"CGA",0.5097570938429601
"CGC",0.6330500072422859
"CGG",2.197347338959826
"CGU",0.394109838577154
"CUA",1.374631874941761
"CUC",1.205160351047879
"CUG",1.4027199476304757
"CUU",1.28911347517516
"GAA",0.30404052901497686
"GAC",0.27958343757885284
"GAG",0.46549448681703487
"GAU",0.5062450722385179
"GCA",0.326585775719908
"GCC",0.3693173181780271
"GCG",0.8542120864681008
"GCU",0.22597807247044951
"GGA",1.0226801615890266
"GGC",0.17149155796836776
"GGG",0.6852090788148221
"GGU",0.3859281669406847
"GUA",0.40557328209060856
"GUC",0.5128338373856028
"GUG",2.0725262180863897
"GUU",0.28485133508889227
"UAC",0.5328985676566335
"UAU",0.7877529680853795
"UCA",0.37725709265383484
"UCC",0.5418444347118448
"UCG",0.7876267658680709
"UCU",0.31073691038454965
"UGC",0.7051918164187325
"UGG",0.3551825657683112
"UGU",0.979205315992573
"UUA",0.5769867031210731
"UUC",0.3431104106897458
"UUG",0.30828726350540453
"UUU",0.5797057339802012
