"codon","average_decoding_time"
"AAA",0.4581427452822698
"AAC",0.32678107566634995
"AAG",0.23035558774998852
"AAU",0.560255741664752
"ACA",0.3499454942789135
"ACC",0.38102520550107816
"ACG",0.6863840736959682
"ACU",0.22966130905541493
"AGA",0.148018880245359
"AGC",1.3924060012238026
"AGG",0.30683927218598156
"AGU",1.742071572295655
"AUA",0.44317143932684977
"AUC",0.47238328361544496
"AUG",0.5513679814342267
"AUU",0.27799794739615186
"CAA",0.46380901366868804
"CAC",0.5342330342421336
"CAG",0.6445742620814828
"CAU",0.7872522754820538
"CCA",0.31680916383133273
"CCC",2.19006384984599
"CCG",0.4499933977328097
"CCU",1.795634993527626
"CGA",0.5101654505042276
"CGC",0.634099641735931
"CGG",2.205630552889269
"CGU",0.3933542283576721
"CUA",1.369125130276949
"CUC",1.2059597616981352
"CUG",1.4633005853670686
"CUU",1.2910135381958012
"GAA",0.3035833784737813
"GAC",0.2794843390629297
"GAG",0.4663470757741353
"GAU",0.507834929330696
"GCA",0.32603832722674503
"GCC",0.3700208525848775
"GCG",0.8536186057109094
"GCU",0.22641005641270903
"GGA",1.0272119487817393
"GGC",0.1716274799247421
"GGG",0.6818777262935148
"GGU",0.3864976964686963
"GUA",0.4047373346165002
"GUC",0.5131843219901588
"GUG",0.9939340581292637
"GUU",0.28528323596953425
"UAC",0.5308301413646775
"UAU",0.7873672136727631
"UCA",0.37690580043041233
"UCC",0.541565821493806
"UCG",0.7881644329569699
"UCU",0.31013817413202577
"UGC",0.7071787653057775
"UGG",0.35332750855597533
"UGU",0.9804307665779511
"UUA",0.5796377969335118
"UUC",0.34333252310624934
"UUG",0.26444881437520046
"UUU",0.5772006429951225
