"codon","average_decoding_time"
"AAA",0.46067390310409373
"AAC",0.32636977402203926
"AAG",0.2302302687300554
"AAU",0.5600884033085717
"ACA",0.35029898988206826
"ACC",0.38230134611063704
"ACG",0.6866240440219559
"ACU",0.2293906865683467
"AGA",0.1484770852415876
"AGC",1.3919232156266828
"AGG",0.3068978589237753
"AGU",1.745252345975544
"AUA",0.4437913710544894
"AUC",0.4718114357334893
"AUG",0.5497902804887853
"AUU",0.2784527384497418
"CAA",0.46399129122157123
"CAC",0.5339469386487056
"CAG",0.6461609623622887
"CAU",0.7889809379506143
"CCA",0.31639829329064556
"CCC",2.187188320878763
"CCG",0.449228272842433
"CCU",1.8000428752500583
"CGA",0.5100772387828049
"CGC",0.6327136615808987
"CGG",2.2002161926151165
"CGU",0.3927014837245851
"CUA",1.367645066867592
"CUC",1.2061384033462885
"CUG",1.4673504453464832
"CUU",1.2913794155934346
"GAA",0.30374134903752137
"GAC",0.27838587817769717
"GAG",0.46577589165522776
"GAU",0.5068542287879435
"GCA",0.32623451735718506
"GCC",0.3689301536683076
"GCG",0.852630794448222
"GCU",0.22619771334366043
"GGA",1.0233185338609225
"GGC",0.17152491318119406
"GGG",0.6827278416964511
"GGU",0.3876318648476274
"GUA",0.4056650417805264
"GUC",0.5126362515508773
"GUG",0.9981787838832803
"GUU",0.28507115427728125
"UAC",0.5322790935692154
"UAU",0.7881027950584439
"UCA",0.3785034305058421
"UCC",0.541198133330389
"UCG",0.7882814682947828
"UCU",0.30982040355761375
"UGC",0.7057748693049508
"UGG",0.3527095359898966
"UGU",0.9818485923034217
"UUA",0.5800586564034566
"UUC",0.3432333149525938
"UUG",0.2639368225312643
"UUU",0.5768063602273541
