"codon","average_decoding_time"
"AAA",0.45858903184619276
"AAC",0.32727913153321797
"AAG",0.23043434439880867
"AAU",0.5612894184732081
"ACA",0.3508690265398519
"ACC",0.38246954038833797
"ACG",0.6864864754213412
"ACU",0.22960144765125015
"AGA",0.14797762809768722
"AGC",1.3965697108294128
"AGG",0.30708502264586823
"AGU",1.744342269182684
"AUA",0.44280575116347987
"AUC",0.4720633137443449
"AUG",0.5209877780280475
"AUU",0.2772478556070161
"CAA",0.46421323503581574
"CAC",0.5348756705329594
"CAG",0.6454185332715568
"CAU",0.7896792151272337
"CCA",0.31636058200466705
"CCC",2.1913720700070276
"CCG",0.44959060874460866
"CCU",1.7952561992643532
"CGA",0.5115814179331665
"CGC",0.633104380989307
"CGG",2.1906102845404334
"CGU",0.39220178459362
"CUA",1.3661965283483988
"CUC",1.2077652986732053
"CUG",1.3953006705541442
"CUU",1.2856125695232326
"GAA",0.3036185361146482
"GAC",0.27936467149618466
"GAG",0.4654486057719856
"GAU",0.5078386648634974
"GCA",0.3256512910952432
"GCC",0.3696505563913717
"GCG",0.8537463154549099
"GCU",0.22616222802656494
"GGA",1.0248822875193029
"GGC",0.17119493064323488
"GGG",0.6841953365335777
"GGU",0.3861996223388324
"GUA",0.4051986066694951
"GUC",0.5120467620890307
"GUG",2.0789851701653603
"GUU",0.2851507855048878
"UAC",0.5329037108699168
"UAU",0.7891362609081325
"UCA",0.3773456186418693
"UCC",0.5414991865344366
"UCG",0.7898189491684082
"UCU",0.3106794620301988
"UGC",0.7052205122173791
"UGG",0.3532942406808416
"UGU",0.9811701242541764
"UUA",0.5782951144510481
"UUC",0.3438814919468328
"UUG",0.2525617499546997
"UUU",0.5772444551203398
