"codon","average_decoding_time"
"AAA",0.4592142319671205
"AAC",0.3265457328710019
"AAG",0.2296902243454213
"AAU",0.5600926413965985
"ACA",0.34999192263686413
"ACC",0.3820507439508301
"ACG",0.5779235813358988
"ACU",0.23019817881833574
"AGA",0.14792194257722852
"AGC",1.3922131390593808
"AGG",0.2918431161781108
"AGU",1.7416534453389898
"AUA",0.44304178538157146
"AUC",0.47273896900024404
"AUG",0.5191829705403763
"AUU",0.2786335951580698
"CAA",0.4642846241340663
"CAC",0.5324260341627078
"CAG",0.6439732747846751
"CAU",0.7911777469084335
"CCA",0.31750298829026125
"CCC",2.1959585726149085
"CCG",1.8464081831529309
"CCU",1.798150627462087
"CGA",0.51072165205968
"CGC",0.633313424497983
"CGG",2.0399011550692943
"CGU",0.39370443467332117
"CUA",1.3735340473928805
"CUC",1.2033636112320099
"CUG",1.4024718020030773
"CUU",1.2918793651150555
"GAA",0.3046537322774842
"GAC",0.2804442434266718
"GAG",0.4651929077943384
"GAU",0.5075305955512861
"GCA",0.32680318456336277
"GCC",0.36854094859004594
"GCG",0.7433708329707602
"GCU",0.2255047663288932
"GGA",1.0212356268778044
"GGC",0.17135275792851123
"GGG",1.366041772663845
"GGU",0.38575109045756745
"GUA",0.40579123763224384
"GUC",0.5132595765834143
"GUG",2.0797608767496185
"GUU",0.2856583285189939
"UAC",0.5337477909651422
"UAU",0.790319378170921
"UCA",0.3764180563964053
"UCC",0.5406595828327999
"UCG",2.9163474009288612
"UCU",0.3112900432299161
"UGC",0.7057437723855875
"UGG",0.32427415945830407
"UGU",0.9826240884063157
"UUA",0.577704153830094
"UUC",0.34314587606647556
"UUG",0.2527692883748325
"UUU",0.5777910764899513
