"codon","average_decoding_time"
"AAA",0.45922251913723844
"AAC",0.3280497120175187
"AAG",0.23003333114517702
"AAU",0.559541684541
"ACA",0.35066871622874823
"ACC",0.3824285585141345
"ACG",0.6870432604605943
"ACU",0.2297869953305911
"AGA",0.1482950860340807
"AGC",1.3920563504600345
"AGG",0.30606841295438386
"AGU",1.7475815501988277
"AUA",0.4446530671993237
"AUC",0.4704767584735453
"AUG",0.5510765647534315
"AUU",0.2782660628283168
"CAA",0.46500777520107106
"CAC",0.5324556724815982
"CAG",0.645345970135384
"CAU",0.7893409290471067
"CCA",0.3174094866772896
"CCC",2.1831811895558264
"CCG",0.4486693064272007
"CCU",1.8002059721467403
"CGA",0.5098246248160496
"CGC",0.6334067006177105
"CGG",2.1971599713449375
"CGU",0.3927784596445358
"CUA",1.3684895384233873
"CUC",1.2053916056965674
"CUG",1.4623374096890362
"CUU",1.2883426678589884
"GAA",0.3030665611311568
"GAC",0.27962839945939766
"GAG",0.46741798832052067
"GAU",0.5073365098939613
"GCA",0.3266615869246122
"GCC",0.3696496970406588
"GCG",0.851981406680876
"GCU",0.225880726838528
"GGA",1.0243000714978532
"GGC",0.1715154114192638
"GGG",0.6855549880576839
"GGU",0.38670275901213225
"GUA",0.4049513073115696
"GUC",0.5121723004085845
"GUG",0.9957847204392695
"GUU",0.2850215031173447
"UAC",0.5327731318117239
"UAU",0.7897632107143988
"UCA",0.3775505777040549
"UCC",0.539742785555563
"UCG",0.7893619944574882
"UCU",0.31108240954327704
"UGC",0.7038887330345667
"UGG",0.35424518666985993
"UGU",0.980808989466139
"UUA",0.5776977901052764
"UUC",0.3438315665646793
"UUG",0.2645839188070322
"UUU",0.5772561784188835
