"codon","average_decoding_time"
"AAA",0.4592166774300831
"AAC",0.32662724303864027
"AAG",0.2297489290174203
"AAU",0.5596972285854751
"ACA",0.3504075474115548
"ACC",0.3827576898241713
"ACG",0.6875382299030649
"ACU",0.2303212650545268
"AGA",0.14768244783113552
"AGC",1.3929325898252802
"AGG",1.8061401345461126
"AGU",1.7418689579830318
"AUA",0.4432535024862193
"AUC",0.4717455899928007
"AUG",0.5516501238412425
"AUU",0.277699252336093
"CAA",0.466871254018062
"CAC",0.531803442634892
"CAG",0.6437694961794532
"CAU",0.791400595336377
"CCA",0.3163636251574615
"CCC",2.1883272512232437
"CCG",0.4505662491829535
"CCU",1.7990175840542373
"CGA",0.5103408806830666
"CGC",0.634215876339794
"CGG",2.2001125440630105
"CGU",0.39241841047543913
"CUA",1.3742849988260246
"CUC",1.2062044069742073
"CUG",1.4616083950532013
"CUU",1.2921777564974264
"GAA",0.3028782088583289
"GAC",0.27944587111903285
"GAG",0.46549820205459663
"GAU",0.5069912299920191
"GCA",0.3260890546599974
"GCC",0.3692428981152105
"GCG",0.856093600911033
"GCU",0.22639510901384774
"GGA",1.023624552748317
"GGC",0.17173588151229457
"GGG",0.6833205629146512
"GGU",0.3866682199495349
"GUA",0.4054937457550897
"GUC",0.5143185058105278
"GUG",0.9989628631437262
"GUU",0.28509788208548503
"UAC",0.5319944527910362
"UAU",0.7870291199761618
"UCA",0.3764666417487407
"UCC",0.5417490688476482
"UCG",0.7894428163274038
"UCU",0.31022197787661865
"UGC",0.70518481543466
"UGG",0.35468936362195386
"UGU",0.9783390567006115
"UUA",0.578909582006426
"UUC",0.3424888252707711
"UUG",0.32600703469761927
"UUU",0.5763833176053138
