"codon","average_decoding_time"
"AAA",0.4588507422277438
"AAC",0.32618678934748796
"AAG",0.16099091889516498
"AAU",0.5596374098030932
"ACA",0.35039180437587814
"ACC",0.3823858893152627
"ACG",0.6861884377653057
"ACU",0.22368893485389674
"AGA",0.14825892852292413
"AGC",1.3975959300648568
"AGG",1.8068894532731734
"AGU",1.747960173847933
"AUA",0.4424480403792696
"AUC",0.47027407513424097
"AUG",0.5518183105704167
"AUU",0.26537741801435455
"CAA",0.4652782774286724
"CAC",0.5354274621058647
"CAG",3.4647448131114973
"CAU",0.7859430343040811
"CCA",0.3170316343444309
"CCC",2.1893506398100437
"CCG",0.44928529844533127
"CCU",1.617530819435927
"CGA",0.5086041278491656
"CGC",0.6328454754520512
"CGG",2.1921160724530373
"CGU",0.3925851796187446
"CUA",1.3736781872196517
"CUC",1.2044116113967536
"CUG",1.465606141588507
"CUU",4.439345203871719
"GAA",0.3042092143194671
"GAC",0.2798735703491591
"GAG",2.1642293098000227
"GAU",0.5063357525224815
"GCA",0.3263784008305681
"GCC",0.36932108511994943
"GCG",0.8544271803745092
"GCU",0.25620547280350886
"GGA",1.0232139066492503
"GGC",0.1711074225882633
"GGG",0.6816847739736623
"GGU",0.38559320957770404
"GUA",0.40591509482605737
"GUC",0.5124255858185399
"GUG",0.9949465009875855
"GUU",0.2720876757876406
"UAC",0.3688686177072681
"UAU",0.6090104048092564
"UCA",0.37303271823365364
"UCC",0.5351809727166086
"UCG",0.646574928256201
"UCU",0.24614656585327555
"UGC",0.5125486165779323
"UGG",0.21507757540229508
"UGU",0.7668733347032773
"UUA",0.5198588468462664
"UUC",0.29969007159824307
"UUG",0.21192534539728164
"UUU",0.530232903467146
