"codon","average_decoding_time"
"AAA",0.4583956339988222
"AAC",0.32660807995087787
"AAG",0.22989808715539198
"AAU",0.5591072171463617
"ACA",0.3500844908962177
"ACC",0.38219187226691165
"ACG",0.6868576180045082
"ACU",0.22976324075593754
"AGA",0.14769051121430085
"AGC",1.3911321449845135
"AGG",0.3074735520526405
"AGU",1.745917316373524
"AUA",0.44338301294616445
"AUC",0.4713632538508853
"AUG",0.5509909772093013
"AUU",0.2790369457360563
"CAA",0.46352369640903635
"CAC",0.5327048824842144
"CAG",0.6442142692397322
"CAU",0.7909212812896109
"CCA",0.31714247574686943
"CCC",2.1856616125364057
"CCG",0.44949039091009657
"CCU",1.79222302604447
"CGA",0.5117193742399044
"CGC",0.6311049351955198
"CGG",2.198047075246256
"CGU",0.3921727267877207
"CUA",1.3696116088201586
"CUC",1.2062207677943368
"CUG",1.4640604712071874
"CUU",1.2908388175659637
"GAA",0.30414546924067887
"GAC",0.2801687037778762
"GAG",0.46602853908283537
"GAU",0.5058795800397693
"GCA",0.3257581843209227
"GCC",0.36935160667140793
"GCG",0.8536446015826915
"GCU",0.22578605877273147
"GGA",1.0222066794049511
"GGC",0.17095699610535514
"GGG",0.6823421248749255
"GGU",0.38642693246746035
"GUA",0.40559996045913366
"GUC",0.5135741767985235
"GUG",0.996850909147328
"GUU",0.2844475595205891
"UAC",0.5326008233089926
"UAU",0.7908718224607449
"UCA",0.37810532518327084
"UCC",0.5427096291447882
"UCG",0.7887957097083897
"UCU",0.3099398550212296
"UGC",0.7025129903705216
"UGG",0.35310050225722645
"UGU",0.9818396649849817
"UUA",0.5779521952572034
"UUC",0.3421733152373814
"UUG",0.3273559502368431
"UUU",0.5765335990805672
