"codon","average_decoding_time"
"AAA",0.45768843863690634
"AAC",0.32635702051142257
"AAG",0.2299967207280822
"AAU",0.5583526339661595
"ACA",0.34970482881221815
"ACC",0.3823808555470374
"ACG",0.6657373577080754
"ACU",0.22887781965446444
"AGA",0.14820821365136425
"AGC",1.391167836813938
"AGG",0.3076585005256978
"AGU",1.7427995757889798
"AUA",0.4439832463284664
"AUC",0.47074003043259377
"AUG",0.5538076085511662
"AUU",0.2789244612773533
"CAA",0.46636838366951444
"CAC",0.5323645938930955
"CAG",0.6424050510294113
"CAU",0.7916221245934357
"CCA",0.31595846147953016
"CCC",2.1870865202152694
"CCG",0.5067718976078247
"CCU",1.7969631391912164
"CGA",0.5102953473558139
"CGC",0.631905048011424
"CGG",2.1972643294351486
"CGU",0.39257703867093013
"CUA",1.3706138844798357
"CUC",1.20499974430621
"CUG",1.4697451328451034
"CUU",1.2880509622854632
"GAA",0.2713294965842953
"GAC",0.2790046976536229
"GAG",0.4350975592636778
"GAU",0.5067620257083356
"GCA",0.32261561250119497
"GCC",0.3507318031485879
"GCG",0.711152764181408
"GCU",0.20813600454120026
"GGA",0.8292962234414712
"GGC",0.14838887907652723
"GGG",0.6324503289979597
"GGU",0.36135167316700434
"GUA",0.32439093852544804
"GUC",0.43312543769352163
"GUG",0.8615553138744843
"GUU",0.21251985175246976
"UAC",0.5324413594040293
"UAU",0.7879444657040917
"UCA",0.37594526435951103
"UCC",0.5422717464314539
"UCG",0.7878844159404362
"UCU",0.3107599045141896
"UGC",0.7048759077084191
"UGG",0.35340113862104733
"UGU",0.9824330113259181
"UUA",0.5772980840898506
"UUC",0.342131540446221
"UUG",0.2641386702790187
"UUU",0.5782745872111764
