"codon","average_decoding_time"
"AAA",0.45969121748697306
"AAC",0.326400961738159
"AAG",0.23005925272064154
"AAU",0.5601954720728124
"ACA",0.34985463306577963
"ACC",0.3818068688857247
"ACG",0.5799472520867154
"ACU",0.2294675126920754
"AGA",0.14802001627945893
"AGC",1.3972179122893447
"AGG",0.2918397638267776
"AGU",1.7489300394169145
"AUA",0.44451100846074365
"AUC",0.4706337301747079
"AUG",0.5492488352772373
"AUU",0.27900111438852765
"CAA",0.4644796804070204
"CAC",0.5325259518884244
"CAG",0.6448656589256434
"CAU",0.789258008270933
"CCA",0.31740597468300963
"CCC",2.1820373678034906
"CCG",1.838476922012377
"CCU",1.7964564784768922
"CGA",0.5097556971854729
"CGC",0.6336217458374872
"CGG",2.0323219055087125
"CGU",0.3939290163235312
"CUA",1.371229005789947
"CUC",1.209090375235041
"CUG",1.4635966239587268
"CUU",1.2939003433244802
"GAA",0.30390139903067503
"GAC",0.27974138598633136
"GAG",0.46531410611431095
"GAU",0.5074045949406846
"GCA",0.32626744936904234
"GCC",0.3696450123214018
"GCG",0.7443253170920728
"GCU",0.2257142127830779
"GGA",1.0252145376122366
"GGC",0.17151702160149043
"GGG",1.3711863108547282
"GGU",0.3862464639340102
"GUA",0.4042818990779263
"GUC",0.5126134428021516
"GUG",0.9987360080889153
"GUU",0.2842348368000185
"UAC",0.535178099819991
"UAU",0.7880245530313615
"UCA",0.37665292981531995
"UCC",0.5413207475500256
"UCG",2.9134125359905987
"UCU",0.3102815659044504
"UGC",0.7045195406965342
"UGG",0.3244340934241818
"UGU",0.9814368371233175
"UUA",0.5785776108268867
"UUC",0.3426684866144672
"UUG",0.26405186511769163
"UUU",0.5794651808538723
