"codon","average_decoding_time"
"AAA",0.4589365357921617
"AAC",0.3271478239824527
"AAG",0.22966496145234638
"AAU",0.558687612162239
"ACA",0.3501334930488987
"ACC",0.38216795100816103
"ACG",0.6872717178673396
"ACU",0.22956807491544629
"AGA",0.14791305118342538
"AGC",1.3926745101011997
"AGG",0.3073634075082352
"AGU",1.7489505263350775
"AUA",0.4432320398993282
"AUC",0.4713957634084368
"AUG",0.5516803180328558
"AUU",0.27841174078307984
"CAA",0.4637703550810529
"CAC",0.5328517570281075
"CAG",0.646318292163026
"CAU",0.7889364889525551
"CCA",0.3176066486731597
"CCC",2.189073309038323
"CCG",0.4494143519838325
"CCU",1.7913146053797946
"CGA",0.5103019365419197
"CGC",0.6333426160527427
"CGG",2.196638846813082
"CGU",0.3920771072069988
"CUA",1.373400191160979
"CUC",1.2096172478601863
"CUG",1.4564107281917877
"CUU",1.291361675139826
"GAA",0.3041898123638687
"GAC",0.2804124143431243
"GAG",0.46558743693052074
"GAU",0.5066712826333959
"GCA",0.3260658597913428
"GCC",0.3696057228077672
"GCG",0.8545434847370517
"GCU",0.22622341457602582
"GGA",1.0236056196970695
"GGC",0.1710394487679709
"GGG",0.6835307693368516
"GGU",0.3860920804069267
"GUA",0.4036360677279404
"GUC",0.5135056564594543
"GUG",0.9999755726408427
"GUU",0.28479574340551483
"UAC",0.534201356793506
"UAU",0.787413049659729
"UCA",0.3776175401610111
"UCC",0.5419863114012967
"UCG",0.788335139629557
"UCU",0.3098935877143694
"UGC",0.7069625646569917
"UGG",0.35359848786778314
"UGU",0.9797385064853549
"UUA",0.5786652658172474
"UUC",0.3428625328197552
"UUG",0.2635678099883147
"UUU",0.5788061630908485
