"codon","average_decoding_time"
"AAA",0.4590981032872428
"AAC",0.3263082245077126
"AAG",0.16190642661900517
"AAU",0.5601440790929516
"ACA",0.34986989505637095
"ACC",0.3822969054330252
"ACG",0.6866267418887326
"ACU",0.23005724397254163
"AGA",0.14885823190021716
"AGC",1.3930315969309837
"AGG",0.307328740830577
"AGU",1.7447812047023574
"AUA",0.44431980925880343
"AUC",0.4719699036212047
"AUG",0.55102067132839
"AUU",0.2778755325520064
"CAA",0.4643957482507828
"CAC",0.5340124712189587
"CAG",3.451599757355341
"CAU",0.7913752431063599
"CCA",0.3168125797492742
"CCC",2.1873576375087334
"CCG",0.44890978373143753
"CCU",1.7966838509658096
"CGA",0.509769201113779
"CGC",0.633847851979235
"CGG",2.197345778845333
"CGU",0.392618459902447
"CUA",1.368919428272978
"CUC",1.2059914495172461
"CUG",1.4646368611787652
"CUU",1.2916382681972083
"GAA",0.30461517569954766
"GAC",0.27998577071661385
"GAG",2.1612073615669574
"GAU",0.5069150685960422
"GCA",0.32611250747245346
"GCC",0.37029520179491526
"GCG",0.8549927050409418
"GCU",0.22623775141431499
"GGA",1.0232167602456153
"GGC",0.17097130004734767
"GGG",0.6822283498175203
"GGU",0.38608182063034663
"GUA",0.40559547319686357
"GUC",0.5139277036415362
"GUG",0.9979163332153692
"GUU",0.2861016635955462
"UAC",0.5337213386984672
"UAU",0.7913287058191827
"UCA",0.3770598975864242
"UCC",0.5424867935640144
"UCG",0.7847216441926941
"UCU",0.30988944188448914
"UGC",0.7062748927564392
"UGG",0.35293159826032844
"UGU",0.9819238466198599
"UUA",0.5790074007018908
"UUC",0.3436871400091308
"UUG",0.264323397140206
"UUU",0.5773276945932353
