"codon","average_decoding_time"
"AAA",0.4593188482854005
"AAC",0.32662696338218883
"AAG",0.23026933120574958
"AAU",0.5592700057850061
"ACA",0.3490580851629803
"ACC",0.38277109520301406
"ACG",0.6655269779430085
"ACU",0.22951914978591628
"AGA",0.1482647054085057
"AGC",1.390810213464984
"AGG",0.30758995273287554
"AGU",1.7481573404112947
"AUA",0.44407161195141776
"AUC",0.4721680842535872
"AUG",0.5528350530390391
"AUU",0.27772933582159154
"CAA",0.4657247764648753
"CAC",0.5316227090099149
"CAG",0.6450741015931516
"CAU",0.7883962428144197
"CCA",0.31717468688681305
"CCC",2.1896956679125337
"CCG",0.5064701746167998
"CCU",1.79686071320957
"CGA",0.5113819518260745
"CGC",0.6335655879763826
"CGG",2.19830429341278
"CGU",0.3931421207544124
"CUA",1.3727721890101952
"CUC",1.2068993410650202
"CUG",1.468168366566284
"CUU",1.2930178349073302
"GAA",0.2719249285692744
"GAC",0.28081730644450753
"GAG",0.43391124462814706
"GAU",0.5068071550305538
"GCA",0.3229553753652328
"GCC",0.349213385979934
"GCG",0.7118054509782676
"GCU",0.20750430656648222
"GGA",0.8313307113647276
"GGC",0.14906233930886678
"GGG",0.6324754767094176
"GGU",0.36069472489519866
"GUA",0.3242315512878653
"GUC",0.4328668935701267
"GUG",0.8587349496805562
"GUU",0.21191425004397532
"UAC",0.5334901747204224
"UAU",0.7912195871115932
"UCA",0.3777544518407223
"UCC",0.5411406559395316
"UCG",0.7878019829417982
"UCU",0.3116067846390852
"UGC",0.7052861202280657
"UGG",0.35495667065943104
"UGU",0.98204749764474
"UUA",0.5768452681678685
"UUC",0.34272282008853006
"UUG",0.2645502529259016
"UUU",0.5786825329292218
