"codon","average_decoding_time"
"AAA",0.4594191318167257
"AAC",0.3270848028352818
"AAG",0.230706915865283
"AAU",0.5598489304811156
"ACA",0.3504577805690903
"ACC",0.38210972700424095
"ACG",0.6881381192586983
"ACU",0.22998950720384514
"AGA",0.14771975419213523
"AGC",1.3915298697595253
"AGG",0.30718790700120563
"AGU",1.7448398720191964
"AUA",0.44324702028236984
"AUC",0.47109156697801635
"AUG",0.5508494358225187
"AUU",0.277783540507112
"CAA",0.4649758885308038
"CAC",0.5330953152561524
"CAG",0.6455875555596131
"CAU",0.7905011381809834
"CCA",0.3169805196988522
"CCC",2.1831627561352254
"CCG",0.4487925134564489
"CCU",1.789291812425033
"CGA",0.5098667070701356
"CGC",0.6339469914619416
"CGG",2.1984930328981998
"CGU",0.394244027015589
"CUA",1.3689750676927217
"CUC",1.2053667872881269
"CUG",1.462495205792096
"CUU",1.2940700088834576
"GAA",0.30298812511996565
"GAC",0.27957525846784703
"GAG",0.4668591443005011
"GAU",0.5067049746542391
"GCA",0.3264508971732835
"GCC",0.3691714817472006
"GCG",0.8535908250295172
"GCU",0.22598320086797108
"GGA",1.0231649718089657
"GGC",0.1717273132828369
"GGG",0.6828510228061685
"GGU",0.38616045427867185
"GUA",0.4052923959971653
"GUC",0.513067654532238
"GUG",0.9930104574616296
"GUU",0.28463190918215375
"UAC",0.5333493534116631
"UAU",0.7892430391455527
"UCA",0.37675857007033176
"UCC",0.5418801619070822
"UCG",0.7916771591316387
"UCU",0.3106834609574297
"UGC",0.7051924134438305
"UGG",0.3541805756305315
"UGU",0.9800741543439989
"UUA",0.5789498798404644
"UUC",0.3417209717720637
"UUG",0.26320917435374536
"UUU",0.5790051937248215
