"codon","average_decoding_time"
"AAA",0.45907372264577523
"AAC",0.3258848327403374
"AAG",0.2301917511924867
"AAU",0.5614915080358153
"ACA",0.35065653438858024
"ACC",0.38266520288120964
"ACG",0.6856792509690665
"ACU",0.22922591576238552
"AGA",0.14852792309013965
"AGC",1.3986530445667844
"AGG",0.30718243540442547
"AGU",1.743024146261653
"AUA",0.4439791265655087
"AUC",0.4720928747377957
"AUG",0.5505219123602128
"AUU",0.27789653194511904
"CAA",0.46552789345972695
"CAC",0.5348125081141314
"CAG",0.6434321105542247
"CAU",0.7884760755781067
"CCA",0.31653868241918043
"CCC",2.1825592086265333
"CCG",0.4504752078171519
"CCU",1.7980395797938955
"CGA",0.5106645337436906
"CGC",0.6343813892504826
"CGG",2.194309128380325
"CGU",0.3914369549371452
"CUA",1.3737990662766495
"CUC",1.2062945655127484
"CUG",1.4646557225741805
"CUU",1.2897864306111286
"GAA",0.303888187507032
"GAC",0.2789177469564823
"GAG",0.46430949669914123
"GAU",0.5085339106554341
"GCA",0.32668411689755406
"GCC",0.3694804938140859
"GCG",0.8533432883392361
"GCU",0.22542058812702861
"GGA",1.0250356189517977
"GGC",0.17137920171902019
"GGG",0.6834423692759917
"GGU",0.38632932917615886
"GUA",0.40538146815086046
"GUC",0.5129999442091336
"GUG",0.9956558228198685
"GUU",0.28472464015871424
"UAC",0.5336605726605926
"UAU",0.7894402469532821
"UCA",0.37742102533405597
"UCC",0.5418790530576061
"UCG",0.7889986769350114
"UCU",0.31076161604111396
"UGC",0.7062246704051208
"UGG",0.353083373314626
"UGU",0.9797720304165876
"UUA",0.5779016787581487
"UUC",0.34334102735965744
"UUG",0.2633792463050065
"UUU",0.5781338122787023
