"codon","average_decoding_time"
"AAA",0.4606951730004428
"AAC",0.32756856355382286
"AAG",0.2298885603124886
"AAU",0.5584139248629489
"ACA",0.3496557536353788
"ACC",0.3817987378942188
"ACG",0.6866507459614244
"ACU",0.22913975665623357
"AGA",0.14815374089305625
"AGC",1.3888980465597769
"AGG",0.3068419681524698
"AGU",1.745424486568602
"AUA",0.44431466476633474
"AUC",0.4711283828781667
"AUG",0.5509812827448912
"AUU",0.27895481280307827
"CAA",0.4645174497355581
"CAC",0.5349035065259777
"CAG",0.6460106215950912
"CAU",0.7892053038722996
"CCA",0.317937415389271
"CCC",2.186970715843144
"CCG",0.4490368946117515
"CCU",1.791634386742271
"CGA",0.5094030847763117
"CGC",0.6313353712990043
"CGG",2.194202526344919
"CGU",0.3921433010681313
"CUA",1.3706296561394908
"CUC",1.2037946930573056
"CUG",1.4641484527112485
"CUU",1.28731771716681
"GAA",0.3042310145247214
"GAC",0.28024213126107633
"GAG",0.465437900724115
"GAU",0.5071327589365291
"GCA",0.3260825781807141
"GCC",0.3695297959612411
"GCG",0.8523060719341401
"GCU",0.22564604606706004
"GGA",1.0225171333730567
"GGC",0.1719473646485884
"GGG",0.68669227274866
"GGU",0.3855699883936441
"GUA",0.4050627458715025
"GUC",0.5139745807431425
"GUG",1.0009280268871508
"GUU",0.2850700282889088
"UAC",0.530947777587931
"UAU",0.7885955088070749
"UCA",0.37820530632369054
"UCC",0.5415066212795359
"UCG",0.7877074817862462
"UCU",0.31033406914834444
"UGC",0.7057579491729237
"UGG",0.35567850577035565
"UGU",0.9808983095571824
"UUA",0.5805796945450332
"UUC",0.3425473387272822
"UUG",0.2646930141005453
"UUU",0.5769827085806746
