"codon","average_decoding_time"
"AAA",0.4593452335556743
"AAC",0.32618941675391416
"AAG",0.2300632873877461
"AAU",0.5591061874925094
"ACA",0.35052028014149955
"ACC",0.3825833175385657
"ACG",0.6872984882819647
"ACU",0.22940071093297199
"AGA",0.14796954869218226
"AGC",1.3896301480366449
"AGG",0.306703506126036
"AGU",1.744158890220191
"AUA",0.44432008843925
"AUC",0.47186661062687385
"AUG",0.5211926939744145
"AUU",0.2778195957264654
"CAA",0.4644275694789122
"CAC",0.5335346033656413
"CAG",0.6448892504331514
"CAU",0.7900759136779616
"CCA",0.3174123277409384
"CCC",2.195455753971454
"CCG",0.4483664679793525
"CCU",1.796708486020917
"CGA",0.5093367272252045
"CGC",0.6342287333756538
"CGG",2.200830748825015
"CGU",0.3938941431307986
"CUA",1.3702865074711075
"CUC",1.2041356988159582
"CUG",1.4026722962950693
"CUU",1.2905010484296406
"GAA",0.3053885461729332
"GAC",0.27901803331810576
"GAG",0.46556095794426733
"GAU",0.5059642066709107
"GCA",0.3267952067149051
"GCC",0.3701623236828479
"GCG",0.8523634929115187
"GCU",0.22572908041649042
"GGA",1.0248124088303026
"GGC",0.17162011294978965
"GGG",0.6852853358574997
"GGU",0.3868777324342911
"GUA",0.4047051224621545
"GUC",0.5141312600106176
"GUG",2.0735401828778057
"GUU",0.2858245263667986
"UAC",0.5332253983519148
"UAU",0.7873483801951812
"UCA",0.3767755859231755
"UCC",0.5421782670577628
"UCG",0.7879566015928727
"UCU",0.30979545944514
"UGC",0.7032111554163192
"UGG",0.35320831199511404
"UGU",0.980958884321501
"UUA",0.5783485571275033
"UUC",0.3426177570723253
"UUG",0.2522763647941969
"UUU",0.5783994927815503
