"codon","average_decoding_time"
"AAA",0.4582994349897875
"AAC",0.32651612409665826
"AAG",0.22979444883142836
"AAU",0.5619017172297779
"ACA",0.34990899623798233
"ACC",0.3819422459867237
"ACG",0.6848383667785998
"ACU",0.23012392415848149
"AGA",0.14774956221023822
"AGC",1.3918801337517097
"AGG",0.3070215696775398
"AGU",1.7411429559250293
"AUA",0.4434649862179664
"AUC",0.4712016399494434
"AUG",0.5504868289759262
"AUU",0.2773653522571453
"CAA",0.46289478645067955
"CAC",0.5341290352043285
"CAG",0.6469430872225654
"CAU",0.7901590571881205
"CCA",0.31530237351779133
"CCC",2.190269839842201
"CCG",0.44953668147195613
"CCU",1.7900043517201976
"CGA",0.5098826173367492
"CGC",0.6325853671078563
"CGG",2.1943252131693436
"CGU",0.392111541488684
"CUA",1.3701474869538577
"CUC",1.206606792081222
"CUG",1.463316418576393
"CUU",1.290835291143405
"GAA",0.3039315015309894
"GAC",0.2800956778025071
"GAG",0.46463161866253627
"GAU",0.5062857062711587
"GCA",0.32693392524342346
"GCC",0.36945254061835164
"GCG",0.8540250319562365
"GCU",0.2259365855474731
"GGA",1.02605675422125
"GGC",0.1720198438179096
"GGG",0.6815679989316664
"GGU",0.38657530197373435
"GUA",0.40529147820614614
"GUC",0.5118899700402993
"GUG",0.9972906800285564
"GUU",0.28509739396799494
"UAC",0.5325473139533694
"UAU",0.7894948946958464
"UCA",0.3777610663242038
"UCC",0.5423672851080558
"UCG",0.7870469933353503
"UCU",0.310265038169496
"UGC",0.7052941303708131
"UGG",0.3537532280446716
"UGU",0.9817747772846603
"UUA",0.5787958108926582
"UUC",0.3431211239193798
"UUG",0.2642231158944095
"UUU",0.5780994723688565
