"codon","average_decoding_time"
"AAA",0.45820532457537805
"AAC",0.327234163640677
"AAG",0.2299380534738066
"AAU",0.5608401970149974
"ACA",0.3504115145970334
"ACC",0.38267475113503174
"ACG",0.6871330012889987
"ACU",0.23000770979862742
"AGA",0.1479520936934578
"AGC",1.3884563295593995
"AGG",0.30700481476637925
"AGU",1.7459609261841857
"AUA",0.44311320962496686
"AUC",0.47073361479944664
"AUG",0.521941663055397
"AUU",0.27849545751436
"CAA",0.4647379794418937
"CAC",0.532890608540669
"CAG",0.6463277616976801
"CAU",0.7884733114073815
"CCA",0.3162946161055018
"CCC",2.1943830757854172
"CCG",0.4504939381478373
"CCU",1.7925345995136153
"CGA",0.5092009401968621
"CGC",0.6320304737002473
"CGG",2.2031626682448455
"CGU",0.39143289705523304
"CUA",1.3701373039243174
"CUC",1.2060464174525838
"CUG",1.4011934719462888
"CUU",1.2900580803460662
"GAA",0.3036310509412071
"GAC",0.27974131108666084
"GAG",0.4660811074530145
"GAU",0.5077681495653555
"GCA",0.3266424472793218
"GCC",0.36989183566967826
"GCG",0.8535336956375152
"GCU",0.22580066453214195
"GGA",1.0217559953682174
"GGC",0.1706576511811913
"GGG",0.6829243386136874
"GGU",0.3864838244102602
"GUA",0.4042257436100692
"GUC",0.5140141627961851
"GUG",2.0750808799124547
"GUU",0.2847089652202882
"UAC",0.5350962022837928
"UAU",0.7906737140458414
"UCA",0.3779004640436325
"UCC",0.5416376189487271
"UCG",0.7893938745213737
"UCU",0.310621400592494
"UGC",0.705026192775556
"UGG",0.353656726094214
"UGU",0.981377547889684
"UUA",0.5773716367417265
"UUC",0.3417106919467339
"UUG",0.25302421172392814
"UUU",0.577536007060087
