"codon","average_decoding_time"
"AAA",0.4579527921905528
"AAC",0.32683718322059035
"AAG",0.16126165772020964
"AAU",0.5597573445268412
"ACA",0.3497439618443462
"ACC",0.3826536775746809
"ACG",0.6871846988254657
"ACU",0.22416178509984092
"AGA",0.1478848112870158
"AGC",1.3923672731726677
"AGG",0.30653300641915376
"AGU",1.7486893027947141
"AUA",0.44332199231479413
"AUC",0.47286546763528864
"AUG",0.551755968644865
"AUU",0.2656678067560088
"CAA",0.46390604241259503
"CAC",0.5323743722497332
"CAG",3.4717120817173677
"CAU",0.7890686389251154
"CCA",0.3173483785833892
"CCC",2.191607155210341
"CCG",0.449045300437621
"CCU",1.6187733219101945
"CGA",0.510319476920254
"CGC",0.6344986999958986
"CGG",2.1982004234598262
"CGU",0.39157418412275397
"CUA",1.373621910871643
"CUC",1.2047069940181312
"CUG",1.4627651655673715
"CUU",4.45015839158752
"GAA",0.30310342477920105
"GAC",0.27945473798417914
"GAG",2.1658207565030403
"GAU",0.5072326887444734
"GCA",0.3260125311964266
"GCC",0.36870921583340116
"GCG",0.8538590387502178
"GCU",0.256918749489744
"GGA",1.0234579099914813
"GGC",0.1709460479502969
"GGG",0.6832590110677292
"GGU",0.38648117047498914
"GUA",0.40403784806997545
"GUC",0.5127460645488647
"GUG",0.9934138639203353
"GUU",0.2716325472433521
"UAC",0.36991855304959204
"UAU",0.6069572296769634
"UCA",0.37252225782052745
"UCC",0.5349288975852398
"UCG",0.6484451314243752
"UCU",0.2453676147149052
"UGC",0.5139196945245362
"UGG",0.332753121197498
"UGU",0.7652964811927893
"UUA",0.5197120714481841
"UUC",0.2996921805869598
"UUG",0.21324583892071572
"UUU",0.5298017942595834
