"codon","average_decoding_time"
"AAA",0.4601644354957288
"AAC",0.3254396720149003
"AAG",0.22928025230276358
"AAU",0.5601922795149531
"ACA",0.3504197617638282
"ACC",0.38112946401423736
"ACG",0.6862105552462431
"ACU",0.22336051046017733
"AGA",0.14833322780676297
"AGC",1.3915954264893564
"AGG",0.30653178815085785
"AGU",1.7426361122260439
"AUA",0.4437500722779037
"AUC",0.47074183025457345
"AUG",0.5505488230798332
"AUU",0.2657946716876361
"CAA",0.4633868603166872
"CAC",0.5337554447867537
"CAG",0.6451042966567645
"CAU",0.7892710561834783
"CCA",0.31673348079235275
"CCC",2.18823153582323
"CCG",0.44947102658336524
"CCU",1.622313937627414
"CGA",0.5105038244192296
"CGC",0.6329355058534314
"CGG",2.1994319762482037
"CGU",0.3924918880079589
"CUA",1.3737322807776995
"CUC",1.2064551928334994
"CUG",1.4635194298685597
"CUU",4.443753042923981
"GAA",0.3047791195364433
"GAC",0.28028635362019644
"GAG",0.46613637507584094
"GAU",0.5056856972954051
"GCA",0.32679738315995843
"GCC",0.3704502084771162
"GCG",0.8539204289975898
"GCU",0.2566200556078187
"GGA",1.021520888106712
"GGC",0.1717719577410962
"GGG",0.6836287974896579
"GGU",0.3871885143642437
"GUA",0.40608154601983903
"GUC",0.5129822019135101
"GUG",0.9955567027619314
"GUU",0.2716983374247565
"UAC",0.3695577096629458
"UAU",0.6083812954341593
"UCA",0.3736377608743922
"UCC",0.5354748909494785
"UCG",0.6455265144215341
"UCU",0.24556606446927742
"UGC",0.5127708454309353
"UGG",0.3327479326134812
"UGU",0.7676140638361143
"UUA",0.5193427014066915
"UUC",0.29925886454202894
"UUG",0.24326000537811285
"UUU",0.5296486414928844
