"codon","average_decoding_time"
"AAA",0.4580403290340312
"AAC",0.32597467795704443
"AAG",0.22973729882676572
"AAU",0.5590010706525731
"ACA",0.3500737649365661
"ACC",0.3820177110617553
"ACG",0.6659274546986781
"ACU",0.23016279220155703
"AGA",0.14805278432109867
"AGC",1.3934191716731683
"AGG",0.3067641871665368
"AGU",1.744035040517841
"AUA",0.4445293090638146
"AUC",0.47197285349445445
"AUG",0.551696857535932
"AUU",0.2788223779440609
"CAA",0.4664202091116247
"CAC",0.5319123841600208
"CAG",0.6466610474316082
"CAU",0.7892598599081991
"CCA",0.3169766918771149
"CCC",2.1860633744036204
"CCG",0.5060795399207166
"CCU",1.7943308472936266
"CGA",0.5104742894273547
"CGC",0.6329070292210566
"CGG",2.193810463178674
"CGU",0.39356034666013373
"CUA",1.3730725391719907
"CUC",1.2093316474256117
"CUG",1.4678002834591015
"CUU",1.2872775222175825
"GAA",0.27134856662797396
"GAC",0.28037467413384326
"GAG",0.43467427867626546
"GAU",0.5069144804684036
"GCA",0.32229445707774534
"GCC",0.3495759501226088
"GCG",0.7103983218370318
"GCU",0.2075258288573541
"GGA",0.8298112828517096
"GGC",0.14917787855986267
"GGG",0.631716145120796
"GGU",0.362030420300716
"GUA",0.3244538957296919
"GUC",0.432328619858244
"GUG",0.8571048702178433
"GUU",0.21265897468142816
"UAC",0.5335983889313959
"UAU",0.7884212934585326
"UCA",0.376281264361317
"UCC",0.540531877099071
"UCG",0.7866131251600558
"UCU",0.3110055434298732
"UGC",0.7055977389270432
"UGG",0.3538619402788627
"UGU",0.9804039923235149
"UUA",0.5796956646801902
"UUC",0.3434174739616761
"UUG",0.26414655987942576
"UUU",0.5777123597780685
