"codon","average_decoding_time"
"AAA",0.4607090612300849
"AAC",0.325952132889015
"AAG",0.2293624815501848
"AAU",0.5595414905127583
"ACA",0.34913471534430596
"ACC",0.381975447204553
"ACG",0.5792172092035807
"ACU",0.2298072495879781
"AGA",0.14800384001005332
"AGC",1.396379188957793
"AGG",0.2916083115359516
"AGU",1.7440689137629342
"AUA",0.44425456905119365
"AUC",0.4726136689186784
"AUG",0.5520849181607971
"AUU",0.278812663612093
"CAA",0.4644656276452872
"CAC",0.5320421102706019
"CAG",0.6436637015995252
"CAU",0.7884570489506402
"CCA",0.31647750186561
"CCC",2.188401013304928
"CCG",1.8405317384728517
"CCU",1.7951615625218194
"CGA",0.5099454113664977
"CGC",0.633434092819397
"CGG",2.0345221131814535
"CGU",0.39475877208559407
"CUA",1.3717635322283128
"CUC",1.2068419724096546
"CUG",1.4657582391137967
"CUU",1.289375984079637
"GAA",0.3044750873542171
"GAC",0.27991374511001793
"GAG",0.464880841371285
"GAU",0.5071212821157038
"GCA",0.3253090402146192
"GCC",0.36960746217131163
"GCG",0.7432824029513766
"GCU",0.22557420210653126
"GGA",1.0240658328842152
"GGC",0.17147672648050494
"GGG",1.3633671919182804
"GGU",0.3869118712599511
"GUA",0.4048408825689656
"GUC",0.5138400411288541
"GUG",0.9963833140752076
"GUU",0.28461977147952855
"UAC",0.5327487315463834
"UAU",0.7870943960723449
"UCA",0.37774267208186924
"UCC",0.5407848885266526
"UCG",2.9166866763368753
"UCU",0.3101557020368719
"UGC",0.7061393345844337
"UGG",0.3234871753168088
"UGU",0.9823060654070256
"UUA",0.5778702331575727
"UUC",0.34321640697987005
"UUG",0.2639222956627784
"UUU",0.5784544921428675
