"codon","average_decoding_time"
"AAA",0.45940931796487267
"AAC",0.3259890708668759
"AAG",0.23022911621287595
"AAU",0.5592007221775193
"ACA",0.3508955809761827
"ACC",0.3830570030226964
"ACG",0.5794929252250316
"ACU",0.22909699853584806
"AGA",0.14793131146147107
"AGC",1.3952850473623015
"AGG",0.2918623782295908
"AGU",1.7442887035513217
"AUA",0.44437140024614463
"AUC",0.47169902154017046
"AUG",0.5520630809352808
"AUU",0.2779030062164531
"CAA",0.4641587284573227
"CAC",0.5333504579689209
"CAG",0.6466659074020454
"CAU",0.7901576649911535
"CCA",0.3170972896169442
"CCC",2.1912063206171
"CCG",1.8455224884980117
"CCU",1.7951197565463775
"CGA",0.5100001589134429
"CGC",0.6338722177689035
"CGG",2.028499647510086
"CGU",0.3934111999328228
"CUA",1.3696491986547354
"CUC",1.21168659314203
"CUG",1.46490702127084
"CUU",1.2883439220026973
"GAA",0.3042526926192274
"GAC",0.27922856453558365
"GAG",0.4653336908733518
"GAU",0.5062149526941173
"GCA",0.32611550133561434
"GCC",0.3697964675751438
"GCG",0.7428502251249341
"GCU",0.22560049424201906
"GGA",1.0236575872390534
"GGC",0.17104066873168694
"GGG",1.3637869681458137
"GGU",0.3870527139290868
"GUA",0.40520060929453267
"GUC",0.5138634961726096
"GUG",0.9968541536441848
"GUU",0.2848403478040826
"UAC",0.5344583845341603
"UAU",0.7891052542515289
"UCA",0.3769788244245588
"UCC",0.5415524576474562
"UCG",2.9172476867706583
"UCU",0.31129725088013555
"UGC",0.7057168790698743
"UGG",0.32399375522137686
"UGU",0.9799336516575564
"UUA",0.5783581886718171
"UUC",0.3419706407268744
"UUG",0.2642103860394731
"UUU",0.5783140298267704
