"codon","average_decoding_time"
"AAA",0.45820547494557107
"AAC",0.32583812659954997
"AAG",0.1613080606115888
"AAU",0.5602402910414963
"ACA",0.3491169772987765
"ACC",0.38222340925061105
"ACG",0.6870503196272181
"ACU",0.22970587746853527
"AGA",0.14791021903199775
"AGC",1.3981837914779713
"AGG",0.30657358062503626
"AGU",1.7482654562209985
"AUA",0.444147053442473
"AUC",0.47179169017838857
"AUG",0.5506561828923078
"AUU",0.2784363213333228
"CAA",0.4635011928354908
"CAC",0.5326941584763465
"CAG",3.460665136983253
"CAU",0.7914215679568695
"CCA",0.31763798966310475
"CCC",2.1873610760528837
"CCG",0.45053874353407153
"CCU",1.7953392051664663
"CGA",0.5094597629770081
"CGC",0.6315139214738122
"CGG",2.192753003651843
"CGU",0.39171486165521086
"CUA",1.3722679102299948
"CUC",1.209067944105413
"CUG",1.4689350281726694
"CUU",1.2888459292484107
"GAA",0.3037854973531498
"GAC",0.2790501941359436
"GAG",2.1579432303127786
"GAU",0.507015663371103
"GCA",0.3255364651103406
"GCC",0.3692128814062465
"GCG",0.8511767161837277
"GCU",0.2261076722403165
"GGA",1.0229968202464768
"GGC",0.17160056442062382
"GGG",0.6845642937935171
"GGU",0.38621419202427465
"GUA",0.40510298090093155
"GUC",0.5128196052336287
"GUG",0.9965991779890759
"GUU",0.2847149815812236
"UAC",0.5345059353710775
"UAU",0.7891011209688107
"UCA",0.37719227788579424
"UCC",0.5419549734168906
"UCG",0.7879113724860075
"UCU",0.3104619549629123
"UGC",0.7053188945197393
"UGG",0.3539051837013265
"UGU",0.9852848166287211
"UUA",0.580886039722265
"UUC",0.3431972925680725
"UUG",0.2634334126322429
"UUU",0.5778127875752602
