"codon","average_decoding_time"
"AAA",0.4596187069978338
"AAC",0.32638637455211056
"AAG",0.23026920030180065
"AAU",0.55947889427126
"ACA",0.35001225441382317
"ACC",0.38325885953609035
"ACG",0.6871371160392251
"ACU",0.22975988034671618
"AGA",0.14797624428128328
"AGC",1.3941664596004366
"AGG",0.3068775059927622
"AGU",1.746187254304481
"AUA",0.4437353077050088
"AUC",0.47049647142437034
"AUG",0.55132554137896
"AUU",0.2776772098536747
"CAA",0.46432861803336106
"CAC",0.532327893127032
"CAG",0.6463044370143044
"CAU",0.7898288239557371
"CCA",0.3175752153593625
"CCC",2.1853241694679904
"CCG",0.4494761058682114
"CCU",1.7947127791287805
"CGA",0.5104344560416411
"CGC",0.6343009604198039
"CGG",2.198101400869246
"CGU",0.39272471699173844
"CUA",1.3710923947798719
"CUC",1.2081633926230675
"CUG",1.460325463998998
"CUU",1.2908369776494983
"GAA",0.3039500054620164
"GAC",0.27899573531279215
"GAG",0.4658084055000998
"GAU",0.5067651376382074
"GCA",0.32613561978584693
"GCC",0.3696084462872601
"GCG",0.8537071881554228
"GCU",0.2256788318536128
"GGA",1.0234470144173822
"GGC",0.1712832856089145
"GGG",0.6851418897311073
"GGU",0.38716032223714475
"GUA",0.40477443139161173
"GUC",0.5132198523863021
"GUG",0.9958080099746608
"GUU",0.28479564275706015
"UAC",0.5338365475793426
"UAU",0.7902134990896035
"UCA",0.37773198170111477
"UCC",0.5399217105648614
"UCG",0.7910274501430735
"UCU",0.3106839855988932
"UGC",0.7040373279343116
"UGG",0.35271831309087287
"UGU",0.9796852479871592
"UUA",0.5785536713669915
"UUC",0.3436639360163242
"UUG",0.2643126816265465
"UUU",0.5776551602055466
