"codon","average_decoding_time"
"AAA",0.45777302181471013
"AAC",0.32769446849821254
"AAG",0.1613844293388864
"AAU",0.5590593468407004
"ACA",0.3501038721716552
"ACC",0.38218771363356735
"ACG",0.6878086863921585
"ACU",0.22965282400243067
"AGA",0.14804738025700193
"AGC",1.3910851443552315
"AGG",1.801354233756771
"AGU",1.7447078222131744
"AUA",0.4447296616338627
"AUC",0.4718981081941463
"AUG",0.5530659594668046
"AUU",0.2789260165547055
"CAA",0.4640001664085408
"CAC",0.5322199297902086
"CAG",3.4652545465591595
"CAU",0.7906603942526542
"CCA",0.3171394786413206
"CCC",2.1955567276839707
"CCG",0.4497631979425685
"CCU",1.7931234558284528
"CGA",0.5096583071383454
"CGC",0.6325151305170383
"CGG",2.199879687341098
"CGU",0.39242317935888815
"CUA",1.3727846786735685
"CUC",1.207135006376178
"CUG",1.4663603386700517
"CUU",1.2886577675509678
"GAA",0.3041571498300383
"GAC",0.27967986442163856
"GAG",2.1578299417592675
"GAU",0.5069448720892478
"GCA",0.32677465179121645
"GCC",0.3692137134396502
"GCG",0.8545259982919995
"GCU",0.225469006159948
"GGA",1.0227200209203895
"GGC",0.1718951929491737
"GGG",0.6824417723581332
"GGU",0.38714426888376907
"GUA",0.4058045024674172
"GUC",0.5137653215801934
"GUG",0.9954844717055961
"GUU",0.2858072779572167
"UAC",0.5342320321070402
"UAU",0.7897753198381676
"UCA",0.37932478589086216
"UCC",0.5418662159256885
"UCG",0.7887583173760414
"UCU",0.31065331297408716
"UGC",0.7039558196314769
"UGG",0.35325326713323907
"UGU",0.9774962940396679
"UUA",0.5779546713454746
"UUC",0.3426797298762567
"UUG",0.264791475157934
"UUU",0.577189771332504
