"codon","average_decoding_time"
"AAA",0.46102689054287493
"AAC",0.32603974943845754
"AAG",0.22966006523026886
"AAU",0.55952027730274
"ACA",0.349618781328959
"ACC",0.3818925009508106
"ACG",0.664611852369819
"ACU",0.22902865086298504
"AGA",0.14815117653897963
"AGC",1.3976537815618908
"AGG",0.3072969235266946
"AGU",1.7504653527898364
"AUA",0.44372197191486495
"AUC",0.4724044727382063
"AUG",0.551403890391547
"AUU",0.2779831047403927
"CAA",0.46573131826848646
"CAC",0.5314212528534177
"CAG",0.6436205807720309
"CAU",0.7889390783108453
"CCA",0.3168474825533499
"CCC",2.1917615262107395
"CCG",0.507832676065214
"CCU",1.7900710531809103
"CGA",0.5105900979496115
"CGC",0.6322395848472907
"CGG",2.196691049481523
"CGU",0.39156121931052096
"CUA",1.3719418460466786
"CUC",1.208028375445395
"CUG",1.4649609436324904
"CUU",1.288041694576397
"GAA",0.27275984995652824
"GAC",0.2798415154447434
"GAG",0.43562288497011514
"GAU",0.5082700182907535
"GCA",0.32248348503217616
"GCC",0.3497357149255035
"GCG",0.7123758334461402
"GCU",0.2067320355095427
"GGA",0.8297158692802719
"GGC",0.14902205647963232
"GGG",0.6334666175538527
"GGU",0.3608361097753307
"GUA",0.324317145881577
"GUC",0.43246587564277744
"GUG",0.8575417767920757
"GUU",0.21266872965732223
"UAC",0.5342604401313074
"UAU",0.7903992924143528
"UCA",0.37693671147273605
"UCC",0.5418482134520125
"UCG",0.7897646872106391
"UCU",0.3110891896896632
"UGC",0.7057563185910457
"UGG",0.35296905465529366
"UGU",0.9802440100212413
"UUA",0.5802639988501939
"UUC",0.34085017523593547
"UUG",0.26346886770530337
"UUU",0.5768775337048215
