"codon","average_decoding_time"
"AAA",0.45971424434135155
"AAC",0.3274236644714409
"AAG",0.229828124934274
"AAU",0.5586973864361598
"ACA",0.35048981607197716
"ACC",0.3817034277104869
"ACG",0.6857256993337517
"ACU",0.22335183729114666
"AGA",0.14804465125101587
"AGC",1.3979636828272857
"AGG",0.3068225909661427
"AGU",1.7525171522644116
"AUA",0.4444007581840858
"AUC",0.47082730235462833
"AUG",0.5517526862618615
"AUU",0.2649391552549951
"CAA",0.4648144208418271
"CAC",0.5305731166825669
"CAG",0.6435606363822236
"CAU",0.7889710584337508
"CCA",0.3177057563717535
"CCC",2.1894138159162466
"CCG",0.44920273384662246
"CCU",1.6251730059066825
"CGA",0.5099198791902644
"CGC",0.6315084886352071
"CGG",2.1980037866445334
"CGU",0.3932720619256135
"CUA",1.373318185791617
"CUC",1.2031308343337368
"CUG",1.4634512713070054
"CUU",4.426954310746614
"GAA",0.3033628556825197
"GAC",0.27913318451582214
"GAG",0.46529275512002194
"GAU",0.5075643056237483
"GCA",0.3258569888018468
"GCC",0.3697806965991105
"GCG",0.8528800408507214
"GCU",0.25564386931914024
"GGA",1.0256833814136301
"GGC",0.17210083159726164
"GGG",0.683852847425715
"GGU",0.3866979407290163
"GUA",0.40642463421843056
"GUC",0.5146260219181035
"GUG",0.9957921808595944
"GUU",0.2723345818846691
"UAC",0.36975201200390406
"UAU",0.6086034353074214
"UCA",0.37276617599157
"UCC",0.5353462794777114
"UCG",0.6459232711106456
"UCU",0.24512785378334798
"UGC",0.5135571937876792
"UGG",0.3350571812717571
"UGU",0.7668779966789623
"UUA",0.519881159669567
"UUC",0.299735336887203
"UUG",0.21292154831820706
"UUU",0.5289019846136341
