"codon","average_decoding_time"
"AAA",0.4586243889951182
"AAC",0.32693071671697455
"AAG",0.22965536306722772
"AAU",0.5595691313792942
"ACA",0.34954602414459957
"ACC",0.3823939118229706
"ACG",0.6861824132181433
"ACU",0.22975972955682314
"AGA",0.14788294854604675
"AGC",1.3896592644138333
"AGG",0.307068122622884
"AGU",1.748364454201861
"AUA",0.44434020189531653
"AUC",0.4722002077453507
"AUG",0.5508140848169608
"AUU",0.2785632596908009
"CAA",0.4652421803178216
"CAC",0.534711027095146
"CAG",0.6450849410077901
"CAU",0.7900821900925669
"CCA",0.3170436135927102
"CCC",2.1945063213804987
"CCG",0.449183676920525
"CCU",1.7865174447512142
"CGA",0.5093081710123066
"CGC",0.6355333479123804
"CGG",2.2001624941044766
"CGU",0.39226671223517273
"CUA",1.3689236699114602
"CUC",1.209138085113296
"CUG",1.4635849286873779
"CUU",1.2917343470119327
"GAA",0.3038181207970794
"GAC",0.2788314265862596
"GAG",0.4647389599911891
"GAU",0.5075146321767953
"GCA",0.326750918575896
"GCC",0.3691143934883654
"GCG",0.8561104597542661
"GCU",0.22583788326403242
"GGA",1.0233126514253927
"GGC",0.17083762395988494
"GGG",0.6845118455123893
"GGU",0.3864553247702508
"GUA",0.4056799251766529
"GUC",0.5124959445844329
"GUG",0.995581542223003
"GUU",0.28559459047381053
"UAC",0.5335836854906597
"UAU",0.7926316298542333
"UCA",0.3771706342849287
"UCC",0.5418940591707243
"UCG",0.7893234699399536
"UCU",0.3117195109113864
"UGC",0.7042985267043881
"UGG",0.3521722720861481
"UGU",0.9817331769172808
"UUA",0.5791933054752529
"UUC",0.34370351704265517
"UUG",0.26412705608343595
"UUU",0.5783456026192834
