"codon","average_decoding_time"
"AAA",0.4602029499799344
"AAC",0.32750514931120145
"AAG",0.16143500073029748
"AAU",0.5610088716328259
"ACA",0.34977359199370905
"ACC",0.382629899757922
"ACG",0.6870130211649441
"ACU",0.22918691621811818
"AGA",0.14823480512802742
"AGC",1.397560246541366
"AGG",0.3075297002999622
"AGU",1.745893288139085
"AUA",0.4428916379742311
"AUC",0.47126893266471676
"AUG",0.5512995009123494
"AUU",0.2782174818713656
"CAA",0.4638334175821454
"CAC",0.5327354967513589
"CAG",3.460942717761284
"CAU",0.7914267151355098
"CCA",0.3172522503252929
"CCC",2.184708363573161
"CCG",0.4489837166145568
"CCU",1.7969496119897308
"CGA",0.5105253491976047
"CGC",0.6348323058476011
"CGG",2.206458641040468
"CGU",0.39226398484391245
"CUA",1.3712220264456894
"CUC",1.2067780095360867
"CUG",1.4656871396752904
"CUU",1.288240897115653
"GAA",0.3030893320074328
"GAC",0.27928564187803795
"GAG",2.1632257404902746
"GAU",0.5078227849548194
"GCA",0.3256230958782646
"GCC",0.3700205404352502
"GCG",0.8523090603252986
"GCU",0.2260519122194925
"GGA",1.02587977544352
"GGC",0.17091018653903525
"GGG",0.682986772410412
"GGU",0.386756864231298
"GUA",0.40534556743825184
"GUC",0.5131265072906622
"GUG",0.995236179493748
"GUU",0.28508883889689157
"UAC",0.5321675527717251
"UAU",0.7878996825461527
"UCA",0.3781756391786635
"UCC",0.5428644949384461
"UCG",0.7873400047631869
"UCU",0.3109964232348649
"UGC",0.7059493970083485
"UGG",0.3533604235863837
"UGU",0.9828747407966614
"UUA",0.5780665319751679
"UUC",0.34308212611398936
"UUG",0.2638307325136485
"UUU",0.5765153595250856
