"codon","average_decoding_time"
"AAA",0.4583672212050471
"AAC",0.32682365508597644
"AAG",0.23016795037434348
"AAU",0.5599561572767958
"ACA",0.35050470866121236
"ACC",0.38271740320807407
"ACG",0.6657451257952804
"ACU",0.2306127813790188
"AGA",0.1486882986840149
"AGC",1.3949619904801962
"AGG",0.30641779460941193
"AGU",1.7432312537340864
"AUA",0.4428541054584383
"AUC",0.47149890465880295
"AUG",0.5513849181813008
"AUU",0.27893692832735156
"CAA",0.4651572782439292
"CAC",0.5333546068267814
"CAG",0.6447877763819287
"CAU",0.7895453963278946
"CCA",0.31632042931713256
"CCC",2.1816722459084508
"CCG",0.5061108185974332
"CCU",1.7897059057595825
"CGA",0.51021175814785
"CGC",0.6330488085925864
"CGG",2.1955502072377633
"CGU",0.39198682892491193
"CUA",1.3723462359175862
"CUC",1.2058742138972272
"CUG",1.4654040358040357
"CUU",1.285591701992549
"GAA",0.27261753923922954
"GAC",0.2795163163362711
"GAG",0.43426659501112086
"GAU",0.5067409972521734
"GCA",0.3222389500672365
"GCC",0.3504184933045211
"GCG",0.7116877307394839
"GCU",0.2081432238542362
"GGA",0.8318157947935951
"GGC",0.14894686760723821
"GGG",0.6332835437090815
"GGU",0.36179226410510784
"GUA",0.3246714347067689
"GUC",0.4326128192030853
"GUG",0.8622376032511375
"GUU",0.21214274725118293
"UAC",0.5335185420781893
"UAU",0.7882404864989017
"UCA",0.37717051052395106
"UCC",0.5425326285059499
"UCG",0.7867827295181556
"UCU",0.3105437928641456
"UGC",0.7040976239556465
"UGG",0.35405600843047186
"UGU",0.9806837619927234
"UUA",0.5797399167267335
"UUC",0.34311618973047725
"UUG",0.2638281282136276
"UUU",0.5768675916451902
