"codon","average_decoding_time"
"AAA",0.45857263701771006
"AAC",0.3271304750141123
"AAG",0.16117166681617467
"AAU",0.5594732895762035
"ACA",0.35045553986755573
"ACC",0.3832246875030145
"ACG",0.6875018118264218
"ACU",0.2289027246733247
"AGA",0.14799625929460233
"AGC",1.3941221302926203
"AGG",1.8051606640651705
"AGU",1.7473300132448515
"AUA",0.44379034859935906
"AUC",0.47164355294117916
"AUG",0.5517070811225117
"AUU",0.27736744985453005
"CAA",0.46441442702903024
"CAC",0.5324867920819805
"CAG",3.462949399872703
"CAU",0.7888384424218079
"CCA",0.31690338653331573
"CCC",2.1891669656774724
"CCG",0.44908183997921336
"CCU",1.7955684395086435
"CGA",0.5106979603332683
"CGC",0.6325124197144156
"CGG",2.2008360275622425
"CGU",0.3926541908160422
"CUA",1.3734800044221125
"CUC",1.2044722793357319
"CUG",1.4667047292304165
"CUU",1.2904744390969296
"GAA",0.3036367763749156
"GAC",0.2787265778928642
"GAG",2.15327603866611
"GAU",0.5063294522535823
"GCA",0.3261865150474742
"GCC",0.36928325588906386
"GCG",0.8548654001510592
"GCU",0.22572282607004943
"GGA",1.0255594980799174
"GGC",0.17124647767771142
"GGG",0.6794553752834053
"GGU",0.38729582471877366
"GUA",0.40428054891920406
"GUC",0.5129626400728243
"GUG",0.9972654472182225
"GUU",0.28526240373154865
"UAC",0.5338916345837996
"UAU",0.788906142056225
"UCA",0.37715939545982174
"UCC",0.5409202270851556
"UCG",0.7882281421552196
"UCU",0.3114602183913624
"UGC",0.7056325814176466
"UGG",0.35329953319972995
"UGU",0.9782395475133566
"UUA",0.5785033524995942
"UUC",0.3438849661929927
"UUG",0.2630428979341888
"UUU",0.5783843194185184
