"codon","average_decoding_time"
"AAA",0.45875588818275514
"AAC",0.32640357765736844
"AAG",0.23028291298810552
"AAU",0.559183563996625
"ACA",0.3510480846075254
"ACC",0.3813161796369795
"ACG",0.6846344211279617
"ACU",0.22376527413231814
"AGA",0.14761628387587272
"AGC",1.3934959668625577
"AGG",0.30727051272793826
"AGU",1.7477741552399557
"AUA",0.4425621023397908
"AUC",0.47181070319419544
"AUG",0.548687818434377
"AUU",0.26474579041919305
"CAA",0.46459958254115724
"CAC",0.5327059227176593
"CAG",0.6450067941844615
"CAU",0.7894185402067582
"CCA",0.31669718526033264
"CCC",2.191415871364089
"CCG",0.4496828373990887
"CCU",1.62133015597515
"CGA",0.5097172547409298
"CGC",0.6333120153894573
"CGG",2.205355038546546
"CGU",0.39264944577354355
"CUA",1.3725031781498567
"CUC",1.2052361487234329
"CUG",1.4618302968729493
"CUU",4.433575800357782
"GAA",0.3042578943748226
"GAC",0.27958141522619107
"GAG",0.4652130679907515
"GAU",0.5076348414665912
"GCA",0.3261515533642006
"GCC",0.3690817287003264
"GCG",0.8519377399045411
"GCU",0.2558677431822475
"GGA",1.0235372495053074
"GGC",0.17108530005530853
"GGG",0.6842627174864157
"GGU",0.38720510283473414
"GUA",0.404248180147974
"GUC",0.5128692266775521
"GUG",0.9979465059402616
"GUU",0.27262748696557443
"UAC",0.3696393260253521
"UAU",0.6080479302977196
"UCA",0.37262461295092575
"UCC",0.5356530745933316
"UCG",0.6470266569444356
"UCU",0.24456186416369907
"UGC",0.5145659510928898
"UGG",0.3330297765389652
"UGU",0.7667013101632675
"UUA",0.521390580511324
"UUC",0.2994640033277785
"UUG",0.24173373111209837
"UUU",0.5302813522284708
