"codon","average_decoding_time"
"AAA",0.4597568315472536
"AAC",0.3270455193670724
"AAG",0.23037207593014108
"AAU",0.5592841906547009
"ACA",0.3493415525186599
"ACC",0.3825568287496807
"ACG",0.6661649378121156
"ACU",0.22975423458932118
"AGA",0.14785621924323972
"AGC",1.3963421237100622
"AGG",0.30687783796049933
"AGU",1.7466775153920917
"AUA",0.44315728570248464
"AUC",0.4705674001191631
"AUG",0.5218542661619917
"AUU",0.27787273890560943
"CAA",0.46522450423441924
"CAC",0.5322486741901296
"CAG",0.6451993985502968
"CAU",0.7892189350173201
"CCA",0.3170094914049661
"CCC",2.1866333071147483
"CCG",0.5067988870994743
"CCU",1.7973009512007676
"CGA",0.5101017560377399
"CGC",0.6333876475000136
"CGG",2.201714923144808
"CGU",0.3930935481437889
"CUA",1.3715320557012676
"CUC",1.2053792597727635
"CUG",1.4036409629226718
"CUU",1.2883803611406188
"GAA",0.27139200543857556
"GAC",0.2786295670645988
"GAG",0.43546634304921117
"GAU",0.5068090682660561
"GCA",0.3219474748214302
"GCC",0.3501584333870958
"GCG",0.7121017214299411
"GCU",0.20784612140970166
"GGA",0.8288960944462765
"GGC",0.14915336718556782
"GGG",0.6330578789065254
"GGU",0.3617878569555073
"GUA",0.32375860549133934
"GUC",0.4327872181028211
"GUG",1.7666031569580005
"GUU",0.21284253690558344
"UAC",0.5334363484678679
"UAU",0.791194909390262
"UCA",0.37838124929827077
"UCC",0.5417133127711727
"UCG",0.7878614221814022
"UCU",0.30958516636468075
"UGC",0.7019543234268063
"UGG",0.35439552026629223
"UGU",0.9810113844309235
"UUA",0.5794444081907224
"UUC",0.34245391720867946
"UUG",0.2527008194781265
"UUU",0.5780522693677318
