"codon","average_decoding_time"
"AAA",0.4589671389828504
"AAC",0.32678341446581294
"AAG",0.23063788016368272
"AAU",0.55950717223079
"ACA",0.34989941369927624
"ACC",0.3819501634741996
"ACG",0.688058091052526
"ACU",0.2241758756431228
"AGA",0.14781671337798144
"AGC",1.3963809588047393
"AGG",0.306962507006339
"AGU",1.7453762624617628
"AUA",0.44389119768111673
"AUC",0.470704507145445
"AUG",0.5500743626838597
"AUU",0.2652828373967283
"CAA",0.46452821976024455
"CAC",0.5335948517105813
"CAG",0.6440498840870038
"CAU",0.7908255538692326
"CCA",0.3172402499683312
"CCC",2.1865066208974495
"CCG",0.44992250986304055
"CCU",1.6244747261489016
"CGA",0.5116504633590059
"CGC",0.632489811160447
"CGG",2.196355241654182
"CGU",0.3928886520052556
"CUA",1.3713143891356343
"CUC",1.206828129970034
"CUG",1.4667582549355962
"CUU",4.446893532939602
"GAA",0.30351883621209463
"GAC",0.2796942744155985
"GAG",0.46635388966268804
"GAU",0.5079023806424314
"GCA",0.32602622789777336
"GCC",0.3680086384219597
"GCG",0.850530403558017
"GCU",0.2559780737585724
"GGA",1.025568358949058
"GGC",0.17112885733475483
"GGG",0.6840444522338596
"GGU",0.38680124448449554
"GUA",0.40456795473884816
"GUC",0.512681332899985
"GUG",0.9987259334937444
"GUU",0.2728753938337241
"UAC",0.36935947982035927
"UAU",0.6086529343013123
"UCA",0.373644027731659
"UCC",0.5337801445655265
"UCG",0.6457193544490147
"UCU",0.24572515215188212
"UGC",0.51322022179466
"UGG",0.3337475751528777
"UGU",0.766904105063603
"UUA",0.5197585594176958
"UUC",0.299969907497452
"UUG",0.21219640144552482
"UUU",0.5295783515162393
