"codon","average_decoding_time"
"AAA",0.4579794134322017
"AAC",0.32698120404143116
"AAG",0.23013089812399368
"AAU",0.559101019402126
"ACA",0.35106575489213404
"ACC",0.38159193217043075
"ACG",0.6877731622122331
"ACU",0.22925583961309592
"AGA",0.14809487091079693
"AGC",1.3917203546619783
"AGG",0.30742277922044936
"AGU",1.7437444238217663
"AUA",0.4425680041940558
"AUC",0.47108373205962667
"AUG",0.5517458446883401
"AUU",0.2777939285283672
"CAA",0.46470661158362336
"CAC",0.5344954694217443
"CAG",0.6430908599356155
"CAU",0.7899412131502845
"CCA",0.31588311713688466
"CCC",2.193307525162888
"CCG",0.4480261920054784
"CCU",1.7951109990270118
"CGA",0.5089226326262625
"CGC",0.6344439238644615
"CGG",2.2040445167217766
"CGU",0.3927654052534388
"CUA",1.3702502498334932
"CUC",1.2038477113918296
"CUG",1.4661971769708282
"CUU",1.289537097072157
"GAA",0.3041163514166116
"GAC",0.28021021801316615
"GAG",0.464907772551147
"GAU",0.5083090450195705
"GCA",0.3262543473284784
"GCC",0.3691526394055241
"GCG",0.8534739017313715
"GCU",0.22626959109147943
"GGA",1.024314545850388
"GGC",0.17141680634704473
"GGG",0.6821765434459848
"GGU",0.386132607505729
"GUA",0.4040192248496124
"GUC",0.5131010226390517
"GUG",0.9956181127199907
"GUU",0.28634297191539626
"UAC",0.5332271360340755
"UAU",0.7869811163051013
"UCA",0.37720357591532494
"UCC",0.5410706617341693
"UCG",0.785438578980333
"UCU",0.31050899880645
"UGC",0.7076669067794742
"UGG",0.35359202735424106
"UGU",0.9816900812795226
"UUA",0.5794462227090519
"UUC",0.3427211666247648
"UUG",0.2642541033076292
"UUU",0.5760561535465575
