"codon","average_decoding_time"
"AAA",0.45904488858047104
"AAC",0.3265768869790233
"AAG",0.22962693289654965
"AAU",0.5601939957193648
"ACA",0.3505619762281539
"ACC",0.38211087896443907
"ACG",0.6861214289568621
"ACU",0.22997923480388532
"AGA",0.14763673136635447
"AGC",1.393062345817225
"AGG",1.7978174314223843
"AGU",1.7476689118224817
"AUA",0.4434640566671015
"AUC",0.4721282226438613
"AUG",0.5519090907029909
"AUU",0.2773931482029691
"CAA",0.4656261164000933
"CAC",0.5339552484042259
"CAG",0.6457863899187737
"CAU",0.7882423021009413
"CCA",0.31610810259065314
"CCC",2.188089741976016
"CCG",0.4490770609654301
"CCU",1.7943848908979605
"CGA",0.5095071549127164
"CGC",0.6328149678578042
"CGG",2.197775554141537
"CGU",0.3928658287471026
"CUA",1.3691189247774047
"CUC",1.2074647998931192
"CUG",1.4612385768761051
"CUU",1.2916286316954464
"GAA",0.3044361789981338
"GAC",0.27906843875155957
"GAG",0.46638186115212116
"GAU",0.5090705034555851
"GCA",0.3258243869519123
"GCC",0.36875589241472456
"GCG",0.8536608088747027
"GCU",0.225906938470832
"GGA",1.0254717697539948
"GGC",0.17102178191106268
"GGG",0.6829069463450193
"GGU",0.38661127237869986
"GUA",0.40562330739788566
"GUC",0.5148446123751216
"GUG",0.9984186629654892
"GUU",0.2845230507745966
"UAC",0.5329003666187158
"UAU",0.7898285870960419
"UCA",0.37773408936794123
"UCC",0.5417571263392174
"UCG",0.7871244730104279
"UCU",0.31067181617762235
"UGC",0.7053883820704043
"UGG",0.35356122453299116
"UGU",0.9795469697069047
"UUA",0.5800834219541652
"UUC",0.3425692872226413
"UUG",0.2633091000461337
"UUU",0.578511117869609
