"codon","average_decoding_time"
"AAA",0.45900289766062136
"AAC",0.3268320262037973
"AAG",0.22993180374997416
"AAU",0.5603034890399515
"ACA",0.3495357449175098
"ACC",0.38324185779814374
"ACG",0.6676483394945493
"ACU",0.23025733395880119
"AGA",0.1479532328167305
"AGC",1.3906191799563419
"AGG",0.3071278725710691
"AGU",1.751478488503076
"AUA",0.4436487630081291
"AUC",0.471594409637343
"AUG",0.5517749022495884
"AUU",0.27855256493889935
"CAA",0.46501060873103756
"CAC",0.5322445931903808
"CAG",0.6435854980584589
"CAU",0.7894800258638313
"CCA",0.31680250481794836
"CCC",2.1945009570614515
"CCG",0.5055974975002309
"CCU",1.7976413213768403
"CGA",0.5106324720050541
"CGC",0.633970147003159
"CGG",2.2015576618949395
"CGU",0.3934584928172763
"CUA",1.3757419670070716
"CUC",1.205282149199182
"CUG",1.4633970647010064
"CUU",1.2874904472118396
"GAA",0.2721092845089925
"GAC",0.27891467401703607
"GAG",0.4351591789316279
"GAU",0.5077624949848363
"GCA",0.3223572558063875
"GCC",0.3504404603327132
"GCG",0.7119848936455714
"GCU",0.20813641726085655
"GGA",0.8303978579904552
"GGC",0.14849153999080603
"GGG",0.634306829612272
"GGU",0.3614098304312118
"GUA",0.3241308249498107
"GUC",0.4315313436433472
"GUG",0.7728653675842808
"GUU",0.21333233741325172
"UAC",0.531412278298757
"UAU",0.7892715665184887
"UCA",0.37725223398219526
"UCC",0.5402073304096454
"UCG",0.7881936515564114
"UCU",0.31203750273454434
"UGC",0.7047168704490725
"UGG",0.3520232422335189
"UGU",0.9810716957534377
"UUA",0.5787559847500517
"UUC",0.34347595139180137
"UUG",0.32601540768012804
"UUU",0.5764396509460165
