"codon","average_decoding_time"
"AAA",0.4596548211825738
"AAC",0.3250565495837812
"AAG",0.16149208151488897
"AAU",0.5594664706533912
"ACA",0.35001647048797985
"ACC",0.3821137307938165
"ACG",0.6884930479803876
"ACU",0.2287366421007276
"AGA",0.14805939909683022
"AGC",1.3966015278440826
"AGG",0.3073857668313402
"AGU",1.7447197373173147
"AUA",0.44388602662317417
"AUC",0.4724365443727571
"AUG",0.5524229438822443
"AUU",0.27848461330620555
"CAA",0.4658635052793797
"CAC",0.5340253071236565
"CAG",3.4526319069989664
"CAU",0.7905062999988407
"CCA",0.3168989660793278
"CCC",2.1905260384262863
"CCG",0.45062480427906626
"CCU",1.7946592063934173
"CGA",0.5086047971908086
"CGC",0.6308517897437453
"CGG",2.2007006515748557
"CGU",0.3929600842288815
"CUA",1.3730426780958855
"CUC",1.207008516721337
"CUG",1.4623503428787819
"CUU",1.2838658408367862
"GAA",0.30279555900588034
"GAC",0.2796684378991849
"GAG",2.1642152746476095
"GAU",0.5065731814008582
"GCA",0.3269839289140645
"GCC",0.3700203675366864
"GCG",0.8531485010259107
"GCU",0.22606843212516056
"GGA",1.0222328767383237
"GGC",0.17084171715251592
"GGG",0.6808800730400036
"GGU",0.38659970497424073
"GUA",0.40526307598558003
"GUC",0.5142540915821794
"GUG",0.9933127602536683
"GUU",0.2853013749266801
"UAC",0.5332814199596024
"UAU",0.7884560899853095
"UCA",0.37791931533744844
"UCC",0.5407412475948729
"UCG",0.7894849548626743
"UCU",0.3105061463159254
"UGC",0.70462970522476
"UGG",0.3528850328927491
"UGU",0.9827664552081844
"UUA",0.5783333477038838
"UUC",0.3422045960283029
"UUG",0.26371775258834784
"UUU",0.5781105486995788
