"codon","average_decoding_time"
"AAA",0.4588684004684761
"AAC",0.32707064628977134
"AAG",0.22932347976100936
"AAU",0.559624450888984
"ACA",0.3502039155115839
"ACC",0.38182572045678365
"ACG",0.5795991062689031
"ACU",0.229708120171495
"AGA",0.1481663288362077
"AGC",1.3919317361987298
"AGG",0.2913534941525791
"AGU",1.7446568201511075
"AUA",0.4436428636375116
"AUC",0.47126034000209804
"AUG",0.5514153380489907
"AUU",0.27801726697783535
"CAA",0.46564038116280443
"CAC",0.5337382556784043
"CAG",0.6462351834532557
"CAU",0.7910460107949346
"CCA",0.31734134319145535
"CCC",2.1894560993959287
"CCG",1.8460275439257319
"CCU",1.7902087030022134
"CGA",0.5110101124664295
"CGC",0.6352716272812295
"CGG",2.0320817183048927
"CGU",0.3920343102250232
"CUA",1.3689918902770186
"CUC",1.2040669859760667
"CUG",1.465754156727192
"CUU",1.2877824642934297
"GAA",0.30357583402188865
"GAC",0.2790321531574433
"GAG",0.4642631147770099
"GAU",0.5076382171215997
"GCA",0.3260344709825669
"GCC",0.36879878230447133
"GCG",0.7389218296298883
"GCU",0.22627474142737303
"GGA",1.0223715057906406
"GGC",0.17122260554185556
"GGG",1.36750767873786
"GGU",0.3870347218759938
"GUA",0.4042087703288612
"GUC",0.5134256141295473
"GUG",0.9977650190177566
"GUU",0.28448942017998363
"UAC",0.5341973064675997
"UAU",0.7925402942800552
"UCA",0.37842277355627335
"UCC",0.5401196490854371
"UCG",2.917525053233037
"UCU",0.3085545835822993
"UGC",0.7044414787153801
"UGG",0.32342237320429057
"UGU",0.9808070366510351
"UUA",0.5795592381264314
"UUC",0.3443564767222137
"UUG",0.26356844483106046
"UUU",0.5783907477640101
