"codon","average_decoding_time"
"AAA",0.45853964084372545
"AAC",0.3274656101135454
"AAG",0.23011180155338104
"AAU",0.5590320143011386
"ACA",0.349908515181767
"ACC",0.382634298054214
"ACG",0.685172413381781
"ACU",0.22929812006063208
"AGA",0.1480832006875577
"AGC",1.3908322925841063
"AGG",0.30666269596433143
"AGU",1.7410835973334886
"AUA",0.44369423725065815
"AUC",0.47033432005472725
"AUG",0.5504625904185837
"AUU",0.2788853419201425
"CAA",0.46452646914873047
"CAC",0.5329225416160025
"CAG",0.6442147413613424
"CAU",0.7892913434922525
"CCA",0.31674202942511137
"CCC",2.189614827828298
"CCG",0.45009939638901
"CCU",1.7963237458752852
"CGA",0.5106001069301858
"CGC",0.632972586627719
"CGG",2.1966589104312084
"CGU",0.39267515472508185
"CUA",1.372125955998136
"CUC",1.2052832454704157
"CUG",1.4635195785187791
"CUU",1.292278382134569
"GAA",0.30404642240779084
"GAC",0.2790238418718462
"GAG",0.4655130585977567
"GAU",0.5072914971903705
"GCA",0.3263968193004901
"GCC",0.3694599088833497
"GCG",0.8533747974156419
"GCU",0.22595627067812465
"GGA",1.0241459077283284
"GGC",0.1712988245088985
"GGG",0.6818952525168012
"GGU",0.3859417396953425
"GUA",0.40627119707851755
"GUC",0.5139164223978288
"GUG",0.9950954024136351
"GUU",0.28575204415163535
"UAC",0.532832476294091
"UAU",0.7882973217980385
"UCA",0.3790506417761745
"UCC",0.5415317782447371
"UCG",0.786122499963983
"UCU",0.30974618200035703
"UGC",0.7033503338031946
"UGG",0.3534187483974452
"UGU",0.9785688090249973
"UUA",0.5798833042150343
"UUC",0.3426447561753639
"UUG",0.2635879442470088
"UUU",0.5764754573468618
