"codon","average_decoding_time"
"AAA",0.45916369655774286
"AAC",0.3259325850548765
"AAG",0.230251204197422
"AAU",0.5596662900198097
"ACA",0.3495124344354668
"ACC",0.38304880906514255
"ACG",0.6863220459494112
"ACU",0.23029888960617062
"AGA",0.14771327479243893
"AGC",1.3936971491470274
"AGG",1.799022566027825
"AGU",1.7458831024092376
"AUA",0.44411660688486715
"AUC",0.47170384181858865
"AUG",0.5221463283521446
"AUU",0.27877820365692674
"CAA",0.46428758566262984
"CAC",0.5307810450190059
"CAG",0.6442891546032347
"CAU",0.789741589693187
"CCA",0.3167768783124412
"CCC",2.1923980087547523
"CCG",0.4493650855611862
"CCU",1.79405833136413
"CGA",0.5098317259289832
"CGC",0.6319191943753324
"CGG",2.1967421485692116
"CGU",0.3933355757230318
"CUA",1.3728523721730566
"CUC",1.2105081006205332
"CUG",1.3995822976464871
"CUU",1.2893219871244215
"GAA",0.30394527991505504
"GAC",0.27883497434464793
"GAG",0.46484095374291645
"GAU",0.5077935611680681
"GCA",0.3263264394550004
"GCC",0.3698440444859718
"GCG",0.8537795426729717
"GCU",0.22587460229257253
"GGA",1.0219216254259995
"GGC",0.17129147450800578
"GGG",0.6832914808832772
"GGU",0.3862257743546891
"GUA",0.4052443785026755
"GUC",0.5127322700509777
"GUG",2.075020995238039
"GUU",0.28502454837408336
"UAC",0.5332594942058511
"UAU",0.7910282671201846
"UCA",0.37774861086531075
"UCC",0.5412779304027713
"UCG",0.7892172522838733
"UCU",0.3111572324065452
"UGC",0.7045362529643711
"UGG",0.35325631434183313
"UGU",0.9813230597276801
"UUA",0.5787998328067736
"UUC",0.3435038553827673
"UUG",0.25294420214325297
"UUU",0.5778487991758869
