"codon","average_decoding_time"
"AAA",0.45878829865146825
"AAC",0.3276314544265255
"AAG",0.22992369793996764
"AAU",0.5594995433800594
"ACA",0.3495813789676431
"ACC",0.3816685868457116
"ACG",0.5780474342809256
"ACU",0.22977750630014315
"AGA",0.14825919757930942
"AGC",1.394733688531693
"AGG",0.2918500249822336
"AGU",1.7449683115098749
"AUA",0.44414385488666364
"AUC",0.47185919993561176
"AUG",0.55207879001643
"AUU",0.2777194127002556
"CAA",0.46475425462423375
"CAC",0.5319124585948176
"CAG",0.6445448904503792
"CAU",0.7896831321155939
"CCA",0.316720474236012
"CCC",2.192533491810584
"CCG",1.8430239305316929
"CCU",1.7925564179373552
"CGA",0.5099023160061048
"CGC",0.6330609717115341
"CGG",2.0245240772903825
"CGU",0.392623439846065
"CUA",1.3718203677626308
"CUC",1.2107394611895133
"CUG",1.4658102690654378
"CUU",1.2874193778672627
"GAA",0.30399960573819296
"GAC",0.2797364393581205
"GAG",0.4654103109750816
"GAU",0.5062506675798435
"GCA",0.32637081767248594
"GCC",0.36995881066560043
"GCG",0.7432320788866345
"GCU",0.2266914122412296
"GGA",1.0278763629816754
"GGC",0.1719395932603593
"GGG",1.3693744536220405
"GGU",0.3867311409851314
"GUA",0.4060402625302349
"GUC",0.5134888514258689
"GUG",0.9954834966726552
"GUU",0.28463823614984435
"UAC",0.5331185250676519
"UAU",0.7906232534537626
"UCA",0.37794451769141274
"UCC",0.5415739446592214
"UCG",2.9156375794615954
"UCU",0.3098443067114673
"UGC",0.7097865893104784
"UGG",0.3234067870878361
"UGU",0.9812613032597678
"UUA",0.5791768975932097
"UUC",0.34302342919170037
"UUG",0.26387549191794885
"UUU",0.5772077513865436
