"codon","average_decoding_time"
"AAA",0.45959102621276676
"AAC",0.3287609202689023
"AAG",0.2298853697935543
"AAU",0.5597530183754675
"ACA",0.3501564321252082
"ACC",0.3818946218798212
"ACG",0.5803910469072248
"ACU",0.22976663238337675
"AGA",0.14808273309303102
"AGC",1.3927373542491002
"AGG",0.2919439907111161
"AGU",1.7409119409845764
"AUA",0.4436497463223215
"AUC",0.4724680337080786
"AUG",0.5519740622171261
"AUU",0.2780230739853509
"CAA",0.46307968141935085
"CAC",0.5317280676275228
"CAG",0.6467110613175496
"CAU",0.788878328921789
"CCA",0.3163430980645661
"CCC",2.191923732274876
"CCG",1.8449685829348303
"CCU",1.7954491753713262
"CGA",0.5092898458136969
"CGC",0.6327581488475605
"CGG",2.025642179304881
"CGU",0.3922355856740266
"CUA",1.3697339028125368
"CUC",1.207465973637694
"CUG",1.4608706979951767
"CUU",1.2894896983356867
"GAA",0.30403052994434054
"GAC",0.2792305386046811
"GAG",0.4650373842556322
"GAU",0.5077492917263671
"GCA",0.3269609711135705
"GCC",0.3701219981568863
"GCG",0.7437524065710329
"GCU",0.2260607369194037
"GGA",1.0232181464519394
"GGC",0.1719750546808396
"GGG",1.3667245293093628
"GGU",0.387026587905281
"GUA",0.4048983909851669
"GUC",0.5135238957691571
"GUG",0.9934377316047802
"GUU",0.28477621978181994
"UAC",0.5340266867163108
"UAU",0.7903501744554506
"UCA",0.3766941388789322
"UCC",0.5413036668225841
"UCG",2.907784424580112
"UCU",0.31090820661617774
"UGC",0.7048616185765716
"UGG",0.32393470018808174
"UGU",0.9835462472977136
"UUA",0.5795851176097236
"UUC",0.34304588674653996
"UUG",0.2638498127201508
"UUU",0.5765134788227088
