"codon","average_decoding_time"
"AAA",0.45824269795102435
"AAC",0.3262497928075077
"AAG",0.22998103255024213
"AAU",0.5593636638703782
"ACA",0.34953563020406775
"ACC",0.3816446979709711
"ACG",0.6861524322482162
"ACU",0.22913734400908745
"AGA",0.14776820060769957
"AGC",1.398348726766819
"AGG",0.3075061469117346
"AGU",1.7460832245349969
"AUA",0.4439455466844788
"AUC",0.4723332045697518
"AUG",0.5536429041073203
"AUU",0.2783901762638637
"CAA",0.46327225915619474
"CAC",0.5333216093360834
"CAG",0.6452875322635253
"CAU",0.7890454901879608
"CCA",0.3160994009701025
"CCC",2.186895281145493
"CCG",0.44920421900555474
"CCU",1.7963243044490091
"CGA",0.5107813990711555
"CGC",0.6314670146377652
"CGG",2.199690767229296
"CGU",0.3919884891623676
"CUA",1.3768269584373063
"CUC",1.2026875928517504
"CUG",1.4658644466657627
"CUU",1.287767564237542
"GAA",0.30298212902095467
"GAC",0.2794684970399746
"GAG",0.46507057470707786
"GAU",0.5074674748092911
"GCA",0.32644629719964185
"GCC",0.37015671804826733
"GCG",0.851617140518596
"GCU",0.22610353488268553
"GGA",1.0253080627539373
"GGC",0.17148777814967828
"GGG",0.6798795091835191
"GGU",0.3862512092657781
"GUA",0.4058821559010495
"GUC",0.5131173215086486
"GUG",0.9945208427696406
"GUU",0.2854742240692264
"UAC",0.5330820159740308
"UAU",0.790337766919484
"UCA",0.37817714066282687
"UCC",0.5412033961475069
"UCG",0.7879868150529562
"UCU",0.3109644322406823
"UGC",0.7054817843275384
"UGG",0.35382422731536406
"UGU",0.9824529017560195
"UUA",0.5801222192592764
"UUC",0.3436692887947191
"UUG",0.26380479098563075
"UUU",0.5773659452829933
