"codon","average_decoding_time"
"AAA",0.4599805740983527
"AAC",0.3263791909687206
"AAG",0.2288155742172037
"AAU",0.5605513567183513
"ACA",0.3509386549408474
"ACC",0.3816659980896314
"ACG",0.6873149290366796
"ACU",0.22358801726362448
"AGA",0.14794135661773541
"AGC",1.3913591232742375
"AGG",0.3070364151197186
"AGU",1.7465922834978416
"AUA",0.4432308098478951
"AUC",0.4718275083513614
"AUG",0.5517225195990911
"AUU",0.26477180511162096
"CAA",0.4646097238983249
"CAC",0.5329039813990735
"CAG",0.6446201940432795
"CAU",0.7888744328638987
"CCA",0.3157358609197795
"CCC",2.18966157146867
"CCG",0.45056188085948246
"CCU",1.6154884160472693
"CGA",0.5100082448223653
"CGC",0.6330621725535792
"CGG",2.1985220515026818
"CGU",0.39300656406897727
"CUA",1.369519028589979
"CUC",1.2055852235846802
"CUG",1.4637461818097242
"CUU",4.440271062192884
"GAA",0.30455462413504114
"GAC",0.2796111838754293
"GAG",0.46488155273469584
"GAU",0.5065579081511405
"GCA",0.32604996759502297
"GCC",0.3696619508257315
"GCG",0.8545837432462324
"GCU",0.2557681456200823
"GGA",1.023530169248417
"GGC",0.1712855994903091
"GGG",0.6830916353161403
"GGU",0.3861264667154794
"GUA",0.40598336686220693
"GUC",0.513358737575535
"GUG",0.9975687531653904
"GUU",0.2720543531471001
"UAC",0.37040761788951304
"UAU",0.6059943104384292
"UCA",0.37341035466258654
"UCC",0.5365496272874382
"UCG",0.6472232242627293
"UCU",0.24610805616508957
"UGC",0.5142703988564515
"UGG",0.3348513911665888
"UGU",0.7680861146665585
"UUA",0.5187079941671032
"UUC",0.29930013755189383
"UUG",0.21244661623574515
"UUU",0.5297445827553771
