"codon","average_decoding_time"
"AAA",0.4582829012301154
"AAC",0.32706547422930743
"AAG",0.2304274507485809
"AAU",0.5588455958126286
"ACA",0.3505573185141965
"ACC",0.3829102460913888
"ACG",0.6866595846823597
"ACU",0.22937033378471045
"AGA",0.14827967512670512
"AGC",1.3948388133985823
"AGG",0.3077701116120742
"AGU",1.7473930021745836
"AUA",0.44442119794865287
"AUC",0.47055450083713524
"AUG",0.5502926389688522
"AUU",0.2785624090272622
"CAA",0.46448970696421166
"CAC",0.5342626601854794
"CAG",0.6451062591564029
"CAU",0.7886349047326985
"CCA",0.31746026582797643
"CCC",2.1903349709429225
"CCG",0.44952407362697877
"CCU",1.7959696083370593
"CGA",0.5113382826829251
"CGC",0.6349133929301164
"CGG",2.1975553615240964
"CGU",0.3918057277704804
"CUA",1.367792942050984
"CUC",1.2041145853911486
"CUG",1.467356570988321
"CUU",1.2903433851051687
"GAA",0.3041842001055206
"GAC",0.28053195294642963
"GAG",0.4647977929651506
"GAU",0.5073300399605253
"GCA",0.32587129702681084
"GCC",0.3699604220390085
"GCG",0.8562141290799463
"GCU",0.2261811916136128
"GGA",1.0223550073859353
"GGC",0.17115370359672605
"GGG",0.6840312867795274
"GGU",0.3867146799038726
"GUA",0.4053757987732202
"GUC",0.5130388989734281
"GUG",0.9950861567155341
"GUU",0.2855615673578548
"UAC",0.5343575702554356
"UAU",0.7886340539264906
"UCA",0.37693686629039086
"UCC",0.5406393189652758
"UCG",0.7890934980973907
"UCU",0.3109044307505043
"UGC",0.7035812241802648
"UGG",0.3541489944797623
"UGU",0.9823839202642697
"UUA",0.5785189178668808
"UUC",0.3422211947736519
"UUG",0.26358858414929665
"UUU",0.5782421986000345
