"codon","average_decoding_time"
"AAA",0.4580249718076186
"AAC",0.3263203712943175
"AAG",0.2297581240020926
"AAU",0.5595964421440092
"ACA",0.34938430333010534
"ACC",0.38162872315478547
"ACG",0.6652252803458724
"ACU",0.22892819645656798
"AGA",0.1479548854341922
"AGC",1.3962744552860253
"AGG",0.30685626247097647
"AGU",1.7426851738422247
"AUA",0.4435001891416579
"AUC",0.4724569135819421
"AUG",0.5533981843826616
"AUU",0.27786624558450235
"CAA",0.4639323992358583
"CAC",0.5343080797547783
"CAG",0.6452495489542449
"CAU",0.790178984373125
"CCA",0.31697548961390215
"CCC",2.192349632340759
"CCG",0.5060950941863525
"CCU",1.7906508798357472
"CGA",0.5105912018858336
"CGC",0.6339618736477539
"CGG",2.196147654615188
"CGU",0.3921916753791623
"CUA",1.3677996916235546
"CUC",1.2106192763856025
"CUG",1.459135267388472
"CUU",1.2893385338620589
"GAA",0.27207398013632056
"GAC",0.2802010459947841
"GAG",0.43493601977315444
"GAU",0.5079460668317888
"GCA",0.3225169475758178
"GCC",0.34976249713411944
"GCG",0.7113361872268869
"GCU",0.20766829908163986
"GGA",0.8280504865017292
"GGC",0.14860100121275888
"GGG",0.6341289275103519
"GGU",0.36148351988977967
"GUA",0.32443644069141553
"GUC",0.4324324349905021
"GUG",0.8582079468191084
"GUU",0.21201599519832526
"UAC",0.5322097511153357
"UAU",0.7897005840131193
"UCA",0.37735315583943474
"UCC",0.5403024083524268
"UCG",0.7843693601871408
"UCU",0.31015083879176986
"UGC",0.7048833646161287
"UGG",0.3538422542075738
"UGU",0.9820336613330111
"UUA",0.5793962824527743
"UUC",0.34347192926685355
"UUG",0.263937014305696
"UUU",0.5786586756025119
