"codon","average_decoding_time"
"AAA",0.45723612478066916
"AAC",0.3279414273191878
"AAG",0.22941316140121804
"AAU",0.5596551252356007
"ACA",0.35053732565948
"ACC",0.3828880963682507
"ACG",0.6858632463818994
"ACU",0.22953017984131424
"AGA",0.14797695248691278
"AGC",1.393999710894191
"AGG",0.30686486143184655
"AGU",1.744750347184478
"AUA",0.4440364298457043
"AUC",0.47254346410978587
"AUG",0.5524754096220305
"AUU",0.2785730656905144
"CAA",0.46437059254099383
"CAC",0.5346432797500833
"CAG",0.6442048909103029
"CAU",0.7881514029114505
"CCA",0.31692139347615816
"CCC",2.194485532231185
"CCG",0.45017930467192946
"CCU",1.7993530738980574
"CGA",0.5101283616828733
"CGC",0.6333583339788404
"CGG",2.1982265965601697
"CGU",0.3913172110737107
"CUA",1.3723440934726516
"CUC",1.207888835208482
"CUG",1.463596325750916
"CUU",1.2889482660085634
"GAA",0.3038787660440247
"GAC",0.2814044547174389
"GAG",0.46553036280099214
"GAU",0.5061640532006446
"GCA",0.3258831744736091
"GCC",0.3696921175391284
"GCG",0.8527615663436631
"GCU",0.2267144460398792
"GGA",1.02050301861949
"GGC",0.17120632871203906
"GGG",0.6845477980614433
"GGU",0.3866784943585678
"GUA",0.4054455752311168
"GUC",0.5141005689781616
"GUG",0.9952434370028996
"GUU",0.28598415537135474
"UAC",0.531940359534098
"UAU",0.7887283458251768
"UCA",0.37778082634434773
"UCC",0.5422085390448604
"UCG",0.7875235816497212
"UCU",0.3107750517301082
"UGC",0.7042349667511629
"UGG",0.35478500761808235
"UGU",0.980349535546404
"UUA",0.5797560816850217
"UUC",0.34419671481343717
"UUG",0.32671603156452883
"UUU",0.5774283991458554
