"codon","average_decoding_time"
"AAA",0.45850613774728294
"AAC",0.32638606037517187
"AAG",0.22973845392364461
"AAU",0.5593941982608446
"ACA",0.35048008659263535
"ACC",0.3825390153217521
"ACG",0.6882714915224637
"ACU",0.22930227803054776
"AGA",0.14826293312969782
"AGC",1.3939979520800112
"AGG",1.8081153019078309
"AGU",1.7489909338495007
"AUA",0.4434230238184015
"AUC",0.47189259753181406
"AUG",0.5519324967217143
"AUU",0.2766138833264768
"CAA",0.4655852196153625
"CAC",0.5328691517917943
"CAG",0.6443546629530557
"CAU",0.7881156647785321
"CCA",0.3171256091316441
"CCC",2.1849401704341247
"CCG",0.44897705845877284
"CCU",1.7912618853289533
"CGA",0.5100401394162869
"CGC",0.6347142081666127
"CGG",2.1962675376492546
"CGU",0.39338099706513896
"CUA",1.367434083086719
"CUC",1.2098753292876852
"CUG",1.4639430696770699
"CUU",1.2922548293837979
"GAA",0.3033218107651275
"GAC",0.27967968924105346
"GAG",0.4637913365615039
"GAU",0.5070432061822375
"GCA",0.32590275292023874
"GCC",0.36872539910827024
"GCG",0.8545356725359995
"GCU",0.22581601729871312
"GGA",1.0251459732188553
"GGC",0.1706458193474673
"GGG",0.68389729106015
"GGU",0.3864989986025221
"GUA",0.40408555812854846
"GUC",0.5145984524512837
"GUG",0.9958920522251391
"GUU",0.2852213379627896
"UAC",0.5334738704542257
"UAU",0.7892396711982287
"UCA",0.3772514542952984
"UCC",0.5413778856660975
"UCG",0.7880512772760302
"UCU",0.30976503702675523
"UGC",0.7038904117925168
"UGG",0.35441552481883104
"UGU",0.980330442671472
"UUA",0.5803691046509922
"UUC",0.34319614272911825
"UUG",0.26422520679653744
"UUU",0.5765053733435465
