"codon","average_decoding_time"
"AAA",0.45771168516614086
"AAC",0.32724646079955033
"AAG",0.22976053102386126
"AAU",0.5590431399468062
"ACA",0.35082637234157976
"ACC",0.38274681815394646
"ACG",0.6665980926509499
"ACU",0.22951464692706722
"AGA",0.14803500845345768
"AGC",1.3961220223876945
"AGG",0.30773909701993163
"AGU",1.7492471918390442
"AUA",0.44401652584194107
"AUC",0.4711624203125986
"AUG",0.5511971174231532
"AUU",0.2790529274120984
"CAA",0.4645362930547225
"CAC",0.533131475376424
"CAG",0.6447997996132792
"CAU",0.7897183932439046
"CCA",0.31700960834052194
"CCC",2.1897369276471914
"CCG",0.5062096753806752
"CCU",1.793775966497227
"CGA",0.5101615882134806
"CGC",0.6316925338285128
"CGG",2.1984164937343595
"CGU",0.39202397972410896
"CUA",1.367775980980479
"CUC",1.208586816581928
"CUG",1.4601355527880049
"CUU",1.2939482832626252
"GAA",0.27171856847129305
"GAC",0.28087323787029334
"GAG",0.4353315648661273
"GAU",0.5076131487096216
"GCA",0.3215202930953788
"GCC",0.34934269609845314
"GCG",0.7116333129165177
"GCU",0.20793291602836847
"GGA",0.82787034833358
"GGC",0.14956101854110543
"GGG",0.6323578835428025
"GGU",0.3613702253070264
"GUA",0.32460473129341244
"GUC",0.43090609275422637
"GUG",0.8587133136505639
"GUU",0.21239625892664057
"UAC",0.5330475844739186
"UAU",0.7875824227733313
"UCA",0.3776276171208235
"UCC",0.5414119579201357
"UCG",0.7875495347783004
"UCU",0.3118269023273393
"UGC",0.7032138396431429
"UGG",0.3536347419308412
"UGU",0.9828794225158036
"UUA",0.5787563619155519
"UUC",0.3437525894256047
"UUG",0.2650212718898668
"UUU",0.5768988486030361
