"codon","average_decoding_time"
"AAA",0.4590186778280486
"AAC",0.32685948759501293
"AAG",0.22935956245579564
"AAU",0.559582473024466
"ACA",0.350701315858855
"ACC",0.38200590038988036
"ACG",0.6876054918814202
"ACU",0.22484215851794767
"AGA",0.1477953297339402
"AGC",1.3984272613786832
"AGG",0.30774558980491024
"AGU",1.7450426861310833
"AUA",0.4434226112811405
"AUC",0.47177046520778393
"AUG",0.5513677131337964
"AUU",0.26560480548609755
"CAA",0.4645991417961139
"CAC",0.5315844467662387
"CAG",0.6440699846269454
"CAU",0.7892982845257906
"CCA",0.31763136965970395
"CCC",2.189991696573799
"CCG",0.4486691671066435
"CCU",1.6233334117034475
"CGA",0.5102961547770366
"CGC",0.6330423608884116
"CGG",2.2053943383268435
"CGU",0.391644371662184
"CUA",1.3683246386647185
"CUC",1.2070217549482813
"CUG",1.4680608427424255
"CUU",4.430504775466528
"GAA",0.3041372074835923
"GAC",0.27832629095983535
"GAG",0.4667550337472162
"GAU",0.5086088029726591
"GCA",0.32667871429496276
"GCC",0.3699123395505515
"GCG",0.8517995138254988
"GCU",0.2565032001553212
"GGA",1.023798720249391
"GGC",0.17179374261595703
"GGG",0.6830758403846122
"GGU",0.38683136544642593
"GUA",0.4049647439487908
"GUC",0.5134071126548646
"GUG",0.9940725299289399
"GUU",0.2724457510502362
"UAC",0.36886556477373306
"UAU",0.6085622435075898
"UCA",0.3732329022195823
"UCC",0.5352665443255649
"UCG",0.6461410032252238
"UCU",0.24547992884624634
"UGC",0.5129274309697196
"UGG",0.3330684596492751
"UGU",0.7698303579233627
"UUA",0.520656433138787
"UUC",0.30047590117592593
"UUG",0.2126544293229673
"UUU",0.527271408671864
