"codon","average_decoding_time"
"AAA",0.4582317318424934
"AAC",0.3267140039759857
"AAG",0.22989117738659184
"AAU",0.5579770923218171
"ACA",0.35127117908598304
"ACC",0.3824817819602115
"ACG",0.5782094672866464
"ACU",0.22903602160078926
"AGA",0.14777408759748326
"AGC",1.3936638819927216
"AGG",0.2921071801355688
"AGU",1.748510078537021
"AUA",0.44442362232418936
"AUC",0.4706109580929036
"AUG",0.5516228001311171
"AUU",0.2787897390139955
"CAA",0.4650325882129568
"CAC",0.5316383189192344
"CAG",0.6432836300961259
"CAU",0.7892407236942466
"CCA",0.3166805904236009
"CCC",2.188788993042067
"CCG",1.8377069920351434
"CCU",1.7910831061123633
"CGA",0.5106226411745943
"CGC",0.6322671466752338
"CGG",2.024821832408178
"CGU",0.39329703938754357
"CUA",1.36835244401045
"CUC",1.2037547303571945
"CUG",1.4665686300136198
"CUU",1.2894924505102907
"GAA",0.3040199383131294
"GAC",0.27957784286929405
"GAG",0.4652780860392301
"GAU",0.5075453808907013
"GCA",0.3259944724306329
"GCC",0.369313673318635
"GCG",0.7450689375314836
"GCU",0.22635506198272642
"GGA",1.0211794072448444
"GGC",0.1722534195882094
"GGG",1.3646890554143636
"GGU",0.3863908954355916
"GUA",0.40613709817761884
"GUC",0.5133208649120755
"GUG",0.9968532851192571
"GUU",0.28504495024421206
"UAC",0.5318246166567565
"UAU",0.7899246345427833
"UCA",0.3771741376870128
"UCC",0.5418888684008035
"UCG",2.9204293207640672
"UCU",0.31065763757490034
"UGC",0.7041333851214027
"UGG",0.32338194698084133
"UGU",0.9807510352709288
"UUA",0.5802036655092694
"UUC",0.3419823190151456
"UUG",0.2634186149890429
"UUU",0.5795586217403375
