"codon","average_decoding_time"
"AAA",0.45933612752525843
"AAC",0.3270687335095083
"AAG",0.23071011356440566
"AAU",0.5592090804996509
"ACA",0.34998725036535716
"ACC",0.3825754232615
"ACG",0.6857871119341904
"ACU",0.22358170020635676
"AGA",0.14784582769431154
"AGC",1.3933378590191574
"AGG",0.30766559791474335
"AGU",1.749880403762795
"AUA",0.44423797495651784
"AUC",0.47271001479202995
"AUG",0.5532125807171445
"AUU",0.2655088011266465
"CAA",0.4639158803423491
"CAC",0.5329924213271564
"CAG",0.6430880297063135
"CAU",0.789263731989477
"CCA",0.3166978567817211
"CCC",2.181170546349809
"CCG",0.4501439759187393
"CCU",1.6246005662774565
"CGA",0.5088232538901186
"CGC",0.6334208215632584
"CGG",2.197394791362938
"CGU",0.39278161403437534
"CUA",1.3670439353484687
"CUC",1.207663177590285
"CUG",1.4625263319276873
"CUU",4.431813770919802
"GAA",0.30329832365391435
"GAC",0.2794369933643676
"GAG",0.4644978107355233
"GAU",0.5063072255779025
"GCA",0.3264716111392688
"GCC",0.36988524630162095
"GCG",0.8538006917409359
"GCU",0.25625873766333196
"GGA",1.0249900673166454
"GGC",0.17101960532995844
"GGG",0.6834226009460341
"GGU",0.3868621825423354
"GUA",0.4051493017824304
"GUC",0.5137776978141225
"GUG",0.9954181706606494
"GUU",0.272926090299708
"UAC",0.3703710444939779
"UAU",0.6097907225048644
"UCA",0.37266021386042464
"UCC",0.5366525095597923
"UCG",0.6460880927809236
"UCU",0.24579684694337983
"UGC",0.5142825081171938
"UGG",0.3331460705825932
"UGU",0.7678466458467842
"UUA",0.5197596635755666
"UUC",0.3000056311929484
"UUG",0.21278699804525697
"UUU",0.5308989038959079
