"codon","average_decoding_time"
"AAA",0.4601964253241276
"AAC",0.32631940094751116
"AAG",0.16116914746551358
"AAU",0.5594369089412731
"ACA",0.3501546103267626
"ACC",0.38276944976743027
"ACG",0.6872852828373246
"ACU",0.2242386068320258
"AGA",0.14731255329797296
"AGC",1.392714669324946
"AGG",0.30681994030759957
"AGU",1.7469156690962193
"AUA",0.44315152271120384
"AUC",0.4717092363752123
"AUG",0.5509477536756797
"AUU",0.26521709451940806
"CAA",0.46546224608038744
"CAC",0.5322725429220401
"CAG",3.455946895426542
"CAU",0.7890583846111084
"CCA",0.3173564394150458
"CCC",2.1899586065183407
"CCG",0.4494558589043813
"CCU",1.619022995355735
"CGA",0.510918375278163
"CGC",0.6345597922184917
"CGG",2.195254575739866
"CGU",0.39239703833471307
"CUA",1.3660375348792104
"CUC",1.2062224806527042
"CUG",1.4644601733618503
"CUU",4.439070099999036
"GAA",0.3039433625277013
"GAC",0.2797774334356188
"GAG",2.1678483682121574
"GAU",0.5064110865125127
"GCA",0.32558777209177925
"GCC",0.36931714647390607
"GCG",0.8527289259269488
"GCU",0.2566313488539258
"GGA",1.024939544664707
"GGC",0.17107290600793437
"GGG",0.6823600326043076
"GGU",0.38627803361923013
"GUA",0.40417315147378946
"GUC",0.5135629531962786
"GUG",0.9950527255723169
"GUU",0.2726593393883506
"UAC",0.3693948820322741
"UAU",0.6087533280544742
"UCA",0.3738002128137111
"UCC",0.5369191006158354
"UCG",0.6459587857181434
"UCU",0.24588303650400825
"UGC",0.5130427939812002
"UGG",0.3338957485074685
"UGU",0.7683623908324579
"UUA",0.5199165854244391
"UUC",0.29980958439938166
"UUG",0.24306902338452535
"UUU",0.5299394323254841
