"codon","average_decoding_time"
"AAA",0.45842576073430896
"AAC",0.3277278914457729
"AAG",0.22976482437747356
"AAU",0.5601373053541093
"ACA",0.34932522215474954
"ACC",0.38204796320038015
"ACG",0.685576178757181
"ACU",0.22366397308786012
"AGA",0.14800280168642158
"AGC",1.389877696407777
"AGG",1.798350476604406
"AGU",1.7514420548904253
"AUA",0.44427669676945303
"AUC",0.4713989641763
"AUG",0.5511012286068343
"AUU",0.2647568668926698
"CAA",0.4650313770045444
"CAC",0.5336510580615869
"CAG",0.6426207861120705
"CAU",0.7879205169366019
"CCA",0.31714472005753347
"CCC",2.1872705125952874
"CCG",0.4494111212598777
"CCU",1.6211395069361998
"CGA",0.5100653468697443
"CGC",0.6322963072895874
"CGG",2.19988567575199
"CGU",0.3930128121258877
"CUA",1.3712334069747976
"CUC",1.2069744361985775
"CUG",1.4624529965701794
"CUU",4.443213895488947
"GAA",0.3040953123423136
"GAC",0.27964102492680304
"GAG",0.4643902365289602
"GAU",0.5070828372692177
"GCA",0.3276582920263663
"GCC",0.3698271352688775
"GCG",0.8556964104455469
"GCU",0.2561718512296697
"GGA",1.0175349099242472
"GGC",0.17119350771161346
"GGG",0.684805763666314
"GGU",0.38629343890525336
"GUA",0.4046743062574063
"GUC",0.5129491184874215
"GUG",0.9969497659492531
"GUU",0.27241554195967077
"UAC",0.37024592878627
"UAU",0.6072450989471072
"UCA",0.3733723886670921
"UCC",0.53601438196507
"UCG",0.645679765655054
"UCU",0.24493934873268766
"UGC",0.5110632024497638
"UGG",0.21451071157436125
"UGU",0.7696153193036174
"UUA",0.5196731298850021
"UUC",0.29942594211462076
"UUG",0.20514196617445413
"UUU",0.5296251576345647
