"codon","average_decoding_time"
"AAA",0.4575566618271146
"AAC",0.3270057517980311
"AAG",0.16145262987667233
"AAU",0.5589043907061846
"ACA",0.35051138432492346
"ACC",0.3828561082823958
"ACG",0.6883164160029925
"ACU",0.22364438738959638
"AGA",0.1478230912251677
"AGC",1.3955708226962602
"AGG",0.30682491335601236
"AGU",1.7427750469848655
"AUA",0.44490413261882805
"AUC",0.4714288935356714
"AUG",0.5225180906182162
"AUU",0.26559239556135533
"CAA",0.46444128244487615
"CAC",0.5348947363955413
"CAG",3.455734574256615
"CAU",0.7867406765934905
"CCA",0.3176782029632247
"CCC",2.185199397675093
"CCG",0.4492967038817227
"CCU",1.6243162919429
"CGA",0.5088411933816946
"CGC",0.6331888464645075
"CGG",2.1909986299870234
"CGU",0.39318190761656047
"CUA",1.370884831665655
"CUC",1.204622869451506
"CUG",1.3937765645479159
"CUU",4.448248727414544
"GAA",0.3034403333118187
"GAC",0.27815793535200656
"GAG",2.16142326192858
"GAU",0.5066456541145299
"GCA",0.32758287992981044
"GCC",0.3693194781953543
"GCG",0.8531015911492836
"GCU",0.25692117134924985
"GGA",1.0212388100843133
"GGC",0.17101964823220814
"GGG",0.6832730040121912
"GGU",0.38656127181078237
"GUA",0.40572210897211103
"GUC",0.5125702995337575
"GUG",2.067901455091515
"GUU",0.2730337282836691
"UAC",0.370199636464925
"UAU",0.6064329438019812
"UCA",0.3728693754397236
"UCC",0.535806737552388
"UCG",0.6472787161577134
"UCU",0.24534161825446751
"UGC",0.5135801396169608
"UGG",0.3329568018652031
"UGU",0.7676703178508949
"UUA",0.519814043797905
"UUC",0.29906754348284814
"UUG",0.20111188073576877
"UUU",0.5289014550487964
