"codon","average_decoding_time"
"AAA",0.45872275123730494
"AAC",0.3271097081948327
"AAG",0.22946741096345116
"AAU",0.5594455222181528
"ACA",0.3498974992089696
"ACC",0.38214421426131795
"ACG",0.687699278733354
"ACU",0.22947058706068996
"AGA",0.1482473698335704
"AGC",1.3955738836010438
"AGG",0.3073079872903852
"AGU",1.7443142794738624
"AUA",0.44489023327166893
"AUC",0.4718527975375181
"AUG",0.523276614839836
"AUU",0.2779831421584691
"CAA",0.4646689488006271
"CAC",0.5336101567106077
"CAG",0.6439366022625279
"CAU",0.7906543317833977
"CCA",0.3169316974793735
"CCC",2.1925718595683503
"CCG",0.4492993837180716
"CCU",1.7926131225676718
"CGA",0.5095127797624225
"CGC",0.6329822936336625
"CGG",2.2012509253345036
"CGU",0.3926070999848069
"CUA",1.3725017656219687
"CUC",1.210039409531984
"CUG",1.3954588212266985
"CUU",1.290947301208803
"GAA",0.30405266773100526
"GAC",0.2796652809671505
"GAG",0.4653392180994187
"GAU",0.5081521218354613
"GCA",0.32626584390670244
"GCC",0.3693136118470659
"GCG",0.8541755689103165
"GCU",0.22624268379809176
"GGA",1.0214632071367538
"GGC",0.17150394508114028
"GGG",0.6848192710464012
"GGU",0.38771980898926345
"GUA",0.4053327719326716
"GUC",0.513132961798971
"GUG",2.076476003494203
"GUU",0.2861256915151393
"UAC",0.531556940674304
"UAU",0.7899813929215191
"UCA",0.3775400022370163
"UCC",0.5418554392997268
"UCG",0.7880505530944306
"UCU",0.3115176165366207
"UGC",0.704754456551293
"UGG",0.3548369011691325
"UGU",0.9826142167298366
"UUA",0.5780505877560842
"UUC",0.3437282201240163
"UUG",0.25347152405812395
"UUU",0.5773289591635294
