"codon","average_decoding_time"
"AAA",0.4586357412596268
"AAC",0.3250216604248573
"AAG",0.2302215220612464
"AAU",0.5592279657672996
"ACA",0.35116910072165763
"ACC",0.3825350577316373
"ACG",0.6854193338027696
"ACU",0.22971020435301268
"AGA",0.1482162287462879
"AGC",1.3945697140815954
"AGG",0.3072131024259079
"AGU",1.738483999720427
"AUA",0.44401097994794575
"AUC",0.47150879494848097
"AUG",0.5514050688558115
"AUU",0.27843062781885813
"CAA",0.46536597538539953
"CAC",0.5332693615645706
"CAG",0.6437172229367236
"CAU",0.7909195413095113
"CCA",0.31636927227913314
"CCC",2.1920425978867994
"CCG",0.44984940415786745
"CCU",1.7933854605423833
"CGA",0.5102345536204641
"CGC",0.6330469342750644
"CGG",2.19874662882445
"CGU",0.3931154095527595
"CUA",1.3771015895566703
"CUC",1.2078589475490227
"CUG",1.4672193436454568
"CUU",1.2929163923490035
"GAA",0.30422448354423437
"GAC",0.27987803849919773
"GAG",0.46546401143046134
"GAU",0.5062182714657081
"GCA",0.32614891861339607
"GCC",0.36967466092313317
"GCG",0.8534508186475925
"GCU",0.22519083402457085
"GGA",1.0200902180743727
"GGC",0.17131455152281624
"GGG",0.6822562073514785
"GGU",0.3870548792450534
"GUA",0.40546278705542943
"GUC",0.5131283778649707
"GUG",0.997446983378786
"GUU",0.28499466130966694
"UAC",0.5328455292340835
"UAU",0.7885339860648204
"UCA",0.37723009069623364
"UCC",0.5404888928177238
"UCG",0.7882194962058374
"UCU",0.31105786592033374
"UGC",0.7065219831060997
"UGG",0.3529482717787135
"UGU",0.9813929028240345
"UUA",0.5798416619887011
"UUC",0.3425480627218887
"UUG",0.26432198475923785
"UUU",0.5769556170429038
