"codon","average_decoding_time"
"AAA",0.4598502478803108
"AAC",0.32672835414028584
"AAG",0.22963678348008879
"AAU",0.5602834859628103
"ACA",0.3492295887338783
"ACC",0.3825888093852617
"ACG",0.6877544126312315
"ACU",0.23008936356750234
"AGA",0.14819296959476153
"AGC",1.3956762917791257
"AGG",0.3066463787401276
"AGU",1.7484792976282444
"AUA",0.4431057352683242
"AUC",0.4728188214562746
"AUG",0.5499738910917762
"AUU",0.2781518575844528
"CAA",0.463114966815497
"CAC",0.5310842306527968
"CAG",0.6449286452349348
"CAU",0.7892008725325991
"CCA",0.316482612162594
"CCC",2.184963282209225
"CCG",0.4487028934837499
"CCU",1.797138417771196
"CGA",0.508844051411927
"CGC",0.6324025017664014
"CGG",2.1944968704448553
"CGU",0.39218608230367785
"CUA",1.37228123270839
"CUC",1.2050363811008293
"CUG",1.4646756405156833
"CUU",1.287869693432131
"GAA",0.3036011306782603
"GAC",0.27980382077063687
"GAG",0.4656253371281372
"GAU",0.5076093773049338
"GCA",0.3262304026232758
"GCC",0.36885932459233545
"GCG",0.8515861349019469
"GCU",0.22596591120446766
"GGA",1.0225715673521123
"GGC",0.1707154406870561
"GGG",0.6847263897559511
"GGU",0.3865205399008632
"GUA",0.40482205441998054
"GUC",0.5122180186258422
"GUG",0.9979906882999886
"GUU",0.285197011031646
"UAC",0.5327015045236624
"UAU",0.788900662812147
"UCA",0.3779605054638992
"UCC",0.5415549693465767
"UCG",0.7869868559406142
"UCU",0.31045119172710006
"UGC",0.7079857368863752
"UGG",0.35345931721758106
"UGU",0.9804526469281986
"UUA",0.5776288279579705
"UUC",0.34350660314928727
"UUG",0.2642112536218609
"UUU",0.5768605621565337
