"codon","average_decoding_time"
"AAA",0.4583327703291204
"AAC",0.3263216142905661
"AAG",0.22978671924333718
"AAU",0.5601809946234485
"ACA",0.3519543679276641
"ACC",0.3830659275669744
"ACG",0.6871738681306047
"ACU",0.22451058648396838
"AGA",0.14795163610646714
"AGC",1.4003820812098302
"AGG",0.3068993066914551
"AGU",1.7456051062067504
"AUA",0.4437874093801349
"AUC",0.47246735110769805
"AUG",0.5507424315289721
"AUU",0.2652441471145921
"CAA",0.464164155905267
"CAC",0.5339545645004409
"CAG",0.644410386232221
"CAU",0.7894573679548055
"CCA",0.31647092019199774
"CCC",2.187003958294841
"CCG",0.44835959463279323
"CCU",1.6258288280391313
"CGA",0.5099333117403838
"CGC",0.6308628478472789
"CGG",2.197020470929446
"CGU",0.3938428757108993
"CUA",1.3705284204980335
"CUC",1.2065693311678742
"CUG",1.4623684009016555
"CUU",4.429479051802317
"GAA",0.3042046218090845
"GAC",0.2787399369208844
"GAG",0.46595819029847546
"GAU",0.5075366758418512
"GCA",0.32637768198436423
"GCC",0.3697725278144331
"GCG",0.8538222274781627
"GCU",0.256927078452012
"GGA",1.022842841220017
"GGC",0.17114591777708404
"GGG",0.6829529761834344
"GGU",0.3871679620969019
"GUA",0.4064957554310586
"GUC",0.5142460752111094
"GUG",0.9953764754070413
"GUU",0.2725657391922239
"UAC",0.3702597830300955
"UAU",0.609603149230083
"UCA",0.3730126326952788
"UCC",0.5359980062681281
"UCG",0.6460024264173044
"UCU",0.2452782085258631
"UGC",0.5127091042358941
"UGG",0.3341430114895941
"UGU",0.7673782323880167
"UUA",0.5194643293023451
"UUC",0.29925005668416266
"UUG",0.21257895393902962
"UUU",0.5289925048424597
