"codon","average_decoding_time"
"AAA",0.4592174249327207
"AAC",0.326644858759591
"AAG",0.22986175798751807
"AAU",0.5613877051667981
"ACA",0.35024948880216517
"ACC",0.38182936371930193
"ACG",0.6854854385832861
"ACU",0.22925469940147805
"AGA",0.148338533384437
"AGC",1.3971369823643358
"AGG",0.30711237408650643
"AGU",1.7451952389126684
"AUA",0.4440393155453126
"AUC",0.4710986072714332
"AUG",0.5489402127217471
"AUU",0.27773417271002643
"CAA",0.465422003161371
"CAC",0.5325042392834602
"CAG",0.6453473800492867
"CAU",0.7912221493706493
"CCA",0.31759727306283037
"CCC",2.184987409340513
"CCG",0.4485123771220661
"CCU",1.7928597523774188
"CGA",0.510889271245531
"CGC",0.6334741549206978
"CGG",2.1968754501647596
"CGU",0.39372715206745307
"CUA",1.3726703029648344
"CUC",1.2059607714342824
"CUG",1.4632895758402744
"CUU",1.2920569881250088
"GAA",0.3050890563679012
"GAC",0.28037891585561137
"GAG",0.4661947918904925
"GAU",0.5065861149620463
"GCA",0.3266986059132879
"GCC",0.36916734295402415
"GCG",0.8533292140180385
"GCU",0.22624176349260558
"GGA",1.0216065550125961
"GGC",0.17150786790908806
"GGG",0.6830282140750701
"GGU",0.38623806745106454
"GUA",0.4046528548055389
"GUC",0.5142500782815658
"GUG",0.9972685367284325
"GUU",0.28525075566266617
"UAC",0.5324327535579313
"UAU",0.7888983431414505
"UCA",0.3779995804930105
"UCC",0.5418291120547689
"UCG",0.7867098836160238
"UCU",0.3094167915644344
"UGC",0.7058210410143921
"UGG",0.3551628898618376
"UGU",0.983989946712285
"UUA",0.5785871164663305
"UUC",0.34271107805349454
"UUG",0.2639588448080553
"UUU",0.5779602325399397
