"codon","average_decoding_time"
"AAA",0.45803412038893826
"AAC",0.3259919377891484
"AAG",0.22973535181813248
"AAU",0.5602488257676386
"ACA",0.3500516922858139
"ACC",0.38229805257287713
"ACG",0.685433571931919
"ACU",0.22930467657669393
"AGA",0.14795847028246475
"AGC",1.3954152820600259
"AGG",0.3072778636942387
"AGU",1.7461618253084865
"AUA",0.4440764218174658
"AUC",0.4719074470459591
"AUG",0.5210788501226262
"AUU",0.2783368843972832
"CAA",0.46541777780747023
"CAC",0.5323560981023155
"CAG",0.6438128074000372
"CAU",0.7909081403748425
"CCA",0.31763096772508853
"CCC",2.1880252502924824
"CCG",0.4489025541108903
"CCU",1.793743567130914
"CGA",0.5108920320543255
"CGC",0.6348237385609228
"CGG",2.20082581498072
"CGU",0.39395801077998766
"CUA",1.366998942271122
"CUC",1.208271465346819
"CUG",1.3964481317028405
"CUU",1.2885545730130874
"GAA",0.3034777951822373
"GAC",0.27953294644040716
"GAG",0.46535375512951666
"GAU",0.5081307734665196
"GCA",0.3257330886569227
"GCC",0.3697455115479583
"GCG",0.8532692723862169
"GCU",0.2262996666751403
"GGA",1.0198388230975253
"GGC",0.17131042529771975
"GGG",0.6837415467220181
"GGU",0.38683435073060746
"GUA",0.40460347297051624
"GUC",0.5134872741455903
"GUG",2.076464288314305
"GUU",0.2858397784088439
"UAC",0.5335764569333578
"UAU",0.7883728769857534
"UCA",0.3772371613759373
"UCC",0.5408357968590485
"UCG",0.7887419788107988
"UCU",0.31134136511062377
"UGC",0.7076301933838359
"UGG",0.35408272012182956
"UGU",0.9785488291635261
"UUA",0.579504912167048
"UUC",0.3423328171776577
"UUG",0.25275910624745973
"UUU",0.5778703550301955
