"codon","average_decoding_time"
"AAA",0.4596677237241239
"AAC",0.326708439496295
"AAG",0.22961755495319264
"AAU",0.5581693945939226
"ACA",0.3495801875130441
"ACC",0.38302424787409894
"ACG",0.6851237124251854
"ACU",0.22951080800302215
"AGA",0.14807255098379823
"AGC",1.3889229787713635
"AGG",0.30763535997926666
"AGU",1.7412008017617182
"AUA",0.44351486043207444
"AUC",0.47367596120131233
"AUG",0.5509371101308905
"AUU",0.27785582544015364
"CAA",0.46401640436317443
"CAC",0.5322062201353134
"CAG",0.6462534768481476
"CAU",0.7898027865938985
"CCA",0.31627824707229707
"CCC",2.187566381423285
"CCG",0.4494093095005188
"CCU",1.796242601075347
"CGA",0.5107122117846473
"CGC",0.6332732851326555
"CGG",2.202286480369196
"CGU",0.393591415386431
"CUA",1.3701561312273052
"CUC",1.2078569220973792
"CUG",1.4660528932867316
"CUU",1.2909301996967422
"GAA",0.30436891672244404
"GAC",0.2790995072339672
"GAG",0.4659385599133572
"GAU",0.5071805243372606
"GCA",0.32609807654621015
"GCC",0.3691701151591013
"GCG",0.8530172540886309
"GCU",0.22550299404423368
"GGA",1.0231644249468304
"GGC",0.17143846936613533
"GGG",0.6802419062651149
"GGU",0.3864388772789618
"GUA",0.4051240252064537
"GUC",0.5133229875091752
"GUG",0.9983864724615843
"GUU",0.2849459831446898
"UAC",0.5332956913590663
"UAU",0.7894547315320914
"UCA",0.3772820386447366
"UCC",0.5415555588782687
"UCG",0.7871883508900299
"UCU",0.3108347945344243
"UGC",0.7057074062082282
"UGG",0.3526846205884521
"UGU",0.9784317346442452
"UUA",0.5804265483269125
"UUC",0.34272685057339086
"UUG",0.2630269665242066
"UUU",0.5775501989405436
