"codon","average_decoding_time"
"AAA",0.45867276646732974
"AAC",0.32781018571828957
"AAG",0.22966616500381434
"AAU",0.5603046728430351
"ACA",0.34970302840355244
"ACC",0.3825488971300848
"ACG",0.6872060873544796
"ACU",0.22961127969950235
"AGA",0.14854207535644715
"AGC",1.395432227207847
"AGG",0.30714812625830096
"AGU",1.7479619044122927
"AUA",0.4441650703997368
"AUC",0.4708712719843171
"AUG",0.5516741326074742
"AUU",0.27820191129106625
"CAA",0.4618043253312199
"CAC",0.5326211978264247
"CAG",0.645045524417896
"CAU",0.7883362003197305
"CCA",0.31808076653762063
"CCC",2.1895175205526742
"CCG",0.4487788508410768
"CCU",1.7956430010586706
"CGA",0.510181747219732
"CGC",0.6349184638744112
"CGG",2.1955642102701574
"CGU",0.39240837868956785
"CUA",1.3697513153088063
"CUC",1.2077209338962525
"CUG",1.4613791015372322
"CUU",1.2902600937415543
"GAA",0.30522680123207824
"GAC",0.27956657304082466
"GAG",0.4657904072514999
"GAU",0.5077593872732569
"GCA",0.32652334474403694
"GCC",0.3690615866523818
"GCG",0.8540995187871895
"GCU",0.22643583567086026
"GGA",1.0240376905639377
"GGC",0.17057858068431755
"GGG",0.6829508253818984
"GGU",0.38611535802704444
"GUA",0.405939698436264
"GUC",0.5137086818949523
"GUG",0.9971876135108274
"GUU",0.28436267071664467
"UAC",0.5328732527690726
"UAU",0.7878370477545014
"UCA",0.37763643538145397
"UCC",0.5414103990113441
"UCG",0.7881936628369267
"UCU",0.31093117784677893
"UGC",0.703827693288501
"UGG",0.3536026477769193
"UGU",0.9808924961824379
"UUA",0.5790017203029362
"UUC",0.3433815377090361
"UUG",0.26295224424428276
"UUU",0.5779859724645592
