"codon","average_decoding_time"
"AAA",0.4589709357033154
"AAC",0.3272920052364152
"AAG",0.2300565644414856
"AAU",0.5605176126405363
"ACA",0.34892334451897294
"ACC",0.38270460275176504
"ACG",0.6855863529278451
"ACU",0.22904967262148168
"AGA",0.14770293531505535
"AGC",1.394583534353786
"AGG",0.30697920308835996
"AGU",1.7474559830934238
"AUA",0.44415589446722503
"AUC",0.47088861668873927
"AUG",0.5203169221093764
"AUU",0.2786091345375928
"CAA",0.46409339498013935
"CAC",0.5325559741898507
"CAG",0.644664422325967
"CAU",0.7898021803190198
"CCA",0.3162701304655769
"CCC",2.186222099331771
"CCG",0.4491797367383082
"CCU",1.7949731848783554
"CGA",0.5095632134484319
"CGC",0.6331600830883721
"CGG",2.199549944916655
"CGU",0.393051809485974
"CUA",1.3664021374140878
"CUC",1.2102406553069007
"CUG",1.4005350118952153
"CUU",1.291421144920698
"GAA",0.3051871619798858
"GAC",0.27938388782412954
"GAG",0.4644468261876677
"GAU",0.5074046642099775
"GCA",0.3265251398700152
"GCC",0.3696069448413847
"GCG",0.8535982973398774
"GCU",0.22580750248118703
"GGA",1.0220380272908345
"GGC",0.17169203507876174
"GGG",0.6848183664039712
"GGU",0.3870166062418698
"GUA",0.40576569375857074
"GUC",0.5134945650507808
"GUG",2.0746690675776183
"GUU",0.28420080759075356
"UAC",0.5342876539180585
"UAU",0.7879484444390369
"UCA",0.3778409299933415
"UCC",0.5408113889158551
"UCG",0.7874688665110107
"UCU",0.3105864699926142
"UGC",0.7055272429839314
"UGG",0.3525806361594154
"UGU",0.9763237899796998
"UUA",0.578138759366047
"UUC",0.34276617518871827
"UUG",0.2528842431102864
"UUU",0.576031980137329
