"codon","average_decoding_time"
"AAA",0.4596569139082995
"AAC",0.32783910731768184
"AAG",0.2301202610308242
"AAU",0.5582195770380866
"ACA",0.3502852704585071
"ACC",0.38205088671511733
"ACG",0.6867185377963042
"ACU",0.2287213650514543
"AGA",0.14776557859964265
"AGC",1.39821459880431
"AGG",0.3070552369859525
"AGU",1.7479036731308442
"AUA",0.44499218285290165
"AUC",0.47134150894990023
"AUG",0.5497400235125901
"AUU",0.2783131763967534
"CAA",0.4638359016918158
"CAC",0.5323617242065939
"CAG",0.6443621034031438
"CAU",0.7915779205588676
"CCA",0.31610108803888814
"CCC",2.190215167964247
"CCG",0.4478495599411735
"CCU",1.793498541170838
"CGA",0.5100089396836693
"CGC",0.6320955467867658
"CGG",2.1991983809214264
"CGU",0.39260141584337765
"CUA",1.3714826053179352
"CUC",1.206010538670534
"CUG",1.4672297683674957
"CUU",1.2921340935832066
"GAA",0.3030910487345201
"GAC",0.27878245831146936
"GAG",0.4661204236417778
"GAU",0.5062883328761015
"GCA",0.3259365131157424
"GCC",0.3697265881355028
"GCG",0.8519008617797129
"GCU",0.22606083458759438
"GGA",1.0240693296731274
"GGC",0.17148722824843132
"GGG",0.6831925166571413
"GGU",0.38789760202025386
"GUA",0.4052910035875561
"GUC",0.5134592355084818
"GUG",0.9944187412384181
"GUU",0.2850298650355181
"UAC",0.5333439591820639
"UAU",0.7893615434028477
"UCA",0.377215784825192
"UCC",0.5406047245633949
"UCG",0.788703710632339
"UCU",0.30995693823429066
"UGC",0.7043331639736382
"UGG",0.3526582000992094
"UGU",0.9808610323074245
"UUA",0.5782211552609939
"UUC",0.34311668109585736
"UUG",0.2643103699143774
"UUU",0.5770456725839063
