"codon","average_decoding_time"
"AAA",0.45824525217915796
"AAC",0.32759731553544463
"AAG",0.22979903503456459
"AAU",0.5604282980497783
"ACA",0.34994416495151065
"ACC",0.3820676804070363
"ACG",0.687349769922056
"ACU",0.23025369265954146
"AGA",0.14845558220810942
"AGC",1.39350176792099
"AGG",0.3071477213063587
"AGU",1.7457588570191618
"AUA",0.4431846233235055
"AUC",0.4709641911402229
"AUG",0.5505130579976106
"AUU",0.27848047128235814
"CAA",0.4659115790691337
"CAC",0.5333122828629087
"CAG",0.643024434589549
"CAU",0.7907305486451823
"CCA",0.3171037680533449
"CCC",2.1906226766587245
"CCG",0.44961962453507665
"CCU",1.79329580375611
"CGA",0.5103340211558072
"CGC",0.6330298216532416
"CGG",2.1948178731447583
"CGU",0.3925261708031693
"CUA",1.373852739325165
"CUC",1.2086372393776927
"CUG",1.4653765903879523
"CUU",1.2939424558959272
"GAA",0.303387654905543
"GAC",0.280448751445276
"GAG",0.4655048857775065
"GAU",0.5070214550176132
"GCA",0.32734400826963567
"GCC",0.36866347100964136
"GCG",0.8534347775615411
"GCU",0.22590777038865945
"GGA",1.023196292009575
"GGC",0.1705424903602928
"GGG",0.6845717144560155
"GGU",0.3867969071003042
"GUA",0.403783393065509
"GUC",0.5133380388271319
"GUG",0.9961871524155885
"GUU",0.2853950253082855
"UAC",0.5311868512748363
"UAU",0.7889122802438436
"UCA",0.37708804484044117
"UCC",0.5425267765487614
"UCG",0.7873284953514894
"UCU",0.31014742363241976
"UGC",0.7043034746394347
"UGG",0.35318539483463596
"UGU",0.9811755741496122
"UUA",0.5783116813353175
"UUC",0.3428499627658807
"UUG",0.26359356537866513
"UUU",0.5791624585596593
