"codon","average_decoding_time"
"AAA",0.45940904948960565
"AAC",0.3267062637638108
"AAG",0.22979732927024749
"AAU",0.5597924475958841
"ACA",0.35037374681991557
"ACC",0.3825850809942065
"ACG",0.6651571305565936
"ACU",0.22918134948288993
"AGA",0.1480431334691165
"AGC",1.3910711682801224
"AGG",0.30823512669536535
"AGU",1.7466271982811516
"AUA",0.44447376694127877
"AUC",0.47206702648564797
"AUG",0.5234244607872998
"AUU",0.2778783688980677
"CAA",0.4647085683536442
"CAC",0.5322152404927981
"CAG",0.6452773969971265
"CAU",0.7875349736533539
"CCA",0.3165188499685884
"CCC",2.19609235905701
"CCG",0.5063579202690482
"CCU",1.7980706736231196
"CGA",0.5099294308442428
"CGC",0.6344875232550573
"CGG",2.196805495868307
"CGU",0.3920155983726068
"CUA",1.3695839401790908
"CUC",1.2078194678876704
"CUG",1.3993555636061008
"CUU",1.2881281268388414
"GAA",0.2726268835303145
"GAC",0.2790074665228672
"GAG",0.4348762130551348
"GAU",0.506569331478766
"GCA",0.3226662310533142
"GCC",0.34991354060080093
"GCG",0.710485851870047
"GCU",0.2075273540343351
"GGA",0.8297283354024816
"GGC",0.14842150605994553
"GGG",0.6315659843909553
"GGU",0.3606545626038872
"GUA",0.32491670941416473
"GUC",0.4326916430236935
"GUG",1.7633572707778316
"GUU",0.21249822515874925
"UAC",0.5333595291798967
"UAU",0.7875246249686444
"UCA",0.3768211501264558
"UCC",0.5414491888299804
"UCG",0.7875637965341968
"UCU",0.30983701700205096
"UGC",0.7049873964354503
"UGG",0.3538659801425617
"UGU",0.9833904584911516
"UUA",0.5785391760633166
"UUC",0.34267554580688314
"UUG",0.25303013974128136
"UUU",0.5777460657176838
