"codon","average_decoding_time"
"AAA",0.46045035950845903
"AAC",0.3276625817079341
"AAG",0.22939830712607048
"AAU",0.5602478859917228
"ACA",0.3494599327326942
"ACC",0.38248059685767866
"ACG",0.6855402330066274
"ACU",0.22953513096068376
"AGA",0.1480200018944802
"AGC",1.393808970263727
"AGG",0.30677851589405947
"AGU",1.743914230782579
"AUA",0.4442373103155822
"AUC",0.4709677505150313
"AUG",0.5494665469597575
"AUU",0.27747963546302085
"CAA",0.46326765228099664
"CAC",0.5304430511644216
"CAG",0.6443729369402291
"CAU",0.7895431834819909
"CCA",0.3164600610051603
"CCC",2.192718521159839
"CCG",0.44926134515695165
"CCU",1.7958005182991907
"CGA",0.5103525768637723
"CGC",0.6347473834379959
"CGG",2.1976133143351255
"CGU",0.39170019553061736
"CUA",1.3740674148678298
"CUC",1.2072597110504952
"CUG",1.4665487244255477
"CUU",1.2893789763400596
"GAA",0.30467466964718554
"GAC",0.27835628388522693
"GAG",0.4664482998106329
"GAU",0.5062810598886558
"GCA",0.3265709293666255
"GCC",0.3689274544927212
"GCG",0.8532046219638967
"GCU",0.2259717275526983
"GGA",1.0255652232496444
"GGC",0.17117444671236995
"GGG",0.681963642728626
"GGU",0.38577020358484354
"GUA",0.4055655690836874
"GUC",0.5129209801968104
"GUG",0.9973141795213263
"GUU",0.2843134511757995
"UAC",0.5313461067218752
"UAU",0.7915000442517532
"UCA",0.3773709896300473
"UCC",0.5409998645328014
"UCG",0.7884481273232461
"UCU",0.31090042133107826
"UGC",0.7052101143899193
"UGG",0.35415377143619925
"UGU",0.9839567953409866
"UUA",0.5785716925159642
"UUC",0.3415790078384377
"UUG",0.2627500385874284
"UUU",0.5779648184233974
