"codon","average_decoding_time"
"AAA",0.45771057734818293
"AAC",0.32638988102623095
"AAG",0.1610803952129316
"AAU",0.5609916880694411
"ACA",0.3513331212110183
"ACC",0.3816457168010142
"ACG",0.6866056465883592
"ACU",0.22978999158318014
"AGA",0.14826669643657428
"AGC",1.3947073337571856
"AGG",0.3075488430088263
"AGU",1.7436923836779938
"AUA",0.44345487964649316
"AUC",0.47141461450704053
"AUG",0.5528301233914873
"AUU",0.2783439873739491
"CAA",0.4634045437967817
"CAC",0.5323335634765413
"CAG",3.453913410083928
"CAU",0.7892171432740018
"CCA",0.3168364225190704
"CCC",2.1856007324567814
"CCG",0.44911746553173315
"CCU",1.799198102817657
"CGA",0.5097884226998914
"CGC",0.632429633120873
"CGG",2.1975486207061614
"CGU",0.3922748251493788
"CUA",1.370337953477029
"CUC",1.2108134385612137
"CUG",1.4684987229581712
"CUU",1.2903080366522686
"GAA",0.3037389916758887
"GAC",0.27892987186354246
"GAG",2.167806133018364
"GAU",0.5070847345175807
"GCA",0.3262800983988307
"GCC",0.36938180263060116
"GCG",0.8522570938090532
"GCU",0.2263750100275616
"GGA",1.0274358343298078
"GGC",0.17111527542812138
"GGG",0.6836626356645932
"GGU",0.38597164272595086
"GUA",0.40476684456867756
"GUC",0.5121977735445424
"GUG",0.9956282500346185
"GUU",0.2849394202611725
"UAC",0.5345187522173726
"UAU",0.7876691268352546
"UCA",0.37702648285179247
"UCC",0.5412850258961107
"UCG",0.7876453627837164
"UCU",0.30944348908257324
"UGC",0.7055648947861641
"UGG",0.3527564179812962
"UGU",0.9829448195982596
"UUA",0.5760641692076746
"UUC",0.34180565536118074
"UUG",0.264325834276306
"UUU",0.578401097667354
