"codon","average_decoding_time"
"AAA",0.4595374736834461
"AAC",0.32667572366656666
"AAG",0.23010258902561986
"AAU",0.5584522078925888
"ACA",0.35070491601316556
"ACC",0.38166606973437384
"ACG",0.6873947572864756
"ACU",0.22962457210825263
"AGA",0.14827368206202737
"AGC",1.3895109826983325
"AGG",0.3068109673636414
"AGU",1.7492515238629756
"AUA",0.44471142449396517
"AUC",0.47276746133294206
"AUG",0.5508583315209259
"AUU",0.27821655619348984
"CAA",0.4632498441048196
"CAC",0.5348722259220328
"CAG",0.6448292939131987
"CAU",0.7881507195038001
"CCA",0.3169820250314046
"CCC",2.1921639807128863
"CCG",0.4491754626205806
"CCU",1.7920638273056841
"CGA",0.5113708520376166
"CGC",0.6334280678069741
"CGG",2.2012014970952705
"CGU",0.3922646944470753
"CUA",1.370178033163612
"CUC",1.2080870607238614
"CUG",1.4655483712539796
"CUU",1.2896664579739539
"GAA",0.30445302400089136
"GAC",0.2793397760812637
"GAG",0.46523603254656026
"GAU",0.5055973784928757
"GCA",0.3261114718611266
"GCC",0.3693366549921895
"GCG",0.8523293386539433
"GCU",0.22718635795258166
"GGA",1.0249078038610109
"GGC",0.17129103158848666
"GGG",0.6814642529846379
"GGU",0.3865549531665179
"GUA",0.4051065156170272
"GUC",0.5129982455359106
"GUG",0.9975364315506671
"GUU",0.2862789479528376
"UAC",0.5323126687835207
"UAU",0.7903246171539565
"UCA",0.37731839738864037
"UCC",0.5422576316744576
"UCG",0.789529804120234
"UCU",0.30949489800747665
"UGC",0.7052006569572976
"UGG",0.3534461485739647
"UGU",0.979265496198924
"UUA",0.5805775678575871
"UUC",0.3421393925692592
"UUG",0.2633453338712505
"UUU",0.5773029815596542
