"codon","average_decoding_time"
"AAA",0.46011609954010363
"AAC",0.32725318210864374
"AAG",0.22985647718753965
"AAU",0.5597907144376887
"ACA",0.3497418415133849
"ACC",0.3818974005600847
"ACG",0.6866049355817114
"ACU",0.2300045946877339
"AGA",0.14775831230118208
"AGC",1.395060295577559
"AGG",0.3074913971821167
"AGU",1.7439875369978386
"AUA",0.4449075152616743
"AUC",0.47210608964926387
"AUG",0.5220880486939794
"AUU",0.2779562073123211
"CAA",0.46474210696264606
"CAC",0.5335904369407621
"CAG",0.6421166749085392
"CAU",0.7904392678351477
"CCA",0.31717305226854653
"CCC",2.187541167983035
"CCG",0.4496303249644274
"CCU",1.7981235996153
"CGA",0.5102345506919039
"CGC",0.6323402660826528
"CGG",2.200429645715636
"CGU",0.3932503709882064
"CUA",1.37327065641684
"CUC",1.2095515505460566
"CUG",1.4036984570924795
"CUU",1.2882045368690938
"GAA",0.3045475745895187
"GAC",0.2788224740874044
"GAG",0.46643705523401036
"GAU",0.50776650092046
"GCA",0.3262862424880378
"GCC",0.369083113712725
"GCG",0.8548216971975309
"GCU",0.22547125651958283
"GGA",1.021430691720895
"GGC",0.17143267321735203
"GGG",0.6826996776500384
"GGU",0.38640747108758927
"GUA",0.4054623685573407
"GUC",0.5132991263571363
"GUG",2.0783100736303823
"GUU",0.28496554834469884
"UAC",0.5318957538275157
"UAU",0.7910943738952606
"UCA",0.3761334675077913
"UCC",0.5421002319948666
"UCG",0.7882376963641886
"UCU",0.3103885716004625
"UGC",0.7040490537589105
"UGG",0.3536803797645347
"UGU",0.9808010408857591
"UUA",0.579056298940738
"UUC",0.3438045071546186
"UUG",0.25387458575989336
"UUU",0.5788696026495529
