"codon","average_decoding_time"
"AAA",0.4582719522016535
"AAC",0.3277092570797462
"AAG",0.23021735697742182
"AAU",0.5604949910918728
"ACA",0.3500182606541621
"ACC",0.38363111042098774
"ACG",0.6640207951190583
"ACU",0.22453942779305827
"AGA",0.14739407342807082
"AGC",1.3908593718212352
"AGG",0.30676100845900106
"AGU",1.7445462829506044
"AUA",0.44503452553275313
"AUC",0.4713407820967027
"AUG",0.5516625896701847
"AUU",0.2650045150761975
"CAA",0.4632310801355023
"CAC",0.5333197471116383
"CAG",0.6460160933306994
"CAU",0.7893663276611845
"CCA",0.3170580151498999
"CCC",2.1902935137310418
"CCG",0.505613516961154
"CCU",1.61490831902265
"CGA",0.5106731741096449
"CGC",0.6336555750712272
"CGG",2.1956535549067913
"CGU",0.393676163603433
"CUA",1.370350539027725
"CUC",1.2058913050181097
"CUG",1.463981610811279
"CUU",4.434889790496481
"GAA",0.27221095993771327
"GAC",0.27996647742027225
"GAG",0.43534381412650164
"GAU",0.5063178335066975
"GCA",0.32108024376142114
"GCC",0.35003953710990227
"GCG",0.7090588763378475
"GCU",0.2291941780657604
"GGA",0.8297724539351461
"GGC",0.14907535393034405
"GGG",0.6318295409943622
"GGU",0.36122242894828466
"GUA",0.3253765196792494
"GUC",0.4330843566255357
"GUG",0.8583256582719367
"GUU",0.20006338300917256
"UAC",0.37095940161809815
"UAU",0.6086628317811195
"UCA",0.3731189570405481
"UCC",0.535943665727401
"UCG",0.6471293577045174
"UCU",0.24535647743411504
"UGC",0.5131226388150432
"UGG",0.33425643022457363
"UGU",0.7683831288955792
"UUA",0.5194919580912591
"UUC",0.2996162358056173
"UUG",0.21221154675702447
"UUU",0.5290967004552469
