"codon","average_decoding_time"
"AAA",0.4616726822864889
"AAC",0.326201028897528
"AAG",0.1613229392038362
"AAU",0.5594948010581646
"ACA",0.35071979895175603
"ACC",0.3820827080632479
"ACG",0.6874346020769274
"ACU",0.22304285143616445
"AGA",0.14804728641395862
"AGC",1.393339058837521
"AGG",0.3072144168762358
"AGU",1.748298958607839
"AUA",0.4439763768606017
"AUC",0.47115272756977095
"AUG",0.551217650163062
"AUU",0.2656521127433993
"CAA",0.4646566133489804
"CAC",0.5336650534469152
"CAG",3.4626853458538336
"CAU",0.7876067054318892
"CCA",0.31682770679735667
"CCC",2.19617823852377
"CCG",0.44954204047005236
"CCU",1.6209682244221666
"CGA",0.5110289136113951
"CGC",0.6331192448803377
"CGG",2.2018893796991645
"CGU",0.39389744936464
"CUA",1.3698098164569086
"CUC",1.205239643929453
"CUG",1.463322334061079
"CUU",4.442483209241883
"GAA",0.30340869462688214
"GAC",0.27954219886888976
"GAG",2.1604417714648574
"GAU",0.5073345511846656
"GCA",0.32650724258790176
"GCC",0.3697179152014228
"GCG",0.8525600298439597
"GCU",0.2565211189807198
"GGA",1.0275400631534217
"GGC",0.17116861764523095
"GGG",0.684726917365304
"GGU",0.3864064953126752
"GUA",0.40490538011808336
"GUC",0.51261358604246
"GUG",0.9974335976438106
"GUU",0.27267238054496984
"UAC",0.36963118183520227
"UAU",0.6085952545680806
"UCA",0.3734245224337071
"UCC",0.5359231454279136
"UCG",0.646672062013719
"UCU",0.24484887036861264
"UGC",0.5131105966895487
"UGG",0.33467880453961246
"UGU",0.7677556150570665
"UUA",0.5195933205545606
"UUC",0.2995810422236481
"UUG",0.21241783776963907
"UUU",0.5294485443688016
