"codon","average_decoding_time"
"AAA",0.45917373427360947
"AAC",0.32662237831530927
"AAG",0.23077310443161803
"AAU",0.561346231921183
"ACA",0.3509742133147177
"ACC",0.38173900939534233
"ACG",0.6637322674063821
"ACU",0.22353806005993224
"AGA",0.14799907731036166
"AGC",1.3907725745938637
"AGG",0.30696568446389094
"AGU",1.749586617247408
"AUA",0.4438775909608198
"AUC",0.47092476962412777
"AUG",0.549644363523324
"AUU",0.26518767089943984
"CAA",0.4646570639463661
"CAC",0.5315255458969569
"CAG",0.6447376945330158
"CAU",0.7910889266631896
"CCA",0.31819296966492633
"CCC",2.1927741997314563
"CCG",0.5055701531071634
"CCU",1.6197150203750594
"CGA",0.5099436836006892
"CGC",0.6325731562135459
"CGG",2.1955572017836977
"CGU",0.3926588011896344
"CUA",1.3779982931308001
"CUC",1.207314693771303
"CUG",1.4625457836129638
"CUU",4.437150329191462
"GAA",0.27265561199333926
"GAC",0.27873789541058425
"GAG",0.4351027493058216
"GAU",0.506801578309756
"GCA",0.322462557412529
"GCC",0.3499637109523911
"GCG",0.7116899097356554
"GCU",0.22987893941191417
"GGA",0.8289847664428511
"GGC",0.1489439040430723
"GGG",0.6324091194129338
"GGU",0.36205243712772633
"GUA",0.3239663496096055
"GUC",0.4318695957332356
"GUG",0.7730374220991394
"GUU",0.199278540392622
"UAC",0.37001688454264064
"UAU",0.6075386258763531
"UCA",0.3736601189456346
"UCC",0.5343868229000953
"UCG",0.6451362074290699
"UCU",0.2456920860519157
"UGC",0.5135821137253367
"UGG",0.3337603727840152
"UGU",0.7680284755092261
"UUA",0.5209964362442977
"UUC",0.2997190103463339
"UUG",0.24262449645347414
"UUU",0.5295489294444895
