"codon","average_decoding_time"
"AAA",0.4587884151235728
"AAC",0.32625337877431726
"AAG",0.2302124879475506
"AAU",0.5592276360113464
"ACA",0.3502296387131107
"ACC",0.3824775347512635
"ACG",0.6874218055210534
"ACU",0.22931678203351893
"AGA",0.14782442494035192
"AGC",1.3949582467020236
"AGG",0.3069310513306146
"AGU",1.7464061054435742
"AUA",0.4439104678013134
"AUC",0.47152837937473707
"AUG",0.5212466624452718
"AUU",0.27805573208394163
"CAA",0.4673079601684861
"CAC",0.5336027667444827
"CAG",0.6437368341296146
"CAU",0.7872420385241512
"CCA",0.31740854322765255
"CCC",2.186459206583548
"CCG",0.4487362771444924
"CCU",1.7930946751443673
"CGA",0.5108706363525188
"CGC",0.6333839347066373
"CGG",2.1971282205790126
"CGU",0.39415751716046504
"CUA",1.3679975170575913
"CUC",1.2059075697393744
"CUG",1.3994917130347544
"CUU",1.291617630575906
"GAA",0.30386800255151847
"GAC",0.2796002483630385
"GAG",0.4658892912147399
"GAU",0.5070742455502402
"GCA",0.3263236363642097
"GCC",0.36924538775629423
"GCG",0.8534879896974622
"GCU",0.226182333822139
"GGA",1.025416765928595
"GGC",0.17194897083142155
"GGG",0.6811975095167327
"GGU",0.38628192265651484
"GUA",0.4052676457097703
"GUC",0.5126578774994929
"GUG",2.073109015999975
"GUU",0.2856204819377679
"UAC",0.5340967047670754
"UAU",0.7879158133238527
"UCA",0.37711386094542765
"UCC",0.5422583999282656
"UCG",0.7882319558493563
"UCU",0.31127930384142094
"UGC",0.7046353745108475
"UGG",0.35305059608581196
"UGU",0.982853429380884
"UUA",0.5782814708155619
"UUC",0.34238092320128655
"UUG",0.2522878306728606
"UUU",0.5764202299387688
