"codon","average_decoding_time"
"AAA",0.4600330291973581
"AAC",0.32571823746228606
"AAG",0.2301760303951617
"AAU",0.5593619197338301
"ACA",0.3498160673806125
"ACC",0.3816159711357385
"ACG",0.6655264721212284
"ACU",0.22954388996462638
"AGA",0.14787620788434575
"AGC",1.3887337079312558
"AGG",0.3074932278886366
"AGU",1.7480979996792076
"AUA",0.44407568702262584
"AUC",0.4716260508924099
"AUG",0.5514693435544523
"AUU",0.2786466785537352
"CAA",0.465661087345127
"CAC",0.5333588339573687
"CAG",0.6461929486280782
"CAU",0.7908898885535111
"CCA",0.31643797862602385
"CCC",2.190742231505841
"CCG",0.5062531811621507
"CCU",1.7931323874726788
"CGA",0.5117337316511528
"CGC",0.633122536489259
"CGG",2.202192952915991
"CGU",0.3925305088006497
"CUA",1.3714490664388295
"CUC",1.2065382387480683
"CUG",1.4694969902804136
"CUU",1.2907087575349554
"GAA",0.2724664709738309
"GAC",0.2799113584422394
"GAG",0.4330086168431985
"GAU",0.5072703464948817
"GCA",0.322937137535258
"GCC",0.350039779539839
"GCG",0.7099589533713352
"GCU",0.20769973584397766
"GGA",0.8298391989310374
"GGC",0.14888340263156044
"GGG",0.6337811831646161
"GGU",0.3612615358823854
"GUA",0.3237447472442196
"GUC",0.4331108098159474
"GUG",0.8602770453464968
"GUU",0.2125404690666707
"UAC",0.5334654927589717
"UAU",0.7893506842065052
"UCA",0.3779137052775844
"UCC",0.5421822892108118
"UCG",0.7914045851394667
"UCU",0.31092112784496145
"UGC",0.7041753550331956
"UGG",0.3537507762366977
"UGU",0.9796657434943273
"UUA",0.579315316896814
"UUC",0.3431438150466024
"UUG",0.263464335852636
"UUU",0.5778014887346463
