"codon","average_decoding_time"
"AAA",0.45868130439248644
"AAC",0.32652867325330687
"AAG",0.22966681780093845
"AAU",0.5588156944623413
"ACA",0.3493134355468391
"ACC",0.3824408503954671
"ACG",0.6872087969750507
"ACU",0.2298535764473065
"AGA",0.14803756451711328
"AGC",1.3979744902029119
"AGG",0.3066685371773129
"AGU",1.7486162443282878
"AUA",0.44474908083303066
"AUC",0.4725802341936191
"AUG",0.5197148829433567
"AUU",0.27810761748164947
"CAA",0.4652450897357833
"CAC",0.5339753419118359
"CAG",0.6420921794819576
"CAU",0.7899078439867913
"CCA",0.3168837266063856
"CCC",2.1969866259995134
"CCG",0.4485038585192649
"CCU",1.7945932232597621
"CGA",0.5116946074888572
"CGC",0.6313798265381013
"CGG",2.1960751864785624
"CGU",0.39362758533961284
"CUA",1.3724881543418175
"CUC",1.206980209098209
"CUG",1.401166363209049
"CUU",1.2911922629265826
"GAA",0.30413298747294937
"GAC",0.27962310391656453
"GAG",0.4648104390320596
"GAU",0.5058695228139378
"GCA",0.3261629384581994
"GCC",0.369657816906595
"GCG",0.8526893125862413
"GCU",0.22588621060271089
"GGA",1.0213715379632902
"GGC",0.17129335942799953
"GGG",0.6820987194828791
"GGU",0.38622355620212345
"GUA",0.40502683687400376
"GUC",0.5121345497315918
"GUG",2.0726206037470916
"GUU",0.2855863732650927
"UAC",0.5327725309730175
"UAU",0.7892598788672522
"UCA",0.37747430968392287
"UCC",0.5409257006478315
"UCG",0.7894986962292024
"UCU",0.3109832546718271
"UGC",0.7046754445223748
"UGG",0.35307977305503746
"UGU",0.9811992002638467
"UUA",0.5783452083098154
"UUC",0.34321133932650094
"UUG",0.25325655770826155
"UUU",0.5791038146086925
