"codon","average_decoding_time"
"AAA",0.4597159443905052
"AAC",0.3263073099631016
"AAG",0.22936254327626204
"AAU",0.5595254475320258
"ACA",0.3500232969956918
"ACC",0.38156452621024756
"ACG",0.686940593458501
"ACU",0.2300024926613354
"AGA",0.14800614922255492
"AGC",1.3912704188816325
"AGG",0.3065163838580363
"AGU",1.7474860400407015
"AUA",0.4446620626531349
"AUC",0.47128844466095837
"AUG",0.5500824027011225
"AUU",0.2784650100298074
"CAA",0.4651303870476923
"CAC",0.5344915260241175
"CAG",0.6465725229323489
"CAU",0.791373131065469
"CCA",0.3175535972690036
"CCC",2.190813416669722
"CCG",0.45038034120249826
"CCU",1.7912536076104024
"CGA",0.5098164818963524
"CGC",0.6331150233714872
"CGG",2.1958972473354725
"CGU",0.3924538265767452
"CUA",1.3715797936691625
"CUC",1.2063743580344466
"CUG",1.4673669911191132
"CUU",1.292261146408052
"GAA",0.30352321840690094
"GAC",0.27998649378454005
"GAG",0.46421081802039166
"GAU",0.5069758549981761
"GCA",0.3255891709501742
"GCC",0.3697258081664282
"GCG",0.8542548985011611
"GCU",0.22641534751588518
"GGA",1.0211728187872184
"GGC",0.1712133340997796
"GGG",0.6839215722320737
"GGU",0.3862595019783783
"GUA",0.40454350053640264
"GUC",0.5131921839578821
"GUG",0.9941795046772494
"GUU",0.2851456350161489
"UAC",0.5351737780242725
"UAU",0.7908121377460517
"UCA",0.3774462646307328
"UCC",0.5409344719660336
"UCG",0.787701844787522
"UCU",0.3106269754453155
"UGC",0.7047727967062232
"UGG",0.353077280105217
"UGU",0.9819078398926766
"UUA",0.5799833663369709
"UUC",0.341914118059017
"UUG",0.2637032756918897
"UUU",0.5794748795155064
