"codon","average_decoding_time"
"AAA",0.45860356156707044
"AAC",0.32608517819040134
"AAG",0.2293289613378699
"AAU",0.5600573257659425
"ACA",0.35019706967530023
"ACC",0.38252875322600527
"ACG",0.6866156771957093
"ACU",0.22369559809523548
"AGA",0.14804110577635768
"AGC",1.3966970273541206
"AGG",0.30781385169398484
"AGU",1.7509724468482457
"AUA",0.4426136662776611
"AUC",0.471218589291503
"AUG",0.5198395695033042
"AUU",0.2644478432372599
"CAA",0.46457514022963936
"CAC",0.5306518843241254
"CAG",0.6463048932689633
"CAU",0.7892308732667794
"CCA",0.3159905785095626
"CCC",2.188887017043504
"CCG",0.4491824649317881
"CCU",1.6210899585570233
"CGA",0.5098787240806972
"CGC",0.6329446582586926
"CGG",2.2079115700834735
"CGU",0.3919537819905034
"CUA",1.3719681760427809
"CUC",1.2074866845975556
"CUG",1.403611223756078
"CUU",4.445473298491294
"GAA",0.3036394305655824
"GAC",0.279252252115183
"GAG",0.4653820254304303
"GAU",0.5068228385771529
"GCA",0.32689966626732886
"GCC",0.36942514412103933
"GCG",0.8536208657557394
"GCU",0.25630981410720194
"GGA",1.0247842744092477
"GGC",0.17101135508313886
"GGG",0.6836757788958759
"GGU",0.3868536599089067
"GUA",0.4045624214111378
"GUC",0.5130870650163888
"GUG",2.079742357740346
"GUU",0.2730861825956354
"UAC",0.37026991311752094
"UAU",0.6085566473945978
"UCA",0.3726282323659543
"UCC",0.5337043811884538
"UCG",0.6463277606981149
"UCU",0.24503390449044032
"UGC",0.514228908719559
"UGG",0.33434893621585576
"UGU",0.768590716999979
"UUA",0.5186125150595132
"UUC",0.29973847422221434
"UUG",0.22489051590271594
"UUU",0.5306519594771878
