"codon","average_decoding_time"
"AAA",0.4583648166702714
"AAC",0.3258583509054936
"AAG",0.2297970364731364
"AAU",0.5604599406166983
"ACA",0.34920580598739703
"ACC",0.38241045774227
"ACG",0.5793555972004004
"ACU",0.22933614503365315
"AGA",0.14779497851972337
"AGC",1.394520407618188
"AGG",0.2914540057925014
"AGU",1.742653900964664
"AUA",0.44382239109231325
"AUC",0.47292078350254246
"AUG",0.5499467562066073
"AUU",0.2778226717013411
"CAA",0.46743959273161184
"CAC",0.533038861469103
"CAG",0.6463178640505093
"CAU",0.790561336948101
"CCA",0.3166858227460567
"CCC",2.190509900407944
"CCG",1.8414488887851235
"CCU",1.7981263223934623
"CGA",0.5099808198914153
"CGC",0.6338224901728643
"CGG",2.039132713649469
"CGU",0.3933581327905585
"CUA",1.3695173673564007
"CUC",1.2089560004497006
"CUG",1.4614859811250833
"CUU",1.2904998627955608
"GAA",0.3043135313216898
"GAC",0.2792930540652391
"GAG",0.4655401030610493
"GAU",0.5065981918819538
"GCA",0.32613656163358995
"GCC",0.3684171193931182
"GCG",0.7424776828140235
"GCU",0.226315009835552
"GGA",1.0267249393651061
"GGC",0.17124303290624554
"GGG",1.3634842568722267
"GGU",0.3866210825188612
"GUA",0.4047444171917016
"GUC",0.512784333270775
"GUG",0.9957287839860611
"GUU",0.2853418064889679
"UAC",0.5335133444395643
"UAU",0.7892651867964928
"UCA",0.3755010363683317
"UCC",0.5422142704353252
"UCG",2.914546212019907
"UCU",0.3114959449753351
"UGC",0.7064247371011192
"UGG",0.323942720174357
"UGU",0.9791110957943485
"UUA",0.5797446183800693
"UUC",0.34223172426794884
"UUG",0.3267879067667581
"UUU",0.578799695524638
