"codon","average_decoding_time"
"AAA",0.46001255817874936
"AAC",0.32707244043105005
"AAG",0.2297590636723198
"AAU",0.5588730137096222
"ACA",0.35028948200119836
"ACC",0.38225829928084665
"ACG",0.5794750323165306
"ACU",0.22372092297707238
"AGA",0.14789043959431947
"AGC",1.3928096651873105
"AGG",1.6315268577256277
"AGU",1.744363989031592
"AUA",0.4429322903831082
"AUC",0.4721577991233105
"AUG",0.5515867039956617
"AUU",0.265052488592418
"CAA",0.4656019849888577
"CAC",0.5322957346623345
"CAG",0.6446356206751547
"CAU",0.790426967474376
"CCA",0.3159967304771316
"CCC",2.1820398009833517
"CCG",1.8476087635527418
"CCU",1.6214505819679361
"CGA",0.5094910177071775
"CGC",0.632522844492192
"CGG",2.034967989190229
"CGU",0.39231903542834895
"CUA",1.3727368115501812
"CUC",1.2049028211187855
"CUG",1.4645698158078697
"CUU",4.427279961535762
"GAA",0.30329905081516545
"GAC",0.2797247440408473
"GAG",0.4664617087495642
"GAU",0.5066095427791091
"GCA",0.3264128214851225
"GCC",0.3694942216474071
"GCG",0.7443988623589066
"GCU",0.25625257856106737
"GGA",1.0213483588477839
"GGC",0.1714794591154211
"GGG",1.3628890966599723
"GGU",0.38668481327086024
"GUA",0.4054476307266946
"GUC",0.5130598792871527
"GUG",0.9994949244286455
"GUU",0.2710509599901841
"UAC",0.3703919792128447
"UAU",0.6070335929966222
"UCA",0.3729297706383711
"UCC",0.5358270303331214
"UCG",2.3162995137169733
"UCU",0.24559734669522426
"UGC",0.5130734730627642
"UGG",0.18434420949956068
"UGU",0.7670028013832338
"UUA",0.5180023607786766
"UUC",0.29973125366921977
"UUG",0.2118831896812064
"UUU",0.5295408455932537
