"codon","average_decoding_time"
"AAA",0.4584597124346343
"AAC",0.327278008739212
"AAG",0.2295128513980739
"AAU",0.560283907766164
"ACA",0.3508082822749175
"ACC",0.38325152450002664
"ACG",0.6862671447664972
"ACU",0.22956237831257162
"AGA",0.14795795346093818
"AGC",1.3973500605409563
"AGG",0.3074462237008081
"AGU",1.7467228618229234
"AUA",0.44397791160091304
"AUC",0.4711640509839389
"AUG",0.5220151413997693
"AUU",0.27763869896670396
"CAA",0.4642825024302424
"CAC",0.5322232496577387
"CAG",0.6447637622212015
"CAU",0.7903688345898258
"CCA",0.31655105535288564
"CCC",2.1918375623928026
"CCG",0.44937032233957946
"CCU",1.7968676872564469
"CGA",0.5108675899312972
"CGC",0.6341160076434973
"CGG",2.196674150748849
"CGU",0.3929720865229964
"CUA",1.3712536505191397
"CUC",1.2071225408652353
"CUG",1.4009954404896943
"CUU",1.2903412537197323
"GAA",0.30403601996396656
"GAC",0.2796007298534751
"GAG",0.46603258803894304
"GAU",0.5072820859622652
"GCA",0.32717420385761725
"GCC",0.36973642143038415
"GCG",0.8526687520265116
"GCU",0.22519271427287546
"GGA",1.028098243696547
"GGC",0.1712238412957884
"GGG",0.6827724224243531
"GGU",0.3876455396466915
"GUA",0.4058096870766392
"GUC",0.5143660521693534
"GUG",2.078675713685048
"GUU",0.2859431474826869
"UAC",0.5332179561577866
"UAU",0.7909787753561869
"UCA",0.37765987966536513
"UCC",0.5418690285188235
"UCG",0.7885210101981052
"UCU",0.31073792949973106
"UGC",0.703749267404213
"UGG",0.3535372637961917
"UGU",0.9817885795686758
"UUA",0.5803209711198793
"UUC",0.3421176350103318
"UUG",0.2531922311594602
"UUU",0.579022546121016
