"codon","average_decoding_time"
"AAA",0.45857822148380695
"AAC",0.32690989746762705
"AAG",0.23032743841406575
"AAU",0.5590601034844096
"ACA",0.3498157061343745
"ACC",0.38229883440711604
"ACG",0.6872908344830427
"ACU",0.22952359655088925
"AGA",0.14816930599938585
"AGC",1.3943032358769694
"AGG",1.7988648694216363
"AGU",1.7482217291256463
"AUA",0.44410653691653446
"AUC",0.47178974656001016
"AUG",0.5507928827303511
"AUU",0.2779902347421965
"CAA",0.46384059928672455
"CAC",0.5345219910711425
"CAG",0.6458747050558992
"CAU",0.789508325726194
"CCA",0.31662738659809414
"CCC",2.187912006655594
"CCG",0.45005112048358237
"CCU",1.7942496613624852
"CGA",0.5110665113443681
"CGC",0.6329079620574516
"CGG",2.2024300075494128
"CGU",0.3919477243768381
"CUA",1.370159743127071
"CUC",1.2067088125153889
"CUG",1.4633584287059822
"CUU",1.2893223393979318
"GAA",0.3030457489461217
"GAC",0.2804448368721165
"GAG",0.46545762530190987
"GAU",0.5084446234428803
"GCA",0.3273482125205925
"GCC",0.3699597290439354
"GCG",0.8522479878210284
"GCU",0.22601981725388595
"GGA",1.0244484464056245
"GGC",0.17080466030945707
"GGG",0.6870560411482397
"GGU",0.3869671132452302
"GUA",0.4050805473736748
"GUC",0.5138858049144626
"GUG",0.9989279335619923
"GUU",0.2846735332081499
"UAC",0.534951049397187
"UAU",0.7889870721868357
"UCA",0.3781243973529305
"UCC",0.5417887936663722
"UCG",0.7877355275034307
"UCU",0.31038713283353586
"UGC",0.7047359681246125
"UGG",0.35302721369657575
"UGU",0.9799273563140625
"UUA",0.5775886160512809
"UUC",0.34300739296207505
"UUG",0.26355517189521466
"UUU",0.5762054155682189
