"codon","average_decoding_time"
"AAA",0.4581563220618504
"AAC",0.32665104168805537
"AAG",0.22987635178292437
"AAU",0.5599807900571138
"ACA",0.3502988827207003
"ACC",0.3823764610744824
"ACG",0.6882931149766969
"ACU",0.22959200778281535
"AGA",0.1478057226166786
"AGC",1.3939100676342029
"AGG",0.3078364468197913
"AGU",1.7497776351857173
"AUA",0.4444121485724065
"AUC",0.47133111139796463
"AUG",0.5519013889506643
"AUU",0.2781733962420121
"CAA",0.4636223268891132
"CAC",0.5322059326437063
"CAG",0.644789441796204
"CAU",0.7868638640917064
"CCA",0.31642622353852895
"CCC",2.1885672359258495
"CCG",0.44950019464591934
"CCU",1.7873640722692894
"CGA",0.5106002994741327
"CGC",0.6330886809554526
"CGG",2.1930110794130693
"CGU",0.3919340916992264
"CUA",1.37660066661027
"CUC",1.209050347400461
"CUG",1.460319669617091
"CUU",1.2939939122205644
"GAA",0.3042136153527586
"GAC",0.2795538308289696
"GAG",0.46618708808724946
"GAU",0.5065594871744411
"GCA",0.32656951185563665
"GCC",0.36893218148653073
"GCG",0.853494876872616
"GCU",0.22554985294481172
"GGA",1.0257688094126836
"GGC",0.17101643494278504
"GGG",0.6843746425244165
"GGU",0.3868563479972499
"GUA",0.4052735895413439
"GUC",0.5133750178815693
"GUG",0.9966955867285625
"GUU",0.28580124785507693
"UAC",0.5310871344573795
"UAU",0.787550592117964
"UCA",0.37719177130430265
"UCC",0.5422439743746903
"UCG",0.7894164492301446
"UCU",0.3100515437816201
"UGC",0.7055934284648169
"UGG",0.3539054049496097
"UGU",0.9797952159585022
"UUA",0.5799621408390024
"UUC",0.34262557785536824
"UUG",0.2637321998442797
"UUU",0.5776351242095004
