"codon","average_decoding_time"
"AAA",0.4598838914496151
"AAC",0.3261926652554341
"AAG",0.2304964832188864
"AAU",0.5591625080368052
"ACA",0.35030973669612364
"ACC",0.38166407224522375
"ACG",0.6869530741819796
"ACU",0.2296676207966226
"AGA",0.1479553539881224
"AGC",1.3959700855160442
"AGG",0.3070360752417975
"AGU",1.7485844376267106
"AUA",0.4438454423872661
"AUC",0.4722758776498878
"AUG",0.5509058639943866
"AUU",0.2776855890853101
"CAA",0.46665774114808434
"CAC",0.5326462972087027
"CAG",0.6456140426290672
"CAU",0.7884370374641352
"CCA",0.31696639496647216
"CCC",2.190358566233258
"CCG",0.4489146891383099
"CCU",1.7916890114797086
"CGA",0.509645909027024
"CGC",0.6324528930136769
"CGG",2.1980441283519982
"CGU",0.39326053262173283
"CUA",1.3722700371283114
"CUC",1.2095853988750938
"CUG",1.4645642813910855
"CUU",1.2922754007396016
"GAA",0.3032870801537577
"GAC",0.27873984802784957
"GAG",0.46622763598392214
"GAU",0.508027556573614
"GCA",0.3262761757912485
"GCC",0.36847221567758165
"GCG",0.8539219330785115
"GCU",0.22521988574444937
"GGA",1.0262638411866418
"GGC",0.17143395653889212
"GGG",0.6842124562287607
"GGU",0.38519360018815335
"GUA",0.4044588771027719
"GUC",0.5126477262210014
"GUG",0.9952376059476655
"GUU",0.2847980901058413
"UAC",0.5347261535391268
"UAU",0.7878855077165977
"UCA",0.3762983854653339
"UCC",0.5419896726894179
"UCG",0.7901408901893905
"UCU",0.31067120416433275
"UGC",0.7040530706249885
"UGG",0.35331601624009473
"UGU",0.98504843399769
"UUA",0.579029306375176
"UUC",0.3431624372333365
"UUG",0.2638211614437126
"UUU",0.5773376951573741
