"codon","average_decoding_time"
"AAA",0.4585144963009987
"AAC",0.32643003118906294
"AAG",0.1613255189019947
"AAU",0.5604864204864772
"ACA",0.3506345055012
"ACC",0.38217821361072757
"ACG",0.6867007892834932
"ACU",0.22356569180177038
"AGA",0.14844177471448952
"AGC",1.3907879109462764
"AGG",0.30754300984535127
"AGU",1.7448210499564474
"AUA",0.4437875680872545
"AUC",0.471710295208931
"AUG",0.5526536926180948
"AUU",0.26521737324145767
"CAA",0.46538685911361466
"CAC",0.5338210235557554
"CAG",3.465246847867835
"CAU",0.790057904948804
"CCA",0.31624972556492886
"CCC",2.1852010819929872
"CCG",0.4486176847746714
"CCU",1.6246473501303684
"CGA",0.5097347045295302
"CGC",0.6332173111014151
"CGG",2.1952769753746844
"CGU",0.39321319889981143
"CUA",1.3728605946590684
"CUC",1.2049456143782629
"CUG",1.463372655858132
"CUU",4.429169165772262
"GAA",0.3022914177625905
"GAC",0.27978711017219055
"GAG",2.1709292974720524
"GAU",0.505891660474368
"GCA",0.32599425986007213
"GCC",0.3691012443710054
"GCG",0.8512018277515074
"GCU",0.2565218457076932
"GGA",1.0253139331598788
"GGC",0.17195708999027984
"GGG",0.6846114634906098
"GGU",0.38689954791319237
"GUA",0.40556533895874114
"GUC",0.513456546438129
"GUG",0.9964855701595597
"GUU",0.27107413537101815
"UAC",0.37029949930476547
"UAU",0.6079710422138156
"UCA",0.3740771540739367
"UCC",0.5349628785731553
"UCG",0.6488903713828098
"UCU",0.2456217868201128
"UGC",0.5138350194534425
"UGG",0.33318781884873555
"UGU",0.7689882913622518
"UUA",0.5182743562043692
"UUC",0.2992189316700715
"UUG",0.21243047086411995
"UUU",0.5294812078473625
