"codon","average_decoding_time"
"AAA",0.45864258858330836
"AAC",0.3265429175673565
"AAG",0.23001945821953923
"AAU",0.5605191502207071
"ACA",0.34988191374581085
"ACC",0.3815020570349789
"ACG",0.5793543418948315
"ACU",0.23018134303853047
"AGA",0.1482605736100153
"AGC",1.3930131015626288
"AGG",0.29246060279767777
"AGU",1.7454089834242197
"AUA",0.4434135573331904
"AUC",0.4720439498987696
"AUG",0.5529771474963887
"AUU",0.2791149005542142
"CAA",0.4643179293252904
"CAC",0.5331145890624408
"CAG",0.6448585800301245
"CAU",0.7899063951904673
"CCA",0.3169812962062713
"CCC",2.1923192494552715
"CCG",1.8399719476111482
"CCU",1.7947245653437582
"CGA",0.5117494932685926
"CGC",0.6342471086083555
"CGG",2.036670485493623
"CGU",0.39244383837330327
"CUA",1.3755076785536318
"CUC",1.205161902805713
"CUG",1.464513196956359
"CUU",1.290443690062658
"GAA",0.3030248770337702
"GAC",0.2796814060665178
"GAG",0.4645708090789199
"GAU",0.5051123643049615
"GCA",0.32666834112862736
"GCC",0.3688811603163487
"GCG",0.7429721555832438
"GCU",0.226269407478608
"GGA",1.0221486862932387
"GGC",0.1713425891048435
"GGG",1.3676488977903294
"GGU",0.38685353624680247
"GUA",0.40568246589500556
"GUC",0.5130203450569468
"GUG",0.9934139826457125
"GUU",0.2843536402319816
"UAC",0.5323160564935769
"UAU",0.7911368512739801
"UCA",0.37898528726512437
"UCC",0.5411258057924636
"UCG",2.920261439822013
"UCU",0.30922540982819374
"UGC",0.7058880735951448
"UGG",0.3228995726555012
"UGU",0.9811256906703495
"UUA",0.5787814139484374
"UUC",0.3431330555535396
"UUG",0.26438414497286933
"UUU",0.5773432225810075
