"codon","average_decoding_time"
"AAA",0.45959944612155834
"AAC",0.3272791351250381
"AAG",0.23013779136153592
"AAU",0.5601401224205882
"ACA",0.34964407612434534
"ACC",0.38141002430611476
"ACG",0.6664183437567343
"ACU",0.22962273523602267
"AGA",0.1479533175753459
"AGC",1.3951381260893978
"AGG",0.3069692791268652
"AGU",1.748426747153076
"AUA",0.4443933475341275
"AUC",0.4720128451066494
"AUG",0.5517524746515569
"AUU",0.27819583086137073
"CAA",0.4643508605424919
"CAC",0.5332669035212468
"CAG",0.6466082872052463
"CAU",0.7908618528491509
"CCA",0.3157185762473486
"CCC",2.1921466775565057
"CCG",0.5067161300686276
"CCU",1.7941108692600232
"CGA",0.5109119227179442
"CGC",0.6336794821847272
"CGG",2.1986004174604132
"CGU",0.3919274241273949
"CUA",1.3719075711212372
"CUC",1.207875539884863
"CUG",1.4642753285860177
"CUU",1.2912930536634826
"GAA",0.27345673193945874
"GAC",0.2800118964731227
"GAG",0.43439099890579635
"GAU",0.5070194751466226
"GCA",0.3234528436734403
"GCC",0.3495671701784915
"GCG",0.7125269136318652
"GCU",0.2079329418671138
"GGA",0.8272551907338482
"GGC",0.14860012964162728
"GGG",0.6324318675103792
"GGU",0.3608578495465472
"GUA",0.3241821054789222
"GUC",0.43302201323780765
"GUG",0.8606819699548465
"GUU",0.21327250350976748
"UAC",0.5337310197956212
"UAU",0.7911971232655097
"UCA",0.3779059814423284
"UCC",0.5416210066393243
"UCG",0.7891398659328174
"UCU",0.3108674127282256
"UGC",0.706088440319513
"UGG",0.3537291889587
"UGU",0.9809862603348841
"UUA",0.5793117541123493
"UUC",0.34172089514319925
"UUG",0.2642403117014268
"UUU",0.5780695339468865
