"codon","average_decoding_time"
"AAA",0.45812576727785703
"AAC",0.326116469345678
"AAG",0.23003322002871657
"AAU",0.5587512760327893
"ACA",0.3498033949390841
"ACC",0.38233777739025315
"ACG",0.6856918952318188
"ACU",0.22335750774065105
"AGA",0.1479839649170305
"AGC",1.39509205946226
"AGG",0.3078666922474568
"AGU",1.7474483669393175
"AUA",0.44408070113798775
"AUC",0.4712896924880912
"AUG",0.5505361839211279
"AUU",0.26500714453202345
"CAA",0.46350335039801954
"CAC",0.5320131404281228
"CAG",0.6447825411447933
"CAU",0.791340369448097
"CCA",0.31721965893522536
"CCC",2.1900190208431285
"CCG",0.44925999594155236
"CCU",1.619039483838964
"CGA",0.5103394179420706
"CGC",0.6347954421612109
"CGG",2.204404370629866
"CGU",0.39269089450959915
"CUA",1.3706968259830237
"CUC",1.204787395399151
"CUG",1.4676553308996265
"CUU",4.439966983440754
"GAA",0.3037503113733447
"GAC",0.2795541257338117
"GAG",0.46518091898594593
"GAU",0.5069594711338541
"GCA",0.3259841503545452
"GCC",0.36980899646454995
"GCG",0.8539526004268724
"GCU",0.2575147143781636
"GGA",1.025419304306735
"GGC",0.17124051729760875
"GGG",0.6833791373893798
"GGU",0.38608545925204546
"GUA",0.40427468607331823
"GUC",0.5128944191674666
"GUG",0.9976552671314982
"GUU",0.2721630302258833
"UAC",0.3705518356746628
"UAU",0.608617312892666
"UCA",0.3728640752918427
"UCC",0.535757707954424
"UCG",0.6461173774087043
"UCU",0.24521896648536878
"UGC",0.5125021607073262
"UGG",0.33457721774789545
"UGU",0.7680615928602832
"UUA",0.5196913166525929
"UUC",0.29969408519359264
"UUG",0.20507015601920156
"UUU",0.5308597080889162
