"codon","average_decoding_time"
"AAA",0.45894401510550137
"AAC",0.3276188900435382
"AAG",0.16114126557183175
"AAU",0.558303266383153
"ACA",0.34969286307022635
"ACC",0.38193337119316867
"ACG",0.6865456218758931
"ACU",0.22963077661384193
"AGA",0.1476556528632172
"AGC",1.3936582072724268
"AGG",0.3067031870139768
"AGU",1.7442290013061759
"AUA",0.44279650923869573
"AUC",0.47198662264131996
"AUG",0.5508999948262344
"AUU",0.2788025970359647
"CAA",0.4655180225749914
"CAC",0.5332558569189761
"CAG",3.4627363590455724
"CAU",0.7901818493667744
"CCA",0.31763244885538067
"CCC",2.1947542199540986
"CCG",0.4490750121027084
"CCU",1.7945501956272711
"CGA",0.5105640065785831
"CGC",0.6346701099110271
"CGG",2.2018101851618965
"CGU",0.3938695125201434
"CUA",1.3693997078855877
"CUC",1.208894005465545
"CUG",1.4663689263464648
"CUU",1.2921430412738824
"GAA",0.30421232246731567
"GAC",0.2787275626809281
"GAG",2.158766396322662
"GAU",0.5071552621387364
"GCA",0.32597797497611253
"GCC",0.3699507926511236
"GCG",0.8527098950001857
"GCU",0.22647403369174357
"GGA",1.0238126529795066
"GGC",0.171157488367831
"GGG",0.6813863900929291
"GGU",0.38583405473890986
"GUA",0.4046390263460285
"GUC",0.5122991985901396
"GUG",0.9934143335051994
"GUU",0.28530867726601256
"UAC",0.5331394523491899
"UAU",0.7911836915653014
"UCA",0.377070137720805
"UCC",0.541169702006668
"UCG",0.7887186971066823
"UCU",0.3106160448414661
"UGC",0.7072985711948082
"UGG",0.35406160519190677
"UGU",0.980817006680241
"UUA",0.5791389020687893
"UUC",0.3438539438627931
"UUG",0.2634746978614823
"UUU",0.5783993289693599
