"codon","average_decoding_time"
"AAA",0.4580298045443818
"AAC",0.32633616136692295
"AAG",0.23005329937772884
"AAU",0.5581672734851658
"ACA",0.3500622075203359
"ACC",0.38318830254179925
"ACG",0.6841309350351807
"ACU",0.22956981945526428
"AGA",0.14766514798837505
"AGC",1.3939773368327169
"AGG",0.30757880313731456
"AGU",1.7503702643936228
"AUA",0.44305716847740567
"AUC",0.47177460459180437
"AUG",0.5507093261089832
"AUU",0.2770443560253527
"CAA",0.46467125071251447
"CAC",0.5328369647568354
"CAG",0.6447457613660665
"CAU",0.7875874518485851
"CCA",0.3168141244773395
"CCC",2.185496759059609
"CCG",0.4501792219486658
"CCU",1.7962580662001069
"CGA",0.509858707119187
"CGC",0.6329235146454912
"CGG",2.195321541895526
"CGU",0.39244866606538
"CUA",1.372193527295616
"CUC",1.2033337397826973
"CUG",1.4649628809946023
"CUU",1.2874238659890074
"GAA",0.3040777736872465
"GAC",0.28010637914440767
"GAG",0.4656906332310293
"GAU",0.5074812790375455
"GCA",0.3261001777651205
"GCC",0.36982597841772397
"GCG",0.8528885051303452
"GCU",0.22674120217175253
"GGA",1.022941461708674
"GGC",0.17140903080336703
"GGG",0.6825234396068229
"GGU",0.3862080618862599
"GUA",0.4054387015858398
"GUC",0.5131109307263887
"GUG",0.9959984817896407
"GUU",0.28470672661012847
"UAC",0.5323851009715619
"UAU",0.7906230318006963
"UCA",0.37640896538100355
"UCC",0.5414049740634231
"UCG",0.7882896586052914
"UCU",0.3106848329485762
"UGC",0.7063638872659709
"UGG",0.3527904419878383
"UGU",0.9807454195504763
"UUA",0.5787423699323555
"UUC",0.3432843172650477
"UUG",0.26454746544551183
"UUU",0.5789512776836676
