"codon","average_decoding_time"
"AAA",0.45797190341594657
"AAC",0.3266309043740101
"AAG",0.22978446010953815
"AAU",0.561206480837845
"ACA",0.35031634600151784
"ACC",0.38382101979721
"ACG",0.6861294962675499
"ACU",0.22286795605382256
"AGA",0.14757548235210607
"AGC",1.3941750268507673
"AGG",0.3072624993234779
"AGU",1.7437104721482466
"AUA",0.44392973353263954
"AUC",0.4720598463747791
"AUG",0.5507133566664629
"AUU",0.26570689052092394
"CAA",0.46491742304066197
"CAC",0.5315867951645931
"CAG",0.6450179650231458
"CAU",0.7884765341074338
"CCA",0.31632357856178467
"CCC",2.191659000367682
"CCG",0.448848760768676
"CCU",1.6201113106581415
"CGA",0.5083830471718119
"CGC",0.6339322529971417
"CGG",2.2030548344137166
"CGU",0.39402669530632234
"CUA",1.3700139999967276
"CUC",1.2103156541801237
"CUG",1.463456089040087
"CUU",4.435274631606136
"GAA",0.30395712772185435
"GAC",0.27997620863319594
"GAG",0.46599406159668993
"GAU",0.5077263551403982
"GCA",0.32547049625894864
"GCC",0.36960304794201304
"GCG",0.8532249078262031
"GCU",0.2560218828656963
"GGA",1.026183363570884
"GGC",0.17130387924787074
"GGG",0.684156903496158
"GGU",0.3868116121766367
"GUA",0.40483841367350165
"GUC",0.511656929483523
"GUG",0.9960460845999992
"GUU",0.2722151543728064
"UAC",0.36973800764322395
"UAU",0.607100382224856
"UCA",0.37237110906069537
"UCC",0.5340509547394136
"UCG",0.6453155742276803
"UCU",0.24538379448937261
"UGC",0.5150735383208427
"UGG",0.3339195388835621
"UGU",0.7673503474601949
"UUA",0.5204921699387427
"UUC",0.2993689179824221
"UUG",0.24339818209866668
"UUU",0.5301915426831707
