"codon","average_decoding_time"
"AAA",0.46049217781138374
"AAC",0.32625160895893623
"AAG",0.1612470038569246
"AAU",0.5605805891744112
"ACA",0.3497763198626792
"ACC",0.3823065128514977
"ACG",0.6878674433734304
"ACU",0.2288414915487363
"AGA",0.1479227174832626
"AGC",1.396269859633521
"AGG",0.3066530349395326
"AGU",1.7420387261757242
"AUA",0.4434041727194519
"AUC",0.4715248829461084
"AUG",0.5523852130040124
"AUU",0.27837848722500697
"CAA",0.46458229405419454
"CAC",0.5346917469854262
"CAG",3.445890308324792
"CAU",0.7917403336510307
"CCA",0.3165847771844243
"CCC",2.195458376249362
"CCG",0.4500883494773741
"CCU",1.7933385595520928
"CGA",0.5103073579582218
"CGC",0.6338280007647575
"CGG",2.19765069945887
"CGU",0.39259100436148425
"CUA",1.3734934164846218
"CUC",1.2050451392336825
"CUG",1.4640615493561215
"CUU",1.2911594346508528
"GAA",0.30404410627147216
"GAC",0.27928293759556305
"GAG",2.165122471858315
"GAU",0.5076892449002429
"GCA",0.32591271720633025
"GCC",0.36959456442176136
"GCG",0.8521359552011468
"GCU",0.2259396071268135
"GGA",1.0239700827274365
"GGC",0.17098146237004935
"GGG",0.6857109337529356
"GGU",0.38666205095955253
"GUA",0.40476841404311203
"GUC",0.5137815812736292
"GUG",1.000140122332171
"GUU",0.2852534529385706
"UAC",0.5317395622406298
"UAU",0.7901120240507945
"UCA",0.3765353885994375
"UCC",0.5410518701619021
"UCG",0.7889104884933544
"UCU",0.3112543026741254
"UGC",0.7045982943339465
"UGG",0.35413915461034884
"UGU",0.9831473239922809
"UUA",0.5799608316390457
"UUC",0.3434421587487032
"UUG",0.264145774543817
"UUU",0.5772857057951976
