"codon","average_decoding_time"
"AAA",0.4602746618197676
"AAC",0.3266807208612747
"AAG",0.2301946218580156
"AAU",0.5610541232911761
"ACA",0.3498700023848036
"ACC",0.3819364262437526
"ACG",0.6881330429080675
"ACU",0.23001481820327477
"AGA",0.14805303094005556
"AGC",1.3944814275839366
"AGG",0.30659657046005134
"AGU",1.7448734014407647
"AUA",0.4439967185154655
"AUC",0.4711052666127111
"AUG",0.5516177325157624
"AUU",0.2774566954046083
"CAA",0.4636986790246831
"CAC",0.5337332111091809
"CAG",0.6436485819558491
"CAU",0.7883698437182813
"CCA",0.3168797539113118
"CCC",2.1891771894737473
"CCG",0.4493112635519894
"CCU",1.7941833628965147
"CGA",0.5098988767853619
"CGC",0.6331550024240563
"CGG",2.1931325631070395
"CGU",0.3934743510414383
"CUA",1.3716574491485884
"CUC",1.207568564962692
"CUG",1.4644729098758518
"CUU",1.2882907236950716
"GAA",0.30306707537613065
"GAC",0.27935658686405157
"GAG",0.4658663815345516
"GAU",0.5073120517577983
"GCA",0.3257770264547823
"GCC",0.3697619038912463
"GCG",0.8555948881004748
"GCU",0.2262341060636994
"GGA",1.0240266837522218
"GGC",0.17080962912949246
"GGG",0.6834180444207089
"GGU",0.38721488413437305
"GUA",0.4054508588431882
"GUC",0.5139517021685401
"GUG",0.9968256783326723
"GUU",0.2855960235242499
"UAC",0.5316257923281871
"UAU",0.7899154640370553
"UCA",0.37735985359885116
"UCC",0.5397120042931076
"UCG",0.7870316083106269
"UCU",0.3100793442359165
"UGC",0.7027256037081253
"UGG",0.35402108831299006
"UGU",0.9845019798516799
"UUA",0.5794380834566539
"UUC",0.34332540487827473
"UUG",0.3261089502424038
"UUU",0.5772134549349726
