"codon","average_decoding_time"
"AAA",0.4590113957807418
"AAC",0.32673096314981936
"AAG",0.22984699065364028
"AAU",0.5597426931859378
"ACA",0.35004994062189004
"ACC",0.3824574748021793
"ACG",0.6653019133143434
"ACU",0.22916146915011995
"AGA",0.14768598215166445
"AGC",1.3946804057607523
"AGG",0.3072583420464463
"AGU",1.7510145503761492
"AUA",0.44401723281282823
"AUC",0.47136927118679006
"AUG",0.5502007749322051
"AUU",0.2786198835823145
"CAA",0.463644777919234
"CAC",0.5337962417810621
"CAG",0.6444399736772723
"CAU",0.7906407028857758
"CCA",0.31769323569755664
"CCC",2.1898502737525307
"CCG",0.5069128376966627
"CCU",1.79985524035076
"CGA",0.5103547752139552
"CGC",0.6322664660606105
"CGG",2.197656937183504
"CGU",0.3921639270932046
"CUA",1.3680756578321374
"CUC",1.2034014632607026
"CUG",1.461940857560874
"CUU",1.2922659902351357
"GAA",0.27173860895888285
"GAC",0.27996200523211506
"GAG",0.43376664696435824
"GAU",0.5068616981247189
"GCA",0.3228907843810041
"GCC",0.34988064287991455
"GCG",0.709938633503815
"GCU",0.2075720440570476
"GGA",0.8284138676143062
"GGC",0.1486591381586578
"GGG",0.6327919369725419
"GGU",0.3607894184285741
"GUA",0.3246140200713197
"GUC",0.4317084793187405
"GUG",0.8600312095664526
"GUU",0.21285208562024446
"UAC",0.5326895294899274
"UAU",0.7874685270659573
"UCA",0.3768346424802297
"UCC",0.5421084405239632
"UCG",0.7893447747814035
"UCU",0.30995150123684134
"UGC",0.7043977887962575
"UGG",0.3541701348615631
"UGU",0.9809078580442574
"UUA",0.5792284026923066
"UUC",0.34326673544320935
"UUG",0.26404252690837055
"UUU",0.5776922943040009
