"codon","average_decoding_time"
"AAA",0.4597521282800248
"AAC",0.32782137822509183
"AAG",0.22945545454114905
"AAU",0.5597097626429295
"ACA",0.3501250640583227
"ACC",0.38193337311542663
"ACG",0.685810357562068
"ACU",0.22967006728626457
"AGA",0.14807817407188992
"AGC",1.3970386753248651
"AGG",1.8000862512668245
"AGU",1.7452412224944973
"AUA",0.4428415651344026
"AUC",0.4715971777829581
"AUG",0.5490555294569673
"AUU",0.279234066899185
"CAA",0.46291654905561525
"CAC",0.5328142674684188
"CAG",0.6451103808476176
"CAU",0.7900322508017076
"CCA",0.31721651340561224
"CCC",2.189676170179839
"CCG",0.4502225319639283
"CCU",1.7888428530439107
"CGA",0.5091571817661701
"CGC",0.633570887966161
"CGG",2.1964776542550277
"CGU",0.3932541922046882
"CUA",1.370330357848952
"CUC",1.2044774357569707
"CUG",1.4688093484632534
"CUU",1.290180249889777
"GAA",0.3043078115353523
"GAC",0.27907612060554277
"GAG",0.46497033245501207
"GAU",0.5059339587156267
"GCA",0.3268759117404964
"GCC",0.3697066502213706
"GCG",0.8522505048104331
"GCU",0.22599291614995934
"GGA",1.0251506123587304
"GGC",0.17172750571775972
"GGG",0.6840626697230782
"GGU",0.38583081260335206
"GUA",0.40652064684302797
"GUC",0.513799190034278
"GUG",0.9961620285995166
"GUU",0.28515984805615097
"UAC",0.5327348868975549
"UAU",0.7912384425930419
"UCA",0.3775844468492876
"UCC",0.5417126243084619
"UCG",0.7868981675800337
"UCU",0.31070858220500325
"UGC",0.7058575159057068
"UGG",0.35358940813439277
"UGU",0.98328948211557
"UUA",0.5781339798346132
"UUC",0.34344013911726307
"UUG",0.26406809399540804
"UUU",0.5781875831659575
