"codon","average_decoding_time"
"AAA",0.45822068942763405
"AAC",0.32680643676256976
"AAG",0.23019615639916374
"AAU",0.559207901761884
"ACA",0.34992594445339353
"ACC",0.38213191853962586
"ACG",0.6656732106330179
"ACU",0.2303073760903816
"AGA",0.14724717293076323
"AGC",1.3943491844303482
"AGG",1.806061606504631
"AGU",1.7434227590816214
"AUA",0.4431951594745902
"AUC",0.47183642237125906
"AUG",0.5520681967390817
"AUU",0.2782215826028166
"CAA",0.46607485218008243
"CAC",0.5316341459218401
"CAG",0.6445602832549288
"CAU",0.7887896137267435
"CCA",0.31601193520970805
"CCC",2.189053369620184
"CCG",0.5055036818501824
"CCU",1.791531910874423
"CGA",0.5107546396871435
"CGC",0.6325093949236267
"CGG",2.200801745609516
"CGU",0.39276515058675227
"CUA",1.3706102814360275
"CUC",1.2049950531612381
"CUG",1.466927262103364
"CUU",1.292267963185782
"GAA",0.2715964067557898
"GAC",0.2786322366790367
"GAG",0.43396218856448804
"GAU",0.5072942128736465
"GCA",0.32208796285479036
"GCC",0.35034572525715485
"GCG",0.7111514397531544
"GCU",0.2077093035705494
"GGA",0.8320776668507848
"GGC",0.14893073268145393
"GGG",0.6326579518608038
"GGU",0.3619223977093876
"GUA",0.3248282596660644
"GUC",0.432711095588144
"GUG",0.8586813566821794
"GUU",0.2125518046911694
"UAC",0.5324941522229503
"UAU",0.790192862168881
"UCA",0.37795142829182005
"UCC",0.5411294804893623
"UCG",0.7873869524663775
"UCU",0.3105463334069001
"UGC",0.7054455904402477
"UGG",0.3537149533916715
"UGU",0.98017952733914
"UUA",0.5783404439760867
"UUC",0.3428830247127196
"UUG",0.26456121461977816
"UUU",0.5766428771486186
