"codon","average_decoding_time"
"AAA",0.4585752602461187
"AAC",0.32630244247809476
"AAG",0.22966524520264414
"AAU",0.5600301029953643
"ACA",0.3510756486435812
"ACC",0.38220724836004516
"ACG",0.6890882771453413
"ACU",0.22366881692938279
"AGA",0.14755632968019305
"AGC",1.3947142119811307
"AGG",0.30813467431552405
"AGU",1.746363014714528
"AUA",0.4435081259404898
"AUC",0.4712291776968458
"AUG",0.5494074256678084
"AUU",0.26497646764782834
"CAA",0.46425063223338386
"CAC",0.5325032412312216
"CAG",0.6425312621616831
"CAU",0.7912792818923992
"CCA",0.3178272686714645
"CCC",2.186555209033371
"CCG",0.44896671840366065
"CCU",1.6265931280870871
"CGA",0.5106870097717792
"CGC",0.6331824105157559
"CGG",2.204576780351904
"CGU",0.39227136704458726
"CUA",1.3723434323047583
"CUC",1.206295093323064
"CUG",1.4661758965706775
"CUU",4.426923492884207
"GAA",0.3047971101252523
"GAC",0.2790196618904079
"GAG",0.4673209004559544
"GAU",0.5073773581013387
"GCA",0.3253831769273118
"GCC",0.36958956731896475
"GCG",0.8549589846815557
"GCU",0.2562290260634673
"GGA",1.0227868124503197
"GGC",0.17133269480241484
"GGG",0.683950049795879
"GGU",0.3866162978334016
"GUA",0.4058775154309132
"GUC",0.5125396432355823
"GUG",0.9977640071476505
"GUU",0.2721130125561226
"UAC",0.3692721057908345
"UAU",0.6087553715867811
"UCA",0.3733088986185438
"UCC",0.53567797520845
"UCG",0.6462033617758273
"UCU",0.24582434259197844
"UGC",0.5153734263526737
"UGG",0.3336946243034845
"UGU",0.7694285660224934
"UUA",0.520506726239099
"UUC",0.2995821392429383
"UUG",0.2123114616656914
"UUU",0.5299378590464409
