"codon","average_decoding_time"
"AAA",0.4591493720172505
"AAC",0.3270032333762236
"AAG",0.16159910058043334
"AAU",0.5603732061183863
"ACA",0.35000025307390065
"ACC",0.38218029032364476
"ACG",0.6882115979740627
"ACU",0.22841689894585532
"AGA",0.1478023302305514
"AGC",1.3893355437339332
"AGG",0.30741718391644185
"AGU",1.740606684809524
"AUA",0.4434736395079034
"AUC",0.4704827943898122
"AUG",0.5510239399921665
"AUU",0.27889139320781814
"CAA",0.46262711309863597
"CAC",0.5349267587122006
"CAG",3.4561524394152645
"CAU",0.7889661083150596
"CCA",0.31596952198202327
"CCC",2.1866567717950645
"CCG",0.449032102067955
"CCU",1.7966294137315002
"CGA",0.5092874602230012
"CGC",0.6340774403842885
"CGG",2.1950299499809827
"CGU",0.39278117766949494
"CUA",1.3777994181355129
"CUC",1.2072593095073216
"CUG",1.4635280166585434
"CUU",1.2916811181160717
"GAA",0.3042654910944523
"GAC",0.27977111731245324
"GAG",2.1582020970354003
"GAU",0.5062041584348096
"GCA",0.32509747798826916
"GCC",0.3700259284104373
"GCG",0.852239271200556
"GCU",0.22555074931994984
"GGA",1.0205038343496868
"GGC",0.17125632649965933
"GGG",0.6832251127062211
"GGU",0.385659083829578
"GUA",0.40498663899774806
"GUC",0.5130580271233092
"GUG",0.9943219166752125
"GUU",0.28490047691738624
"UAC",0.5325993189793896
"UAU",0.7895269237734136
"UCA",0.37769266929351203
"UCC",0.5403971314870556
"UCG",0.788056512301363
"UCU",0.3099652652817916
"UGC",0.707321747197298
"UGG",0.35382740931531353
"UGU",0.9824382624125023
"UUA",0.5788495118173013
"UUC",0.3425954676019848
"UUG",0.2640108215266763
"UUU",0.5786741798820952
