"codon","average_decoding_time"
"AAA",0.4597309104829081
"AAC",0.32698280537790037
"AAG",0.23024390842036824
"AAU",0.5605124722186807
"ACA",0.3505200178133377
"ACC",0.3825859182662296
"ACG",0.6866057932186146
"ACU",0.22365189977544486
"AGA",0.14812825963597168
"AGC",1.391814951093372
"AGG",0.30716446742609077
"AGU",1.7423185439238826
"AUA",0.4443224444736057
"AUC",0.47236887940793143
"AUG",0.5503806981086939
"AUU",0.2647666645718603
"CAA",0.46507352698034055
"CAC",0.5305964197148549
"CAG",0.6456690925368525
"CAU",0.7922004701077321
"CCA",0.3168355058463868
"CCC",2.1907680398639715
"CCG",0.44991021595842934
"CCU",1.6203651661517744
"CGA",0.5093934477778013
"CGC",0.6349590212323744
"CGG",2.19539602959946
"CGU",0.3934984225961073
"CUA",1.368206367791755
"CUC",1.2054188646618476
"CUG",1.4633632017381908
"CUU",4.438294378742517
"GAA",0.30386646905926334
"GAC",0.2790243530767846
"GAG",0.4660018081208591
"GAU",0.5078528113722639
"GCA",0.3262256074124505
"GCC",0.36948740865469365
"GCG",0.8547377643015354
"GCU",0.2562762388496653
"GGA",1.0229345928051894
"GGC",0.17099854219273167
"GGG",0.6818947914998822
"GGU",0.38711299500865276
"GUA",0.40557629570819165
"GUC",0.5130798604673392
"GUG",0.996418168898614
"GUU",0.27291263236380625
"UAC",0.36944546143303253
"UAU",0.6070082683900802
"UCA",0.3733302355026995
"UCC",0.5356854117130913
"UCG",0.6467341900835831
"UCU",0.24554273731191836
"UGC",0.5138104856533598
"UGG",0.33408742245192913
"UGU",0.7658565190548967
"UUA",0.519965496702635
"UUC",0.2990156288625197
"UUG",0.2127121218454259
"UUU",0.5299743454226348
