"codon","average_decoding_time"
"AAA",0.45900187928153785
"AAC",0.3266323089512296
"AAG",0.22985864640288084
"AAU",0.5605447362512067
"ACA",0.35005944807771144
"ACC",0.38185115666882496
"ACG",0.6872179566751961
"ACU",0.22952217117135099
"AGA",0.14780949653309816
"AGC",1.395225430873409
"AGG",0.30655611259036464
"AGU",1.7522908824095684
"AUA",0.4443737713266592
"AUC",0.47105981501264554
"AUG",0.5225488633487569
"AUU",0.27803813123451404
"CAA",0.4663835467850571
"CAC",0.5322864287118673
"CAG",0.6451754442444871
"CAU",0.7920695092245744
"CCA",0.31662000655136374
"CCC",2.1841197829672505
"CCG",0.4499125287084363
"CCU",1.7915399575538444
"CGA",0.5097968221869122
"CGC",0.6325194916430201
"CGG",2.2031440560721856
"CGU",0.3933106460076522
"CUA",1.369868824356056
"CUC",1.2039101243397206
"CUG",1.3969783211995026
"CUU",1.292657650233021
"GAA",0.304479238437007
"GAC",0.2788708684512055
"GAG",0.4643196764509146
"GAU",0.5066925455929847
"GCA",0.3278367669417979
"GCC",0.36952934259765713
"GCG",0.8524509751003948
"GCU",0.22622997898954902
"GGA",1.0268252114202099
"GGC",0.17088768354556813
"GGG",0.6839633017854302
"GGU",0.3865402315329541
"GUA",0.4046838679298436
"GUC",0.5124340231634926
"GUG",2.077183474699346
"GUU",0.2849472083504204
"UAC",0.5331912676868517
"UAU",0.790568475443045
"UCA",0.3763675414294761
"UCC",0.5423787087468449
"UCG",0.7868645818261893
"UCU",0.3108338487393538
"UGC",0.7073277140326705
"UGG",0.35397736238028177
"UGU",0.9783566676592511
"UUA",0.5767944337753503
"UUC",0.3425540509564241
"UUG",0.30774687261142436
"UUU",0.5769903534493783
