"codon","average_decoding_time"
"AAA",0.4587678533798914
"AAC",0.3266132733769647
"AAG",0.2296338966681378
"AAU",0.5600254439569391
"ACA",0.3497036608565825
"ACC",0.3824386199751395
"ACG",0.6882620809513015
"ACU",0.2232537529989477
"AGA",0.14823770481746276
"AGC",1.391518348758336
"AGG",1.8079586364656501
"AGU",1.7465191079165092
"AUA",0.4452982531942391
"AUC",0.47261106681955783
"AUG",0.5506327858272207
"AUU",0.2650706150187664
"CAA",0.46377040373720724
"CAC",0.5324786145648716
"CAG",0.645188084505496
"CAU",0.7873172839668614
"CCA",0.31798800300287566
"CCC",2.183154250785912
"CCG",0.44991167333496257
"CCU",1.6241108108802491
"CGA",0.5115100430519591
"CGC",0.6326329044820025
"CGG",2.192518476072152
"CGU",0.39364352873817404
"CUA",1.3675919938163008
"CUC",1.2079836934884873
"CUG",1.4646110166466522
"CUU",4.432257277166667
"GAA",0.30459928304613165
"GAC",0.27968948579491504
"GAG",0.46575655765198154
"GAU",0.5070126064790986
"GCA",0.32726692938343593
"GCC",0.36862056556258727
"GCG",0.855143418996244
"GCU",0.25700596723326274
"GGA",1.0267864676866953
"GGC",0.17100911271944608
"GGG",0.6843500875793905
"GGU",0.3864271377166063
"GUA",0.407402485398344
"GUC",0.5125758724491055
"GUG",0.9985002304546878
"GUU",0.2717577510283358
"UAC",0.3713970997890052
"UAU",0.6095989658386401
"UCA",0.3737959705109951
"UCC",0.5347765279637348
"UCG",0.6462226646416863
"UCU",0.24493117713691304
"UGC",0.5140068129536794
"UGG",0.21480995869781497
"UGU",0.7686144835772396
"UUA",0.5208349921451317
"UUC",0.29968003175426955
"UUG",0.2434839836256695
"UUU",0.5300523831463161
