"codon","average_decoding_time"
"AAA",0.45955506997084766
"AAC",0.3268811900434858
"AAG",0.22943527225343827
"AAU",0.5589108743988551
"ACA",0.3497712958978674
"ACC",0.3817017000199078
"ACG",0.6872393749874608
"ACU",0.22949240504109372
"AGA",0.14791043710036622
"AGC",1.3927757569825625
"AGG",1.8040946707143526
"AGU",1.7442012682270913
"AUA",0.44300341078909483
"AUC",0.471594657478414
"AUG",0.5500103061672889
"AUU",0.27841548357812884
"CAA",0.4642745463511935
"CAC",0.5343997726483517
"CAG",0.6459579345664753
"CAU",0.7889197824907138
"CCA",0.31681637936180873
"CCC",2.1951063068327143
"CCG",0.44963951801836977
"CCU",1.792357409991707
"CGA",0.5107186166018197
"CGC",0.6335687635410071
"CGG",2.1968541086606543
"CGU",0.3911028203076933
"CUA",1.3686936295883165
"CUC",1.2055361466759258
"CUG",1.4653749859661946
"CUU",1.2932906230579897
"GAA",0.30331346177177426
"GAC",0.2791777936479452
"GAG",0.4653415820447208
"GAU",0.5058760346195258
"GCA",0.32738559139765494
"GCC",0.36934499165581536
"GCG",0.8545654760311857
"GCU",0.2260249132703607
"GGA",1.0236591467580451
"GGC",0.17076275026723406
"GGG",0.6828796695250787
"GGU",0.38685352961529645
"GUA",0.40714178739812573
"GUC",0.5135108586649603
"GUG",0.9944106681709294
"GUU",0.2854643295680485
"UAC",0.5329492940593407
"UAU",0.788724817410303
"UCA",0.37763713820524947
"UCC",0.5419324296220254
"UCG",0.7886376732057064
"UCU",0.30976285874556586
"UGC",0.7047799115821192
"UGG",0.35368133547897934
"UGU",0.9818888761492406
"UUA",0.5786812651230431
"UUC",0.34241736623419616
"UUG",0.2643355334848674
"UUU",0.5775867344335853
