"codon","average_decoding_time"
"AAA",0.45875347807082006
"AAC",0.32679597100020913
"AAG",0.16126671657410305
"AAU",0.5588036222045701
"ACA",0.35038050839046897
"ACC",0.38359780507447605
"ACG",0.5798452880379715
"ACU",0.22985881738794908
"AGA",0.14748043160376664
"AGC",1.3893851533057875
"AGG",0.29191188768402854
"AGU",1.742637049564394
"AUA",0.4442156511310846
"AUC",0.4709177187964886
"AUG",0.5215035739767422
"AUU",0.27815139282659945
"CAA",0.46389470852312475
"CAC",0.5327693439380647
"CAG",3.460304372947134
"CAU",0.7900384509016412
"CCA",0.3181084822748087
"CCC",2.195273136638462
"CCG",1.8418018327631165
"CCU",1.7922772929983533
"CGA",0.5104668013843998
"CGC",0.6325909688393324
"CGG",2.028790097259186
"CGU",0.3937585951413289
"CUA",1.370429296103706
"CUC",1.2069824833301876
"CUG",1.404067607049064
"CUU",1.296394541170092
"GAA",0.30502492773130907
"GAC",0.2792129136007108
"GAG",2.1561278574831175
"GAU",0.5073249144010404
"GCA",0.3255639982695633
"GCC",0.37019799503370965
"GCG",0.7418390695677114
"GCU",0.22631493265282193
"GGA",1.0229343334991223
"GGC",0.17171366875591074
"GGG",1.3627346364301203
"GGU",0.3862834541751579
"GUA",0.40563917862236526
"GUC",0.5136270718659096
"GUG",2.082304782072113
"GUU",0.28591170863632936
"UAC",0.5331464215901819
"UAU",0.788426783869609
"UCA",0.3787238533398839
"UCC",0.5423333949286389
"UCG",2.9119483646926145
"UCU",0.3101934573801282
"UGC",0.7063965107110365
"UGG",0.3234429395179007
"UGU",0.9818444664661468
"UUA",0.5777556337830991
"UUC",0.3419551339824828
"UUG",0.252591249680158
"UUU",0.578271818556128
