"codon","average_decoding_time"
"AAA",0.4591221941396104
"AAC",0.3259771307451487
"AAG",0.2295736925657731
"AAU",0.5588284109127531
"ACA",0.3502565738461246
"ACC",0.3834240053016879
"ACG",0.6652784175299546
"ACU",0.2298586541425573
"AGA",0.14770816542013038
"AGC",1.3915293033419882
"AGG",1.79669457270406
"AGU",1.748352455916981
"AUA",0.44346692866044496
"AUC",0.4716424330684684
"AUG",0.5516378057901777
"AUU",0.27796416212218544
"CAA",0.4643276505404353
"CAC",0.5328130076282978
"CAG",0.6433432582114369
"CAU",0.78944634564704
"CCA",0.3164195929310926
"CCC",2.189985080307739
"CCG",0.5068316753512708
"CCU",1.7896773121441334
"CGA",0.5099073770601162
"CGC",0.6331692670832797
"CGG",2.200113861498714
"CGU",0.39231718136760935
"CUA",1.3683117968926677
"CUC",1.2047570703517192
"CUG",1.4632831885667719
"CUU",1.2914642051604144
"GAA",0.2723556008705028
"GAC",0.27981793486889883
"GAG",0.43362303294823
"GAU",0.5070402596674972
"GCA",0.32251019426526256
"GCC",0.34967821945357014
"GCG",0.7102501940362187
"GCU",0.20765129251588393
"GGA",0.8298996117875785
"GGC",0.14953386537244273
"GGG",0.6324786443189584
"GGU",0.3614574544793397
"GUA",0.32474639884035655
"GUC",0.4314920956437564
"GUG",0.8579696363912676
"GUU",0.21272605560200025
"UAC",0.5315681043989817
"UAU",0.7905140080996578
"UCA",0.37697702145214923
"UCC",0.541945139144483
"UCG",0.7876488496455591
"UCU",0.3105129066742644
"UGC",0.7018584138122543
"UGG",0.35345317157163103
"UGU",0.9844791693838211
"UUA",0.5781421947851362
"UUC",0.34359810480339315
"UUG",0.26435395377832666
"UUU",0.5772981179724918
