"codon","average_decoding_time"
"AAA",0.45895498115669314
"AAC",0.3265942860329732
"AAG",0.22992267404144567
"AAU",0.5599658616604112
"ACA",0.35004833493759197
"ACC",0.382441339478252
"ACG",0.6861792294776279
"ACU",0.22972126153111913
"AGA",0.14811986742170707
"AGC",1.3941924839883038
"AGG",1.801317220090968
"AGU",1.744301623788829
"AUA",0.4427165258110636
"AUC",0.47168516379447584
"AUG",0.5513774463836142
"AUU",0.27953858967228784
"CAA",0.46474110924836237
"CAC",0.5330213960123686
"CAG",0.6442202258006416
"CAU",0.7896771440673763
"CCA",0.3165486603553024
"CCC",2.182485242876971
"CCG",0.4492685767807073
"CCU",1.7950554225626685
"CGA",0.509034171081435
"CGC",0.633575386457065
"CGG",2.2014581749850475
"CGU",0.3916704068388481
"CUA",1.3706207835227737
"CUC",1.207037227763452
"CUG",1.4646783357093989
"CUU",1.2862164279033437
"GAA",0.30392033498862125
"GAC",0.27986734418698944
"GAG",0.4650622671028052
"GAU",0.5072916322408522
"GCA",0.3263715155673154
"GCC",0.36895455890902906
"GCG",0.8555742134281263
"GCU",0.22595791970359413
"GGA",1.0233921892569366
"GGC",0.17138035906857887
"GGG",0.68439473327972
"GGU",0.3867697384579157
"GUA",0.40501828093662157
"GUC",0.5134231837525439
"GUG",0.9942809942435943
"GUU",0.2843084883588137
"UAC",0.53393301942535
"UAU",0.788926179272009
"UCA",0.3762129265969823
"UCC",0.5426670401666286
"UCG",0.7900588678634461
"UCU",0.31040735738161435
"UGC",0.7058054467343922
"UGG",0.3538406930000479
"UGU",0.977771755520032
"UUA",0.5793089362873537
"UUC",0.34150011343598324
"UUG",0.26399154227257104
"UUU",0.5771658092513169
