"codon","average_decoding_time"
"AAA",0.4595939770253772
"AAC",0.3264136249171097
"AAG",0.2311217858587706
"AAU",0.5604451599682663
"ACA",0.3499981678682035
"ACC",0.38226291511189614
"ACG",0.5788178205070355
"ACU",0.22957688216606117
"AGA",0.14777438654079258
"AGC",1.3947203629890703
"AGG",0.2918469863121068
"AGU",1.7397681303148063
"AUA",0.4434332891107964
"AUC",0.47142230828683146
"AUG",0.5519402991440565
"AUU",0.2777086933645789
"CAA",0.4631873888753069
"CAC",0.531977640172649
"CAG",0.6438995304646584
"CAU",0.7895700409941915
"CCA",0.31672038051703916
"CCC",2.1867221104186982
"CCG",1.84025858241045
"CCU",1.7968272919758561
"CGA",0.5105776994462993
"CGC",0.6326771724447494
"CGG",2.025888282463424
"CGU",0.3926314012842976
"CUA",1.3773648331439456
"CUC",1.2084853385679921
"CUG",1.468106875545409
"CUU",1.2907895325049452
"GAA",0.30490464458914424
"GAC",0.2790718276469691
"GAG",0.4654896906656836
"GAU",0.5068890911068307
"GCA",0.32604902215981313
"GCC",0.3694202965275419
"GCG",0.7427895305504736
"GCU",0.2256275181456381
"GGA",1.0257243507885454
"GGC",0.1714581375615691
"GGG",1.3632330932795826
"GGU",0.385833663677233
"GUA",0.4049665573827221
"GUC",0.5121161630280987
"GUG",0.9965566558336434
"GUU",0.28562850555658476
"UAC",0.532412241445438
"UAU",0.7881853771752767
"UCA",0.3772750550252371
"UCC",0.5415438929375882
"UCG",2.9264303235250337
"UCU",0.3113607331063225
"UGC",0.7037404931451796
"UGG",0.3239910900229116
"UGU",0.9822493162925278
"UUA",0.5777540516806066
"UUC",0.3434586679062575
"UUG",0.264117038935739
"UUU",0.5766372893227636
