"codon","average_decoding_time"
"AAA",0.45868344634585867
"AAC",0.3263564606451961
"AAG",0.2305128039445312
"AAU",0.5604192791258147
"ACA",0.3501337880166078
"ACC",0.381750552512595
"ACG",0.6856276678124473
"ACU",0.2235940551835733
"AGA",0.14804459805380843
"AGC",1.3932093186047443
"AGG",0.3058718250647382
"AGU",1.747482402428575
"AUA",0.4437956653252719
"AUC",0.4730517659792925
"AUG",0.5530344091584979
"AUU",0.2661827943985524
"CAA",0.46489354859542364
"CAC",0.5325514758453476
"CAG",0.6448495812822677
"CAU",0.7899982438971013
"CCA",0.31736256195739326
"CCC",2.183435463460637
"CCG",0.4505850917155965
"CCU",1.6231972409481774
"CGA",0.5091683825179671
"CGC",0.6337591346616636
"CGG",2.1878422665738446
"CGU",0.39186985683707964
"CUA",1.371531860323226
"CUC",1.2053872167868092
"CUG",1.4638334464963763
"CUU",4.440665536449754
"GAA",0.3035582611430462
"GAC",0.27936372693876976
"GAG",0.4644588792694708
"GAU",0.5066231615593013
"GCA",0.32587829358031883
"GCC",0.3698850465520373
"GCG",0.8549870200484322
"GCU",0.2567938508794221
"GGA",1.0245523500836624
"GGC",0.17201725802632784
"GGG",0.6826264147385395
"GGU",0.3865904043949249
"GUA",0.4055611277121146
"GUC",0.5132834196542275
"GUG",0.9960834875271866
"GUU",0.27199888980295467
"UAC",0.37065204554204517
"UAU",0.6078105925920989
"UCA",0.37270658749087454
"UCC",0.5358611971821355
"UCG",0.6463988535675409
"UCU",0.24563534084646357
"UGC",0.5143871932626298
"UGG",0.33395841085327926
"UGU",0.7686311348123355
"UUA",0.5207124210900967
"UUC",0.2990147911473201
"UUG",0.2129194533864389
"UUU",0.5297039258626672
