"codon","average_decoding_time"
"AAA",0.46067699239392407
"AAC",0.3267312851130526
"AAG",0.1613949268967517
"AAU",0.5598236935038081
"ACA",0.35106389731784005
"ACC",0.3824154200104922
"ACG",0.6652602755531364
"ACU",0.22404559156801446
"AGA",0.14829487005373593
"AGC",1.3952531003571873
"AGG",0.30781066763029613
"AGU",1.744527282395286
"AUA",0.44462975862350423
"AUC",0.4700919296640731
"AUG",0.5494677696569209
"AUU",0.26504776052699675
"CAA",0.46433332183299186
"CAC",0.5322725294241191
"CAG",3.4494975511224992
"CAU",0.7892928713478924
"CCA",0.316717289386029
"CCC",2.187393771321631
"CCG",0.5057993918106581
"CCU",1.626334584472969
"CGA",0.5095606727293576
"CGC",0.634120364043735
"CGG",2.1965464975701057
"CGU",0.39326766668348134
"CUA",1.3763435659620364
"CUC",1.2062529408429958
"CUG",1.464425127461483
"CUU",4.4369483534798295
"GAA",0.27212735588948705
"GAC",0.2788381533665871
"GAG",1.9334447860871447
"GAU",0.5082271855391741
"GCA",0.32217048753075705
"GCC",0.35009894898072547
"GCG",0.7103130212494764
"GCU",0.22864958033990246
"GGA",0.8273432654949066
"GGC",0.14871265136948555
"GGG",0.632843962832875
"GGU",0.3620313294647631
"GUA",0.3246756606381469
"GUC",0.4327861698125025
"GUG",0.8596994624087364
"GUU",0.19912448408139044
"UAC",0.37039417515522677
"UAU",0.6082018236313689
"UCA",0.37277879851033113
"UCC",0.535150376705035
"UCG",0.6460488051191944
"UCU",0.24550249829626697
"UGC",0.5120477014975038
"UGG",0.33350696410080083
"UGU",0.7663891227508827
"UUA",0.5205450406401313
"UUC",0.3004110904365103
"UUG",0.21156827524539978
"UUU",0.5298722169849305
