"codon","average_decoding_time"
"AAA",0.4591966757053625
"AAC",0.3266477021609398
"AAG",0.2299966225147339
"AAU",0.5609602155756818
"ACA",0.3497762795074317
"ACC",0.381903127543816
"ACG",0.6871733144391472
"ACU",0.2300909121459254
"AGA",0.1479010537688166
"AGC",1.3902183967643402
"AGG",0.30656718223035734
"AGU",1.7442437808371862
"AUA",0.44401483316063134
"AUC",0.47234487587895096
"AUG",0.5241006402870737
"AUU",0.27745382423694354
"CAA",0.4650685483607354
"CAC",0.5330629251037946
"CAG",0.6435961734753709
"CAU",0.7888036735703178
"CCA",0.31715488614241893
"CCC",2.190070289307942
"CCG",0.4492079196525058
"CCU",1.7936156280620439
"CGA",0.508978644072932
"CGC",0.6328785386986324
"CGG",2.191808665289321
"CGU",0.39254491587488505
"CUA",1.366646381246302
"CUC",1.2061504144166906
"CUG",1.4003788139039974
"CUU",1.2887782577761802
"GAA",0.3041258581057195
"GAC",0.2797343670696502
"GAG",0.4652738360058565
"GAU",0.5074596003899902
"GCA",0.32722727729374845
"GCC",0.37041161322827443
"GCG",0.8519749980248151
"GCU",0.2261161402630318
"GGA",1.0268345279633317
"GGC",0.17082818417787762
"GGG",0.6838102367151355
"GGU",0.38736146975007635
"GUA",0.4063308611534459
"GUC",0.5142036058165804
"GUG",2.0704117039611565
"GUU",0.2852567649821947
"UAC",0.5315833768491555
"UAU",0.7903287797478896
"UCA",0.3780771007308169
"UCC",0.542163698836661
"UCG",0.7884660603671764
"UCU",0.3099270856952527
"UGC",0.7026034925825054
"UGG",0.3550455886061479
"UGU",0.983275442095097
"UUA",0.5780421771811797
"UUC",0.3440852641493615
"UUG",0.25311650945467884
"UUU",0.5782528081208572
