"codon","average_decoding_time"
"AAA",0.45876733536066633
"AAC",0.3272959207309738
"AAG",0.16195299278610542
"AAU",0.5591813833081822
"ACA",0.35124351216072836
"ACC",0.3821713793271557
"ACG",0.6876987443025917
"ACU",0.22919355560271532
"AGA",0.148610745045043
"AGC",1.3960913736562228
"AGG",0.3073392931346617
"AGU",1.7541418154232455
"AUA",0.4433547412115305
"AUC",0.471264458511905
"AUG",0.5516955910742274
"AUU",0.27814900748124655
"CAA",0.46504237243021257
"CAC",0.5340790762999144
"CAG",3.4552487409611468
"CAU",0.7897436035742701
"CCA",0.31686311356917707
"CCC",2.188602833076772
"CCG",0.44955327608386386
"CCU",1.7945702239504382
"CGA",0.5090843711149367
"CGC",0.6330892611348595
"CGG",2.201872296370351
"CGU",0.3925912794752196
"CUA",1.3720408789475231
"CUC",1.2052966449973594
"CUG",1.4651483719978258
"CUU",1.2931576255744397
"GAA",0.30398784291433156
"GAC",0.2792149014763543
"GAG",2.168712714600667
"GAU",0.5084147284833052
"GCA",0.3258271224666964
"GCC",0.3685585087111722
"GCG",0.8552905530273609
"GCU",0.22684912806582763
"GGA",1.0190824155209433
"GGC",0.17131624561412215
"GGG",0.6840648693155571
"GGU",0.38585118657152867
"GUA",0.4055956497765826
"GUC",0.5144204838311747
"GUG",0.9986806971679554
"GUU",0.28529850646375693
"UAC",0.5331568126938835
"UAU",0.7887110098485104
"UCA",0.37703446727859913
"UCC",0.5398692265617221
"UCG",0.7894023261729998
"UCU",0.31027347958744145
"UGC",0.7076887307824298
"UGG",0.3536314342155094
"UGU",0.9827527130747822
"UUA",0.5781788899897272
"UUC",0.3427690720395081
"UUG",0.2630945091273159
"UUU",0.5763167585184261
