"codon","average_decoding_time"
"AAA",0.4581259053913215
"AAC",0.325892579534553
"AAG",0.16173230592669363
"AAU",0.5608610260518235
"ACA",0.35022774505844145
"ACC",0.3826700548060316
"ACG",0.579486508534211
"ACU",0.22899237322487834
"AGA",0.14793341182406358
"AGC",1.3903092344834864
"AGG",0.29187048427362955
"AGU",1.742111476212803
"AUA",0.44332514863671174
"AUC",0.4706328993454594
"AUG",0.5516134343228067
"AUU",0.2782656623566705
"CAA",0.46393094296757154
"CAC",0.5313856405922155
"CAG",3.4682815870318704
"CAU",0.7890478337776425
"CCA",0.31636372997982803
"CCC",2.185980692655363
"CCG",1.8481008695666097
"CCU",1.7956809051780767
"CGA",0.509609251644987
"CGC",0.6328962369833642
"CGG",2.0289546599197674
"CGU",0.39276571660919174
"CUA",1.3696007311469074
"CUC",1.2071353618993954
"CUG",1.4625220667645031
"CUU",1.2925301462520153
"GAA",0.30390718262384925
"GAC",0.279941735691374
"GAG",2.162028977522298
"GAU",0.5080223078794646
"GCA",0.3275648210598769
"GCC",0.3696176858805028
"GCG",0.7431991616296731
"GCU",0.2258121670777388
"GGA",1.0213668623090992
"GGC",0.17114382576959444
"GGG",1.3617776352793214
"GGU",0.38755775959456873
"GUA",0.4040726119261937
"GUC",0.5139336688289415
"GUG",0.9959648363756274
"GUU",0.2850753426161199
"UAC",0.5331946414486641
"UAU",0.788773817336082
"UCA",0.37777754220584725
"UCC",0.5415663084940382
"UCG",2.919815781509432
"UCU",0.30983558445907067
"UGC",0.7035606200817114
"UGG",0.32421879460831954
"UGU",0.9841026844978342
"UUA",0.5792510242297413
"UUC",0.34243324876299935
"UUG",0.26379397141897465
"UUU",0.5785074142050759
