"codon","average_decoding_time"
"AAA",0.45943892728714447
"AAC",0.32616225866504933
"AAG",0.2301336969214992
"AAU",0.5605063682499423
"ACA",0.3507292298386497
"ACC",0.38296692383810244
"ACG",0.6885277754736298
"ACU",0.22966042436186287
"AGA",0.1481622363246085
"AGC",1.3966365537649115
"AGG",0.30714328256873463
"AGU",1.7399155155173225
"AUA",0.4452295546454129
"AUC",0.47291965860485013
"AUG",0.5517503881886856
"AUU",0.27838165276164645
"CAA",0.46532594613015854
"CAC",0.533387574801584
"CAG",0.644286498468528
"CAU",0.7884814674543643
"CCA",0.31742533572003523
"CCC",2.1863921687703205
"CCG",0.4489055952856153
"CCU",1.8002463386615064
"CGA",0.5097677918403847
"CGC",0.6332844724962552
"CGG",2.195886098244486
"CGU",0.3939506686723998
"CUA",1.3745642688858781
"CUC",1.2087828186506346
"CUG",1.46419518725833
"CUU",1.2900245872221043
"GAA",0.30367121500370714
"GAC",0.27896518035601264
"GAG",0.4654643964984604
"GAU",0.5079878822345084
"GCA",0.3263631324683694
"GCC",0.36936741037308357
"GCG",0.8552183812264114
"GCU",0.22665150933806358
"GGA",1.0210004080696067
"GGC",0.1713960143747207
"GGG",0.6843320319983391
"GGU",0.38671580862698096
"GUA",0.4053914940681358
"GUC",0.513406108418879
"GUG",0.9984265054937033
"GUU",0.28501744434781084
"UAC",0.5333655601253297
"UAU",0.7899855374309329
"UCA",0.37763866069427626
"UCC",0.5410253190641722
"UCG",0.7878464318080725
"UCU",0.3114873411931818
"UGC",0.7040900181452951
"UGG",0.35385524508046245
"UGU",0.9809394298646744
"UUA",0.5781402376966981
"UUC",0.34342517058235794
"UUG",0.26353108424790284
"UUU",0.5773420327956093
