"codon","average_decoding_time"
"AAA",0.4599016644387468
"AAC",0.32699089812111753
"AAG",0.22951876237879135
"AAU",0.5605565938213851
"ACA",0.349693182858356
"ACC",0.3822235580521507
"ACG",0.6864478760160648
"ACU",0.2299199847103209
"AGA",0.1480018033593072
"AGC",1.3942674783400144
"AGG",0.3070564947340203
"AGU",1.7481279240862517
"AUA",0.44465456200733355
"AUC",0.4713702586637084
"AUG",0.5497163817651839
"AUU",0.27751051462457677
"CAA",0.46522238737061705
"CAC",0.532695215676167
"CAG",0.6459540273186066
"CAU",0.7875051218149315
"CCA",0.3174939160566348
"CCC",2.1833738566267518
"CCG",0.4497441071306526
"CCU",1.794055435581991
"CGA",0.5101018406969482
"CGC",0.6325634018943488
"CGG",2.199265409594787
"CGU",0.3940356491813854
"CUA",1.367877159036121
"CUC",1.2074404041225681
"CUG",1.4659771700900674
"CUU",1.288726194496351
"GAA",0.3022390670675469
"GAC",0.2799169221829249
"GAG",0.46455279728485144
"GAU",0.5065922008320829
"GCA",0.32622752010809847
"GCC",0.36931605256347216
"GCG",0.8523916968320326
"GCU",0.2264245895311865
"GGA",1.024691941460969
"GGC",0.17158233603604492
"GGG",0.6810448218463045
"GGU",0.38594208356430787
"GUA",0.40407074796526865
"GUC",0.5130143140061497
"GUG",0.9972204381587491
"GUU",0.2847824672202713
"UAC",0.5354440724922127
"UAU",0.788771424627096
"UCA",0.3772469020096138
"UCC",0.5416079181587822
"UCG",0.788028466839863
"UCU",0.31046839103082774
"UGC",0.7042456062521502
"UGG",0.3521503927664379
"UGU",0.9809297020668554
"UUA",0.5783073782387677
"UUC",0.34275333082575077
"UUG",0.26351817952733114
"UUU",0.5791613301033073
