"codon","average_decoding_time"
"AAA",0.4590693100598297
"AAC",0.3273691509697169
"AAG",0.22946657380880522
"AAU",0.5598965137458721
"ACA",0.35042212312920923
"ACC",0.38230627671234607
"ACG",0.5786120441803411
"ACU",0.2296561777611155
"AGA",0.14799400190775205
"AGC",1.3983247686230578
"AGG",1.6345316687838587
"AGU",1.7498217959047135
"AUA",0.44364286347201054
"AUC",0.47127367390723296
"AUG",0.5496518394180399
"AUU",0.2785833462671445
"CAA",0.4667194527141734
"CAC",0.5307213943939042
"CAG",0.6438957622456773
"CAU",0.7890247104766339
"CCA",0.3168461751445882
"CCC",2.1914323373094087
"CCG",1.8480775323340852
"CCU",1.7967958161603523
"CGA",0.5101269782047181
"CGC",0.6354451764328065
"CGG",2.026865186384753
"CGU",0.3914001905352095
"CUA",1.3681316366225615
"CUC",1.2068045730471777
"CUG",1.4654150810104263
"CUU",1.2912594106908355
"GAA",0.3046862096598591
"GAC",0.2794594580723146
"GAG",0.4660348474301427
"GAU",0.5072486246395173
"GCA",0.326489713285671
"GCC",0.37033371280792315
"GCG",0.7436131848162558
"GCU",0.2263614581769989
"GGA",1.023723604282437
"GGC",0.17094084067521473
"GGG",1.3597297367982204
"GGU",0.3863713459676187
"GUA",0.40489583038894317
"GUC",0.512683169078506
"GUG",0.9987232155474646
"GUU",0.2840400109634841
"UAC",0.5327567146913704
"UAU",0.7885158721273331
"UCA",0.37724581423436626
"UCC",0.5411080162806516
"UCG",2.928746862778265
"UCU",0.31062961849666393
"UGC",0.7056555208429101
"UGG",0.32392237420256614
"UGU",0.981768185212486
"UUA",0.5805429257279965
"UUC",0.3433825724552509
"UUG",0.2637406764122729
"UUU",0.5771812920473459
