"codon","average_decoding_time"
"AAA",0.45906474903077615
"AAC",0.32729798182128883
"AAG",0.2296430223388281
"AAU",0.5600456444535393
"ACA",0.3498713236408571
"ACC",0.3828456545046443
"ACG",0.579469724691993
"ACU",0.22969370811738404
"AGA",0.14821951760618093
"AGC",1.393218292061556
"AGG",0.29236418902654293
"AGU",1.7408770417219952
"AUA",0.4427812128438127
"AUC",0.47140239819727053
"AUG",0.5525948357137722
"AUU",0.2773652797008626
"CAA",0.4637526716404856
"CAC",0.5334538544084814
"CAG",0.6442677797278696
"CAU",0.7895038174152752
"CCA",0.316361391574794
"CCC",2.1817183866939382
"CCG",1.8425217338828703
"CCU",1.7901697161722734
"CGA",0.5110020981712569
"CGC",0.6318867118756668
"CGG",2.024835343416665
"CGU",0.3930811495868593
"CUA",1.371220027793621
"CUC",1.2097823635125406
"CUG",1.4647716399352149
"CUU",1.2898535861706688
"GAA",0.30426352706126947
"GAC",0.27925443114932486
"GAG",0.466627490292639
"GAU",0.5069763421055544
"GCA",0.3252464139134092
"GCC",0.36954545887974005
"GCG",0.7444808804325289
"GCU",0.22534134559873537
"GGA",1.023974622193515
"GGC",0.17067065274665455
"GGG",1.3647656359165081
"GGU",0.3868799633000794
"GUA",0.4040516880618481
"GUC",0.5146450798956079
"GUG",0.999244050996794
"GUU",0.28561768895904627
"UAC",0.5321898870334006
"UAU",0.7916396782866697
"UCA",0.37703162884219726
"UCC",0.5404030804101273
"UCG",2.9131364575499012
"UCU",0.31055800736205497
"UGC",0.7035620954661106
"UGG",0.32299530419341543
"UGU",0.9803623236797298
"UUA",0.5796691494318528
"UUC",0.34352526446311915
"UUG",0.26449253667509237
"UUU",0.5767483917608903
