"codon","average_decoding_time"
"AAA",0.46027755550434435
"AAC",0.32680212872055514
"AAG",0.22950826196649282
"AAU",0.5593701915787621
"ACA",0.350229348689195
"ACC",0.38298985522086504
"ACG",0.6877145853387893
"ACU",0.22316880366145628
"AGA",0.14789464534197908
"AGC",1.3941711067626752
"AGG",0.30758974757199503
"AGU",1.747905288297108
"AUA",0.4444154283203607
"AUC",0.47098572111301873
"AUG",0.5506883162053813
"AUU",0.2659303029279321
"CAA",0.46471407819692434
"CAC",0.5340836985087164
"CAG",0.645184813851231
"CAU",0.7901581264508106
"CCA",0.3175062556886496
"CCC",2.195227684465364
"CCG",0.44985375780766934
"CCU",1.622348149501926
"CGA",0.5106444975745668
"CGC",0.6332425088017256
"CGG",2.200416117623029
"CGU",0.3931851820500869
"CUA",1.3716352623450063
"CUC",1.2055037951508856
"CUG",1.4642464810131606
"CUU",4.445600223816804
"GAA",0.3037631579520561
"GAC",0.27975977197895746
"GAG",0.46480485754065537
"GAU",0.5070133290469628
"GCA",0.3267524478136257
"GCC",0.3698084447853766
"GCG",0.85537739336385
"GCU",0.2570938560922467
"GGA",1.0261097839393687
"GGC",0.1713309073061235
"GGG",0.6841627300251297
"GGU",0.38634467230685154
"GUA",0.4046724075447175
"GUC",0.5126780403065205
"GUG",0.9979592727028039
"GUU",0.27177906347981856
"UAC",0.3693721547700629
"UAU",0.6071812067733635
"UCA",0.3731654271523271
"UCC",0.5373055186045557
"UCG",0.6460597329247503
"UCU",0.246432359792551
"UGC",0.511562408794177
"UGG",0.33319373084718595
"UGU",0.7679581227928792
"UUA",0.5191471586752148
"UUC",0.29898772479023733
"UUG",0.20499434308781597
"UUU",0.5299440930895247
