"codon","average_decoding_time"
"AAA",0.4584930146978444
"AAC",0.3278873940737582
"AAG",0.23007565604114955
"AAU",0.5590130376603054
"ACA",0.34962859249565537
"ACC",0.3824158139030353
"ACG",0.6870986524092155
"ACU",0.22430662975210106
"AGA",0.1479192610163139
"AGC",1.3908654393257691
"AGG",0.3068276235265285
"AGU",1.7480795573721006
"AUA",0.44427438823436705
"AUC",0.4718315968344551
"AUG",0.5524083141724241
"AUU",0.2656062664420695
"CAA",0.46535861322176875
"CAC",0.532390132242844
"CAG",0.6456952439075045
"CAU",0.7883356857085881
"CCA",0.3164581359030355
"CCC",2.1852534836100443
"CCG",0.44928076432574426
"CCU",1.6245193881165263
"CGA",0.508820122075578
"CGC",0.6324964860543021
"CGG",2.198913055236441
"CGU",0.39257521634277326
"CUA",1.370360972178089
"CUC",1.2062977191912976
"CUG",1.464108629630855
"CUU",4.432918270803181
"GAA",0.3029407329482572
"GAC",0.27997958790475846
"GAG",0.46348170523008486
"GAU",0.5067249065126831
"GCA",0.32695174541684296
"GCC",0.3695085485797694
"GCG",0.853103444145168
"GCU",0.25631562557552834
"GGA",1.0247447159159673
"GGC",0.1714177039736842
"GGG",0.6829463605213782
"GGU",0.3869927338337573
"GUA",0.40475294734267037
"GUC",0.5121574185300343
"GUG",0.9970927163594095
"GUU",0.2734433103293538
"UAC",0.37053523757664464
"UAU",0.6074553289153523
"UCA",0.3737753801147713
"UCC",0.5348758622975041
"UCG",0.6464061459140482
"UCU",0.24431087933051157
"UGC",0.5128609991813663
"UGG",0.3334158758818043
"UGU",0.7687805369770028
"UUA",0.5195270854590529
"UUC",0.299704701250344
"UUG",0.21299359063923828
"UUU",0.5299205471334953
