"codon","average_decoding_time"
"AAA",0.46036907212048533
"AAC",0.326647599719951
"AAG",0.23012179064904015
"AAU",0.561467769011665
"ACA",0.3505120728781395
"ACC",0.38253283355862233
"ACG",0.6901186679890245
"ACU",0.2289048862405891
"AGA",0.14756244655608902
"AGC",1.3952030005384126
"AGG",0.3065375283833721
"AGU",1.7490234463773715
"AUA",0.4437894888460322
"AUC",0.47152839510913735
"AUG",0.5520902037225043
"AUU",0.2783870008433497
"CAA",0.46321845730388894
"CAC",0.5326130280071064
"CAG",0.6439555061263382
"CAU",0.7891218325452621
"CCA",0.3168122721106016
"CCC",2.1826185213239193
"CCG",0.45056619064508086
"CCU",1.7909667462246714
"CGA",0.5104350386646623
"CGC",0.6312131414689056
"CGG",2.2012307745459503
"CGU",0.39159584677906445
"CUA",1.369822894152884
"CUC",1.2088549143079386
"CUG",1.46276702993034
"CUU",1.287943789416237
"GAA",0.3042101476974905
"GAC",0.27944635249463634
"GAG",0.46527811361873234
"GAU",0.5074948025003273
"GCA",0.32630666354400256
"GCC",0.3697753610378883
"GCG",0.8535897009499553
"GCU",0.2260769985133455
"GGA",1.019893758291923
"GGC",0.17134594688553728
"GGG",0.6824159592403768
"GGU",0.3874286196708222
"GUA",0.4058262564493025
"GUC",0.5133825373723373
"GUG",0.9948527159262655
"GUU",0.28509144199415426
"UAC",0.5317437385597328
"UAU",0.7884877589994175
"UCA",0.37737243367559703
"UCC",0.5416242387263254
"UCG",0.7893900750639891
"UCU",0.3099825854848057
"UGC",0.7060142325823714
"UGG",0.35304503612767413
"UGU",0.9806652125729423
"UUA",0.5804435985686478
"UUC",0.3419331345302347
"UUG",0.26419838637002946
"UUU",0.5773528248950598
