"codon","average_decoding_time"
"AAA",0.4591812813747586
"AAC",0.3279260508832938
"AAG",0.22960339038032665
"AAU",0.5608037391544849
"ACA",0.3505241612062171
"ACC",0.3815807297773429
"ACG",0.6867952967860729
"ACU",0.22979133807669103
"AGA",0.14761856023347034
"AGC",1.3924109221760115
"AGG",0.307422479001035
"AGU",1.7449799967422754
"AUA",0.44452508158910514
"AUC",0.4706877516783128
"AUG",0.5521517100679976
"AUU",0.279053802353117
"CAA",0.4646785152849493
"CAC",0.5332187719013705
"CAG",0.6459141410104824
"CAU",0.7898115459447099
"CCA",0.3165235049353379
"CCC",2.1877839840247333
"CCG",0.44925814013160786
"CCU",1.7951708763540148
"CGA",0.5101593656346821
"CGC",0.6310009273952034
"CGG",2.1934544516755015
"CGU",0.39337798692523895
"CUA",1.3716415197046692
"CUC",1.2089578104733087
"CUG",1.4683227515021255
"CUU",1.2891440881793013
"GAA",0.30378843698592783
"GAC",0.2782168836244749
"GAG",0.4657562586908509
"GAU",0.5077910024096844
"GCA",0.32689030703606314
"GCC",0.3692900854909858
"GCG",0.8513857608504996
"GCU",0.2260980012381491
"GGA",1.0222331455005664
"GGC",0.1714727172233815
"GGG",0.6834556203532907
"GGU",0.3866019467116897
"GUA",0.4052317164612807
"GUC",0.514042134456227
"GUG",0.9940754681433045
"GUU",0.28543932866256155
"UAC",0.5334307349695685
"UAU",0.7885204850975676
"UCA",0.3776867183281309
"UCC",0.5419001550290362
"UCG",0.7868623369064418
"UCU",0.31087386211775403
"UGC",0.7049461852437273
"UGG",0.3543044441893692
"UGU",0.9817556429974281
"UUA",0.5779868763815729
"UUC",0.3439996067018008
"UUG",0.26341377390094517
"UUU",0.5785367563723932
