"codon","average_decoding_time"
"AAA",0.4606785397034243
"AAC",0.3270430991928738
"AAG",0.22970891359780254
"AAU",0.5599618845832232
"ACA",0.3502056592483508
"ACC",0.3824990890919471
"ACG",0.6869907680832418
"ACU",0.22951692744772023
"AGA",0.1479266266735258
"AGC",1.3916487702712925
"AGG",0.3075441390257242
"AGU",1.7479901889915674
"AUA",0.444521068608107
"AUC",0.470291327267317
"AUG",0.5512312167817646
"AUU",0.27845570841096845
"CAA",0.4634168521267438
"CAC",0.5347595916484531
"CAG",0.6457559062067788
"CAU",0.7901347953924341
"CCA",0.31629593682199875
"CCC",2.1895671801044996
"CCG",0.4501529223773895
"CCU",1.7987048021766776
"CGA",0.510084288452209
"CGC",0.6340450531472227
"CGG",2.19694773544752
"CGU",0.3929360510777737
"CUA",1.368952117557357
"CUC",1.209815359759532
"CUG",1.4660680182858348
"CUU",1.286866488269539
"GAA",0.30417882967327
"GAC",0.2784698321108996
"GAG",0.46557094900106827
"GAU",0.5083404060493871
"GCA",0.3256139567121594
"GCC",0.3695481644506093
"GCG",0.8531901116697692
"GCU",0.22629722513947442
"GGA",1.0236723735638789
"GGC",0.17119220564947898
"GGG",0.6851957448747223
"GGU",0.38612507347201297
"GUA",0.40458491674681535
"GUC",0.5120027390402031
"GUG",0.992409862476182
"GUU",0.28533897989155554
"UAC",0.5313997625589426
"UAU",0.7907333799928485
"UCA",0.37758555894583684
"UCC",0.5434819721993921
"UCG",0.7871973018128341
"UCU",0.31055322501164734
"UGC",0.7067859268496071
"UGG",0.35264424309663867
"UGU",0.9806238197031243
"UUA",0.5776274061414036
"UUC",0.34234874241251106
"UUG",0.264242367493499
"UUU",0.5789759637320543
