"codon","average_decoding_time"
"AAA",0.4602360513444421
"AAC",0.32696568100312223
"AAG",0.22975202274707276
"AAU",0.5609365134252129
"ACA",0.35132988789215425
"ACC",0.3825108475266574
"ACG",0.6882396463665073
"ACU",0.2244048090999574
"AGA",0.14802491414315333
"AGC",1.3922417075440368
"AGG",0.30700411618140305
"AGU",1.745750632265321
"AUA",0.44441152943868556
"AUC",0.4717402659666129
"AUG",0.5511893882257096
"AUU",0.2656048853975468
"CAA",0.4646025857390507
"CAC",0.5328073665174219
"CAG",0.6436089692837335
"CAU",0.7894073357397989
"CCA",0.3169142916661769
"CCC",2.188791413129275
"CCG",0.4495736204369323
"CCU",1.6221519882923925
"CGA",0.5106824722380652
"CGC",0.6317866515001707
"CGG",2.1934912471631596
"CGU",0.3940435785402483
"CUA",1.3714561081687984
"CUC",1.2060863962378932
"CUG",1.462098144716613
"CUU",4.441309058809578
"GAA",0.30249548752110134
"GAC",0.278494265017098
"GAG",0.4666256638037745
"GAU",0.507503378215209
"GCA",0.3268444166435704
"GCC",0.3697765368489122
"GCG",0.8568490185074829
"GCU",0.2569451565465723
"GGA",1.0264133713510322
"GGC",0.17112808966376308
"GGG",0.6825349876105601
"GGU",0.38648557051164056
"GUA",0.4037832902740147
"GUC",0.5125798777879178
"GUG",0.9965688867588653
"GUU",0.27194582588914684
"UAC",0.3682908524833508
"UAU",0.6074855338418746
"UCA",0.3727724709993127
"UCC",0.5359204553304523
"UCG",0.6464800864449195
"UCU",0.24557728534244228
"UGC",0.5131063685930758
"UGG",0.3337785049743186
"UGU",0.7689710534755673
"UUA",0.5186211381636346
"UUC",0.29984205298491384
"UUG",0.21261870331826907
"UUU",0.5300570497593127
