codon,average_decoding_time
AAA,0.3952616751194
AAC,0.3224254846572876
AAG,0.2056308388710022
AAU,0.5513488054275513
ACA,0.3356769382953644
ACC,0.35727089643478394
ACG,0.5171604752540588
ACU,0.19464848935604095
AGA,0.09602011740207672
AGC,1.1606107950210571
AGG,1.3219265937805176
AGU,1.4548407793045044
AUA,0.348809152841568
AUC,0.3873801827430725
AUG,0.4059637188911438
AUU,0.19011734426021576
CAA,0.45937445759773254
CAC,0.5204187631607056
CAG,0.6369625926017761
CAU,0.7696290016174316
CCA,0.33901816606521606
CCC,1.9844142198562622
CCG,0.44482606649398804
CCU,1.5109291076660156
CGA,0.5030413866043091
CGC,0.6251928806304932
CGG,1.8384990692138672
CGU,0.3859131336212158
CUA,1.3019737005233765
CUC,1.1573927402496338
CUG,1.3399871587753296
CUU,3.4780657291412354
GAA,0.30192291736602783
GAC,0.27708700299263
GAG,0.4612031579017639
GAU,0.5019291639328003
GCA,0.3172749876976013
GCC,0.3664349615573883
GCG,0.834943413734436
GCU,0.25554537773132324
GGA,0.9855477213859558
GGC,0.17028838396072388
GGG,1.301526665687561
GGU,0.38332676887512207
GUA,0.40259769558906555
GUC,0.507013738155365
GUG,1.8678151369094849
GUU,0.26991772651672363
UAC,0.3652195632457733
UAU,0.5992440581321716
UCA,0.36989954113960266
UCC,0.527981698513031
UCG,2.060690402984619
UCU,0.2421121448278427
UGC,0.5009191036224365
UGG,0.17999404668807983
UGU,0.748878538608551
UUA,0.5110515356063843
UUC,0.296069860458374
UUG,0.19949474930763245
UUU,0.5227953791618347
