codon,average_decoding_time
AAA,0.3950124979019165
AAC,0.32371780276298523
AAG,0.20596903562545776
AAU,0.5541053414344788
ACA,0.33543816208839417
ACC,0.3588385581970215
ACG,0.49431082606315613
ACU,0.193871408700943
AGA,0.096744105219841
AGC,1.1660889387130737
AGG,1.3223105669021606
AGU,1.4646470546722412
AUA,0.34951359033584595
AUC,0.3867187201976776
AUG,0.40790632367134094
AUU,0.18978923559188843
CAA,0.4570062756538391
CAC,0.5245428681373596
CAG,0.6369054913520813
CAU,0.7712409496307373
CCA,0.34188613295555115
CCC,1.9829397201538086
CCG,0.5003122091293335
CCU,1.5152009725570679
CGA,0.49973395466804504
CGC,0.6235190629959106
CGG,1.8242199420928955
CGU,0.38789165019989014
CUA,1.3025537729263306
CUC,1.1556875705718994
CUG,1.337605357170105
CUU,3.493454694747925
GAA,0.26889756321907043
GAC,0.2764638066291809
GAG,0.4299716353416443
GAU,0.5022048354148865
GCA,0.31194090843200684
GCC,0.34558379650115967
GCG,0.6556930541992188
GCU,0.22658413648605347
GGA,0.8037169575691223
GGC,0.14818136394023895
GGG,1.1847339868545532
GGU,0.3581050634384155
GUA,0.3234003186225891
GUC,0.42724084854125977
GUG,1.6206527948379517
GUU,0.1976672112941742
UAC,0.3658114969730377
UAU,0.5992380380630493
UCA,0.3688952624797821
UCC,0.5286893844604492
UCG,2.0565574169158936
UCU,0.24220728874206543
UGC,0.502574622631073
UGG,0.18121281266212463
UGU,0.7464724779129028
UUA,0.5095162391662598
UUC,0.29662999510765076
UUG,0.19250179827213287
UUU,0.5231826305389404
