codon,average_decoding_time
AAA,0.39259710907936096
AAC,0.3245241343975067
AAG,0.12597092986106873
AAU,0.5521934628486633
ACA,0.3362649977207184
ACC,0.3581142723560333
ACG,0.4516295790672302
ACU,0.19420354068279266
AGA,0.09677328169345856
AGC,1.1567641496658325
AGG,1.3222159147262573
AGU,1.4620051383972168
AUA,0.3469920754432678
AUC,0.3879125416278839
AUG,0.3651218116283417
AUU,0.19120021164417267
CAA,0.4587477743625641
CAC,0.5255243182182312
CAG,2.8890936374664307
CAU,0.7754008769989014
CCA,0.33893051743507385
CCC,1.983180046081543
CCG,1.6938928365707397
CCU,1.5112147331237793
CGA,0.5006295442581177
CGC,0.6246444582939148
CGG,1.8334609270095825
CGU,0.38620543479919434
CUA,1.30894935131073
CUC,1.161622405052185
CUG,1.3896719217300415
CUU,3.487645387649536
GAA,0.30056655406951904
GAC,0.2765619456768036
GAG,1.941179871559143
GAU,0.4995586574077606
GCA,0.3154018819332123
GCC,0.3659796416759491
GCG,0.7288153767585754
GCU,0.25302761793136597
GGA,0.9841017723083496
GGC,0.17020246386528015
GGG,1.2986141443252563
GGU,0.38355258107185364
GUA,0.40109094977378845
GUC,0.5045880675315857
GUG,0.9649795889854431
GUU,0.2703322768211365
UAC,0.36600613594055176
UAU,0.5984950661659241
UCA,0.3688298463821411
UCC,0.5274947285652161
UCG,0.6343660950660706
UCU,0.24335825443267822
UGC,0.5008614659309387
UGG,0.1805320382118225
UGU,0.7474102973937988
UUA,0.5109718441963196
UUC,0.29756858944892883
UUG,0.2402304708957672
UUU,0.5212077498435974
