codon,average_decoding_time
AAA,0.3928541839122772
AAC,0.3240872025489807
AAG,0.2050132006406784
AAU,0.5514658689498901
ACA,0.33378610014915466
ACC,0.4076630771160126
ACG,0.5171188116073608
ACU,0.19512687623500824
AGA,0.09643561393022537
AGC,1.161576271057129
AGG,1.3264104127883911
AGU,1.4667484760284424
AUA,0.3499611020088196
AUC,0.37343862652778625
AUG,0.40488359332084656
AUU,0.1897953301668167
CAA,0.29517874121665955
CAC,0.3645104169845581
CAG,0.5676541924476624
CAU,0.5983203649520874
CCA,0.33565524220466614
CCC,1.669445514678955
CCG,0.3830166459083557
CCU,1.3693689107894897
CGA,0.4748227000236511
CGC,0.5026066899299622
CGG,1.1642974615097046
CGU,0.27714747190475464
CUA,1.1834824085235596
CUC,2.839324474334717
CUG,1.0571807622909546
CUU,3.2167036533355713
GAA,0.30195850133895874
GAC,0.2781141698360443
GAG,0.45971667766571045
GAU,0.502105176448822
GCA,0.3172944188117981
GCC,0.4739219546318054
GCG,0.8297173380851746
GCU,0.2530377209186554
GGA,0.9844323992729187
GGC,0.1694077104330063
GGG,1.3001337051391602
GGU,0.38446304202079773
GUA,0.40081995725631714
GUC,0.49522480368614197
GUG,1.8743640184402466
GUU,0.2690608501434326
UAC,0.36646512150764465
UAU,0.5991058349609375
UCA,0.36978965997695923
UCC,0.4641404151916504
UCG,2.062268018722534
UCU,0.24231667816638947
UGC,0.5027942657470703
UGG,0.1810399740934372
UGU,0.7480189800262451
UUA,0.5120490193367004
UUC,0.2956223487854004
UUG,0.19953104853630066
UUU,0.5232235789299011
