codon,average_decoding_time
AAA,0.3963657319545746
AAC,0.3233693540096283
AAG,0.12498391419649124
AAU,0.5535925626754761
ACA,0.33527395129203796
ACC,0.35825666785240173
ACG,0.45227178931236267
ACU,0.20921023190021515
AGA,0.09626899659633636
AGC,1.1632925271987915
AGG,1.32405686378479
AGU,1.4620989561080933
AUA,0.3474283516407013
AUC,0.3870543837547302
AUG,0.43547147512435913
AUU,0.20311826467514038
CAA,0.4555727243423462
CAC,0.5231224894523621
CAG,2.8897228240966797
CAU,0.772892415523529
CCA,0.3385813534259796
CCC,1.9795202016830444
CCG,1.6969987154006958
CCU,1.6434189081192017
CGA,0.5002023577690125
CGC,0.6220507621765137
CGG,1.827309489250183
CGU,0.3847266137599945
CUA,1.3074617385864258
CUC,1.1601251363754272
CUG,1.387823224067688
CUU,1.2439184188842773
GAA,0.301593542098999
GAC,0.2762971818447113
GAG,1.938728928565979
GAU,0.5020654797554016
GCA,0.3145587742328644
GCC,0.36535272002220154
GCG,0.7285588979721069
GCU,0.2229437679052353
GGA,0.9782934188842773
GGC,0.16840802133083344
GGG,1.2975409030914307
GGU,0.38265734910964966
GUA,0.40306684374809265
GUC,0.5063533782958984
GUG,0.9608439803123474
GUU,0.28232985734939575
UAC,0.5262948274612427
UAU,0.7727838158607483
UCA,0.37375977635383606
UCC,0.5342055559158325
UCG,0.774147629737854
UCU,0.3071926236152649
UGC,0.6844785809516907
UGG,0.31759563088417053
UGU,0.9489901065826416
UUA,0.5697939395904541
UUC,0.337874174118042
UUG,0.2630608081817627
UUU,0.570975661277771
