codon,average_decoding_time
AAA,0.39393335580825806
AAC,0.322649210691452
AAG,0.20608283579349518
AAU,0.5495700836181641
ACA,0.33712780475616455
ACC,0.41014862060546875
ACG,0.5357099175453186
ACU,0.19398938119411469
AGA,0.09637592732906342
AGC,1.163987398147583
AGG,1.3262107372283936
AGU,1.4607950448989868
AUA,0.34981027245521545
AUC,0.37335291504859924
AUG,0.36787715554237366
AUU,0.19034099578857422
CAA,0.2959944009780884
CAC,0.36518144607543945
CAG,0.5666825175285339
CAU,0.5984655618667603
CCA,0.3336801826953888
CCC,1.6779745817184448
CCG,0.4283139705657959
CCU,1.3718270063400269
CGA,0.47536394000053406
CGC,0.5036118030548096
CGG,1.1597379446029663
CGU,0.279584676027298
CUA,1.1794105768203735
CUC,2.8377974033355713
CUG,1.0808759927749634
CUU,3.204867124557495
GAA,0.2708689868450165
GAC,0.27708789706230164
GAG,0.4290476143360138
GAU,0.5001914501190186
GCA,0.31275850534439087
GCC,0.4441765546798706
GCG,0.6982287764549255
GCU,0.2258673757314682
GGA,0.8022140860557556
GGC,0.14786233007907867
GGG,1.1902755498886108
GGU,0.35844168066978455
GUA,0.3226167559623718
GUC,0.41439908742904663
GUG,0.7514887452125549
GUU,0.19751043617725372
UAC,0.3640364408493042
UAU,0.5986348986625671
UCA,0.36871886253356934
UCC,0.46225792169570923
UCG,0.6354478597640991
UCU,0.24406234920024872
UGC,0.5052972435951233
UGG,0.18116606771945953
UGU,0.7489628791809082
UUA,0.5096290111541748
UUC,0.29731905460357666
UUG,0.2273019701242447
UUU,0.5208762288093567
