codon,average_decoding_time
AAA,0.3947306275367737
AAC,0.32323458790779114
AAG,0.12588369846343994
AAU,0.5502809882164001
ACA,0.3359799087047577
ACC,0.3595585227012634
ACG,0.4091454744338989
ACU,0.20790132880210876
AGA,0.09615253657102585
AGC,1.163961410522461
AGG,1.3237003087997437
AGU,1.4624725580215454
AUA,0.3481692671775818
AUC,0.38668200373649597
AUG,0.40698832273483276
AUU,0.20328304171562195
CAA,0.45596930384635925
CAC,0.5228764414787292
CAG,2.874814748764038
CAU,0.7700164318084717
CCA,0.33872610330581665
CCC,1.978263258934021
CCG,1.6934192180633545
CCU,1.6451994180679321
CGA,0.5025058388710022
CGC,0.6221354603767395
CGG,1.8326350450515747
CGU,0.3860056698322296
CUA,1.303845763206482
CUC,1.1609278917312622
CUG,1.3310960531234741
CUU,1.2459678649902344
GAA,0.3008261024951935
GAC,0.27669066190719604
GAG,1.940310001373291
GAU,0.5010542869567871
GCA,0.31650614738464355
GCC,0.3668126165866852
GCG,0.7268977165222168
GCU,0.2237766832113266
GGA,0.9796081185340881
GGC,0.16892501711845398
GGG,1.297798752784729
GGU,0.3828945457935333
GUA,0.4015164077281952
GUC,0.5059328675270081
GUG,1.8767884969711304
GUU,0.2835406959056854
UAC,0.5260266661643982
UAU,0.773922324180603
UCA,0.3724612593650818
UCC,0.5375401973724365
UCG,2.5430917739868164
UCU,0.31092777848243713
UGC,0.6905511021614075
UGG,0.3182242810726166
UGU,0.9507507681846619
UUA,0.5709443092346191
UUC,0.3405643403530121
UUG,0.2507186830043793
UUU,0.5707011818885803
