codon,average_decoding_time
AAA,0.39147475361824036
AAC,0.3236455023288727
AAG,0.12518437206745148
AAU,0.5515770316123962
ACA,0.33667057752609253
ACC,0.4087119996547699
ACG,0.41179290413856506
ACU,0.1954192817211151
AGA,0.09698166698217392
AGC,1.1626569032669067
AGG,1.3182809352874756
AGU,1.4672170877456665
AUA,0.3477919101715088
AUC,0.3743252754211426
AUG,0.40624305605888367
AUU,0.1903541088104248
CAA,0.29625383019447327
CAC,0.3629128038883209
CAG,2.1435048580169678
CAU,0.5974682569503784
CCA,0.33368417620658875
CCC,1.672264575958252
CCG,1.4097731113433838
CCU,1.36760675907135
CGA,0.47393906116485596
CGC,0.5026054978370667
CGG,1.1657342910766602
CGU,0.2777523100376129
CUA,1.1793562173843384
CUC,2.8502120971679688
CUG,1.016703486442566
CUU,3.2031710147857666
GAA,0.3019861578941345
GAC,0.27644529938697815
GAG,1.9430396556854248
GAU,0.4995219111442566
GCA,0.3161010444164276
GCC,0.47506052255630493
GCG,0.7276465892791748
GCU,0.2539445757865906
GGA,0.9827698469161987
GGC,0.16942422091960907
GGG,1.301592469215393
GGU,0.38226476311683655
GUA,0.40082043409347534
GUC,0.49378547072410583
GUG,1.8675404787063599
GUU,0.26839619874954224
UAC,0.3634980320930481
UAU,0.5972442030906677
UCA,0.37028831243515015
UCC,0.4617554247379303
UCG,2.0510241985321045
UCU,0.24206958711147308
UGC,0.5005068182945251
UGG,0.18025968968868256
UGU,0.747016966342926
UUA,0.5119842290878296
UUC,0.29510006308555603
UUG,0.19164538383483887
UUU,0.5230613350868225
