codon,average_decoding_time
AAA,0.39396926760673523
AAC,0.323329359292984
AAG,0.20615017414093018
AAU,0.553724467754364
ACA,0.33539530634880066
ACC,0.4096107482910156
ACG,0.4947585463523865
ACU,0.20704714953899384
AGA,0.09625846892595291
AGC,1.1646913290023804
AGG,1.3256676197052002
AGU,1.4551199674606323
AUA,0.3491862416267395
AUC,0.374075323343277
AUG,0.33657312393188477
AUU,0.20286822319030762
CAA,0.2947884202003479
CAC,0.36594605445861816
CAG,0.5633829832077026
CAU,0.5994243621826172
CCA,0.33450862765312195
CCC,1.6664124727249146
CCG,0.4280671179294586
CCU,1.6175891160964966
CGA,0.47319453954696655
CGC,0.5021393895149231
CGG,1.1625266075134277
CGU,0.278004914522171
CUA,1.1824418306350708
CUC,2.8458774089813232
CUG,1.0574772357940674
CUU,1.118166446685791
GAA,0.26995158195495605
GAC,0.2751205861568451
GAG,0.4295687973499298
GAU,0.5025444626808167
GCA,0.3119567334651947
GCC,0.4473462998867035
GCG,0.6534011960029602
GCU,0.2058568298816681
GGA,0.7990488409996033
GGC,0.14823533594608307
GGG,1.1953215599060059
GGU,0.3579781651496887
GUA,0.32126447558403015
GUC,0.4130719006061554
GUG,1.4599945545196533
GUU,0.2107473462820053
UAC,0.5235690474510193
UAU,0.7719188332557678
UCA,0.37318867444992065
UCC,0.49915748834609985
UCG,2.5349552631378174
UCU,0.30564630031585693
UGC,0.6936435103416443
UGG,0.31740427017211914
UGU,0.9523931741714478
UUA,0.5657532215118408
UUC,0.3384452760219574
UUG,0.3053155243396759
UUU,0.5696189999580383
