codon,average_decoding_time
AAA,0.39192864298820496
AAC,0.32379987835884094
AAG,0.12568539381027222
AAU,0.5536288619041443
ACA,0.3354800343513489
ACC,0.41011351346969604
ACG,0.4525432884693146
ACU,0.19466093182563782
AGA,0.09632019698619843
AGC,1.1659435033798218
AGG,1.3247984647750854
AGU,1.463618278503418
AUA,0.3479408621788025
AUC,0.37349241971969604
AUG,0.36784297227859497
AUU,0.19021911919116974
CAA,0.2952074706554413
CAC,0.3630509078502655
CAG,2.147765874862671
CAU,0.5981892347335815
CCA,0.33373144268989563
CCC,1.670467495918274
CCG,1.409924864768982
CCU,1.3771692514419556
CGA,0.47468432784080505
CGC,0.5021041035652161
CGG,1.1582279205322266
CGU,0.27563226222991943
CUA,1.189306616783142
CUC,2.84501051902771
CUG,1.1219805479049683
CUU,3.2047500610351562
GAA,0.3006293475627899
GAC,0.27842462062835693
GAG,1.935051441192627
GAU,0.5012785196304321
GCA,0.3165130317211151
GCC,0.4763128161430359
GCG,0.7315029501914978
GCU,0.25381943583488464
GGA,0.9871576428413391
GGC,0.16963396966457367
GGG,1.2984967231750488
GGU,0.3821803033351898
GUA,0.4000769853591919
GUC,0.4925840497016907
GUG,0.962226152420044
GUU,0.2688133120536804
UAC,0.3665162920951843
UAU,0.5991529822349548
UCA,0.36956286430358887
UCC,0.46277618408203125
UCG,0.6373691558837891
UCU,0.24279269576072693
UGC,0.49927791953086853
UGG,0.18088503181934357
UGU,0.7465410828590393
UUA,0.5108008980751038
UUC,0.2966544032096863
UUG,0.23924827575683594
UUU,0.5209826231002808
