codon,average_decoding_time
AAA,0.3949427008628845
AAC,0.3232647776603699
AAG,0.20626161992549896
AAU,0.5531243681907654
ACA,0.33580559492111206
ACC,0.3578319847583771
ACG,0.5599309802055359
ACU,0.2072138637304306
AGA,0.096086286008358
AGC,1.1653199195861816
AGG,1.3269745111465454
AGU,1.4659500122070312
AUA,0.34978967905044556
AUC,0.38850051164627075
AUG,0.43359339237213135
AUU,0.20345789194107056
CAA,0.45650145411491394
CAC,0.5236952900886536
CAG,0.6357832551002502
CAU,0.7715336680412292
CCA,0.341912180185318
CCC,1.9793132543563843
CCG,0.4441719949245453
CCU,1.640608787536621
CGA,0.5011230111122131
CGC,0.6244027018547058
CGG,1.830314040184021
CGU,0.387533038854599
CUA,1.3087527751922607
CUC,1.1610288619995117
CUG,1.3883912563323975
CUU,1.2407134771347046
GAA,0.30129125714302063
GAC,0.2769724130630493
GAG,0.4606722295284271
GAU,0.5030068159103394
GCA,0.316471666097641
GCC,0.3672020435333252
GCG,0.8295008540153503
GCU,0.22435182332992554
GGA,0.986275851726532
GGC,0.1690516471862793
GGG,1.2952221632003784
GGU,0.38228926062583923
GUA,0.4025785028934479
GUC,0.5069581270217896
GUG,0.9627026319503784
GUU,0.2809962332248688
UAC,0.5239595770835876
UAU,0.7715769410133362
UCA,0.37326496839523315
UCC,0.5341840386390686
UCG,0.7657934427261353
UCU,0.3076942563056946
UGC,0.6872155666351318
UGG,0.3202598989009857
UGU,0.9479711055755615
UUA,0.5713246464729309
UUC,0.339743971824646
UUG,0.26149290800094604
UUU,0.5694725513458252
