codon,average_decoding_time
AAA,0.3938595652580261
AAC,0.32372719049453735
AAG,0.20416374504566193
AAU,0.5520956516265869
ACA,0.3348364531993866
ACC,0.3571937382221222
ACG,0.5144054889678955
ACU,0.19399680197238922
AGA,0.09669581055641174
AGC,1.1674026250839233
AGG,1.322487473487854
AGU,1.4625649452209473
AUA,0.34901925921440125
AUC,0.3863137364387512
AUG,0.339326411485672
AUU,0.19006548821926117
CAA,0.4576323926448822
CAC,0.520002007484436
CAG,0.6353500485420227
CAU,0.7755081057548523
CCA,0.3410908281803131
CCC,1.9697080850601196
CCG,0.4447469115257263
CCU,1.5075973272323608
CGA,0.5017818808555603
CGC,0.6247345209121704
CGG,1.8163665533065796
CGU,0.3860984742641449
CUA,1.305688738822937
CUC,1.1574506759643555
CUG,1.340432047843933
CUU,3.4864397048950195
GAA,0.3014998435974121
GAC,0.27709588408470154
GAG,0.4609565734863281
GAU,0.5000800490379333
GCA,0.31738266348838806
GCC,0.3669734299182892
GCG,0.8311595320701599
GCU,0.25311732292175293
GGA,0.9875422120094299
GGC,0.1698828935623169
GGG,1.302294135093689
GGU,0.38396719098091125
GUA,0.4001176059246063
GUC,0.507742166519165
GUG,1.8706839084625244
GUU,0.27063658833503723
UAC,0.36507418751716614
UAU,0.5990467667579651
UCA,0.369704931974411
UCC,0.528702437877655
UCG,2.046743631362915
UCU,0.2421492338180542
UGC,0.5025075078010559
UGG,0.18106284737586975
UGU,0.7470903992652893
UUA,0.509703516960144
UUC,0.2936861217021942
UUG,0.22265826165676117
UUU,0.5225192308425903
