codon,average_decoding_time
AAA,0.3936828374862671
AAC,0.32369399070739746
AAG,0.20494821667671204
AAU,0.5538023710250854
ACA,0.33342480659484863
ACC,0.4100804626941681
ACG,0.554556667804718
ACU,0.19429238140583038
AGA,0.09655368328094482
AGC,1.1604547500610352
AGG,1.3277899026870728
AGU,1.4562313556671143
AUA,0.3471294641494751
AUC,0.374787837266922
AUG,0.36830487847328186
AUU,0.19067583978176117
CAA,0.29564225673675537
CAC,0.3658096194267273
CAG,0.5647750496864319
CAU,0.5970903635025024
CCA,0.3351496458053589
CCC,1.6718295812606812
CCG,0.3847949206829071
CCU,1.3688632249832153
CGA,0.47541266679763794
CGC,0.5023123621940613
CGG,1.1634602546691895
CGU,0.27801963686943054
CUA,1.1859321594238281
CUC,2.852484703063965
CUG,1.076806902885437
CUU,3.2098424434661865
GAA,0.3011060655117035
GAC,0.2759583592414856
GAG,0.4585161805152893
GAU,0.5008309483528137
GCA,0.3157215118408203
GCC,0.4753272235393524
GCG,0.8323656320571899
GCU,0.25437507033348083
GGA,0.9897992014884949
GGC,0.17029696702957153
GGG,1.2911138534545898
GGU,0.381990909576416
GUA,0.4006398022174835
GUC,0.4912334084510803
GUG,0.9613719582557678
GUU,0.2705284655094147
UAC,0.3645113408565521
UAU,0.6017125248908997
UCA,0.36985257267951965
UCC,0.46283063292503357
UCG,0.633489191532135
UCU,0.24338583648204803
UGC,0.49999672174453735
UGG,0.18089130520820618
UGU,0.7492581009864807
UUA,0.5103573203086853
UUC,0.29671305418014526
UUG,0.2278219759464264
UUU,0.5223944187164307
