codon,average_decoding_time
AAA,0.39354944229125977
AAC,0.3220033347606659
AAG,0.20466966927051544
AAU,0.5505476593971252
ACA,0.3358759880065918
ACC,0.3596779406070709
ACG,0.514062225818634
ACU,0.2077714055776596
AGA,0.09743572026491165
AGC,1.1637359857559204
AGG,1.3254719972610474
AGU,1.4567432403564453
AUA,0.3500012159347534
AUC,0.38674837350845337
AUG,0.336955189704895
AUU,0.20345357060432434
CAA,0.46020346879959106
CAC,0.5264037847518921
CAG,0.6338353753089905
CAU,0.7725738286972046
CCA,0.34159091114997864
CCC,1.986440658569336
CCG,0.4450274705886841
CCU,1.6540976762771606
CGA,0.5029705762863159
CGC,0.6190779805183411
CGG,1.8282487392425537
CGU,0.38703688979148865
CUA,1.303944706916809
CUC,1.1630995273590088
CUG,1.3430287837982178
CUU,1.2421751022338867
GAA,0.30217456817626953
GAC,0.27666452527046204
GAG,0.46033644676208496
GAU,0.5014345645904541
GCA,0.3163686990737915
GCC,0.36540845036506653
GCG,0.8273447751998901
GCU,0.2252470850944519
GGA,0.9842870235443115
GGC,0.1695638746023178
GGG,1.302752137184143
GGU,0.38282883167266846
GUA,0.4003332853317261
GUC,0.5074893236160278
GUG,1.8653374910354614
GUU,0.28201764822006226
UAC,0.5254365801811218
UAU,0.7765801548957825
UCA,0.374234676361084
UCC,0.5345081090927124
UCG,2.5457653999328613
UCU,0.3075224757194519
UGC,0.6888947486877441
UGG,0.3188735246658325
UGU,0.9531475901603699
UUA,0.5692306756973267
UUC,0.33965200185775757
UUG,0.3066996932029724
UUU,0.5704398155212402
