codon,average_decoding_time
AAA,0.3941998779773712
AAC,0.32320189476013184
AAG,0.2060738503932953
AAU,0.5512896776199341
ACA,0.33498138189315796
ACC,0.40816065669059753
ACG,0.5376189351081848
ACU,0.20919983088970184
AGA,0.09652090072631836
AGC,1.160794973373413
AGG,1.3218793869018555
AGU,1.4630305767059326
AUA,0.3480638265609741
AUC,0.37310555577278137
AUG,0.36840569972991943
AUU,0.2029585987329483
CAA,0.29472416639328003
CAC,0.3651609420776367
CAG,0.5613484382629395
CAU,0.5988508462905884
CCA,0.3364882469177246
CCC,1.6698541641235352
CCG,0.42774006724357605
CCU,1.6152033805847168
CGA,0.47457027435302734
CGC,0.5055045485496521
CGG,1.159568190574646
CGU,0.2784918248653412
CUA,1.1820141077041626
CUC,2.844618797302246
CUG,1.0777409076690674
CUU,1.1224548816680908
GAA,0.26941701769828796
GAC,0.27624258399009705
GAG,0.428184449672699
GAU,0.5018602013587952
GCA,0.3129194378852844
GCC,0.4451253116130829
GCG,0.6982542276382446
GCU,0.20504215359687805
GGA,0.800059974193573
GGC,0.1479494720697403
GGG,1.190829873085022
GGU,0.3583666682243347
GUA,0.32251307368278503
GUC,0.4123230576515198
GUG,0.7529726624488831
GUU,0.21000178158283234
UAC,0.5258821845054626
UAU,0.7699239253997803
UCA,0.37485551834106445
UCC,0.4984491467475891
UCG,0.7694173455238342
UCU,0.30789726972579956
UGC,0.6862441301345825
UGG,0.3194081485271454
UGU,0.9479068517684937
UUA,0.565524697303772
UUC,0.33814647793769836
UUG,0.3203062415122986
UUU,0.57061767578125
