codon,average_decoding_time
AAA,0.3951404392719269
AAC,0.3225870132446289
AAG,0.2059459239244461
AAU,0.5540740489959717
ACA,0.33422696590423584
ACC,0.4106215536594391
ACG,0.5152215361595154
ACU,0.20835885405540466
AGA,0.09635087847709656
AGC,1.1641572713851929
AGG,1.327273964881897
AGU,1.46365487575531
AUA,0.34971845149993896
AUC,0.3719772696495056
AUG,0.33921125531196594
AUU,0.20188412070274353
CAA,0.2947055995464325
CAC,0.3658091723918915
CAG,0.5646203756332397
CAU,0.6009998321533203
CCA,0.3344704210758209
CCC,1.6693849563598633
CCG,0.38523516058921814
CCU,1.6266367435455322
CGA,0.4747869670391083
CGC,0.5030640363693237
CGG,1.1650878190994263
CGU,0.27766820788383484
CUA,1.1809861660003662
CUC,2.852731227874756
CUG,1.0167829990386963
CUU,1.1163151264190674
GAA,0.30261778831481934
GAC,0.2769111096858978
GAG,0.4609670639038086
GAU,0.5001742839813232
GCA,0.3160254955291748
GCC,0.47475460171699524
GCG,0.8288729786872864
GCU,0.22412638366222382
GGA,0.9870894551277161
GGC,0.17046722769737244
GGG,1.3044532537460327
GGU,0.38301166892051697
GUA,0.4014473855495453
GUC,0.49455446004867554
GUG,1.87726891040802
GUU,0.2816440761089325
UAC,0.5252494812011719
UAU,0.7701300978660583
UCA,0.3728685677051544
UCC,0.4998725354671478
UCG,2.5594873428344727
UCU,0.3081377446651459
UGC,0.6861534118652344
UGG,0.3206004500389099
UGU,0.9479175209999084
UUA,0.5694429874420166
UUC,0.3379609286785126
UUG,0.3034437298774719
UUU,0.5730440020561218
