codon,average_decoding_time
AAA,0.39523905515670776
AAC,0.32393380999565125
AAG,0.12598280608654022
AAU,0.5516360998153687
ACA,0.3364022374153137
ACC,0.4086926579475403
ACG,0.4526801109313965
ACU,0.20851673185825348
AGA,0.09666893631219864
AGC,1.1641420125961304
AGG,1.3291001319885254
AGU,1.4613734483718872
AUA,0.3469512164592743
AUC,0.3728686273097992
AUG,0.36717739701271057
AUU,0.20270590484142303
CAA,0.2956036329269409
CAC,0.36553680896759033
CAG,2.142123222351074
CAU,0.5983915328979492
CCA,0.33673131465911865
CCC,1.6730782985687256
CCG,1.4125499725341797
CCU,1.6258503198623657
CGA,0.4758862257003784
CGC,0.502249002456665
CGG,1.163504719734192
CGU,0.27875444293022156
CUA,1.181333303451538
CUC,2.8480563163757324
CUG,1.0741214752197266
CUU,1.1190340518951416
GAA,0.3024402856826782
GAC,0.2762545049190521
GAG,1.9459949731826782
GAU,0.5016159415245056
GCA,0.3159550130367279
GCC,0.47530999779701233
GCG,0.7315383553504944
GCU,0.22349503636360168
GGA,0.9845592379570007
GGC,0.1702503263950348
GGG,1.2983283996582031
GGU,0.3810376524925232
GUA,0.40241938829421997
GUC,0.4928666353225708
GUG,0.9630506038665771
GUU,0.2817825675010681
UAC,0.5246020555496216
UAU,0.7717548608779907
UCA,0.37368547916412354
UCC,0.496658056974411
UCG,0.765500009059906
UCU,0.30771538615226746
UGC,0.6868528127670288
UGG,0.3179314434528351
UGU,0.9503939151763916
UUA,0.5695229172706604
UUC,0.33796629309654236
UUG,0.3212566077709198
UUU,0.5704153776168823
