codon,average_decoding_time
AAA,0.3941386640071869
AAC,0.3243899941444397
AAG,0.1249777153134346
AAU,0.5529710650444031
ACA,0.33482593297958374
ACC,0.4088248908519745
ACG,0.45100000500679016
ACU,0.19363607466220856
AGA,0.09659525752067566
AGC,1.1650521755218506
AGG,1.318577766418457
AGU,1.4582855701446533
AUA,0.34987175464630127
AUC,0.37414100766181946
AUG,0.36776062846183777
AUU,0.19089080393314362
CAA,0.29786360263824463
CAC,0.3633243441581726
CAG,2.1398110389709473
CAU,0.5994294285774231
CCA,0.33442336320877075
CCC,1.6700246334075928
CCG,1.3989801406860352
CCU,1.368617057800293
CGA,0.4738048315048218
CGC,0.5016979575157166
CGG,1.1594228744506836
CGU,0.27851247787475586
CUA,1.1763582229614258
CUC,2.847627878189087
CUG,1.0741047859191895
CUU,3.199368476867676
GAA,0.3026837408542633
GAC,0.277898907661438
GAG,1.9481462240219116
GAU,0.5016317367553711
GCA,0.3138829171657562
GCC,0.4760673940181732
GCG,0.7272571921348572
GCU,0.2538624405860901
GGA,0.9852456450462341
GGC,0.16914036870002747
GGG,1.2961828708648682
GGU,0.3829996883869171
GUA,0.4006088674068451
GUC,0.4934040904045105
GUG,0.9654060006141663
GUU,0.26927247643470764
UAC,0.3676239848136902
UAU,0.5994966626167297
UCA,0.3698493242263794
UCC,0.46410274505615234
UCG,0.6351486444473267
UCU,0.24267412722110748
UGC,0.5041223168373108
UGG,0.18171940743923187
UGU,0.7482983469963074
UUA,0.5099480748176575
UUC,0.29747864603996277
UUG,0.2276701182126999
UUU,0.5227132439613342
