codon,average_decoding_time
AAA,0.39383330941200256
AAC,0.32348403334617615
AAG,0.20627659559249878
AAU,0.5530062913894653
ACA,0.33512282371520996
ACC,0.3594384789466858
ACG,0.5394598841667175
ACU,0.19486474990844727
AGA,0.09737449139356613
AGC,1.1643545627593994
AGG,1.3153507709503174
AGU,1.4614040851593018
AUA,0.35082972049713135
AUC,0.38713011145591736
AUG,0.3672141432762146
AUU,0.19012947380542755
CAA,0.4566167891025543
CAC,0.5212398171424866
CAG,0.6348905563354492
CAU,0.7702950835227966
CCA,0.34006866812705994
CCC,1.9773144721984863
CCG,0.4992474913597107
CCU,1.5088640451431274
CGA,0.5013517141342163
CGC,0.6252588033676147
CGG,1.8169218301773071
CGU,0.3888351619243622
CUA,1.3156007528305054
CUC,1.1619038581848145
CUG,1.3878304958343506
CUU,3.494015693664551
GAA,0.2712414562702179
GAC,0.2761826515197754
GAG,0.430549293756485
GAU,0.4997451901435852
GCA,0.31266215443611145
GCC,0.3469780385494232
GCG,0.6968859434127808
GCU,0.22700683772563934
GGA,0.8010604977607727
GGC,0.14790162444114685
GGG,1.1956158876419067
GGU,0.35726699233055115
GUA,0.3220699727535248
GUC,0.42850229144096375
GUG,0.7530564665794373
GUU,0.197882741689682
UAC,0.3658461570739746
UAU,0.5980584025382996
UCA,0.3690928518772125
UCC,0.5291138887405396
UCG,0.6360955834388733
UCU,0.2426770180463791
UGC,0.5023912787437439
UGG,0.1810833215713501
UGU,0.7504764795303345
UUA,0.5128640532493591
UUC,0.29591134190559387
UUG,0.22664162516593933
UUU,0.5214629769325256
