codon,average_decoding_time
AAA,0.39469242095947266
AAC,0.3229592442512512
AAG,0.12503685057163239
AAU,0.5544865727424622
ACA,0.33541762828826904
ACC,0.35858672857284546
ACG,0.45029890537261963
ACU,0.19422484934329987
AGA,0.09695105254650116
AGC,1.1592144966125488
AGG,1.324857473373413
AGU,1.4592543840408325
AUA,0.3477657437324524
AUC,0.3869565725326538
AUG,0.43511703610420227
AUU,0.1897110790014267
CAA,0.4557608962059021
CAC,0.5238164663314819
CAG,2.8984296321868896
CAU,0.7738894820213318
CCA,0.34102368354797363
CCC,1.9832555055618286
CCG,1.6993054151535034
CCU,1.5024363994598389
CGA,0.5019314289093018
CGC,0.6241289973258972
CGG,1.8247995376586914
CGU,0.38554686307907104
CUA,1.3135027885437012
CUC,1.163784384727478
CUG,1.3861192464828491
CUU,3.476461172103882
GAA,0.3025171756744385
GAC,0.2767903208732605
GAG,1.9336183071136475
GAU,0.5027366876602173
GCA,0.31731995940208435
GCC,0.3645953834056854
GCG,0.7302296757698059
GCU,0.25292783975601196
GGA,0.9835591912269592
GGC,0.16963981091976166
GGG,1.2974445819854736
GGU,0.38232535123825073
GUA,0.40034836530685425
GUC,0.5054152607917786
GUG,0.9653687477111816
GUU,0.2684670388698578
UAC,0.3644169569015503
UAU,0.5992817282676697
UCA,0.36843597888946533
UCC,0.5297408103942871
UCG,0.6341244578361511
UCU,0.2428247481584549
UGC,0.5026986002922058
UGG,0.1811043620109558
UGU,0.748242199420929
UUA,0.5106124877929688
UUC,0.2962448298931122
UUG,0.20147792994976044
UUU,0.5220848321914673
