codon,average_decoding_time
AAA,0.3923959732055664
AAC,0.3220911920070648
AAG,0.20614983141422272
AAU,0.5521965026855469
ACA,0.3375312089920044
ACC,0.3580614924430847
ACG,0.5188947916030884
ACU,0.19379094243049622
AGA,0.0961468294262886
AGC,1.1680136919021606
AGG,1.3235259056091309
AGU,1.4598884582519531
AUA,0.3479575514793396
AUC,0.38826170563697815
AUG,0.4044576585292816
AUU,0.19061994552612305
CAA,0.4561876952648163
CAC,0.5265913605690002
CAG,0.6344892978668213
CAU,0.769507884979248
CCA,0.3398389518260956
CCC,1.9844714403152466
CCG,0.44434285163879395
CCU,1.5130544900894165
CGA,0.5022817254066467
CGC,0.624089777469635
CGG,1.8270891904830933
CGU,0.3850674331188202
CUA,1.301306128501892
CUC,1.1575677394866943
CUG,1.336524248123169
CUU,3.49641752243042
GAA,0.3013101816177368
GAC,0.2770348787307739
GAG,0.45809292793273926
GAU,0.5001267790794373
GCA,0.31486624479293823
GCC,0.36693570017814636
GCG,0.8329933881759644
GCU,0.2532062828540802
GGA,0.9863032698631287
GGC,0.16901318728923798
GGG,1.3007456064224243
GGU,0.38157176971435547
GUA,0.3997998535633087
GUC,0.5067413449287415
GUG,1.8733586072921753
GUU,0.268508642911911
UAC,0.3660198450088501
UAU,0.599510133266449
UCA,0.3679580092430115
UCC,0.5293534994125366
UCG,2.045271158218384
UCU,0.243459552526474
UGC,0.5041899085044861
UGG,0.18133626878261566
UGU,0.7495157122612
UUA,0.5116301774978638
UUC,0.2937816381454468
UUG,0.1990848034620285
UUU,0.5217187404632568
