codon,average_decoding_time
AAA,0.3924037516117096
AAC,0.32235991954803467
AAG,0.2059115618467331
AAU,0.5532180070877075
ACA,0.3348391354084015
ACC,0.4123842120170593
ACG,0.5158600211143494
ACU,0.20862342417240143
AGA,0.09678874909877777
AGC,1.159667730331421
AGG,1.3223613500595093
AGU,1.460677146911621
AUA,0.34857016801834106
AUC,0.3724612593650818
AUG,0.4063827693462372
AUU,0.20394054055213928
CAA,0.2966448962688446
CAC,0.36380520462989807
CAG,0.5662675499916077
CAU,0.5990430116653442
CCA,0.3345203101634979
CCC,1.6664115190505981
CCG,0.38343504071235657
CCU,1.612202525138855
CGA,0.47436946630477905
CGC,0.5032405853271484
CGG,1.1595016717910767
CGU,0.2787037789821625
CUA,1.1858452558517456
CUC,2.845581293106079
CUG,1.021492838859558
CUU,1.1148173809051514
GAA,0.30408352613449097
GAC,0.27728983759880066
GAG,0.4598429203033447
GAU,0.5017136931419373
GCA,0.3168252408504486
GCC,0.4758515954017639
GCG,0.8322120904922485
GCU,0.22524374723434448
GGA,0.9896025061607361
GGC,0.17062829434871674
GGG,1.305174708366394
GGU,0.38335758447647095
GUA,0.40211039781570435
GUC,0.4948716461658478
GUG,1.8734209537506104
GUU,0.2828894257545471
UAC,0.5260254740715027
UAU,0.7713174819946289
UCA,0.37382420897483826
UCC,0.4987824559211731
UCG,2.548273801803589
UCU,0.30709168314933777
UGC,0.6875749230384827
UGG,0.31684181094169617
UGU,0.9477855563163757
UUA,0.568821907043457
UUC,0.34080469608306885
UUG,0.25116005539894104
UUU,0.5704793930053711
