codon,average_decoding_time
AAA,0.3923428952693939
AAC,0.3251529932022095
AAG,0.2056087851524353
AAU,0.5500428676605225
ACA,0.33566170930862427
ACC,0.35975781083106995
ACG,0.5351199507713318
ACU,0.19448284804821014
AGA,0.0964488610625267
AGC,1.1597591638565063
AGG,1.3210279941558838
AGU,1.4580423831939697
AUA,0.34775015711784363
AUC,0.3865780830383301
AUG,0.4336159825325012
AUU,0.18961480259895325
CAA,0.46053776144981384
CAC,0.5222598910331726
CAG,0.6372413635253906
CAU,0.7683869004249573
CCA,0.3402327597141266
CCC,1.980859398841858
CCG,0.4992936849594116
CCU,1.51077401638031
CGA,0.5012196898460388
CGC,0.6224356889724731
CGG,1.8194944858551025
CGU,0.3851238787174225
CUA,1.3117822408676147
CUC,1.159246802330017
CUG,1.3924084901809692
CUU,3.4798319339752197
GAA,0.26880407333374023
GAC,0.277041494846344
GAG,0.4312210977077484
GAU,0.5005549788475037
GCA,0.3109576106071472
GCC,0.34693199396133423
GCG,0.6972517967224121
GCU,0.22531862556934357
GGA,0.799195408821106
GGC,0.14799097180366516
GGG,1.1902095079421997
GGU,0.3587709367275238
GUA,0.3218054175376892
GUC,0.4293883740901947
GUG,0.8310072422027588
GUU,0.19776980578899384
UAC,0.36589786410331726
UAU,0.5992361903190613
UCA,0.36919844150543213
UCC,0.5276382565498352
UCG,0.6336628794670105
UCU,0.2429795265197754
UGC,0.5029188990592957
UGG,0.18085797131061554
UGU,0.7496814131736755
UUA,0.5093895196914673
UUC,0.29487913846969604
UUG,0.20296214520931244
UUU,0.5234153866767883
