codon,average_decoding_time
AAA,0.3931709825992584
AAC,0.3245457410812378
AAG,0.20551152527332306
AAU,0.5517210364341736
ACA,0.3337751030921936
ACC,0.40955209732055664
ACG,0.5377017855644226
ACU,0.19423609972000122
AGA,0.09640506654977798
AGC,1.163246989250183
AGG,1.3279772996902466
AGU,1.453697681427002
AUA,0.34797799587249756
AUC,0.37291425466537476
AUG,0.4341551959514618
AUU,0.19070060551166534
CAA,0.29485467076301575
CAC,0.3641509413719177
CAG,0.5646939277648926
CAU,0.6011683940887451
CCA,0.33585184812545776
CCC,1.6663278341293335
CCG,0.42779970169067383
CCU,1.3691457509994507
CGA,0.47536730766296387
CGC,0.5036910772323608
CGG,1.1588441133499146
CGU,0.277416855096817
CUA,1.1880253553390503
CUC,2.8516430854797363
CUG,1.11859130859375
CUU,3.207474946975708
GAA,0.2701401114463806
GAC,0.2769155204296112
GAG,0.4310106337070465
GAU,0.4998530447483063
GCA,0.31140926480293274
GCC,0.4451601207256317
GCG,0.6955211162567139
GCU,0.22717122733592987
GGA,0.797065258026123
GGC,0.1463637799024582
GGG,1.1902996301651
GGU,0.35883161425590515
GUA,0.3215804398059845
GUC,0.4134178161621094
GUG,0.8322107195854187
GUU,0.1971609890460968
UAC,0.36572688817977905
UAU,0.6002585291862488
UCA,0.369092732667923
UCC,0.4629940688610077
UCG,0.6356412768363953
UCU,0.24310779571533203
UGC,0.49956807494163513
UGG,0.1810624748468399
UGU,0.7507791519165039
UUA,0.5070974826812744
UUC,0.29616209864616394
UUG,0.21151894330978394
UUU,0.5218862295150757
