codon,average_decoding_time
AAA,0.39390403032302856
AAC,0.3241913914680481
AAG,0.20449456572532654
AAU,0.550234317779541
ACA,0.33589473366737366
ACC,0.4103004038333893
ACG,0.5358015298843384
ACU,0.19497892260551453
AGA,0.09610854834318161
AGC,1.1636601686477661
AGG,1.3259495496749878
AGU,1.4616276025772095
AUA,0.3504570722579956
AUC,0.37402844429016113
AUG,0.3656933605670929
AUU,0.18994787335395813
CAA,0.2971070408821106
CAC,0.36334413290023804
CAG,0.5671215653419495
CAU,0.5987553000450134
CCA,0.3347606360912323
CCC,1.6689996719360352
CCG,0.4249022305011749
CCU,1.3601830005645752
CGA,0.4748370051383972
CGC,0.5024102926254272
CGG,1.161489725112915
CGU,0.27817606925964355
CUA,1.18570077419281
CUC,2.847684144973755
CUG,1.1147996187210083
CUU,3.2190983295440674
GAA,0.2692135274410248
GAC,0.27779048681259155
GAG,0.4305568039417267
GAU,0.5033790469169617
GCA,0.3130407929420471
GCC,0.44550877809524536
GCG,0.6954558491706848
GCU,0.22684745490550995
GGA,0.8007563948631287
GGC,0.1471284180879593
GGG,1.1868757009506226
GGU,0.3591516315937042
GUA,0.3212212920188904
GUC,0.41396045684814453
GUG,0.757057785987854
GUU,0.19718219339847565
UAC,0.3647310137748718
UAU,0.5982519388198853
UCA,0.36936211585998535
UCC,0.46508273482322693
UCG,0.635796844959259
UCU,0.24291959404945374
UGC,0.5010533928871155
UGG,0.1805376559495926
UGU,0.7508280277252197
UUA,0.5093567967414856
UUC,0.29731258749961853
UUG,0.23882804811000824
UUU,0.5213276743888855
