codon,average_decoding_time
AAA,0.3919858932495117
AAC,0.3226422965526581
AAG,0.12535163760185242
AAU,0.5548101663589478
ACA,0.33660760521888733
ACC,0.41118884086608887
ACG,0.40904203057289124
ACU,0.20832349359989166
AGA,0.09697049111127853
AGC,1.1622552871704102
AGG,1.3234388828277588
AGU,1.4570372104644775
AUA,0.34864747524261475
AUC,0.37216487526893616
AUG,0.40374311804771423
AUU,0.2023005336523056
CAA,0.29712703824043274
CAC,0.3635925352573395
CAG,2.142449378967285
CAU,0.6002214550971985
CCA,0.3349064886569977
CCC,1.6674748659133911
CCG,1.4064332246780396
CCU,1.6157610416412354
CGA,0.4746502637863159
CGC,0.5018896460533142
CGG,1.161375641822815
CGU,0.27856895327568054
CUA,1.1847175359725952
CUC,2.8447182178497314
CUG,1.0607631206512451
CUU,1.1165013313293457
GAA,0.30042046308517456
GAC,0.2755606770515442
GAG,1.9404536485671997
GAU,0.500701904296875
GCA,0.31599316000938416
GCC,0.4751105010509491
GCG,0.728202760219574
GCU,0.22374406456947327
GGA,0.9800652265548706
GGC,0.169900044798851
GGG,1.3010443449020386
GGU,0.38322198390960693
GUA,0.402057021856308
GUC,0.4926292300224304
GUG,1.8739032745361328
GUU,0.28251346945762634
UAC,0.524909257888794
UAU,0.7714449167251587
UCA,0.37164852023124695
UCC,0.5001515746116638
UCG,2.5376594066619873
UCU,0.3083474934101105
UGC,0.6907927393913269
UGG,0.3193735182285309
UGU,0.9462032914161682
UUA,0.5665808320045471
UUC,0.3386455774307251
UUG,0.24992217123508453
UUU,0.568133533000946
