codon,average_decoding_time
AAA,0.3944470286369324
AAC,0.3236066997051239
AAG,0.12555360794067383
AAU,0.5516592264175415
ACA,0.3348468244075775
ACC,0.3582157790660858
ACG,0.4506915509700775
ACU,0.19433963298797607
AGA,0.09669176489114761
AGC,1.1729209423065186
AGG,1.3242318630218506
AGU,1.4633623361587524
AUA,0.34966573119163513
AUC,0.38548487424850464
AUG,0.36678794026374817
AUU,0.19080094993114471
CAA,0.4583982825279236
CAC,0.5235714316368103
CAG,2.8831593990325928
CAU,0.7694056034088135
CCA,0.3397441506385803
CCC,1.9756126403808594
CCG,1.6988307237625122
CCU,1.5071779489517212
CGA,0.5020444989204407
CGC,0.6251723170280457
CGG,1.8277462720870972
CGU,0.3852389454841614
CUA,1.311315894126892
CUC,1.1623215675354004
CUG,1.389962077140808
CUU,3.486170530319214
GAA,0.3002513349056244
GAC,0.27648934721946716
GAG,1.9473636150360107
GAU,0.5003520846366882
GCA,0.3169614374637604
GCC,0.3673388361930847
GCG,0.7309198975563049
GCU,0.25308534502983093
GGA,0.9813782572746277
GGC,0.17088836431503296
GGG,1.304869532585144
GGU,0.3825293481349945
GUA,0.40094247460365295
GUC,0.5070149302482605
GUG,0.9661343097686768
GUU,0.26853522658348083
UAC,0.3635655343532562
UAU,0.6003999710083008
UCA,0.3704378008842468
UCC,0.528838574886322
UCG,0.6347936391830444
UCU,0.2424808144569397
UGC,0.5008370876312256
UGG,0.18126405775547028
UGU,0.7476350665092468
UUA,0.5081401467323303
UUC,0.29667437076568604
UUG,0.22763103246688843
UUU,0.5229099988937378
