codon,average_decoding_time
AAA,0.39318159222602844
AAC,0.32271233201026917
AAG,0.206356480717659
AAU,0.5520849823951721
ACA,0.33609774708747864
ACC,0.41034168004989624
ACG,0.5173666477203369
ACU,0.2086351364850998
AGA,0.09656442701816559
AGC,1.1607935428619385
AGG,1.3259572982788086
AGU,1.4626137018203735
AUA,0.3483758568763733
AUC,0.3746265172958374
AUG,0.4056113660335541
AUU,0.20238655805587769
CAA,0.29605698585510254
CAC,0.36529800295829773
CAG,0.565974235534668
CAU,0.5975414514541626
CCA,0.3344977796077728
CCC,1.679811716079712
CCG,0.383756548166275
CCU,1.621314525604248
CGA,0.4746169149875641
CGC,0.5010040402412415
CGG,1.1665701866149902
CGU,0.2781321406364441
CUA,1.1720422506332397
CUC,2.8512892723083496
CUG,1.055975317955017
CUU,1.122700572013855
GAA,0.29975274205207825
GAC,0.2776089906692505
GAG,0.46125954389572144
GAU,0.50077885389328
GCA,0.31513309478759766
GCC,0.4757024347782135
GCG,0.8323601484298706
GCU,0.223062202334404
GGA,0.9870545268058777
GGC,0.16949021816253662
GGG,1.3040791749954224
GGU,0.3833027780056
GUA,0.4003629684448242
GUC,0.4913548529148102
GUG,1.8645920753479004
GUU,0.28179699182510376
UAC,0.5219646692276001
UAU,0.7724242210388184
UCA,0.37256672978401184
UCC,0.4977540671825409
UCG,2.539529800415039
UCU,0.3043948709964752
UGC,0.6899491548538208
UGG,0.31989842653274536
UGU,0.9505540728569031
UUA,0.5660043954849243
UUC,0.34057965874671936
UUG,0.2506605386734009
UUU,0.5694878697395325
