codon,average_decoding_time
AAA,0.3922281265258789
AAC,0.32373103499412537
AAG,0.20545439422130585
AAU,0.5509597659111023
ACA,0.33580711483955383
ACC,0.4108211398124695
ACG,0.4964369833469391
ACU,0.20869095623493195
AGA,0.09660746157169342
AGC,1.1583925485610962
AGG,1.3281139135360718
AGU,1.465664029121399
AUA,0.34851327538490295
AUC,0.37401121854782104
AUG,0.4030294120311737
AUU,0.2028791606426239
CAA,0.2977698743343353
CAC,0.3631795048713684
CAG,0.5678717494010925
CAU,0.6008248329162598
CCA,0.33496055006980896
CCC,1.6656626462936401
CCG,0.4281713664531708
CCU,1.6188932657241821
CGA,0.47385910153388977
CGC,0.5042353272438049
CGG,1.1615365743637085
CGU,0.27886348962783813
CUA,1.1807005405426025
CUC,2.849477767944336
CUG,1.0646452903747559
CUU,1.1172641515731812
GAA,0.27027106285095215
GAC,0.2770659327507019
GAG,0.42776745557785034
GAU,0.5025466680526733
GCA,0.3130246698856354
GCC,0.44436997175216675
GCG,0.6568164825439453
GCU,0.20644782483577728
GGA,0.8058546185493469
GGC,0.14686070382595062
GGG,1.1933670043945312
GGU,0.35979989171028137
GUA,0.3215215504169464
GUC,0.4134710133075714
GUG,1.6225496530532837
GUU,0.211246058344841
UAC,0.5260227918624878
UAU,0.7726631164550781
UCA,0.37247347831726074
UCC,0.499694287776947
UCG,2.5570125579833984
UCU,0.3082708716392517
UGC,0.6885690093040466
UGG,0.31703507900238037
UGU,0.949433445930481
UUA,0.5682640075683594
UUC,0.3385469615459442
UUG,0.25040408968925476
UUU,0.5699242949485779
