codon,average_decoding_time
AAA,0.3914946913719177
AAC,0.3254089653491974
AAG,0.1254861205816269
AAU,0.5528581738471985
ACA,0.33622094988822937
ACC,0.41088801622390747
ACG,0.45257624983787537
ACU,0.19423450529575348
AGA,0.09647774696350098
AGC,1.1648809909820557
AGG,1.3292080163955688
AGU,1.4563931226730347
AUA,0.3478594422340393
AUC,0.3726218044757843
AUG,0.4354216456413269
AUU,0.18965773284435272
CAA,0.2947547733783722
CAC,0.36635175347328186
CAG,2.1415469646453857
CAU,0.5986080169677734
CCA,0.33451831340789795
CCC,1.6736620664596558
CCG,1.4154407978057861
CCU,1.3706765174865723
CGA,0.4723062217235565
CGC,0.5040299892425537
CGG,1.1622008085250854
CGU,0.2771797776222229
CUA,1.178263783454895
CUC,2.8524928092956543
CUG,1.0759263038635254
CUU,3.2033233642578125
GAA,0.3011734187602997
GAC,0.27670735120773315
GAG,1.9450795650482178
GAU,0.5002855658531189
GCA,0.3147101402282715
GCC,0.4743453860282898
GCG,0.7274843454360962
GCU,0.253104031085968
GGA,0.9823082089424133
GGC,0.1707637757062912
GGG,1.2907849550247192
GGU,0.3844943046569824
GUA,0.40213742852211
GUC,0.4926464855670929
GUG,0.9564775824546814
GUU,0.2696133553981781
UAC,0.3647351861000061
UAU,0.5984110832214355
UCA,0.36872515082359314
UCC,0.4653124213218689
UCG,0.6355206370353699
UCU,0.2433040589094162
UGC,0.5025204420089722
UGG,0.18097691237926483
UGU,0.749119758605957
UUA,0.507554292678833
UUC,0.2961495518684387
UUG,0.20373933017253876
UUU,0.5221149921417236
