codon,average_decoding_time
AAA,0.39266955852508545
AAC,0.3205544650554657
AAG,0.20526517927646637
AAU,0.5515114068984985
ACA,0.3349623382091522
ACC,0.40891796350479126
ACG,0.5379141569137573
ACU,0.21006818115711212
AGA,0.09622466564178467
AGC,1.163284420967102
AGG,1.323588490486145
AGU,1.459282636642456
AUA,0.3489600121974945
AUC,0.37423038482666016
AUG,0.36657801270484924
AUU,0.20274823904037476
CAA,0.29778873920440674
CAC,0.3643108606338501
CAG,0.5618872046470642
CAU,0.6021509766578674
CCA,0.3345058858394623
CCC,1.6692707538604736
CCG,0.4266010820865631
CCU,1.6226298809051514
CGA,0.4754153788089752
CGC,0.5013560056686401
CGG,1.1593654155731201
CGU,0.2788049578666687
CUA,1.1761260032653809
CUC,2.8501689434051514
CUG,1.0777828693389893
CUU,1.117632269859314
GAA,0.26894280314445496
GAC,0.2772994339466095
GAG,0.428763210773468
GAU,0.5013364553451538
GCA,0.31402289867401123
GCC,0.4446587860584259
GCG,0.6982985138893127
GCU,0.20542797446250916
GGA,0.805691659450531
GGC,0.14768271148204803
GGG,1.1918073892593384
GGU,0.3576258718967438
GUA,0.3215372860431671
GUC,0.41250818967819214
GUG,0.7494874000549316
GUU,0.2120281606912613
UAC,0.5241715908050537
UAU,0.7717315554618835
UCA,0.3728090524673462
UCC,0.4989512860774994
UCG,0.7659861445426941
UCU,0.3062714636325836
UGC,0.6907726526260376
UGG,0.3174879550933838
UGU,0.9500271081924438
UUA,0.568034827709198
UUC,0.3391839861869812
UUG,0.32412025332450867
UUU,0.569312334060669
