codon,average_decoding_time
AAA,0.39304500818252563
AAC,0.32438185811042786
AAG,0.20535250008106232
AAU,0.5504112839698792
ACA,0.33511656522750854
ACC,0.40941670536994934
ACG,0.5378926992416382
ACU,0.1939527541399002
AGA,0.09676746279001236
AGC,1.1659018993377686
AGG,1.321823000907898
AGU,1.4597384929656982
AUA,0.3473087251186371
AUC,0.37402641773223877
AUG,0.43353700637817383
AUU,0.19048972427845
CAA,0.29707884788513184
CAC,0.364361047744751
CAG,0.5619358420372009
CAU,0.598856508731842
CCA,0.33365777134895325
CCC,1.6767497062683105
CCG,0.42770594358444214
CCU,1.3619173765182495
CGA,0.4743046164512634
CGC,0.5016897916793823
CGG,1.1648404598236084
CGU,0.27736490964889526
CUA,1.185520052909851
CUC,2.8461105823516846
CUG,1.0753053426742554
CUU,3.206599473953247
GAA,0.2698533236980438
GAC,0.2767888009548187
GAG,0.428510457277298
GAU,0.5003330707550049
GCA,0.31296053528785706
GCC,0.4443933665752411
GCG,0.6983882188796997
GCU,0.22665458917617798
GGA,0.7993695139884949
GGC,0.14704951643943787
GGG,1.194374680519104
GGU,0.35772988200187683
GUA,0.3215365707874298
GUC,0.4120413661003113
GUG,0.8364384174346924
GUU,0.19666744768619537
UAC,0.364811509847641
UAU,0.5989751219749451
UCA,0.3680725693702698
UCC,0.4624128043651581
UCG,0.6350270509719849
UCU,0.24150450527668
UGC,0.5022575259208679
UGG,0.1804412305355072
UGU,0.750400722026825
UUA,0.5094636082649231
UUC,0.2967652976512909
UUG,0.20287580788135529
UUU,0.5206790566444397
