codon,average_decoding_time
AAA,0.39502421021461487
AAC,0.3230724036693573
AAG,0.12525522708892822
AAU,0.5528262257575989
ACA,0.33503612875938416
ACC,0.3581692576408386
ACG,0.45331713557243347
ACU,0.19416584074497223
AGA,0.09597992897033691
AGC,1.1674386262893677
AGG,1.3225256204605103
AGU,1.467415452003479
AUA,0.3479025065898895
AUC,0.38731682300567627
AUG,0.3678429424762726
AUU,0.18946124613285065
CAA,0.45781227946281433
CAC,0.5243121981620789
CAG,2.8779022693634033
CAU,0.7744343876838684
CCA,0.3409821391105652
CCC,1.970180630683899
CCG,1.7002450227737427
CCU,1.5139927864074707
CGA,0.5027886033058167
CGC,0.622001588344574
CGG,1.8353784084320068
CGU,0.3865083158016205
CUA,1.3131051063537598
CUC,1.1601723432540894
CUG,1.387337327003479
CUU,3.48698091506958
GAA,0.3013722896575928
GAC,0.27537721395492554
GAG,1.9364020824432373
GAU,0.5025832653045654
GCA,0.3159378468990326
GCC,0.3663678765296936
GCG,0.729088306427002
GCU,0.25393569469451904
GGA,0.9825242757797241
GGC,0.17053286731243134
GGG,1.3020015954971313
GGU,0.3824204206466675
GUA,0.4014955163002014
GUC,0.5064111948013306
GUG,0.9647930264472961
GUU,0.27065491676330566
UAC,0.3663717210292816
UAU,0.5975005626678467
UCA,0.3684314787387848
UCC,0.5299904942512512
UCG,0.6332113742828369
UCU,0.2431533932685852
UGC,0.5024994015693665
UGG,0.18132390081882477
UGU,0.748587429523468
UUA,0.5132676362991333
UUC,0.296122670173645
UUG,0.24199356138706207
UUU,0.5239028334617615
