codon,average_decoding_time
AAA,0.39336204528808594
AAC,0.3220662474632263
AAG,0.20598316192626953
AAU,0.5545552968978882
ACA,0.3352137506008148
ACC,0.4108923375606537
ACG,0.49583086371421814
ACU,0.19482174515724182
AGA,0.09642916172742844
AGC,1.1620419025421143
AGG,1.3201662302017212
AGU,1.461604118347168
AUA,0.34892308712005615
AUC,0.3730181157588959
AUG,0.4073180854320526
AUU,0.1909056305885315
CAA,0.2940775752067566
CAC,0.3652297258377075
CAG,0.5673195123672485
CAU,0.5987233519554138
CCA,0.3345135450363159
CCC,1.6732615232467651
CCG,0.4271829426288605
CCU,1.3676868677139282
CGA,0.474151611328125
CGC,0.5031130909919739
CGG,1.166258454322815
CGU,0.27790939807891846
CUA,1.179194688796997
CUC,2.838888645172119
CUG,1.0594648122787476
CUU,3.217634677886963
GAA,0.26949262619018555
GAC,0.27639535069465637
GAG,0.42824116349220276
GAU,0.5023337006568909
GCA,0.31373903155326843
GCC,0.4450140595436096
GCG,0.6576957106590271
GCU,0.2263038456439972
GGA,0.8021728992462158
GGC,0.14744287729263306
GGG,1.1935125589370728
GGU,0.35848429799079895
GUA,0.32209455966949463
GUC,0.41350850462913513
GUG,1.6234049797058105
GUU,0.19811992347240448
UAC,0.36451515555381775
UAU,0.5998265743255615
UCA,0.3707715570926666
UCC,0.46516332030296326
UCG,2.063281297683716
UCU,0.2436000257730484
UGC,0.5019453763961792
UGG,0.1814180314540863
UGU,0.7466357946395874
UUA,0.5092173218727112
UUC,0.2965094745159149
UUG,0.19974379241466522
UUU,0.5232858061790466
