codon,average_decoding_time
AAA,0.39222612977027893
AAC,0.3227682113647461
AAG,0.2057202309370041
AAU,0.5502253770828247
ACA,0.3355739712715149
ACC,0.3589054048061371
ACG,0.5593405961990356
ACU,0.19386833906173706
AGA,0.09674308449029922
AGC,1.161684274673462
AGG,1.3220045566558838
AGU,1.4621917009353638
AUA,0.3486194610595703
AUC,0.38803327083587646
AUG,0.4344792664051056
AUU,0.19068695604801178
CAA,0.4545806646347046
CAC,0.5262296199798584
CAG,0.6349962949752808
CAU,0.7720162272453308
CCA,0.33986714482307434
CCC,1.9830996990203857
CCG,0.44440847635269165
CCU,1.506095290184021
CGA,0.50030118227005
CGC,0.6234409213066101
CGG,1.8285859823226929
CGU,0.3839150071144104
CUA,1.3050801753997803
CUC,1.1582540273666382
CUG,1.390536904335022
CUU,3.4807159900665283
GAA,0.3004850447177887
GAC,0.27675512433052063
GAG,0.4603554308414459
GAU,0.5021700263023376
GCA,0.3164505660533905
GCC,0.364411860704422
GCG,0.8297427296638489
GCU,0.2544390857219696
GGA,0.9859713912010193
GGC,0.16915810108184814
GGG,1.2984488010406494
GGU,0.38224780559539795
GUA,0.4014142155647278
GUC,0.5074377059936523
GUG,0.9625328779220581
GUU,0.2705984115600586
UAC,0.36474794149398804
UAU,0.5991279482841492
UCA,0.3676412105560303
UCC,0.5264086127281189
UCG,0.6330065131187439
UCU,0.24363847076892853
UGC,0.5055921673774719
UGG,0.18115295469760895
UGU,0.7480041980743408
UUA,0.5128585696220398
UUC,0.29574546217918396
UUG,0.20364634692668915
UUU,0.5236417055130005
