codon,average_decoding_time
AAA,0.3927898108959198
AAC,0.32245972752571106
AAG,0.2050752192735672
AAU,0.5513650178909302
ACA,0.3359625041484833
ACC,0.4087653160095215
ACG,0.5590189695358276
ACU,0.19353370368480682
AGA,0.09669502079486847
AGC,1.1557209491729736
AGG,1.3252906799316406
AGU,1.451874852180481
AUA,0.3485753536224365
AUC,0.3732347786426544
AUG,0.43430858850479126
AUU,0.19059790670871735
CAA,0.29587557911872864
CAC,0.3653022348880768
CAG,0.5666735172271729
CAU,0.5989663004875183
CCA,0.3347800076007843
CCC,1.66793692111969
CCG,0.3856068253517151
CCU,1.369094967842102
CGA,0.475886732339859
CGC,0.500190794467926
CGG,1.16745924949646
CGU,0.27900931239128113
CUA,1.1805959939956665
CUC,2.8560643196105957
CUG,1.1150898933410645
CUU,3.2112956047058105
GAA,0.29991790652275085
GAC,0.2775571644306183
GAG,0.46012842655181885
GAU,0.5000337362289429
GCA,0.3173183798789978
GCC,0.47397008538246155
GCG,0.8331144452095032
GCU,0.2530367076396942
GGA,0.9827563166618347
GGC,0.16946972906589508
GGG,1.3006936311721802
GGU,0.38310128450393677
GUA,0.4010165333747864
GUC,0.49218258261680603
GUG,0.9581000208854675
GUU,0.2698096036911011
UAC,0.36570918560028076
UAU,0.5968401432037354
UCA,0.3695901930332184
UCC,0.46353986859321594
UCG,0.635698139667511
UCU,0.2411441057920456
UGC,0.5016846656799316
UGG,0.18052105605602264
UGU,0.750505805015564
UUA,0.5115103721618652
UUC,0.2960909605026245
UUG,0.21094420552253723
UUU,0.5216404795646667
