codon,average_decoding_time
AAA,0.396860808134079
AAC,0.3229079246520996
AAG,0.2051265686750412
AAU,0.5559326410293579
ACA,0.335757315158844
ACC,0.35910722613334656
ACG,0.5152348279953003
ACU,0.207469180226326
AGA,0.09660466015338898
AGC,1.170542597770691
AGG,1.3309623003005981
AGU,1.4648135900497437
AUA,0.34815898537635803
AUC,0.38802456855773926
AUG,0.3382091820240021
AUU,0.20241713523864746
CAA,0.4589509069919586
CAC,0.524951159954071
CAG,0.634455144405365
CAU,0.7738471031188965
CCA,0.3388696014881134
CCC,1.985732078552246
CCG,0.4440518319606781
CCU,1.6510080099105835
CGA,0.5026296377182007
CGC,0.6235487461090088
CGG,1.8303009271621704
CGU,0.3882380723953247
CUA,1.2991420030593872
CUC,1.1623650789260864
CUG,1.3361270427703857
CUU,1.2355278730392456
GAA,0.2999264597892761
GAC,0.27584192156791687
GAG,0.4600268304347992
GAU,0.500440239906311
GCA,0.31675684452056885
GCC,0.3672415614128113
GCG,0.83426833152771
GCU,0.22368094325065613
GGA,0.982732355594635
GGC,0.16972953081130981
GGG,1.2940973043441772
GGU,0.3836829960346222
GUA,0.40086403489112854
GUC,0.5090648531913757
GUG,1.8642035722732544
GUU,0.28340944647789
UAC,0.5229708552360535
UAU,0.7686495184898376
UCA,0.37357252836227417
UCC,0.534594714641571
UCG,2.5525221824645996
UCU,0.3054457902908325
UGC,0.6905339360237122
UGG,0.31968796253204346
UGU,0.9452820420265198
UUA,0.5690460205078125
UUC,0.3406960964202881
UUG,0.30522584915161133
UUU,0.5706197023391724
