codon,average_decoding_time
AAA,0.3927588164806366
AAC,0.3228967487812042
AAG,0.1252470761537552
AAU,0.5493105053901672
ACA,0.33536192774772644
ACC,0.40990495681762695
ACG,0.4090481102466583
ACU,0.20832186937332153
AGA,0.09616401046514511
AGC,1.1647834777832031
AGG,1.3225398063659668
AGU,1.461106538772583
AUA,0.34886685013771057
AUC,0.3730980157852173
AUG,0.4063411056995392
AUU,0.20346082746982574
CAA,0.2958170771598816
CAC,0.36418506503105164
CAG,2.1377689838409424
CAU,0.5997852087020874
CCA,0.3330216109752655
CCC,1.6711397171020508
CCG,1.4102871417999268
CCU,1.6218338012695312
CGA,0.47253966331481934
CGC,0.5043318271636963
CGG,1.1700884103775024
CGU,0.2773613929748535
CUA,1.1856052875518799
CUC,2.850304365158081
CUG,1.0172959566116333
CUU,1.1189641952514648
GAA,0.30295246839523315
GAC,0.2759798765182495
GAG,1.9485832452774048
GAU,0.50150465965271
GCA,0.31573233008384705
GCC,0.4746890366077423
GCG,0.7247940897941589
GCU,0.22378325462341309
GGA,0.9807326793670654
GGC,0.16954675316810608
GGG,1.2963851690292358
GGU,0.38216572999954224
GUA,0.4008866548538208
GUC,0.493549108505249
GUG,1.8635504245758057
GUU,0.28233352303504944
UAC,0.5241385698318481
UAU,0.775538980960846
UCA,0.374372661113739
UCC,0.49837008118629456
UCG,2.554309368133545
UCU,0.30921852588653564
UGC,0.6867595911026001
UGG,0.3196462392807007
UGU,0.9504037499427795
UUA,0.5682059526443481
UUC,0.3407187759876251
UUG,0.2500617504119873
UUU,0.5709500908851624
