codon,average_decoding_time
AAA,0.39289402961730957
AAC,0.32116374373435974
AAG,0.20527410507202148
AAU,0.553311288356781
ACA,0.33595147728919983
ACC,0.41153445839881897
ACG,0.4954122006893158
ACU,0.20863498747348785
AGA,0.09634524583816528
AGC,1.1645081043243408
AGG,1.3255137205123901
AGU,1.463122010231018
AUA,0.3482581675052643
AUC,0.37499111890792847
AUG,0.406561940908432
AUU,0.204056516289711
CAA,0.2958337068557739
CAC,0.36382508277893066
CAG,0.563530445098877
CAU,0.6007246375083923
CCA,0.33434224128723145
CCC,1.6742229461669922
CCG,0.4276021420955658
CCU,1.6131384372711182
CGA,0.47516000270843506
CGC,0.5036418437957764
CGG,1.1643379926681519
CGU,0.2774781584739685
CUA,1.1833276748657227
CUC,2.8445262908935547
CUG,1.053986668586731
CUU,1.115036129951477
GAA,0.2689587473869324
GAC,0.2768228352069855
GAG,0.43057379126548767
GAU,0.5015538334846497
GCA,0.3124471604824066
GCC,0.44524022936820984
GCG,0.6606176495552063
GCU,0.20611616969108582
GGA,0.8009713888168335
GGC,0.14755627512931824
GGG,1.1868940591812134
GGU,0.3582533597946167
GUA,0.3223302662372589
GUC,0.4153323769569397
GUG,1.6214145421981812
GUU,0.20983369648456573
UAC,0.5243167877197266
UAU,0.7735453844070435
UCA,0.3729538917541504
UCC,0.4981800317764282
UCG,2.5311601161956787
UCU,0.30652761459350586
UGC,0.6886616349220276
UGG,0.32041993737220764
UGU,0.9490373730659485
UUA,0.5671123266220093
UUC,0.340496301651001
UUG,0.2513428330421448
UUU,0.5701113343238831
