codon,average_decoding_time
AAA,0.39261698722839355
AAC,0.3231756389141083
AAG,0.20537374913692474
AAU,0.5511953234672546
ACA,0.33412957191467285
ACC,0.3601031005382538
ACG,0.5154565572738647
ACU,0.2078416347503662
AGA,0.09655473381280899
AGC,1.171785593032837
AGG,1.326785922050476
AGU,1.4667432308197021
AUA,0.3490685522556305
AUC,0.38739514350891113
AUG,0.4055614471435547
AUU,0.2038697600364685
CAA,0.457777202129364
CAC,0.522568941116333
CAG,0.6348628401756287
CAU,0.7708751559257507
CCA,0.34038352966308594
CCC,1.974031686782837
CCG,0.44372686743736267
CCU,1.6451855897903442
CGA,0.5026545524597168
CGC,0.6239150166511536
CGG,1.8300249576568604
CGU,0.38456296920776367
CUA,1.3111295700073242
CUC,1.1595830917358398
CUG,1.333933711051941
CUU,1.2367881536483765
GAA,0.29995816946029663
GAC,0.27729272842407227
GAG,0.4589419662952423
GAU,0.5013184547424316
GCA,0.31488582491874695
GCC,0.3665687143802643
GCG,0.8302079439163208
GCU,0.22518588602542877
GGA,0.9793291687965393
GGC,0.1687420904636383
GGG,1.300325632095337
GGU,0.3831302225589752
GUA,0.4001116454601288
GUC,0.5074871778488159
GUG,1.8697364330291748
GUU,0.28160762786865234
UAC,0.5275980234146118
UAU,0.7742213010787964
UCA,0.374457448720932
UCC,0.534267783164978
UCG,2.5407745838165283
UCU,0.3070845305919647
UGC,0.6913974285125732
UGG,0.31891751289367676
UGU,0.9510012269020081
UUA,0.5664752125740051
UUC,0.33884894847869873
UUG,0.25045815110206604
UUU,0.5703332424163818
