codon,average_decoding_time
AAA,0.39448282122612
AAC,0.3225201368331909
AAG,0.20649683475494385
AAU,0.5536332130432129
ACA,0.3348012864589691
ACC,0.4093799591064453
ACG,0.5378290414810181
ACU,0.19475823640823364
AGA,0.0966373011469841
AGC,1.1600271463394165
AGG,1.3287626504898071
AGU,1.4641008377075195
AUA,0.3480920195579529
AUC,0.37363898754119873
AUG,0.4319838285446167
AUU,0.18989577889442444
CAA,0.2945847511291504
CAC,0.3650791049003601
CAG,0.5638611912727356
CAU,0.6013654470443726
CCA,0.3323473334312439
CCC,1.6706902980804443
CCG,0.4272492825984955
CCU,1.3655345439910889
CGA,0.47525522112846375
CGC,0.5039108395576477
CGG,1.1623753309249878
CGU,0.2772650420665741
CUA,1.1828786134719849
CUC,2.8412511348724365
CUG,1.0723398923873901
CUU,3.2151243686676025
GAA,0.2696024477481842
GAC,0.2786102592945099
GAG,0.42949867248535156
GAU,0.5017421245574951
GCA,0.3111918270587921
GCC,0.44556018710136414
GCG,0.6981020569801331
GCU,0.2270788997411728
GGA,0.8005667924880981
GGC,0.14771392941474915
GGG,1.186816930770874
GGU,0.35900768637657166
GUA,0.32172077894210815
GUC,0.4124962389469147
GUG,0.8293135166168213
GUU,0.19706709682941437
UAC,0.3661305010318756
UAU,0.5989031195640564
UCA,0.36910051107406616
UCC,0.4650980830192566
UCG,0.6345400214195251
UCU,0.24113665521144867
UGC,0.5047383308410645
UGG,0.18156276643276215
UGU,0.7492771744728088
UUA,0.5097399353981018
UUC,0.2970135807991028
UUG,0.20251892507076263
UUU,0.5239729285240173
