codon,average_decoding_time
AAA,0.39510637521743774
AAC,0.3242754340171814
AAG,0.20494234561920166
AAU,0.5549808144569397
ACA,0.33469051122665405
ACC,0.40872785449028015
ACG,0.515647292137146
ACU,0.19425468146800995
AGA,0.09637343138456345
AGC,1.1612591743469238
AGG,1.3256016969680786
AGU,1.4629815816879272
AUA,0.34919893741607666
AUC,0.37468221783638
AUG,0.4073168635368347
AUU,0.18954770267009735
CAA,0.2955121397972107
CAC,0.3657265603542328
CAG,0.5637531876564026
CAU,0.5996288061141968
CCA,0.3364015519618988
CCC,1.6795161962509155
CCG,0.38320812582969666
CCU,1.3687959909439087
CGA,0.47528526186943054
CGC,0.5026076436042786
CGG,1.1667687892913818
CGU,0.2795524001121521
CUA,1.1800051927566528
CUC,2.856940507888794
CUG,1.019524335861206
CUU,3.2025856971740723
GAA,0.3004116117954254
GAC,0.2779369056224823
GAG,0.4589749276638031
GAU,0.5017490386962891
GCA,0.3160513937473297
GCC,0.47632190585136414
GCG,0.831712007522583
GCU,0.25403112173080444
GGA,0.9864616394042969
GGC,0.16953587532043457
GGG,1.3038264513015747
GGU,0.38378190994262695
GUA,0.3994657099246979
GUC,0.4940641522407532
GUG,1.8743209838867188
GUU,0.2698226571083069
UAC,0.36169418692588806
UAU,0.5989763736724854
UCA,0.36993417143821716
UCC,0.46225830912590027
UCG,2.0465049743652344
UCU,0.24219095706939697
UGC,0.5012138485908508
UGG,0.18115819990634918
UGU,0.7496871948242188
UUA,0.5102150440216064
UUC,0.2980528771877289
UUG,0.1923537254333496
UUU,0.5218863487243652
