codon,average_decoding_time
AAA,0.39381343126296997
AAC,0.32339048385620117
AAG,0.2053954154253006
AAU,0.5519173741340637
ACA,0.33484262228012085
ACC,0.35845765471458435
ACG,0.5579593777656555
ACU,0.1948554515838623
AGA,0.09669867902994156
AGC,1.165370225906372
AGG,1.3278616666793823
AGU,1.4658691883087158
AUA,0.3480522930622101
AUC,0.38639599084854126
AUG,0.36934781074523926
AUU,0.19068509340286255
CAA,0.4571358859539032
CAC,0.5225868225097656
CAG,0.6344320178031921
CAU,0.7733161449432373
CCA,0.34040242433547974
CCC,1.9875715970993042
CCG,0.4444444477558136
CCU,1.5076446533203125
CGA,0.5027039647102356
CGC,0.6241422891616821
CGG,1.828959584236145
CGU,0.3870714008808136
CUA,1.3063194751739502
CUC,1.1582410335540771
CUG,1.3895457983016968
CUU,3.481438159942627
GAA,0.30104151368141174
GAC,0.2781268060207367
GAG,0.46155455708503723
GAU,0.4997801184654236
GCA,0.3150175213813782
GCC,0.36620450019836426
GCG,0.8285878300666809
GCU,0.25218307971954346
GGA,0.986324667930603
GGC,0.1697767823934555
GGG,1.290796160697937
GGU,0.38352569937705994
GUA,0.40122929215431213
GUC,0.5063852071762085
GUG,0.9569933414459229
GUU,0.2689448595046997
UAC,0.3643024265766144
UAU,0.5983814001083374
UCA,0.37024569511413574
UCC,0.5270755290985107
UCG,0.6359166502952576
UCU,0.2424691617488861
UGC,0.5018863081932068
UGG,0.18113583326339722
UGU,0.7516524195671082
UUA,0.5097167491912842
UUC,0.29637381434440613
UUG,0.22780245542526245
UUU,0.5210353136062622
