codon,average_decoding_time
AAA,0.3917434513568878
AAC,0.32366329431533813
AAG,0.2055598497390747
AAU,0.5516486167907715
ACA,0.33487242460250854
ACC,0.3580745756626129
ACG,0.5584853291511536
ACU,0.19456714391708374
AGA,0.09679517894983292
AGC,1.1689952611923218
AGG,1.3252429962158203
AGU,1.4602174758911133
AUA,0.34834086894989014
AUC,0.38586580753326416
AUG,0.37053194642066956
AUU,0.19039839506149292
CAA,0.4568609893321991
CAC,0.5235222578048706
CAG,0.6375110745429993
CAU,0.7706282734870911
CCA,0.33948254585266113
CCC,1.9812511205673218
CCG,0.4444228410720825
CCU,1.5121480226516724
CGA,0.5019238591194153
CGC,0.6236181855201721
CGG,1.8318634033203125
CGU,0.3865114152431488
CUA,1.3022301197052002
CUC,1.1609841585159302
CUG,1.3875302076339722
CUU,3.4984655380249023
GAA,0.30204251408576965
GAC,0.27767398953437805
GAG,0.45970419049263
GAU,0.5025830268859863
GCA,0.3164503574371338
GCC,0.3679891526699066
GCG,0.8291995525360107
GCU,0.25322720408439636
GGA,0.9856616258621216
GGC,0.16911464929580688
GGG,1.3012356758117676
GGU,0.38308897614479065
GUA,0.40122339129447937
GUC,0.5062181949615479
GUG,0.9641772508621216
GUU,0.2715182900428772
UAC,0.3641091287136078
UAU,0.598101019859314
UCA,0.3702222406864166
UCC,0.5257263779640198
UCG,0.6346842050552368
UCU,0.24304643273353577
UGC,0.5055782198905945
UGG,0.18075287342071533
UGU,0.7478591203689575
UUA,0.5108337998390198
UUC,0.2969190180301666
UUG,0.24074293673038483
UUU,0.5224549174308777
