codon,average_decoding_time
AAA,0.39314764738082886
AAC,0.32235684990882874
AAG,0.20529977977275848
AAU,0.5538457632064819
ACA,0.33294397592544556
ACC,0.35871419310569763
ACG,0.49497371912002563
ACU,0.19452275335788727
AGA,0.09659454226493835
AGC,1.158974528312683
AGG,1.3157776594161987
AGU,1.457383632659912
AUA,0.34873315691947937
AUC,0.38699278235435486
AUG,0.33789491653442383
AUU,0.1898784041404724
CAA,0.45504647493362427
CAC,0.5229202508926392
CAG,0.6354931592941284
CAU,0.7754231095314026
CCA,0.33942684531211853
CCC,1.9710326194763184
CCG,0.5010344386100769
CCU,1.5044628381729126
CGA,0.5022602081298828
CGC,0.6214787364006042
CGG,1.8313226699829102
CGU,0.387565940618515
CUA,1.3097690343856812
CUC,1.1614667177200317
CUG,1.3385891914367676
CUU,3.485822916030884
GAA,0.2683912217617035
GAC,0.27789393067359924
GAG,0.4298399090766907
GAU,0.5022576451301575
GCA,0.31203511357307434
GCC,0.3480387032032013
GCG,0.657160222530365
GCU,0.22595185041427612
GGA,0.8032348155975342
GGC,0.14747028052806854
GGG,1.1923812627792358
GGU,0.3583451509475708
GUA,0.3212403953075409
GUC,0.42880046367645264
GUG,1.4523552656173706
GUU,0.19626334309577942
UAC,0.3625010848045349
UAU,0.5988737344741821
UCA,0.3688115179538727
UCC,0.5274203419685364
UCG,2.051170587539673
UCU,0.24255222082138062
UGC,0.5016965866088867
UGG,0.1800873875617981
UGU,0.7462088465690613
UUA,0.5119462609291077
UUC,0.29762938618659973
UUG,0.22288912534713745
UUU,0.5246493220329285
