codon,average_decoding_time
AAA,0.3939095735549927
AAC,0.3242346942424774
AAG,0.20516374707221985
AAU,0.5529172420501709
ACA,0.3344704210758209
ACC,0.3589320778846741
ACG,0.49369868636131287
ACU,0.2082202136516571
AGA,0.09646585583686829
AGC,1.1665828227996826
AGG,1.323217511177063
AGU,1.4608949422836304
AUA,0.34801387786865234
AUC,0.38828161358833313
AUG,0.4063388705253601
AUU,0.20181992650032043
CAA,0.45870742201805115
CAC,0.5216343998908997
CAG,0.6334356069564819
CAU,0.7751417756080627
CCA,0.34040045738220215
CCC,1.9846090078353882
CCG,0.4994214177131653
CCU,1.6431227922439575
CGA,0.50248122215271
CGC,0.6243791580200195
CGG,1.8276784420013428
CGU,0.38627561926841736
CUA,1.2967559099197388
CUC,1.159698724746704
CUG,1.3402104377746582
CUU,1.2358736991882324
GAA,0.26924967765808105
GAC,0.27800583839416504
GAG,0.4276273846626282
GAU,0.5024943947792053
GCA,0.31244081258773804
GCC,0.3458535671234131
GCG,0.6522069573402405
GCU,0.20579765737056732
GGA,0.8059378266334534
GGC,0.14761419594287872
GGG,1.1936579942703247
GGU,0.35947874188423157
GUA,0.32200706005096436
GUC,0.4271030128002167
GUG,1.621090054512024
GUU,0.21099945902824402
UAC,0.5245427489280701
UAU,0.7721496224403381
UCA,0.3730873763561249
UCC,0.5337749719619751
UCG,2.5429298877716064
UCU,0.3055279552936554
UGC,0.6915586590766907
UGG,0.31936249136924744
UGU,0.9519251585006714
UUA,0.5659878253936768
UUC,0.33829936385154724
UUG,0.25095537304878235
UUU,0.5705693364143372
