codon,average_decoding_time
AAA,0.3926973342895508
AAC,0.3236141502857208
AAG,0.20635345578193665
AAU,0.5505833625793457
ACA,0.33549773693084717
ACC,0.4090502858161926
ACG,0.558883011341095
ACU,0.19394738972187042
AGA,0.09616026282310486
AGC,1.1692620515823364
AGG,1.317409873008728
AGU,1.4649618864059448
AUA,0.34866949915885925
AUC,0.37304598093032837
AUG,0.36767375469207764
AUU,0.18991708755493164
CAA,0.2953830063343048
CAC,0.36429843306541443
CAG,0.5627948641777039
CAU,0.5967031121253967
CCA,0.333835244178772
CCC,1.6635453701019287
CCG,0.3843373954296112
CCU,1.374238133430481
CGA,0.47621628642082214
CGC,0.50031578540802
CGG,1.1638296842575073
CGU,0.27824026346206665
CUA,1.1871861219406128
CUC,2.8392114639282227
CUG,1.1189466714859009
CUU,3.19698429107666
GAA,0.300178587436676
GAC,0.2781565487384796
GAG,0.4584701955318451
GAU,0.5011436939239502
GCA,0.3148491084575653
GCC,0.4760538637638092
GCG,0.8334286212921143
GCU,0.2536522448062897
GGA,0.9807538390159607
GGC,0.16980785131454468
GGG,1.2972532510757446
GGU,0.38252848386764526
GUA,0.4019748866558075
GUC,0.4919765889644623
GUG,0.9601538777351379
GUU,0.270267128944397
UAC,0.3657093048095703
UAU,0.6007225513458252
UCA,0.3694823384284973
UCC,0.4630416929721832
UCG,0.6352551579475403
UCU,0.2431005835533142
UGC,0.5027198195457458
UGG,0.1805899292230606
UGU,0.7509074807167053
UUA,0.5088618397712708
UUC,0.29653608798980713
UUG,0.23979555070400238
UUU,0.5224117040634155
