codon,average_decoding_time
AAA,0.39234715700149536
AAC,0.3238184154033661
AAG,0.1261909306049347
AAU,0.5528597831726074
ACA,0.3344213366508484
ACC,0.4111540615558624
ACG,0.4091280400753021
ACU,0.20853166282176971
AGA,0.09668511897325516
AGC,1.1669758558273315
AGG,1.3229929208755493
AGU,1.4605945348739624
AUA,0.3469447195529938
AUC,0.3731573820114136
AUG,0.4057818651199341
AUU,0.2040555626153946
CAA,0.2968209385871887
CAC,0.3654106557369232
CAG,2.142465829849243
CAU,0.5971501469612122
CCA,0.3339775502681732
CCC,1.6734954118728638
CCG,1.408349633216858
CCU,1.6255563497543335
CGA,0.4745442867279053
CGC,0.5036840438842773
CGG,1.1619610786437988
CGU,0.2784475088119507
CUA,1.1787025928497314
CUC,2.8436119556427
CUG,1.054005742073059
CUU,1.1189100742340088
GAA,0.30172207951545715
GAC,0.27786991000175476
GAG,1.9447665214538574
GAU,0.5004246234893799
GCA,0.3164606988430023
GCC,0.4745304584503174
GCG,0.7281975746154785
GCU,0.22253701090812683
GGA,0.9838963150978088
GGC,0.17057281732559204
GGG,1.2918105125427246
GGU,0.38321545720100403
GUA,0.3983992040157318
GUC,0.4935095012187958
GUG,1.87399423122406
GUU,0.2830984592437744
UAC,0.5241538882255554
UAU,0.7736563086509705
UCA,0.3734184801578522
UCC,0.4981308579444885
UCG,2.5344314575195312
UCU,0.308714359998703
UGC,0.6858400702476501
UGG,0.3170139789581299
UGU,0.9495052099227905
UUA,0.5684769153594971
UUC,0.34014254808425903
UUG,0.24902255833148956
UUU,0.5706017017364502
