codon,average_decoding_time
AAA,0.39504191279411316
AAC,0.32230162620544434
AAG,0.20559313893318176
AAU,0.5512263178825378
ACA,0.33535653352737427
ACC,0.41165757179260254
ACG,0.5162444710731506
ACU,0.2067689299583435
AGA,0.09587781131267548
AGC,1.168035864830017
AGG,1.3270196914672852
AGU,1.4620378017425537
AUA,0.3487732708454132
AUC,0.37362977862358093
AUG,0.4062124192714691
AUU,0.20312774181365967
CAA,0.29578927159309387
CAC,0.3649337887763977
CAG,0.5628334879875183
CAU,0.5977088809013367
CCA,0.3351795971393585
CCC,1.6689820289611816
CCG,0.3830341100692749
CCU,1.61969792842865
CGA,0.4730317294597626
CGC,0.5030423998832703
CGG,1.1584428548812866
CGU,0.277454674243927
CUA,1.1834192276000977
CUC,2.8507027626037598
CUG,1.0655274391174316
CUU,1.1171964406967163
GAA,0.30100217461586
GAC,0.2778078317642212
GAG,0.4605763554573059
GAU,0.501622200012207
GCA,0.31596696376800537
GCC,0.4770551025867462
GCG,0.8353703618049622
GCU,0.2235642522573471
GGA,0.986179769039154
GGC,0.16928814351558685
GGG,1.2950283288955688
GGU,0.38353151082992554
GUA,0.40134117007255554
GUC,0.4924822151660919
GUG,1.868772029876709
GUU,0.2813141345977783
UAC,0.5223065614700317
UAU,0.7730120420455933
UCA,0.3731086254119873
UCC,0.5004138946533203
UCG,2.5444893836975098
UCU,0.30933377146720886
UGC,0.6883040070533752
UGG,0.3179141879081726
UGU,0.9481605291366577
UUA,0.5653668642044067
UUC,0.3398245573043823
UUG,0.25018391013145447
UUU,0.5710442662239075
