codon,average_decoding_time
AAA,0.39484965801239014
AAC,0.3236120939254761
AAG,0.20569558441638947
AAU,0.5521508455276489
ACA,0.3344457447528839
ACC,0.4113258719444275
ACG,0.5365122556686401
ACU,0.20833246409893036
AGA,0.09649819135665894
AGC,1.1659635305404663
AGG,1.3297834396362305
AGU,1.4666852951049805
AUA,0.34952083230018616
AUC,0.3744346499443054
AUG,0.4335763156414032
AUU,0.20241966843605042
CAA,0.295730859041214
CAC,0.3646637201309204
CAG,0.5652274489402771
CAU,0.5964450240135193
CCA,0.33321601152420044
CCC,1.6685460805892944
CCG,0.42855969071388245
CCU,1.6198583841323853
CGA,0.4751131236553192
CGC,0.50091952085495
CGG,1.1556705236434937
CGU,0.2788660228252411
CUA,1.1800546646118164
CUC,2.8379499912261963
CUG,1.1222079992294312
CUU,1.1192567348480225
GAA,0.2704949676990509
GAC,0.27716296911239624
GAG,0.42863336205482483
GAU,0.5018489956855774
GCA,0.3127182424068451
GCC,0.4446767568588257
GCG,0.6967979669570923
GCU,0.20659101009368896
GGA,0.8024823665618896
GGC,0.1467016637325287
GGG,1.1927874088287354
GGU,0.3578753173351288
GUA,0.3225042223930359
GUC,0.4152393341064453
GUG,0.8355616927146912
GUU,0.20988133549690247
UAC,0.5222093462944031
UAU,0.7700182199478149
UCA,0.37275996804237366
UCC,0.4996125400066376
UCG,0.7666724920272827
UCU,0.3060244023799896
UGC,0.6891177892684937
UGG,0.31876078248023987
UGU,0.9460391998291016
UUA,0.5686554312705994
UUC,0.34266623854637146
UUG,0.26123562455177307
UUU,0.5719669461250305
