codon,average_decoding_time
AAA,0.3929488956928253
AAC,0.32416337728500366
AAG,0.20680378377437592
AAU,0.552276611328125
ACA,0.33502137660980225
ACC,0.4084085524082184
ACG,0.49504929780960083
ACU,0.2084370255470276
AGA,0.09638149291276932
AGC,1.1705461740493774
AGG,1.3279383182525635
AGU,1.4575201272964478
AUA,0.34984374046325684
AUC,0.3733304440975189
AUG,0.4077099859714508
AUU,0.20368599891662598
CAA,0.2964519262313843
CAC,0.3636170029640198
CAG,0.5661391615867615
CAU,0.5986912846565247
CCA,0.3347451686859131
CCC,1.6653084754943848
CCG,0.4261675477027893
CCU,1.6190142631530762
CGA,0.47474756836891174
CGC,0.5036662220954895
CGG,1.1640642881393433
CGU,0.2771345376968384
CUA,1.1821521520614624
CUC,2.8540353775024414
CUG,1.0576995611190796
CUU,1.1230229139328003
GAA,0.2710798680782318
GAC,0.278348445892334
GAG,0.42825207114219666
GAU,0.5009927749633789
GCA,0.3133953809738159
GCC,0.4470265209674835
GCG,0.6551529765129089
GCU,0.20496121048927307
GGA,0.8086951375007629
GGC,0.1474226713180542
GGG,1.188939094543457
GGU,0.35876187682151794
GUA,0.3216625452041626
GUC,0.41363129019737244
GUG,1.6285773515701294
GUU,0.2099711149930954
UAC,0.5240052938461304
UAU,0.7751820087432861
UCA,0.37266114354133606
UCC,0.49638423323631287
UCG,2.5561325550079346
UCU,0.30839037895202637
UGC,0.6864497065544128
UGG,0.3195892870426178
UGU,0.9501399397850037
UUA,0.5656667351722717
UUC,0.33893585205078125
UUG,0.25237518548965454
UUU,0.5704275965690613
