codon,average_decoding_time
AAA,0.3941923975944519
AAC,0.3255314230918884
AAG,0.20598797500133514
AAU,0.5516416430473328
ACA,0.33622291684150696
ACC,0.35855749249458313
ACG,0.5162495970726013
ACU,0.20961429178714752
AGA,0.09650664776563644
AGC,1.1670693159103394
AGG,1.3201003074645996
AGU,1.462865948677063
AUA,0.3480423092842102
AUC,0.3865528106689453
AUG,0.4044504761695862
AUU,0.20395007729530334
CAA,0.45786044001579285
CAC,0.521840512752533
CAG,0.6360132694244385
CAU,0.7718663215637207
CCA,0.33968794345855713
CCC,1.9739162921905518
CCG,0.4459027647972107
CCU,1.6451503038406372
CGA,0.501758337020874
CGC,0.6255102753639221
CGG,1.8234118223190308
CGU,0.3867335617542267
CUA,1.3065898418426514
CUC,1.1642320156097412
CUG,1.3334323167800903
CUU,1.2431143522262573
GAA,0.3013222813606262
GAC,0.2753603458404541
GAG,0.4597134292125702
GAU,0.5013198256492615
GCA,0.31725090742111206
GCC,0.36558789014816284
GCG,0.8284752368927002
GCU,0.22480176389217377
GGA,0.9783734083175659
GGC,0.1696361005306244
GGG,1.3053159713745117
GGU,0.38379696011543274
GUA,0.40072062611579895
GUC,0.5069857835769653
GUG,1.8725107908248901
GUU,0.282065749168396
UAC,0.5214172601699829
UAU,0.774398922920227
UCA,0.37236136198043823
UCC,0.5348000526428223
UCG,2.5453362464904785
UCU,0.3087145984172821
UGC,0.6899019479751587
UGG,0.31880882382392883
UGU,0.9505541920661926
UUA,0.5645318627357483
UUC,0.338847279548645
UUG,0.2504865825176239
UUU,0.5714265704154968
