codon,average_decoding_time
AAA,0.3938005864620209
AAC,0.3233938217163086
AAG,0.12493512034416199
AAU,0.5517882704734802
ACA,0.33505237102508545
ACC,0.35953289270401
ACG,0.4094822406768799
ACU,0.20763789117336273
AGA,0.09680701792240143
AGC,1.159796118736267
AGG,1.3294390439987183
AGU,1.4579362869262695
AUA,0.34815433621406555
AUC,0.38615745306015015
AUG,0.40519657731056213
AUU,0.20368123054504395
CAA,0.45704635977745056
CAC,0.5246949195861816
CAG,2.88230037689209
CAU,0.7720619440078735
CCA,0.3411589562892914
CCC,1.9826939105987549
CCG,1.702008605003357
CCU,1.6506849527359009
CGA,0.5035028457641602
CGC,0.6235763430595398
CGG,1.8180128335952759
CGU,0.3854718506336212
CUA,1.3040989637374878
CUC,1.1569405794143677
CUG,1.3391531705856323
CUU,1.2429245710372925
GAA,0.3022351562976837
GAC,0.27689969539642334
GAG,1.9476028680801392
GAU,0.5000932812690735
GCA,0.31574133038520813
GCC,0.3656327426433563
GCG,0.7291504144668579
GCU,0.22436100244522095
GGA,0.9828532934188843
GGC,0.169339120388031
GGG,1.3036155700683594
GGU,0.38529983162879944
GUA,0.4012846052646637
GUC,0.5091887712478638
GUG,1.872532844543457
GUU,0.2823631465435028
UAC,0.5238584876060486
UAU,0.7692558765411377
UCA,0.37448346614837646
UCC,0.5341871976852417
UCG,2.545825719833374
UCU,0.3081103563308716
UGC,0.6869733333587646
UGG,0.31808048486709595
UGU,0.9504010081291199
UUA,0.5654879808425903
UUC,0.3385055959224701
UUG,0.24988263845443726
UUU,0.5723984241485596
