codon,average_decoding_time
AAA,0.39426687359809875
AAC,0.3219735026359558
AAG,0.2062481790781021
AAU,0.5519283413887024
ACA,0.33698031306266785
ACC,0.3593025803565979
ACG,0.534026026725769
ACU,0.19407956302165985
AGA,0.09618530422449112
AGC,1.1694608926773071
AGG,1.3251419067382812
AGU,1.4591243267059326
AUA,0.348909854888916
AUC,0.3876793682575226
AUG,0.43496784567832947
AUU,0.19101262092590332
CAA,0.45732569694519043
CAC,0.5242794156074524
CAG,0.6369113326072693
CAU,0.7723789215087891
CCA,0.34216034412384033
CCC,1.9743027687072754
CCG,0.49905702471733093
CCU,1.5099995136260986
CGA,0.500540018081665
CGC,0.6200191378593445
CGG,1.821635127067566
CGU,0.3870597183704376
CUA,1.3104779720306396
CUC,1.1617474555969238
CUG,1.3892472982406616
CUU,3.486163377761841
GAA,0.27092766761779785
GAC,0.27722790837287903
GAG,0.43108123540878296
GAU,0.5017232894897461
GCA,0.3119618892669678
GCC,0.34707704186439514
GCG,0.6976443529129028
GCU,0.22632865607738495
GGA,0.8035365343093872
GGC,0.14696259796619415
GGG,1.1926242113113403
GGU,0.35661956667900085
GUA,0.3202987611293793
GUC,0.42938101291656494
GUG,0.8354895114898682
GUU,0.1975691020488739
UAC,0.3639430105686188
UAU,0.5991778373718262
UCA,0.3689359128475189
UCC,0.5291604399681091
UCG,0.6318579912185669
UCU,0.242046520113945
UGC,0.5026505589485168
UGG,0.18089379370212555
UGU,0.7472847104072571
UUA,0.5086275935173035
UUC,0.2974154055118561
UUG,0.20309533178806305
UUU,0.5225622057914734
