codon,average_decoding_time
AAA,0.3915228247642517
AAC,0.3220353424549103
AAG,0.2064637839794159
AAU,0.5532839298248291
ACA,0.33499234914779663
ACC,0.35928261280059814
ACG,0.5606400370597839
ACU,0.19311636686325073
AGA,0.09655306488275528
AGC,1.1656994819641113
AGG,1.3282493352890015
AGU,1.4628862142562866
AUA,0.350177139043808
AUC,0.3872034251689911
AUG,0.43615707755088806
AUU,0.19074544310569763
CAA,0.4572478234767914
CAC,0.5223513841629028
CAG,0.6380070447921753
CAU,0.7758766412734985
CCA,0.3396613597869873
CCC,1.9850884675979614
CCG,0.44444265961647034
CCU,1.5094623565673828
CGA,0.5004009008407593
CGC,0.6248531937599182
CGG,1.8274767398834229
CGU,0.3871752619743347
CUA,1.3026888370513916
CUC,1.1647158861160278
CUG,1.3955761194229126
CUU,3.4828200340270996
GAA,0.30090561509132385
GAC,0.27732259035110474
GAG,0.459480345249176
GAU,0.5022977590560913
GCA,0.3163556456565857
GCC,0.367466002702713
GCG,0.8314667344093323
GCU,0.25380566716194153
GGA,0.9835608601570129
GGC,0.16928580403327942
GGG,1.2925636768341064
GGU,0.3811493217945099
GUA,0.40205198526382446
GUC,0.5069118142127991
GUG,0.961664080619812
GUU,0.2703215777873993
UAC,0.3673705756664276
UAU,0.5970182418823242
UCA,0.36992722749710083
UCC,0.5261814594268799
UCG,0.6332471966743469
UCU,0.24177111685276031
UGC,0.5029699206352234
UGG,0.180891752243042
UGU,0.7475820183753967
UUA,0.5115906000137329
UUC,0.2957434356212616
UUG,0.20963339507579803
UUU,0.5232896208763123
