codon,average_decoding_time
AAA,0.3927769064903259
AAC,0.32406434416770935
AAG,0.20566876232624054
AAU,0.5532360076904297
ACA,0.33535870909690857
ACC,0.35926905274391174
ACG,0.5366763472557068
ACU,0.209023118019104
AGA,0.09661072492599487
AGC,1.1629658937454224
AGG,1.3270022869110107
AGU,1.4537296295166016
AUA,0.3477534353733063
AUC,0.3879838287830353
AUG,0.36832287907600403
AUU,0.20397982001304626
CAA,0.4568256735801697
CAC,0.5253347754478455
CAG,0.6341831684112549
CAU,0.7708489894866943
CCA,0.3395969271659851
CCC,1.9782180786132812
CCG,0.49918460845947266
CCU,1.6525837182998657
CGA,0.5022591948509216
CGC,0.6262259483337402
CGG,1.8262693881988525
CGU,0.3893734812736511
CUA,1.3122550249099731
CUC,1.1571916341781616
CUG,1.3830384016036987
CUU,1.2320393323898315
GAA,0.26988309621810913
GAC,0.27880850434303284
GAG,0.4294022023677826
GAU,0.5007399320602417
GCA,0.31193849444389343
GCC,0.3460228145122528
GCG,0.6993358731269836
GCU,0.20583952963352203
GGA,0.8019899725914001
GGC,0.14737336337566376
GGG,1.1974257230758667
GGU,0.35927996039390564
GUA,0.32182666659355164
GUC,0.42763006687164307
GUG,0.7516559958457947
GUU,0.2087155431509018
UAC,0.5250842571258545
UAU,0.7744196653366089
UCA,0.37255147099494934
UCC,0.5346294641494751
UCG,0.7694253325462341
UCU,0.30551084876060486
UGC,0.6899632811546326
UGG,0.3180079758167267
UGU,0.9494614005088806
UUA,0.5664689540863037
UUC,0.33982762694358826
UUG,0.32240384817123413
UUU,0.569165050983429
