codon,average_decoding_time
AAA,0.3934301435947418
AAC,0.3221050500869751
AAG,0.20624200999736786
AAU,0.5507838129997253
ACA,0.33541449904441833
ACC,0.35713446140289307
ACG,0.5585660338401794
ACU,0.19434931874275208
AGA,0.09693936258554459
AGC,1.1631656885147095
AGG,1.3192061185836792
AGU,1.4609289169311523
AUA,0.34843116998672485
AUC,0.3869425356388092
AUG,0.367379754781723
AUU,0.19008082151412964
CAA,0.45961523056030273
CAC,0.5206794738769531
CAG,0.6357747912406921
CAU,0.7686107754707336
CCA,0.34089264273643494
CCC,1.9896053075790405
CCG,0.444719523191452
CCU,1.5130479335784912
CGA,0.5031755566596985
CGC,0.6227906346321106
CGG,1.8304470777511597
CGU,0.38708436489105225
CUA,1.3097608089447021
CUC,1.1570086479187012
CUG,1.3909680843353271
CUU,3.4859251976013184
GAA,0.30135637521743774
GAC,0.2793266773223877
GAG,0.45965051651000977
GAU,0.5003759860992432
GCA,0.31645768880844116
GCC,0.36615362763404846
GCG,0.8294939994812012
GCU,0.2552288770675659
GGA,0.9789475798606873
GGC,0.16940386593341827
GGG,1.2984915971755981
GGU,0.38308489322662354
GUA,0.4013550281524658
GUC,0.507555365562439
GUG,0.959123432636261
GUU,0.26863235235214233
UAC,0.36597928404808044
UAU,0.5976812243461609
UCA,0.36918991804122925
UCC,0.5265399813652039
UCG,0.6337964534759521
UCU,0.24348722398281097
UGC,0.5028461813926697
UGG,0.18080595135688782
UGU,0.7500545382499695
UUA,0.5096609592437744
UUC,0.2982949912548065
UUG,0.23073987662792206
UUU,0.5230698585510254
