codon,average_decoding_time
AAA,0.39232733845710754
AAC,0.32599595189094543
AAG,0.20566432178020477
AAU,0.5498774647712708
ACA,0.3350019156932831
ACC,0.35815364122390747
ACG,0.5382588505744934
ACU,0.20874713361263275
AGA,0.09625669568777084
AGC,1.1664881706237793
AGG,1.3235946893692017
AGU,1.4614859819412231
AUA,0.34906309843063354
AUC,0.38573309779167175
AUG,0.3685891032218933
AUU,0.20344896614551544
CAA,0.45677757263183594
CAC,0.5263350009918213
CAG,0.6364539265632629
CAU,0.7709699273109436
CCA,0.34118354320526123
CCC,1.9811670780181885
CCG,0.49929502606391907
CCU,1.6476784944534302
CGA,0.5027948617935181
CGC,0.6243923306465149
CGG,1.8204076290130615
CGU,0.3853733539581299
CUA,1.3076128959655762
CUC,1.1604573726654053
CUG,1.388015627861023
CUU,1.2389843463897705
GAA,0.2690240740776062
GAC,0.27694013714790344
GAG,0.4293687045574188
GAU,0.5039076805114746
GCA,0.31336134672164917
GCC,0.34652799367904663
GCG,0.6973089575767517
GCU,0.20551836490631104
GGA,0.7991371750831604
GGC,0.14760680496692657
GGG,1.1956188678741455
GGU,0.35776206851005554
GUA,0.32315126061439514
GUC,0.4253627061843872
GUG,0.7552381753921509
GUU,0.21020063757896423
UAC,0.5264571309089661
UAU,0.7730063199996948
UCA,0.3737788796424866
UCC,0.5357879400253296
UCG,0.7712370157241821
UCU,0.3063960075378418
UGC,0.6860509514808655
UGG,0.3185234069824219
UGU,0.9547452330589294
UUA,0.5660280585289001
UUC,0.3389078974723816
UUG,0.3201395273208618
UUU,0.5700767636299133
