codon,average_decoding_time
AAA,0.3937199115753174
AAC,0.32485103607177734
AAG,0.2073221355676651
AAU,0.5505349040031433
ACA,0.33326390385627747
ACC,0.3571726977825165
ACG,0.4967275857925415
ACU,0.20729072391986847
AGA,0.09622660279273987
AGC,1.1689409017562866
AGG,1.325026273727417
AGU,1.4539753198623657
AUA,0.34979376196861267
AUC,0.3879512846469879
AUG,0.40477094054222107
AUU,0.20368696749210358
CAA,0.45877906680107117
CAC,0.524608850479126
CAG,0.6342822909355164
CAU,0.7705003023147583
CCA,0.3413260877132416
CCC,1.978364109992981
CCG,0.5000550746917725
CCU,1.6480191946029663
CGA,0.5010202527046204
CGC,0.622955322265625
CGG,1.834311842918396
CGU,0.3865359425544739
CUA,1.3050203323364258
CUC,1.1610411405563354
CUG,1.3403409719467163
CUU,1.2357048988342285
GAA,0.26901283860206604
GAC,0.27591100335121155
GAG,0.43037399649620056
GAU,0.5002322196960449
GCA,0.3127293288707733
GCC,0.34652066230773926
GCG,0.6514714360237122
GCU,0.20574156939983368
GGA,0.7962732911109924
GGC,0.1478070318698883
GGG,1.195199966430664
GGU,0.358639657497406
GUA,0.32285526394844055
GUC,0.4266173839569092
GUG,1.621219515800476
GUU,0.2113184928894043
UAC,0.5249988436698914
UAU,0.7718600034713745
UCA,0.3741823136806488
UCC,0.5354155898094177
UCG,2.5508272647857666
UCU,0.307839572429657
UGC,0.6850500702857971
UGG,0.31785160303115845
UGU,0.9472469687461853
UUA,0.5680493116378784
UUC,0.33821019530296326
UUG,0.2502008080482483
UUU,0.5686983466148376
