codon,average_decoding_time
AAA,0.39298245310783386
AAC,0.32302477955818176
AAG,0.125149205327034
AAU,0.5519022345542908
ACA,0.3358520269393921
ACC,0.4105204641819
ACG,0.451610267162323
ACU,0.20823001861572266
AGA,0.09677593410015106
AGC,1.1609010696411133
AGG,1.326918601989746
AGU,1.4629576206207275
AUA,0.3480902314186096
AUC,0.373643159866333
AUG,0.43294671177864075
AUU,0.20236359536647797
CAA,0.2946479618549347
CAC,0.3631877601146698
CAG,2.1466546058654785
CAU,0.5968049764633179
CCA,0.33660516142845154
CCC,1.6692471504211426
CCG,1.4136691093444824
CCU,1.6312081813812256
CGA,0.47305434942245483
CGC,0.5016981959342957
CGG,1.1555951833724976
CGU,0.2780335545539856
CUA,1.1817454099655151
CUC,2.8621456623077393
CUG,1.1177555322647095
CUU,1.1150506734848022
GAA,0.30193400382995605
GAC,0.2785648703575134
GAG,1.9420545101165771
GAU,0.5002933740615845
GCA,0.3162285089492798
GCC,0.47401973605155945
GCG,0.7286380529403687
GCU,0.22486616671085358
GGA,0.9832531213760376
GGC,0.17039644718170166
GGG,1.2998535633087158
GGU,0.38061901926994324
GUA,0.4003767669200897
GUC,0.491362065076828
GUG,0.9670975804328918
GUU,0.28192687034606934
UAC,0.5239000916481018
UAU,0.7711015343666077
UCA,0.3727777302265167
UCC,0.4967676103115082
UCG,0.7690486907958984
UCU,0.30614498257637024
UGC,0.6906678080558777
UGG,0.31912961602211
UGU,0.9506669640541077
UUA,0.5687588453292847
UUC,0.3387492299079895
UUG,0.2614583671092987
UUU,0.5704408884048462
