codon,average_decoding_time
AAA,0.39343351125717163
AAC,0.3239961564540863
AAG,0.20604771375656128
AAU,0.5535895824432373
ACA,0.3353956639766693
ACC,0.4096440374851227
ACG,0.5612967610359192
ACU,0.20851735770702362
AGA,0.09672609716653824
AGC,1.1650532484054565
AGG,1.3233906030654907
AGU,1.4639034271240234
AUA,0.3497733473777771
AUC,0.37343737483024597
AUG,0.3666495680809021
AUU,0.203830286860466
CAA,0.2942869961261749
CAC,0.3642805814743042
CAG,0.5630432367324829
CAU,0.5973482728004456
CCA,0.3351435959339142
CCC,1.6660292148590088
CCG,0.3846089541912079
CCU,1.6231201887130737
CGA,0.4739440679550171
CGC,0.5034506916999817
CGG,1.162267804145813
CGU,0.27732038497924805
CUA,1.1819748878479004
CUC,2.8586156368255615
CUG,1.0810819864273071
CUU,1.117499589920044
GAA,0.3010335862636566
GAC,0.2788406014442444
GAG,0.46115219593048096
GAU,0.5016366243362427
GCA,0.3168933689594269
GCC,0.47500818967819214
GCG,0.8312241435050964
GCU,0.2247621715068817
GGA,0.9847045540809631
GGC,0.17000146210193634
GGG,1.2934820652008057
GGU,0.38229596614837646
GUA,0.3985538184642792
GUC,0.4936361014842987
GUG,0.9607321619987488
GUU,0.28109872341156006
UAC,0.524502158164978
UAU,0.7736263275146484
UCA,0.37191492319107056
UCC,0.500144898891449
UCG,0.7627372145652771
UCU,0.30741235613822937
UGC,0.6880497932434082
UGG,0.31845730543136597
UGU,0.9481111764907837
UUA,0.569047212600708
UUC,0.33903786540031433
UUG,0.3217616677284241
UUU,0.568674623966217
