codon,average_decoding_time
AAA,0.39423954486846924
AAC,0.32305434346199036
AAG,0.2054568976163864
AAU,0.5518490672111511
ACA,0.3354766368865967
ACC,0.358965128660202
ACG,0.5183845162391663
ACU,0.20899146795272827
AGA,0.09665032476186752
AGC,1.1670476198196411
AGG,1.322866678237915
AGU,1.4575339555740356
AUA,0.3482174277305603
AUC,0.3870514929294586
AUG,0.40626344084739685
AUU,0.20389901101589203
CAA,0.4537050127983093
CAC,0.522788405418396
CAG,0.6347552537918091
CAU,0.7737769484519958
CCA,0.3392612934112549
CCC,1.9852877855300903
CCG,0.4425814151763916
CCU,1.6474251747131348
CGA,0.5013785362243652
CGC,0.6259072422981262
CGG,1.8358856439590454
CGU,0.3853422999382019
CUA,1.3063913583755493
CUC,1.158900260925293
CUG,1.337878704071045
CUU,1.2377115488052368
GAA,0.29946067929267883
GAC,0.27731144428253174
GAG,0.4603336453437805
GAU,0.5011059045791626
GCA,0.316056489944458
GCC,0.3649830222129822
GCG,0.8315419554710388
GCU,0.22383403778076172
GGA,0.9814813137054443
GGC,0.1697409749031067
GGG,1.2991002798080444
GGU,0.3833983540534973
GUA,0.400608628988266
GUC,0.5082534551620483
GUG,1.8717775344848633
GUU,0.28184133768081665
UAC,0.5237956643104553
UAU,0.7709797024726868
UCA,0.37257421016693115
UCC,0.5358556509017944
UCG,2.540127754211426
UCU,0.30782395601272583
UGC,0.6870428919792175
UGG,0.31781625747680664
UGU,0.9476962685585022
UUA,0.5672500133514404
UUC,0.3379424512386322
UUG,0.24957318603992462
UUU,0.5712460279464722
