codon,average_decoding_time
AAA,0.3934006989002228
AAC,0.32093125581741333
AAG,0.20644329488277435
AAU,0.552376389503479
ACA,0.33635175228118896
ACC,0.3572322726249695
ACG,0.5364272594451904
ACU,0.20773184299468994
AGA,0.09648183733224869
AGC,1.161077618598938
AGG,1.328649640083313
AGU,1.4635547399520874
AUA,0.3484012484550476
AUC,0.3863154649734497
AUG,0.3667718470096588
AUU,0.20289337635040283
CAA,0.45712023973464966
CAC,0.5251064300537109
CAG,0.6338252425193787
CAU,0.7728310227394104
CCA,0.34184473752975464
CCC,1.9847958087921143
CCG,0.5005694627761841
CCU,1.6464940309524536
CGA,0.5024067163467407
CGC,0.6231915354728699
CGG,1.8323079347610474
CGU,0.38529059290885925
CUA,1.2968937158584595
CUC,1.1589651107788086
CUG,1.3978917598724365
CUU,1.2350808382034302
GAA,0.27047520875930786
GAC,0.2769945561885834
GAG,0.4288445711135864
GAU,0.4986593425273895
GCA,0.3127305805683136
GCC,0.34714680910110474
GCG,0.6987581849098206
GCU,0.20648814737796783
GGA,0.7996103763580322
GGC,0.14871695637702942
GGG,1.1868269443511963
GGU,0.35913094878196716
GUA,0.3217316269874573
GUC,0.4280323386192322
GUG,0.7499431371688843
GUU,0.2096855491399765
UAC,0.5250992774963379
UAU,0.7714522480964661
UCA,0.3746179938316345
UCC,0.5353070497512817
UCG,0.7685575485229492
UCU,0.3075993061065674
UGC,0.6862021088600159
UGG,0.318094938993454
UGU,0.9556249976158142
UUA,0.5648595094680786
UUC,0.33953016996383667
UUG,0.32260292768478394
UUU,0.570256769657135
