codon,average_decoding_time
AAA,0.3979930579662323
AAC,0.32511666417121887
AAG,0.2071700394153595
AAU,0.5517483353614807
ACA,0.3353894054889679
ACC,0.3572433888912201
ACG,0.5597156286239624
ACU,0.20787739753723145
AGA,0.09627454727888107
AGC,1.170942783355713
AGG,1.3268851041793823
AGU,1.461883783340454
AUA,0.3502558171749115
AUC,0.3873322904109955
AUG,0.4320622980594635
AUU,0.203263521194458
CAA,0.45592033863067627
CAC,0.525065004825592
CAG,0.6369115114212036
CAU,0.7717347145080566
CCA,0.34092581272125244
CCC,1.973882794380188
CCG,0.4450856149196625
CCU,1.6398425102233887
CGA,0.5038204789161682
CGC,0.620445966720581
CGG,1.8286343812942505
CGU,0.38593214750289917
CUA,1.3071625232696533
CUC,1.1586257219314575
CUG,1.3884426355361938
CUU,1.2440904378890991
GAA,0.30101704597473145
GAC,0.27681541442871094
GAG,0.46124839782714844
GAU,0.5002655982971191
GCA,0.3157925307750702
GCC,0.364187628030777
GCG,0.8305655717849731
GCU,0.22334864735603333
GGA,0.985992968082428
GGC,0.16970019042491913
GGG,1.291189432144165
GGU,0.3819931149482727
GUA,0.4006196856498718
GUC,0.50774747133255
GUG,0.9609118700027466
GUU,0.2827063798904419
UAC,0.5239540338516235
UAU,0.7719796299934387
UCA,0.37283167243003845
UCC,0.5343136787414551
UCG,0.7688931822776794
UCU,0.30580997467041016
UGC,0.6897581815719604
UGG,0.319795161485672
UGU,0.9504837393760681
UUA,0.5688601732254028
UUC,0.3387916684150696
UUG,0.26282137632369995
UUU,0.5688435435295105
