codon,average_decoding_time
AAA,0.39170801639556885
AAC,0.3245975077152252
AAG,0.12578007578849792
AAU,0.5531949996948242
ACA,0.33616694808006287
ACC,0.358142226934433
ACG,0.4558013677597046
ACU,0.20735420286655426
AGA,0.09658540040254593
AGC,1.1637629270553589
AGG,1.3264732360839844
AGU,1.4639643430709839
AUA,0.3475639522075653
AUC,0.38777074217796326
AUG,0.3694368898868561
AUU,0.20326125621795654
CAA,0.4550325870513916
CAC,0.5231486558914185
CAG,2.876777172088623
CAU,0.7714207172393799
CCA,0.3392782509326935
CCC,1.968085527420044
CCG,1.698952555656433
CCU,1.6460316181182861
CGA,0.5012425184249878
CGC,0.625031590461731
CGG,1.821089744567871
CGU,0.38589006662368774
CUA,1.3083522319793701
CUC,1.1567671298980713
CUG,1.3939573764801025
CUU,1.2436362504959106
GAA,0.3008440434932709
GAC,0.2775290608406067
GAG,1.9356251955032349
GAU,0.5025076866149902
GCA,0.3174220621585846
GCC,0.3665351867675781
GCG,0.730441689491272
GCU,0.22399914264678955
GGA,0.9835301637649536
GGC,0.16983339190483093
GGG,1.2930277585983276
GGU,0.38176795840263367
GUA,0.4000222384929657
GUC,0.5090578198432922
GUG,0.9596406817436218
GUU,0.28138467669487
UAC,0.5227870345115662
UAU,0.7764283418655396
UCA,0.3721879720687866
UCC,0.5355058312416077
UCG,0.766559898853302
UCU,0.3060884475708008
UGC,0.6878622770309448
UGG,0.3207652270793915
UGU,0.9497408866882324
UUA,0.5693977475166321
UUC,0.338214635848999
UUG,0.3216993510723114
UUU,0.5705323219299316
