codon,average_decoding_time
AAA,0.3940064311027527
AAC,0.32485339045524597
AAG,0.20582665503025055
AAU,0.5514807105064392
ACA,0.33634069561958313
ACC,0.41002964973449707
ACG,0.558209240436554
ACU,0.2077338993549347
AGA,0.09669043868780136
AGC,1.1630290746688843
AGG,1.3240962028503418
AGU,1.4637802839279175
AUA,0.34765738248825073
AUC,0.3714272379875183
AUG,0.4354721009731293
AUU,0.2020157277584076
CAA,0.29551267623901367
CAC,0.36334553360939026
CAG,0.5627743601799011
CAU,0.5978335738182068
CCA,0.3358060419559479
CCC,1.672719955444336
CCG,0.3817577660083771
CCU,1.6265926361083984
CGA,0.4771329164505005
CGC,0.5012691617012024
CGG,1.1574102640151978
CGU,0.2781828045845032
CUA,1.1788417100906372
CUC,2.854238986968994
CUG,1.119233250617981
CUU,1.1213922500610352
GAA,0.2991273105144501
GAC,0.2775338292121887
GAG,0.46124541759490967
GAU,0.5010908842086792
GCA,0.31644368171691895
GCC,0.47197601199150085
GCG,0.8323237299919128
GCU,0.22261321544647217
GGA,0.9856014251708984
GGC,0.16994154453277588
GGG,1.2957936525344849
GGU,0.3831551969051361
GUA,0.40207916498184204
GUC,0.495807021856308
GUG,0.9649443030357361
GUU,0.281831830739975
UAC,0.5243290066719055
UAU,0.7736023664474487
UCA,0.37128639221191406
UCC,0.49641120433807373
UCG,0.7690467238426208
UCU,0.30775758624076843
UGC,0.6876415610313416
UGG,0.31956812739372253
UGU,0.9464818239212036
UUA,0.5685545206069946
UUC,0.3378816843032837
UUG,0.2610478699207306
UUU,0.5728743076324463
