codon,average_decoding_time
AAA,0.3919847011566162
AAC,0.3238258361816406
AAG,0.2053879052400589
AAU,0.552118718624115
ACA,0.3336779773235321
ACC,0.35841241478919983
ACG,0.5358456969261169
ACU,0.19497476518154144
AGA,0.0966598242521286
AGC,1.160192847251892
AGG,1.3257312774658203
AGU,1.4641081094741821
AUA,0.3489684760570526
AUC,0.38612428307533264
AUG,0.4346752464771271
AUU,0.19010692834854126
CAA,0.4566962420940399
CAC,0.5215572118759155
CAG,0.6358228325843811
CAU,0.7716677188873291
CCA,0.34066465497016907
CCC,1.9721667766571045
CCG,0.5004693865776062
CCU,1.5052101612091064
CGA,0.5006905794143677
CGC,0.6210837364196777
CGG,1.8333054780960083
CGU,0.3870570957660675
CUA,1.309920310974121
CUC,1.159338355064392
CUG,1.3923850059509277
CUU,3.479095220565796
GAA,0.268056184053421
GAC,0.27686336636543274
GAG,0.42840373516082764
GAU,0.4973205327987671
GCA,0.31275424361228943
GCC,0.3470683693885803
GCG,0.700184166431427
GCU,0.22692334651947021
GGA,0.8001785278320312
GGC,0.14725469052791595
GGG,1.1889876127243042
GGU,0.35905081033706665
GUA,0.3211643099784851
GUC,0.42710188031196594
GUG,0.8331976532936096
GUU,0.1982639580965042
UAC,0.365126371383667
UAU,0.600241482257843
UCA,0.37137144804000854
UCC,0.5264034271240234
UCG,0.6339996457099915
UCU,0.24222365021705627
UGC,0.5010054111480713
UGG,0.18139468133449554
UGU,0.748417317867279
UUA,0.5090935230255127
UUC,0.29611894488334656
UUG,0.21139535307884216
UUU,0.5241628885269165
