codon,average_decoding_time
AAA,0.39498335123062134
AAC,0.3217822313308716
AAG,0.20541374385356903
AAU,0.5532609820365906
ACA,0.33517223596572876
ACC,0.40906569361686707
ACG,0.5375304818153381
ACU,0.19356125593185425
AGA,0.09620056301355362
AGC,1.1650739908218384
AGG,1.321915626525879
AGU,1.4640921354293823
AUA,0.3493587076663971
AUC,0.3733625113964081
AUG,0.43296411633491516
AUU,0.18972957134246826
CAA,0.295932412147522
CAC,0.3645552098751068
CAG,0.5656009912490845
CAU,0.5997362732887268
CCA,0.3336953818798065
CCC,1.681565284729004
CCG,0.42512059211730957
CCU,1.3675832748413086
CGA,0.4754210412502289
CGC,0.5034542679786682
CGG,1.1712892055511475
CGU,0.2773786783218384
CUA,1.182112455368042
CUC,2.8529551029205322
CUG,1.115900993347168
CUU,3.20863676071167
GAA,0.2703201174736023
GAC,0.275021493434906
GAG,0.431949645280838
GAU,0.5028294324874878
GCA,0.31334996223449707
GCC,0.44489535689353943
GCG,0.6973178386688232
GCU,0.2280183583498001
GGA,0.8012573719024658
GGC,0.1476254165172577
GGG,1.1961443424224854
GGU,0.35879477858543396
GUA,0.3229773938655853
GUC,0.4135076105594635
GUG,0.8318164944648743
GUU,0.19806918501853943
UAC,0.3639427423477173
UAU,0.5982627272605896
UCA,0.3685298562049866
UCC,0.46258261799812317
UCG,0.6334941983222961
UCU,0.24326351284980774
UGC,0.4993879795074463
UGG,0.18177324533462524
UGU,0.7485262751579285
UUA,0.5096035003662109
UUC,0.2978666424751282
UUG,0.21071623265743256
UUU,0.5235337615013123
