codon,average_decoding_time
AAA,0.3951162099838257
AAC,0.32262903451919556
AAG,0.20552527904510498
AAU,0.5536618828773499
ACA,0.3361828923225403
ACC,0.3570937514305115
ACG,0.5160769820213318
ACU,0.19450896978378296
AGA,0.09689155966043472
AGC,1.1618506908416748
AGG,1.3265689611434937
AGU,1.4601510763168335
AUA,0.34902048110961914
AUC,0.38788291811943054
AUG,0.4052027463912964
AUU,0.190557599067688
CAA,0.45675337314605713
CAC,0.5245728492736816
CAG,0.633508026599884
CAU,0.7703169584274292
CCA,0.3391081392765045
CCC,1.9805562496185303
CCG,0.4453197121620178
CCU,1.5089448690414429
CGA,0.5023466944694519
CGC,0.6244415044784546
CGG,1.8332829475402832
CGU,0.38681596517562866
CUA,1.3029037714004517
CUC,1.1618225574493408
CUG,1.3356236219406128
CUU,3.4821746349334717
GAA,0.3019425868988037
GAC,0.27689120173454285
GAG,0.46063050627708435
GAU,0.5005407929420471
GCA,0.31561723351478577
GCC,0.3655480742454529
GCG,0.8316779136657715
GCU,0.25381413102149963
GGA,0.9836395382881165
GGC,0.17016342282295227
GGG,1.3011698722839355
GGU,0.38251444697380066
GUA,0.40024369955062866
GUC,0.5083978772163391
GUG,1.877193570137024
GUU,0.2688169777393341
UAC,0.36593082547187805
UAU,0.5971071720123291
UCA,0.3673780560493469
UCC,0.5267850756645203
UCG,2.0459723472595215
UCU,0.24262060225009918
UGC,0.5013039708137512
UGG,0.18138661980628967
UGU,0.7484918236732483
UUA,0.5110570788383484
UUC,0.2978643476963043
UUG,0.19224414229393005
UUU,0.5220270156860352
