codon,average_decoding_time
AAA,0.3969552218914032
AAC,0.32408756017684937
AAG,0.20516927540302277
AAU,0.5489979982376099
ACA,0.33555811643600464
ACC,0.4094499945640564
ACG,0.5357615351676941
ACU,0.19418109953403473
AGA,0.09659168124198914
AGC,1.163294792175293
AGG,1.320065975189209
AGU,1.465847373008728
AUA,0.34862858057022095
AUC,0.37399300932884216
AUG,0.3677748143672943
AUU,0.18953511118888855
CAA,0.2962542474269867
CAC,0.3643586039543152
CAG,0.5644633173942566
CAU,0.5998345613479614
CCA,0.33544784784317017
CCC,1.6634509563446045
CCG,0.4286094903945923
CCU,1.3713923692703247
CGA,0.47453776001930237
CGC,0.502667248249054
CGG,1.1597756147384644
CGU,0.27686572074890137
CUA,1.1819279193878174
CUC,2.846635580062866
CUG,1.0771619081497192
CUU,3.209596872329712
GAA,0.26868507266044617
GAC,0.27706506848335266
GAG,0.42959699034690857
GAU,0.5015468597412109
GCA,0.3131762742996216
GCC,0.44513940811157227
GCG,0.6962186694145203
GCU,0.22650714218616486
GGA,0.8023642897605896
GGC,0.14772269129753113
GGG,1.1874085664749146
GGU,0.35774022340774536
GUA,0.32230061292648315
GUC,0.41351965069770813
GUG,0.7516159415245056
GUU,0.1981455683708191
UAC,0.3662317991256714
UAU,0.5987988710403442
UCA,0.3671027421951294
UCC,0.46355140209198
UCG,0.6347872614860535
UCU,0.2420053780078888
UGC,0.5031837224960327
UGG,0.18094095587730408
UGU,0.7474406957626343
UUA,0.511691153049469
UUC,0.2970031797885895
UUG,0.22873404622077942
UUU,0.5233332514762878
