codon,average_decoding_time
AAA,0.3939618766307831
AAC,0.32414019107818604
AAG,0.1254880130290985
AAU,0.5494877099990845
ACA,0.3345930874347687
ACC,0.35752007365226746
ACG,0.4088677763938904
ACU,0.19269244372844696
AGA,0.09681832045316696
AGC,1.153374195098877
AGG,1.3187065124511719
AGU,1.4638781547546387
AUA,0.3494627773761749
AUC,0.3882565498352051
AUG,0.4080071747303009
AUU,0.1914486587047577
CAA,0.45645689964294434
CAC,0.5212647914886475
CAG,2.872899055480957
CAU,0.772758960723877
CCA,0.3418786823749542
CCC,1.9785703420639038
CCG,1.6950119733810425
CCU,1.5066815614700317
CGA,0.5009215474128723
CGC,0.6227949261665344
CGG,1.8167858123779297
CGU,0.385741651058197
CUA,1.3054202795028687
CUC,1.156950831413269
CUG,1.3370137214660645
CUU,3.484875202178955
GAA,0.30021342635154724
GAC,0.27746230363845825
GAG,1.9354749917984009
GAU,0.500198245048523
GCA,0.3174796998500824
GCC,0.36621296405792236
GCG,0.7316198945045471
GCU,0.2534681558609009
GGA,0.985981822013855
GGC,0.16898703575134277
GGG,1.3005977869033813
GGU,0.3825262188911438
GUA,0.40054187178611755
GUC,0.5070524215698242
GUG,1.8717544078826904
GUU,0.2678500711917877
UAC,0.3640907406806946
UAU,0.6017311811447144
UCA,0.3695540726184845
UCC,0.5284903645515442
UCG,2.050532102584839
UCU,0.24415647983551025
UGC,0.5020725131034851
UGG,0.1804375946521759
UGU,0.7493955492973328
UUA,0.513512372970581
UUC,0.29807838797569275
UUG,0.19970321655273438
UUU,0.5228314399719238
