codon,average_decoding_time
AAA,0.39384424686431885
AAC,0.322733074426651
AAG,0.12573491036891937
AAU,0.5491641163825989
ACA,0.33464038372039795
ACC,0.35794204473495483
ACG,0.40888741612434387
ACU,0.20731164515018463
AGA,0.09590400755405426
AGC,1.161059021949768
AGG,1.3193596601486206
AGU,1.4633697271347046
AUA,0.3491419553756714
AUC,0.3882390558719635
AUG,0.3390020430088043
AUU,0.20338502526283264
CAA,0.4575330913066864
CAC,0.5220264196395874
CAG,2.8669614791870117
CAU,0.7717738151550293
CCA,0.3417759835720062
CCC,1.971960425376892
CCG,1.7084296941757202
CCU,1.6496907472610474
CGA,0.5024933218955994
CGC,0.6218286156654358
CGG,1.8301254510879517
CGU,0.3857966363430023
CUA,1.3082796335220337
CUC,1.1600028276443481
CUG,1.3408963680267334
CUU,1.2409460544586182
GAA,0.30064645409584045
GAC,0.2778882086277008
GAG,1.9479345083236694
GAU,0.5016247034072876
GCA,0.3164454996585846
GCC,0.3664647936820984
GCG,0.7265746593475342
GCU,0.2244190275669098
GGA,0.985616147518158
GGC,0.1681458055973053
GGG,1.2946144342422485
GGU,0.3822040259838104
GUA,0.40125489234924316
GUC,0.5061120986938477
GUG,1.8756331205368042
GUU,0.28078269958496094
UAC,0.5210716128349304
UAU,0.7765563130378723
UCA,0.37301260232925415
UCC,0.534013032913208
UCG,2.546654462814331
UCU,0.30711162090301514
UGC,0.6881421804428101
UGG,0.31954866647720337
UGU,0.9475032091140747
UUA,0.5671791434288025
UUC,0.33953753113746643
UUG,0.30510544776916504
UUU,0.5702233910560608
