codon,average_decoding_time
AAA,0.3923368752002716
AAC,0.32241642475128174
AAG,0.12541988492012024
AAU,0.5516049861907959
ACA,0.3339276611804962
ACC,0.409421443939209
ACG,0.41095200181007385
ACU,0.19381193816661835
AGA,0.09650815278291702
AGC,1.1597425937652588
AGG,1.3283860683441162
AGU,1.4573283195495605
AUA,0.34999585151672363
AUC,0.37351131439208984
AUG,0.33846360445022583
AUU,0.19036461412906647
CAA,0.2949467599391937
CAC,0.3614976704120636
CAG,2.1390180587768555
CAU,0.5965520143508911
CCA,0.3332701623439789
CCC,1.6671791076660156
CCG,1.4080740213394165
CCU,1.373277187347412
CGA,0.4764358699321747
CGC,0.5042063593864441
CGG,1.16175377368927
CGU,0.2781860828399658
CUA,1.1820646524429321
CUC,2.8483715057373047
CUG,1.0158919095993042
CUU,3.1962053775787354
GAA,0.3010900914669037
GAC,0.2767588794231415
GAG,1.933907151222229
GAU,0.49930113554000854
GCA,0.3160282373428345
GCC,0.4757494628429413
GCG,0.7300510406494141
GCU,0.25206542015075684
GGA,0.9854970574378967
GGC,0.1696723848581314
GGG,1.3002439737319946
GGU,0.38284823298454285
GUA,0.4012438654899597
GUC,0.4920949935913086
GUG,1.878880262374878
GUU,0.26889216899871826
UAC,0.365291029214859
UAU,0.5988498330116272
UCA,0.3698907494544983
UCC,0.4616691768169403
UCG,2.0637593269348145
UCU,0.24297359585762024
UGC,0.500758945941925
UGG,0.18027473986148834
UGU,0.7524765729904175
UUA,0.5117819905281067
UUC,0.29553529620170593
UUG,0.21084752678871155
UUU,0.5219742059707642
