codon,average_decoding_time
AAA,0.39349183440208435
AAC,0.32268214225769043
AAG,0.20578773319721222
AAU,0.5514604449272156
ACA,0.33557558059692383
ACC,0.35862430930137634
ACG,0.4959827661514282
ACU,0.20963022112846375
AGA,0.09652985632419586
AGC,1.157301902770996
AGG,1.3213497400283813
AGU,1.4644484519958496
AUA,0.3489726185798645
AUC,0.3869280517101288
AUG,0.4063246548175812
AUU,0.2035742551088333
CAA,0.45739981532096863
CAC,0.5221370458602905
CAG,0.6353950500488281
CAU,0.7723895907402039
CCA,0.34094807505607605
CCC,1.977523922920227
CCG,0.4999421238899231
CCU,1.6419285535812378
CGA,0.5037673115730286
CGC,0.6239892840385437
CGG,1.826129674911499
CGU,0.3849036991596222
CUA,1.3043208122253418
CUC,1.1623822450637817
CUG,1.3458589315414429
CUU,1.2378969192504883
GAA,0.2691681981086731
GAC,0.2773122489452362
GAG,0.4291216731071472
GAU,0.5007005333900452
GCA,0.3119073212146759
GCC,0.3468177020549774
GCG,0.6556244492530823
GCU,0.2060786932706833
GGA,0.8027918934822083
GGC,0.1483105719089508
GGG,1.1940158605575562
GGU,0.35853245854377747
GUA,0.32215458154678345
GUC,0.42808547616004944
GUG,1.6246249675750732
GUU,0.2104656845331192
UAC,0.5262210369110107
UAU,0.7665055990219116
UCA,0.37454503774642944
UCC,0.5344430208206177
UCG,2.535855770111084
UCU,0.3072938919067383
UGC,0.6876847147941589
UGG,0.31786513328552246
UGU,0.9479067325592041
UUA,0.5688332319259644
UUC,0.3389965891838074
UUG,0.2512873709201813
UUU,0.5700433850288391
