codon,average_decoding_time
AAA,0.3938135504722595
AAC,0.3211726248264313
AAG,0.20568068325519562
AAU,0.5539507865905762
ACA,0.33497726917266846
ACC,0.40969327092170715
ACG,0.5585886836051941
ACU,0.20864517986774445
AGA,0.09624716639518738
AGC,1.1626991033554077
AGG,1.3266410827636719
AGU,1.4634451866149902
AUA,0.34752005338668823
AUC,0.37436148524284363
AUG,0.3650248944759369
AUU,0.20230627059936523
CAA,0.29651254415512085
CAC,0.3636413812637329
CAG,0.5657482147216797
CAU,0.5983650088310242
CCA,0.3336123526096344
CCC,1.6756917238235474
CCG,0.38236942887306213
CCU,1.6240638494491577
CGA,0.4743553102016449
CGC,0.5011115074157715
CGG,1.1603442430496216
CGU,0.2789859175682068
CUA,1.177588701248169
CUC,2.8516690731048584
CUG,1.0777411460876465
CUU,1.1196879148483276
GAA,0.3013094663619995
GAC,0.2753884196281433
GAG,0.46217605471611023
GAU,0.5006769299507141
GCA,0.31610941886901855
GCC,0.47494569420814514
GCG,0.8333063125610352
GCU,0.2231304943561554
GGA,0.983991801738739
GGC,0.17012976109981537
GGG,1.2965434789657593
GGU,0.3829140365123749
GUA,0.4009796977043152
GUC,0.49226129055023193
GUG,0.9630759358406067
GUU,0.2813454866409302
UAC,0.5220348238945007
UAU,0.7730135917663574
UCA,0.37376660108566284
UCC,0.498741090297699
UCG,0.765558660030365
UCU,0.30709773302078247
UGC,0.6891014575958252
UGG,0.32169070839881897
UGU,0.9498475193977356
UUA,0.5721436738967896
UUC,0.33713003993034363
UUG,0.3234860897064209
UUU,0.5714723467826843
