codon,average_decoding_time
AAA,0.3925672173500061
AAC,0.3216128349304199
AAG,0.12509743869304657
AAU,0.5529518127441406
ACA,0.336628794670105
ACC,0.4093239903450012
ACG,0.40917351841926575
ACU,0.20876429975032806
AGA,0.09667037427425385
AGC,1.160519003868103
AGG,1.3274551630020142
AGU,1.460508108139038
AUA,0.34935644268989563
AUC,0.37420493364334106
AUG,0.33707526326179504
AUU,0.20304425060749054
CAA,0.29656967520713806
CAC,0.36392971873283386
CAG,2.141191244125366
CAU,0.5980625152587891
CCA,0.33251044154167175
CCC,1.6718957424163818
CCG,1.4071717262268066
CCU,1.6138765811920166
CGA,0.47431743144989014
CGC,0.5026903748512268
CGG,1.165437936782837
CGU,0.27651411294937134
CUA,1.178253173828125
CUC,2.8403193950653076
CUG,1.0585377216339111
CUU,1.1177228689193726
GAA,0.3010654151439667
GAC,0.2779834568500519
GAG,1.9431955814361572
GAU,0.50023353099823
GCA,0.315793514251709
GCC,0.47753292322158813
GCG,0.7277049422264099
GCU,0.22359725832939148
GGA,0.9825611114501953
GGC,0.16860583424568176
GGG,1.3039841651916504
GGU,0.38393956422805786
GUA,0.40122663974761963
GUC,0.4936429262161255
GUG,1.8775008916854858
GUU,0.2824287712574005
UAC,0.5247661471366882
UAU,0.7753784656524658
UCA,0.37292614579200745
UCC,0.49926891922950745
UCG,2.552595376968384
UCU,0.3086235821247101
UGC,0.6889469027519226
UGG,0.31857725977897644
UGU,0.9501100182533264
UUA,0.5686145424842834
UUC,0.339542955160141
UUG,0.3050348162651062
UUU,0.5713139772415161
