codon,average_decoding_time
AAA,0.39303722977638245
AAC,0.32376453280448914
AAG,0.1257680505514145
AAU,0.5526546835899353
ACA,0.33541417121887207
ACC,0.4099661409854889
ACG,0.41103988885879517
ACU,0.20820507407188416
AGA,0.09724729508161545
AGC,1.169145941734314
AGG,1.3239833116531372
AGU,1.4646371603012085
AUA,0.3485904037952423
AUC,0.3741045594215393
AUG,0.4059608280658722
AUU,0.20279544591903687
CAA,0.29673999547958374
CAC,0.3663517236709595
CAG,2.1426265239715576
CAU,0.5982018113136292
CCA,0.334699422121048
CCC,1.6755934953689575
CCG,1.4066416025161743
CCU,1.6172127723693848
CGA,0.47611862421035767
CGC,0.500878632068634
CGG,1.162911295890808
CGU,0.2794572412967682
CUA,1.178678274154663
CUC,2.8556902408599854
CUG,1.0580867528915405
CUU,1.120726227760315
GAA,0.3002879023551941
GAC,0.2764730453491211
GAG,1.9403767585754395
GAU,0.4996810257434845
GCA,0.3150196373462677
GCC,0.4732067584991455
GCG,0.727821946144104
GCU,0.22308915853500366
GGA,0.9840229153633118
GGC,0.16956014931201935
GGG,1.303192377090454
GGU,0.3821221590042114
GUA,0.3999539911746979
GUC,0.4973902404308319
GUG,1.8704205751419067
GUU,0.28260067105293274
UAC,0.5211133360862732
UAU,0.7717592716217041
UCA,0.37365928292274475
UCC,0.4980471730232239
UCG,2.5386946201324463
UCU,0.30727508664131165
UGC,0.6875013113021851
UGG,0.31975820660591125
UGU,0.9493036866188049
UUA,0.5708163976669312
UUC,0.3388562798500061
UUG,0.2504577338695526
UUU,0.5685278177261353
