codon,average_decoding_time
AAA,0.4514111578464508
AAC,0.3224806785583496
AAG,0.22624549269676208
AAU,0.5518614649772644
ACA,0.34626471996307373
ACC,0.4382985532283783
ACG,0.6743667125701904
ACU,0.2274058610200882
AGA,0.1453183889389038
AGC,1.3254601955413818
AGG,1.5066514015197754
AGU,1.6207610368728638
AUA,0.4398687779903412
AUC,0.45328155159950256
AUG,0.5419864654541016
AUU,0.27426058053970337
CAA,0.2946993112564087
CAC,0.3632747530937195
CAG,0.5669925212860107
CAU,0.5975799560546875
CCA,0.30886802077293396
CCC,1.6753149032592773
CCG,0.3837052881717682
CCU,1.6222693920135498
CGA,0.47543808817863464
CGC,0.5041307210922241
CGG,1.1591320037841797
CGU,0.27754831314086914
CUA,1.175577998161316
CUC,2.8436758518218994
CUG,1.0785826444625854
CUU,1.1206663846969604
GAA,0.301503449678421
GAC,0.2763763666152954
GAG,0.46134522557258606
GAU,0.5025479197502136
GCA,0.32335802912712097
GCC,0.4746737778186798
GCG,0.8343361616134644
GCU,0.22439278662204742
GGA,0.9891743659973145
GGC,0.1692809909582138
GGG,1.296605110168457
GGU,0.38210734724998474
GUA,0.40070840716362
GUC,0.4931759238243103
GUG,0.9616290330886841
GUU,0.28176596760749817
UAC,0.5254001617431641
UAU,0.7732879519462585
UCA,0.3739978075027466
UCC,0.49921026825904846
UCG,0.7680527567863464
UCU,0.30725839734077454
UGC,0.6916865110397339
UGG,0.3190179169178009
UGU,0.9497019648551941
UUA,0.5673601627349854
UUC,0.3383517265319824
UUG,0.3244176208972931
UUU,0.5707760453224182
