codon,average_decoding_time
AAA,0.44951140880584717
AAC,0.3227314352989197
AAG,0.15946532785892487
AAU,0.5559102296829224
ACA,0.34845906496047974
ACC,0.4393708109855652
ACG,0.5711725950241089
ACU,0.22125691175460815
AGA,0.14557281136512756
AGC,1.3257206678390503
AGG,1.4969617128372192
AGU,1.620734691619873
AUA,0.4381416141986847
AUC,0.455213725566864
AUG,0.5437034368515015
AUU,0.2624582350254059
CAA,0.2952961027622223
CAC,0.3648228645324707
CAG,2.1373846530914307
CAU,0.5984007716178894
CCA,0.308563232421875
CCC,1.6777863502502441
CCG,1.4074602127075195
CCU,1.3677095174789429
CGA,0.4731854200363159
CGC,0.5018248558044434
CGG,1.1580320596694946
CGU,0.277291864156723
CUA,1.180336356163025
CUC,2.859537124633789
CUG,1.125032901763916
CUU,3.2042365074157715
GAA,0.29951852560043335
GAC,0.27678850293159485
GAG,1.937530755996704
GAU,0.5019564032554626
GCA,0.3245469629764557
GCC,0.47603264451026917
GCG,0.7283258438110352
GCU,0.2551972568035126
GGA,0.9831821918487549
GGC,0.17016100883483887
GGG,1.2871756553649902
GGU,0.3830925524234772
GUA,0.4018491804599762
GUC,0.49283066391944885
GUG,0.9621999263763428
GUU,0.26858437061309814
UAC,0.3674684762954712
UAU,0.5974384546279907
UCA,0.3687637150287628
UCC,0.4620146155357361
UCG,0.6359880566596985
UCU,0.2420458048582077
UGC,0.4987116754055023
UGG,0.18157200515270233
UGU,0.7460037469863892
UUA,0.5105212330818176
UUC,0.295890748500824
UUG,0.20969513058662415
UUU,0.5229232907295227
