codon,average_decoding_time
AAA,0.450999915599823
AAC,0.32269516587257385
AAG,0.22764740884304047
AAU,0.5521849393844604
ACA,0.34784093499183655
ACC,0.43940821290016174
ACG,0.6736311912536621
ACU,0.22746191918849945
AGA,0.14633429050445557
AGC,1.32208251953125
AGG,1.5105741024017334
AGU,1.6154673099517822
AUA,0.4376414716243744
AUC,0.4515244662761688
AUG,0.5413776636123657
AUU,0.27510854601860046
CAA,0.2948581874370575
CAC,0.3650023341178894
CAG,0.5663336515426636
CAU,0.6002786755561829
CCA,0.30961039662361145
CCC,1.673264980316162
CCG,0.38478440046310425
CCU,1.621044397354126
CGA,0.4746311604976654
CGC,0.5030584931373596
CGG,1.1693155765533447
CGU,0.276497483253479
CUA,1.1858185529708862
CUC,2.8508009910583496
CUG,1.121962308883667
CUU,1.1198198795318604
GAA,0.30120137333869934
GAC,0.276721715927124
GAG,0.4622604250907898
GAU,0.5015168190002441
GCA,0.3230327367782593
GCC,0.4762103259563446
GCG,0.8281214833259583
GCU,0.22406138479709625
GGA,0.9848488569259644
GGC,0.1693819910287857
GGG,1.295405626296997
GGU,0.3815279006958008
GUA,0.40135690569877625
GUC,0.4944009482860565
GUG,0.9586125016212463
GUU,0.28143110871315
UAC,0.5256310701370239
UAU,0.7699353694915771
UCA,0.3736031651496887
UCC,0.496780127286911
UCG,0.769808828830719
UCU,0.3058089315891266
UGC,0.6842375993728638
UGG,0.31865736842155457
UGU,0.9495219588279724
UUA,0.5691512823104858
UUC,0.33882761001586914
UUG,0.3220006227493286
UUU,0.5685077905654907
