codon,average_decoding_time
AAA,0.45053765177726746
AAC,0.3224310576915741
AAG,0.2285434752702713
AAU,0.5544213652610779
ACA,0.34668824076652527
ACC,0.4396362006664276
ACG,0.6727625131607056
ACU,0.22031766176223755
AGA,0.1453479379415512
AGC,1.3235485553741455
AGG,1.5150212049484253
AGU,1.6171001195907593
AUA,0.4398491084575653
AUC,0.4517934024333954
AUG,0.5101504921913147
AUU,0.26362624764442444
CAA,0.2976199686527252
CAC,0.36597684025764465
CAG,0.5631923675537109
CAU,0.5961281061172485
CCA,0.3079982399940491
CCC,1.6705862283706665
CCG,0.38392359018325806
CCU,1.3634673357009888
CGA,0.4727938771247864
CGC,0.503887951374054
CGG,1.1592061519622803
CGU,0.2786422669887543
CUA,1.1815866231918335
CUC,2.863616943359375
CUG,1.0126347541809082
CUU,3.2093865871429443
GAA,0.2997744381427765
GAC,0.2771063446998596
GAG,0.4601614773273468
GAU,0.5024397373199463
GCA,0.3239675462245941
GCC,0.4757193624973297
GCG,0.8352406024932861
GCU,0.25348180532455444
GGA,0.985562801361084
GGC,0.16934891045093536
GGG,1.3021960258483887
GGU,0.3830733895301819
GUA,0.4011452794075012
GUC,0.4916953444480896
GUG,1.8734159469604492
GUU,0.27002131938934326
UAC,0.36489343643188477
UAU,0.5982295274734497
UCA,0.37033897638320923
UCC,0.46521684527397156
UCG,2.041882276535034
UCU,0.24288596212863922
UGC,0.49923643469810486
UGG,0.18037711083889008
UGU,0.7506057620048523
UUA,0.5102999806404114
UUC,0.2970777750015259
UUG,0.2098650187253952
UUU,0.5205299854278564
