codon,average_decoding_time
AAA,0.45323634147644043
AAC,0.32194268703460693
AAG,0.22806960344314575
AAU,0.5522240400314331
ACA,0.34631913900375366
ACC,0.440735787153244
ACG,0.654705286026001
ACU,0.21998174488544464
AGA,0.14647574722766876
AGC,1.3236956596374512
AGG,1.5101572275161743
AGU,1.613173246383667
AUA,0.43884575366973877
AUC,0.4543607831001282
AUG,0.5127674341201782
AUU,0.2627870738506317
CAA,0.29668086767196655
CAC,0.36339980363845825
CAG,0.5647221207618713
CAU,0.5976608991622925
CCA,0.3086216449737549
CCC,1.6673200130462646
CCG,0.4293367862701416
CCU,1.3682873249053955
CGA,0.47458159923553467
CGC,0.5026082992553711
CGG,1.1642714738845825
CGU,0.2773246765136719
CUA,1.1859219074249268
CUC,2.8549997806549072
CUG,1.0200618505477905
CUU,3.203294038772583
GAA,0.2694622874259949
GAC,0.27660924196243286
GAG,0.43065375089645386
GAU,0.5011975169181824
GCA,0.3189316987991333
GCC,0.44550278782844543
GCG,0.6521426439285278
GCU,0.22562159597873688
GGA,0.8033081293106079
GGC,0.14762303233146667
GGG,1.189432978630066
GGU,0.35911279916763306
GUA,0.32153621315956116
GUC,0.41330868005752563
GUG,1.623346209526062
GUU,0.19843298196792603
UAC,0.3658687472343445
UAU,0.598301887512207
UCA,0.3709827661514282
UCC,0.46434012055397034
UCG,2.0606250762939453
UCU,0.24131621420383453
UGC,0.5008825063705444
UGG,0.18091072142124176
UGU,0.7499681115150452
UUA,0.5083365440368652
UUC,0.29506877064704895
UUG,0.19225206971168518
UUU,0.5252041220664978
