codon,average_decoding_time
AAA,0.4485034644603729
AAC,0.32158735394477844
AAG,0.22822120785713196
AAU,0.5513575673103333
ACA,0.34634315967559814
ACC,0.43942195177078247
ACG,0.6754578948020935
ACU,0.2213432937860489
AGA,0.146493062376976
AGC,1.3195451498031616
AGG,1.5012273788452148
AGU,1.622032642364502
AUA,0.4397249221801758
AUC,0.45130467414855957
AUG,0.512527346611023
AUU,0.2636670172214508
CAA,0.29528266191482544
CAC,0.36427825689315796
CAG,0.5654928088188171
CAU,0.5978080630302429
CCA,0.30863156914711
CCC,1.6692711114883423
CCG,0.3839040696620941
CCU,1.371503233909607
CGA,0.47329020500183105
CGC,0.5041152238845825
CGG,1.161048173904419
CGU,0.2771548330783844
CUA,1.1777108907699585
CUC,2.843376636505127
CUG,1.0163654088974
CUU,3.223832130432129
GAA,0.30118995904922485
GAC,0.27617302536964417
GAG,0.46064257621765137
GAU,0.5005313754081726
GCA,0.3241931200027466
GCC,0.47566932439804077
GCG,0.8303853869438171
GCU,0.2538147568702698
GGA,0.9821787476539612
GGC,0.17015734314918518
GGG,1.2971396446228027
GGU,0.38281968235969543
GUA,0.400416761636734
GUC,0.4930819571018219
GUG,1.8716224431991577
GUU,0.26907986402511597
UAC,0.3639501631259918
UAU,0.5984931588172913
UCA,0.36981919407844543
UCC,0.4640606939792633
UCG,2.051525354385376
UCU,0.2424696534872055
UGC,0.5020081996917725
UGG,0.1810714602470398
UGU,0.7497657537460327
UUA,0.5105668902397156
UUC,0.294906347990036
UUG,0.1912093609571457
UUU,0.5225622057914734
