codon,average_decoding_time
AAA,0.4500408172607422
AAC,0.32419511675834656
AAG,0.22867350280284882
AAU,0.5531145930290222
ACA,0.34628820419311523
ACC,0.4402093291282654
ACG,0.6555162668228149
ACU,0.2278757244348526
AGA,0.14655397832393646
AGC,1.3247337341308594
AGG,1.5100184679031372
AGU,1.6215778589248657
AUA,0.4374160170555115
AUC,0.45092567801475525
AUG,0.5394123196601868
AUU,0.27463528513908386
CAA,0.29429149627685547
CAC,0.3656942844390869
CAG,0.5656753778457642
CAU,0.6003322601318359
CCA,0.3094959855079651
CCC,1.6764090061187744
CCG,0.4258720576763153
CCU,1.6311086416244507
CGA,0.4767734706401825
CGC,0.5028085708618164
CGG,1.164523959159851
CGU,0.2789729833602905
CUA,1.1836012601852417
CUC,2.856337785720825
CUG,1.1171436309814453
CUU,1.1173309087753296
GAA,0.2693628966808319
GAC,0.2757865786552429
GAG,0.43129846453666687
GAU,0.49934837222099304
GCA,0.32017040252685547
GCC,0.44410476088523865
GCG,0.697605550289154
GCU,0.2060803472995758
GGA,0.7978724241256714
GGC,0.1475461721420288
GGG,1.1860634088516235
GGU,0.3591582477092743
GUA,0.32296961545944214
GUC,0.4134901463985443
GUG,0.8329253196716309
GUU,0.21000809967517853
UAC,0.5239312052726746
UAU,0.7722164988517761
UCA,0.3737885653972626
UCC,0.4991157054901123
UCG,0.7698259353637695
UCU,0.3076256215572357
UGC,0.6917044520378113
UGG,0.31890836358070374
UGU,0.9497363567352295
UUA,0.5705127120018005
UUC,0.3412063419818878
UUG,0.26252418756484985
UUU,0.5709323287010193
