codon,average_decoding_time
AAA,0.4511488676071167
AAC,0.32205069065093994
AAG,0.22888509929180145
AAU,0.5535005331039429
ACA,0.34669214487075806
ACC,0.4405854344367981
ACG,0.6773674488067627
ACU,0.22808440029621124
AGA,0.14646059274673462
AGC,1.323183536529541
AGG,1.5065462589263916
AGU,1.6207040548324585
AUA,0.43805330991744995
AUC,0.4530287981033325
AUG,0.539531946182251
AUU,0.2746931314468384
CAA,0.2951447069644928
CAC,0.36443543434143066
CAG,0.5629308819770813
CAU,0.5990196466445923
CCA,0.3064691722393036
CCC,1.6767252683639526
CCG,0.3841311037540436
CCU,1.6170554161071777
CGA,0.475909024477005
CGC,0.5006911158561707
CGG,1.162287712097168
CGU,0.27821922302246094
CUA,1.181628942489624
CUC,2.8444106578826904
CUG,1.1165555715560913
CUU,1.120403528213501
GAA,0.30090561509132385
GAC,0.27564871311187744
GAG,0.4583892524242401
GAU,0.5009490847587585
GCA,0.32367193698883057
GCC,0.47603070735931396
GCG,0.8315662741661072
GCU,0.2239188700914383
GGA,0.9839110970497131
GGC,0.16960659623146057
GGG,1.2920016050338745
GGU,0.3819499909877777
GUA,0.4008895456790924
GUC,0.4919312000274658
GUG,0.9644004106521606
GUU,0.2809140086174011
UAC,0.5246775150299072
UAU,0.7694103121757507
UCA,0.3721599280834198
UCC,0.49861589074134827
UCG,0.7651987671852112
UCU,0.30854788422584534
UGC,0.6910589337348938
UGG,0.31948408484458923
UGU,0.9463584423065186
UUA,0.566672146320343
UUC,0.33801567554473877
UUG,0.26115426421165466
UUU,0.5662162899971008
