codon,average_decoding_time
AAA,0.45026203989982605
AAC,0.32221928238868713
AAG,0.22910049557685852
AAU,0.5549222826957703
ACA,0.34711217880249023
ACC,0.4388768672943115
ACG,0.6544279456138611
ACU,0.22749456763267517
AGA,0.1466093510389328
AGC,1.3262168169021606
AGG,1.5036576986312866
AGU,1.6157201528549194
AUA,0.4371946454048157
AUC,0.4528558850288391
AUG,0.5406348705291748
AUU,0.2750600278377533
CAA,0.2953869700431824
CAC,0.362702876329422
CAG,0.5675395131111145
CAU,0.6000931859016418
CCA,0.3095797002315521
CCC,1.6719862222671509
CCG,0.42874711751937866
CCU,1.6240187883377075
CGA,0.4748055338859558
CGC,0.5031824111938477
CGG,1.1630953550338745
CGU,0.2775283455848694
CUA,1.1794508695602417
CUC,2.8548827171325684
CUG,1.1191158294677734
CUU,1.1149137020111084
GAA,0.2706032693386078
GAC,0.2775978147983551
GAG,0.4317808151245117
GAU,0.5010798573493958
GCA,0.32049739360809326
GCC,0.4433630108833313
GCG,0.6956573724746704
GCU,0.20562845468521118
GGA,0.8030874133110046
GGC,0.14597639441490173
GGG,1.1919090747833252
GGU,0.3579617440700531
GUA,0.32187598943710327
GUC,0.4129687249660492
GUG,0.7507809400558472
GUU,0.210083469748497
UAC,0.5208114385604858
UAU,0.7721394300460815
UCA,0.374557763338089
UCC,0.49890223145484924
UCG,0.7717357873916626
UCU,0.3074391484260559
UGC,0.6865877509117126
UGG,0.3179342448711395
UGU,0.9515531063079834
UUA,0.5655303001403809
UUC,0.34037265181541443
UUG,0.320723295211792
UUU,0.5717894434928894
