codon,average_decoding_time
AAA,0.45413410663604736
AAC,0.3237510621547699
AAG,0.15962626039981842
AAU,0.5508499145507812
ACA,0.3462629020214081
ACC,0.43937426805496216
ACG,0.5646653771400452
ACU,0.22827695310115814
AGA,0.14628317952156067
AGC,1.317978024482727
AGG,1.506137490272522
AGU,1.625627040863037
AUA,0.4390323758125305
AUC,0.4521937370300293
AUG,0.5447731614112854
AUU,0.2754938006401062
CAA,0.2964576184749603
CAC,0.3658844828605652
CAG,2.1411235332489014
CAU,0.597173273563385
CCA,0.3092080354690552
CCC,1.670457363128662
CCG,1.4109069108963013
CCU,1.6299159526824951
CGA,0.4724818766117096
CGC,0.5033904910087585
CGG,1.16386878490448
CGU,0.27758410573005676
CUA,1.1806107759475708
CUC,2.845024347305298
CUG,1.1184440851211548
CUU,1.1193928718566895
GAA,0.3005366027355194
GAC,0.27664294838905334
GAG,1.9345790147781372
GAU,0.5033797025680542
GCA,0.32315996289253235
GCC,0.4766426086425781
GCG,0.7292706370353699
GCU,0.22484862804412842
GGA,0.9818075895309448
GGC,0.17039236426353455
GGG,1.302525520324707
GGU,0.3821312189102173
GUA,0.4016140103340149
GUC,0.49127140641212463
GUG,0.9671979546546936
GUU,0.28083616495132446
UAC,0.5224639177322388
UAU,0.7740437984466553
UCA,0.3745540380477905
UCC,0.4968079626560211
UCG,0.7712268829345703
UCU,0.30638986825942993
UGC,0.6865931153297424
UGG,0.31855690479278564
UGU,0.9470710754394531
UUA,0.5635479092597961
UUC,0.3379409909248352
UUG,0.2611149549484253
UUU,0.5725617408752441
