codon,average_decoding_time
AAA,0.4490681290626526
AAC,0.3218406140804291
AAG,0.22834083437919617
AAU,0.5529645085334778
ACA,0.34657368063926697
ACC,0.4398190677165985
ACG,0.677498996257782
ACU,0.22140035033226013
AGA,0.1468331664800644
AGC,1.318977952003479
AGG,1.5033260583877563
AGU,1.6214425563812256
AUA,0.4401363134384155
AUC,0.45216700434684753
AUG,0.5115586519241333
AUU,0.2629663944244385
CAA,0.2961979806423187
CAC,0.36511456966400146
CAG,0.5648016929626465
CAU,0.5967897176742554
CCA,0.3083413541316986
CCC,1.6686190366744995
CCG,0.3850325644016266
CCU,1.3718525171279907
CGA,0.47513076663017273
CGC,0.5019723773002625
CGG,1.1635146141052246
CGU,0.2787224352359772
CUA,1.1837797164916992
CUC,2.850525379180908
CUG,1.0134917497634888
CUU,3.2130675315856934
GAA,0.29966580867767334
GAC,0.27595841884613037
GAG,0.46224480867385864
GAU,0.5000067353248596
GCA,0.3239992558956146
GCC,0.4753892123699188
GCG,0.8323656320571899
GCU,0.2527165710926056
GGA,0.9805458784103394
GGC,0.17070157825946808
GGG,1.2909414768218994
GGU,0.3824230432510376
GUA,0.40077874064445496
GUC,0.49099022150039673
GUG,1.8876153230667114
GUU,0.2687808871269226
UAC,0.3640270233154297
UAU,0.599932849407196
UCA,0.3708688020706177
UCC,0.4623492658138275
UCG,2.05019474029541
UCU,0.2429143339395523
UGC,0.5006834864616394
UGG,0.18019503355026245
UGU,0.7488255500793457
UUA,0.5110225677490234
UUC,0.2971974015235901
UUG,0.192165344953537
UUU,0.5238617658615112
