codon,average_decoding_time
AAA,0.4500119388103485
AAC,0.3237849473953247
AAG,0.22772040963172913
AAU,0.5522265434265137
ACA,0.3471415936946869
ACC,0.4408842623233795
ACG,0.6524224877357483
ACU,0.2228700965642929
AGA,0.146681547164917
AGC,1.3234107494354248
AGG,1.504988431930542
AGU,1.620216727256775
AUA,0.440999299287796
AUC,0.45352703332901
AUG,0.5132203698158264
AUU,0.2621922791004181
CAA,0.29561159014701843
CAC,0.3655262887477875
CAG,0.5656347870826721
CAU,0.5971010327339172
CCA,0.30821073055267334
CCC,1.672682285308838
CCG,0.4267229437828064
CCU,1.3681747913360596
CGA,0.4753556251525879
CGC,0.5029028654098511
CGG,1.1672325134277344
CGU,0.2798725962638855
CUA,1.1781697273254395
CUC,2.852865219116211
CUG,1.056169867515564
CUU,3.2096853256225586
GAA,0.26862430572509766
GAC,0.27727457880973816
GAG,0.43004846572875977
GAU,0.501047670841217
GCA,0.32084542512893677
GCC,0.4452134072780609
GCG,0.6565271615982056
GCU,0.22651050984859467
GGA,0.7998607754707336
GGC,0.14665284752845764
GGG,1.1926753520965576
GGU,0.35916653275489807
GUA,0.32105135917663574
GUC,0.4134218394756317
GUG,1.6209454536437988
GUU,0.1964816153049469
UAC,0.36585721373558044
UAU,0.5988942384719849
UCA,0.36840957403182983
UCC,0.46552687883377075
UCG,2.0562517642974854
UCU,0.24408626556396484
UGC,0.5044404864311218
UGG,0.18147386610507965
UGU,0.7469984889030457
UUA,0.5106574892997742
UUC,0.29764875769615173
UUG,0.19869951903820038
UUU,0.5241485834121704
