codon,average_decoding_time
AAA,0.451063334941864
AAC,0.3226630985736847
AAG,0.22785025835037231
AAU,0.5511291027069092
ACA,0.3468931317329407
ACC,0.43885335326194763
ACG,0.6520336866378784
ACU,0.22184640169143677
AGA,0.1453973799943924
AGC,1.329238772392273
AGG,1.516274094581604
AGU,1.6154381036758423
AUA,0.438933789730072
AUC,0.45213833451271057
AUG,0.5435576438903809
AUU,0.26266586780548096
CAA,0.29554513096809387
CAC,0.3642962574958801
CAG,0.5660909414291382
CAU,0.5989614725112915
CCA,0.30887484550476074
CCC,1.671409010887146
CCG,0.4271167516708374
CCU,1.3727853298187256
CGA,0.4740859270095825
CGC,0.5002710223197937
CGG,1.1617323160171509
CGU,0.27722594141960144
CUA,1.1848170757293701
CUC,2.851177215576172
CUG,1.1165052652359009
CUU,3.2009615898132324
GAA,0.26941415667533875
GAC,0.2763034999370575
GAG,0.42839086055755615
GAU,0.5005159974098206
GCA,0.31982865929603577
GCC,0.4433923363685608
GCG,0.6961400508880615
GCU,0.22640910744667053
GGA,0.8036055564880371
GGC,0.1473075896501541
GGG,1.1959806680679321
GGU,0.35871627926826477
GUA,0.3235304653644562
GUC,0.41369110345840454
GUG,0.8357053995132446
GUU,0.19687671959400177
UAC,0.3638269901275635
UAU,0.6016893982887268
UCA,0.3681749105453491
UCC,0.4625769257545471
UCG,0.6332868337631226
UCU,0.242786705493927
UGC,0.5058202147483826
UGG,0.18127410113811493
UGU,0.748989462852478
UUA,0.5113529562950134
UUC,0.2981019914150238
UUG,0.21171261370182037
UUU,0.5213924050331116
