codon,average_decoding_time
AAA,0.4539998173713684
AAC,0.32179689407348633
AAG,0.15906484425067902
AAU,0.5512325763702393
ACA,0.34681054949760437
ACC,0.4396994411945343
ACG,0.5694436430931091
ACU,0.2265119105577469
AGA,0.14589959383010864
AGC,1.3195412158966064
AGG,1.5042880773544312
AGU,1.6167876720428467
AUA,0.4394470751285553
AUC,0.45226043462753296
AUG,0.5373125672340393
AUU,0.2753859758377075
CAA,0.29419073462486267
CAC,0.36515504121780396
CAG,2.1568734645843506
CAU,0.5975711941719055
CCA,0.30924731492996216
CCC,1.6704689264297485
CCG,1.4107904434204102
CCU,1.6192091703414917
CGA,0.4747471511363983
CGC,0.5037248730659485
CGG,1.1719590425491333
CGU,0.27799198031425476
CUA,1.1826512813568115
CUC,2.853623390197754
CUG,1.074942708015442
CUU,1.1228861808776855
GAA,0.30274176597595215
GAC,0.275579571723938
GAG,1.930631399154663
GAU,0.5018623471260071
GCA,0.32310816645622253
GCC,0.4766296148300171
GCG,0.7247277498245239
GCU,0.2233256697654724
GGA,0.983303427696228
GGC,0.16936500370502472
GGG,1.2921433448791504
GGU,0.3820473849773407
GUA,0.40113261342048645
GUC,0.49324801564216614
GUG,0.9606521725654602
GUU,0.2831166386604309
UAC,0.5218980312347412
UAU,0.773177981376648
UCA,0.37281855940818787
UCC,0.49911588430404663
UCG,0.7666047811508179
UCU,0.3067428171634674
UGC,0.6909716129302979
UGG,0.318707138299942
UGU,0.9531548619270325
UUA,0.5678128004074097
UUC,0.3406389355659485
UUG,0.26123562455177307
UUU,0.571165144443512
