codon,average_decoding_time
AAA,0.45034605264663696
AAC,0.3244791030883789
AAG,0.15961848199367523
AAU,0.5537939667701721
ACA,0.34685656428337097
ACC,0.44095832109451294
ACG,0.5694642663002014
ACU,0.22716234624385834
AGA,0.14661717414855957
AGC,1.3249284029006958
AGG,1.505838394165039
AGU,1.6217113733291626
AUA,0.43877238035202026
AUC,0.4540453851222992
AUG,0.5408907532691956
AUU,0.2746390700340271
CAA,0.29604125022888184
CAC,0.36487045884132385
CAG,2.1484768390655518
CAU,0.5959414839744568
CCA,0.30869680643081665
CCC,1.667649507522583
CCG,1.405477523803711
CCU,1.6236796379089355
CGA,0.47520551085472107
CGC,0.5022043585777283
CGG,1.168056845664978
CGU,0.2795906364917755
CUA,1.178972840309143
CUC,2.857970714569092
CUG,1.1146948337554932
CUU,1.1193609237670898
GAA,0.301244854927063
GAC,0.2766682505607605
GAG,1.9403706789016724
GAU,0.5004121661186218
GCA,0.32390499114990234
GCC,0.47502121329307556
GCG,0.7286802530288696
GCU,0.22343087196350098
GGA,0.9862399101257324
GGC,0.17041191458702087
GGG,1.3064824342727661
GGU,0.38273945450782776
GUA,0.40197494626045227
GUC,0.49210742115974426
GUG,0.9608261585235596
GUU,0.28311294317245483
UAC,0.5228846669197083
UAU,0.773409366607666
UCA,0.3718400299549103
UCC,0.49829569458961487
UCG,0.7709183692932129
UCU,0.3060125708580017
UGC,0.6908814311027527
UGG,0.31891366839408875
UGU,0.949176549911499
UUA,0.5700576305389404
UUC,0.33751359581947327
UUG,0.32105740904808044
UUU,0.5692408084869385
