codon,average_decoding_time
AAA,0.45121678709983826
AAC,0.3232428729534149
AAG,0.15889814496040344
AAU,0.5524994134902954
ACA,0.3470224142074585
ACC,0.43952885270118713
ACG,0.5696277618408203
ACU,0.2220921516418457
AGA,0.14660748839378357
AGC,1.3266596794128418
AGG,1.5074032545089722
AGU,1.618337869644165
AUA,0.4381621778011322
AUC,0.45230063796043396
AUG,0.5117394328117371
AUU,0.2625297009944916
CAA,0.29632052779197693
CAC,0.36521485447883606
CAG,2.1510355472564697
CAU,0.5988100171089172
CCA,0.308224618434906
CCC,1.6744304895401
CCG,1.415271282196045
CCU,1.372603178024292
CGA,0.4742479622364044
CGC,0.5044373869895935
CGG,1.1637966632843018
CGU,0.27789223194122314
CUA,1.1764672994613647
CUC,2.844534397125244
CUG,1.0608775615692139
CUU,3.2035131454467773
GAA,0.3023620545864105
GAC,0.2758180797100067
GAG,1.9336777925491333
GAU,0.49951833486557007
GCA,0.32292094826698303
GCC,0.47570666670799255
GCG,0.727827250957489
GCU,0.25305789709091187
GGA,0.9840834140777588
GGC,0.16950960457324982
GGG,1.2937482595443726
GGU,0.3846285045146942
GUA,0.4004679322242737
GUC,0.4941434860229492
GUG,1.8682163953781128
GUU,0.2703198492527008
UAC,0.3637848496437073
UAU,0.5995523929595947
UCA,0.37068575620651245
UCC,0.46205905079841614
UCG,2.0566933155059814
UCU,0.2441900074481964
UGC,0.5037801861763
UGG,0.1806723028421402
UGU,0.7498416900634766
UUA,0.5100220441818237
UUC,0.29601866006851196
UUG,0.22216081619262695
UUU,0.5230536460876465
