codon,average_decoding_time
AAA,0.4505225419998169
AAC,0.3255484402179718
AAG,0.2279338538646698
AAU,0.552092969417572
ACA,0.3461930453777313
ACC,0.4405340552330017
ACG,0.6550791263580322
ACU,0.22157372534275055
AGA,0.14629016816616058
AGC,1.3271373510360718
AGG,1.51252281665802
AGU,1.613053798675537
AUA,0.4359514117240906
AUC,0.45199254155158997
AUG,0.5403680205345154
AUU,0.2623691260814667
CAA,0.2948648929595947
CAC,0.3659970760345459
CAG,0.5673969984054565
CAU,0.5991101264953613
CCA,0.30828866362571716
CCC,1.6725759506225586
CCG,0.4269028902053833
CCU,1.3668943643569946
CGA,0.47425633668899536
CGC,0.5034803152084351
CGG,1.169840931892395
CGU,0.279764324426651
CUA,1.1802423000335693
CUC,2.8410706520080566
CUG,1.1183936595916748
CUU,3.208906888961792
GAA,0.2686835825443268
GAC,0.2781240940093994
GAG,0.4315660893917084
GAU,0.5000073313713074
GCA,0.31909844279289246
GCC,0.4471496045589447
GCG,0.6976574063301086
GCU,0.22638726234436035
GGA,0.801091194152832
GGC,0.14759236574172974
GGG,1.192221760749817
GGU,0.35839971899986267
GUA,0.3212504982948303
GUC,0.41431811451911926
GUG,0.7488179802894592
GUU,0.19658127427101135
UAC,0.3635118007659912
UAU,0.5996973514556885
UCA,0.3700116276741028
UCC,0.463566392660141
UCG,0.6359238028526306
UCU,0.2418999820947647
UGC,0.5023945569992065
UGG,0.1808111071586609
UGU,0.7466111183166504
UUA,0.50694739818573
UUC,0.2965874969959259
UUG,0.2403760403394699
UUU,0.5222138166427612
