codon,average_decoding_time
AAA,0.4517960250377655
AAC,0.3221534788608551
AAG,0.15978960692882538
AAU,0.5539204478263855
ACA,0.3469175100326538
ACC,0.4405284821987152
ACG,0.5686295032501221
ACU,0.2277175337076187
AGA,0.1459745168685913
AGC,1.3217581510543823
AGG,1.5020250082015991
AGU,1.6217433214187622
AUA,0.4384515881538391
AUC,0.45267295837402344
AUG,0.5388655662536621
AUU,0.27350425720214844
CAA,0.2956041693687439
CAC,0.36399057507514954
CAG,2.150012493133545
CAU,0.5994769334793091
CCA,0.307378351688385
CCC,1.676353931427002
CCG,1.4045003652572632
CCU,1.6167521476745605
CGA,0.47396180033683777
CGC,0.5020211935043335
CGG,1.1731994152069092
CGU,0.27708449959754944
CUA,1.1827794313430786
CUC,2.8500962257385254
CUG,1.078800916671753
CUU,1.1236200332641602
GAA,0.30115535855293274
GAC,0.27653518319129944
GAG,1.932447075843811
GAU,0.5015338063240051
GCA,0.32412266731262207
GCC,0.4763421416282654
GCG,0.7286413908004761
GCU,0.22488243877887726
GGA,0.9853024482727051
GGC,0.16999556124210358
GGG,1.2880922555923462
GGU,0.38184234499931335
GUA,0.4024733304977417
GUC,0.49269214272499084
GUG,0.9686994552612305
GUU,0.28197625279426575
UAC,0.5243244767189026
UAU,0.770697832107544
UCA,0.37404483556747437
UCC,0.49733710289001465
UCG,0.7685631513595581
UCU,0.3089980185031891
UGC,0.6889397501945496
UGG,0.3176540732383728
UGU,0.949908971786499
UUA,0.5681631565093994
UUC,0.34057125449180603
UUG,0.26225951313972473
UUU,0.5725669860839844
