codon,average_decoding_time
AAA,0.4505646228790283
AAC,0.3231221139431
AAG,0.22773151099681854
AAU,0.5532971620559692
ACA,0.34725311398506165
ACC,0.44227924942970276
ACG,0.6756647825241089
ACU,0.22817322611808777
AGA,0.1458422690629959
AGC,1.3256131410598755
AGG,1.5034034252166748
AGU,1.625353455543518
AUA,0.43836432695388794
AUC,0.4534412622451782
AUG,0.5117981433868408
AUU,0.2757312059402466
CAA,0.29524773359298706
CAC,0.3650139570236206
CAG,0.5632677674293518
CAU,0.5980345010757446
CCA,0.3058165907859802
CCC,1.6669529676437378
CCG,0.38372671604156494
CCU,1.6239186525344849
CGA,0.4741562008857727
CGC,0.5030214190483093
CGG,1.1661428213119507
CGU,0.27747440338134766
CUA,1.1876147985458374
CUC,2.8497159481048584
CUG,1.0150890350341797
CUU,1.116864562034607
GAA,0.3004385828971863
GAC,0.2780335247516632
GAG,0.4614647924900055
GAU,0.5022462606430054
GCA,0.32206520438194275
GCC,0.4754860997200012
GCG,0.8312824964523315
GCU,0.22534500062465668
GGA,0.9842877388000488
GGC,0.16989034414291382
GGG,1.3067302703857422
GGU,0.3815164864063263
GUA,0.40128129720687866
GUC,0.4943421185016632
GUG,1.8678687810897827
GUU,0.28247520327568054
UAC,0.5254882574081421
UAU,0.7707761526107788
UCA,0.3733426630496979
UCC,0.49960994720458984
UCG,2.5329132080078125
UCU,0.3080633878707886
UGC,0.6888556480407715
UGG,0.3182092010974884
UGU,0.9469679594039917
UUA,0.5667558312416077
UUC,0.3380296230316162
UUG,0.25115522742271423
UUU,0.5702803134918213
