codon,average_decoding_time
AAA,0.4519028067588806
AAC,0.3244127929210663
AAG,0.1594018042087555
AAU,0.552252471446991
ACA,0.34806886315345764
ACC,0.44043686985969543
ACG,0.5679671764373779
ACU,0.22062082588672638
AGA,0.14608372747898102
AGC,1.3202787637710571
AGG,1.5043749809265137
AGU,1.6210740804672241
AUA,0.43860766291618347
AUC,0.45267820358276367
AUG,0.5138409733772278
AUU,0.2626187205314636
CAA,0.2956298291683197
CAC,0.36513790488243103
CAG,2.1438069343566895
CAU,0.5992445349693298
CCA,0.3089035153388977
CCC,1.6799689531326294
CCG,1.4091978073120117
CCU,1.3707889318466187
CGA,0.4746535122394562
CGC,0.5017234683036804
CGG,1.1627521514892578
CGU,0.2780201733112335
CUA,1.175904631614685
CUC,2.8456993103027344
CUG,1.0596851110458374
CUU,3.206477165222168
GAA,0.29985564947128296
GAC,0.27683398127555847
GAG,1.947556734085083
GAU,0.5008376836776733
GCA,0.3239980936050415
GCC,0.4752345383167267
GCG,0.72738116979599
GCU,0.25522980093955994
GGA,0.9859349727630615
GGC,0.170212984085083
GGG,1.3034477233886719
GGU,0.3837548494338989
GUA,0.39970430731773376
GUC,0.4919658899307251
GUG,1.8609923124313354
GUU,0.2697453498840332
UAC,0.3650367259979248
UAU,0.5958720445632935
UCA,0.3704105615615845
UCC,0.46284928917884827
UCG,2.063791275024414
UCU,0.24286013841629028
UGC,0.5007319450378418
UGG,0.18017633259296417
UGU,0.7468692064285278
UUA,0.5119830369949341
UUC,0.29577165842056274
UUG,0.19931769371032715
UUU,0.5243791341781616
