codon,average_decoding_time
AAA,0.45326218008995056
AAC,0.32274487614631653
AAG,0.1594679057598114
AAU,0.5523673295974731
ACA,0.34646230936050415
ACC,0.4385907053947449
ACG,0.570495069026947
ACU,0.22624871134757996
AGA,0.14668166637420654
AGC,1.326830506324768
AGG,1.5113108158111572
AGU,1.626041054725647
AUA,0.43718743324279785
AUC,0.45152315497398376
AUG,0.5088077783584595
AUU,0.275307297706604
CAA,0.29544851183891296
CAC,0.3662835657596588
CAG,2.144700050354004
CAU,0.5990989208221436
CCA,0.30891767144203186
CCC,1.6675366163253784
CCG,1.4006321430206299
CCU,1.6235527992248535
CGA,0.4721040725708008
CGC,0.501657247543335
CGG,1.1691083908081055
CGU,0.27682772278785706
CUA,1.1835671663284302
CUC,2.846877098083496
CUG,1.014808177947998
CUU,1.1178970336914062
GAA,0.3024306893348694
GAC,0.277698278427124
GAG,1.9411863088607788
GAU,0.5021985769271851
GCA,0.32309287786483765
GCC,0.47465941309928894
GCG,0.7323994636535645
GCU,0.2231169193983078
GGA,0.9856221079826355
GGC,0.1701599657535553
GGG,1.301034688949585
GGU,0.3834801912307739
GUA,0.4015377461910248
GUC,0.4921238422393799
GUG,1.8659965991973877
GUU,0.2827475368976593
UAC,0.5209977626800537
UAU,0.7742093801498413
UCA,0.3746481239795685
UCC,0.49892282485961914
UCG,2.5440566539764404
UCU,0.3068622946739197
UGC,0.6831238865852356
UGG,0.3196176290512085
UGU,0.9480745196342468
UUA,0.5691325664520264
UUC,0.3373393714427948
UUG,0.30582717061042786
UUU,0.5722750425338745
