codon,average_decoding_time
AAA,0.45166176557540894
AAC,0.325042188167572
AAG,0.2276221662759781
AAU,0.5520309805870056
ACA,0.34742429852485657
ACC,0.43865129351615906
ACG,0.6727619767189026
ACU,0.22761453688144684
AGA,0.14661164581775665
AGC,1.3241854906082153
AGG,1.5095387697219849
AGU,1.6274981498718262
AUA,0.439848393201828
AUC,0.45312929153442383
AUG,0.5418510437011719
AUU,0.2745875120162964
CAA,0.2951381504535675
CAC,0.36433854699134827
CAG,0.5674945116043091
CAU,0.5977943539619446
CCA,0.30837953090667725
CCC,1.674038290977478
CCG,0.3834092915058136
CCU,1.6174876689910889
CGA,0.4727689027786255
CGC,0.5002506375312805
CGG,1.16588294506073
CGU,0.2779361307621002
CUA,1.1779632568359375
CUC,2.8434972763061523
CUG,1.0767536163330078
CUU,1.12098228931427
GAA,0.3033970892429352
GAC,0.2779901325702667
GAG,0.46089184284210205
GAU,0.503200888633728
GCA,0.32209911942481995
GCC,0.47453755140304565
GCG,0.8321759104728699
GCU,0.22380025684833527
GGA,0.9810777306556702
GGC,0.1698858141899109
GGG,1.2969427108764648
GGU,0.3825288712978363
GUA,0.40027499198913574
GUC,0.4923765957355499
GUG,0.9598702192306519
GUU,0.28245362639427185
UAC,0.5263652801513672
UAU,0.7746513485908508
UCA,0.37433457374572754
UCC,0.5002362132072449
UCG,0.7656278610229492
UCU,0.30623313784599304
UGC,0.686311662197113
UGG,0.31841203570365906
UGU,0.9466234445571899
UUA,0.5677735209465027
UUC,0.33810195326805115
UUG,0.32299116253852844
UUU,0.5688433647155762
