codon,average_decoding_time
AAA,0.45226648449897766
AAC,0.3228677809238434
AAG,0.22808542847633362
AAU,0.5535808801651001
ACA,0.34856855869293213
ACC,0.44057145714759827
ACG,0.6533211469650269
ACU,0.2267443686723709
AGA,0.1460779309272766
AGC,1.3231691122055054
AGG,1.5122395753860474
AGU,1.618731141090393
AUA,0.44000616669654846
AUC,0.4530262053012848
AUG,0.5114216208457947
AUU,0.27598920464515686
CAA,0.2947891354560852
CAC,0.3645341694355011
CAG,0.5640684962272644
CAU,0.6019074320793152
CCA,0.30794599652290344
CCC,1.676992654800415
CCG,0.4271303415298462
CCU,1.6215837001800537
CGA,0.4743087589740753
CGC,0.5029430389404297
CGG,1.168487787246704
CGU,0.2772783935070038
CUA,1.179991364479065
CUC,2.847193717956543
CUG,1.0546635389328003
CUU,1.1171149015426636
GAA,0.27087441086769104
GAC,0.27633288502693176
GAG,0.429436057806015
GAU,0.5015886425971985
GCA,0.31952857971191406
GCC,0.44607436656951904
GCG,0.6552689075469971
GCU,0.20631732046604156
GGA,0.7999318838119507
GGC,0.14796476066112518
GGG,1.1909648180007935
GGU,0.3597089350223541
GUA,0.32103151082992554
GUC,0.4140317142009735
GUG,1.6235533952713013
GUU,0.21126598119735718
UAC,0.5257681608200073
UAU,0.7742807865142822
UCA,0.37271562218666077
UCC,0.4980160892009735
UCG,2.562377452850342
UCU,0.3058595359325409
UGC,0.6878510117530823
UGG,0.3199502229690552
UGU,0.9512816667556763
UUA,0.5670694708824158
UUC,0.33946657180786133
UUG,0.2516692280769348
UUU,0.5680332779884338
