codon,average_decoding_time
AAA,0.4526488184928894
AAC,0.32379424571990967
AAG,0.22730711102485657
AAU,0.5535486340522766
ACA,0.34703168272972107
ACC,0.43874117732048035
ACG,0.674063503742218
ACU,0.22570189833641052
AGA,0.14677350223064423
AGC,1.3299347162246704
AGG,1.504734992980957
AGU,1.6252859830856323
AUA,0.43809762597084045
AUC,0.45273274183273315
AUG,0.5101300477981567
AUU,0.27646949887275696
CAA,0.2977815568447113
CAC,0.36402398347854614
CAG,0.5637704133987427
CAU,0.6006271243095398
CCA,0.30924636125564575
CCC,1.6774851083755493
CCG,0.3841102719306946
CCU,1.6247203350067139
CGA,0.4743591547012329
CGC,0.5025681853294373
CGG,1.166070818901062
CGU,0.27919256687164307
CUA,1.1805381774902344
CUC,2.851161479949951
CUG,1.0593481063842773
CUU,1.1215195655822754
GAA,0.3005397319793701
GAC,0.27645134925842285
GAG,0.4615754187107086
GAU,0.501512885093689
GCA,0.32387375831604004
GCC,0.4744127690792084
GCG,0.8333152532577515
GCU,0.22349634766578674
GGA,0.9865980744361877
GGC,0.1687854677438736
GGG,1.2998167276382446
GGU,0.3823185861110687
GUA,0.40051934123039246
GUC,0.49312061071395874
GUG,1.871670126914978
GUU,0.28171077370643616
UAC,0.5232333540916443
UAU,0.7678863406181335
UCA,0.3732508718967438
UCC,0.49988406896591187
UCG,2.545232057571411
UCU,0.306684672832489
UGC,0.6878276467323303
UGG,0.31710031628608704
UGU,0.9509221911430359
UUA,0.5659792423248291
UUC,0.33721259236335754
UUG,0.3051590621471405
UUU,0.5714706778526306
