codon,average_decoding_time
AAA,0.4512719511985779
AAC,0.3233160376548767
AAG,0.22847962379455566
AAU,0.5526837110519409
ACA,0.3485858738422394
ACC,0.43946799635887146
ACG,0.6555864214897156
ACU,0.22779445350170135
AGA,0.14646217226982117
AGC,1.3229049444198608
AGG,1.5061968564987183
AGU,1.6193885803222656
AUA,0.4377319812774658
AUC,0.4554890990257263
AUG,0.5128465890884399
AUU,0.2747279405593872
CAA,0.2951287031173706
CAC,0.36423608660697937
CAG,0.5677835941314697
CAU,0.599894106388092
CCA,0.3104294240474701
CCC,1.6716018915176392
CCG,0.42789793014526367
CCU,1.6186156272888184
CGA,0.47561395168304443
CGC,0.5032119750976562
CGG,1.1639702320098877
CGU,0.27685415744781494
CUA,1.1774513721466064
CUC,2.8461387157440186
CUG,1.0159419775009155
CUU,1.1234891414642334
GAA,0.2694883942604065
GAC,0.2768038213253021
GAG,0.42984628677368164
GAU,0.5001329183578491
GCA,0.32011592388153076
GCC,0.44540002942085266
GCG,0.6532045006752014
GCU,0.20518429577350616
GGA,0.7996028661727905
GGC,0.14786484837532043
GGG,1.1980228424072266
GGU,0.3588639497756958
GUA,0.32239794731140137
GUC,0.4111824333667755
GUG,1.46077561378479
GUU,0.21023231744766235
UAC,0.5225939154624939
UAU,0.7736894488334656
UCA,0.3727610111236572
UCC,0.49955517053604126
UCG,2.5401594638824463
UCU,0.3078748881816864
UGC,0.69222092628479
UGG,0.31780460476875305
UGU,0.9494282007217407
UUA,0.5711157321929932
UUC,0.3384089171886444
UUG,0.3062029778957367
UUU,0.570280134677887
