codon,average_decoding_time
AAA,0.45180514454841614
AAC,0.32370367646217346
AAG,0.22808046638965607
AAU,0.5522124171257019
ACA,0.346844881772995
ACC,0.4404856562614441
ACG,0.6746094822883606
ACU,0.22207023203372955
AGA,0.14606475830078125
AGC,1.323118805885315
AGG,1.5013158321380615
AGU,1.6238619089126587
AUA,0.4377231001853943
AUC,0.4520496129989624
AUG,0.5089282989501953
AUU,0.2627984881401062
CAA,0.2961324155330658
CAC,0.36408352851867676
CAG,0.5634375214576721
CAU,0.5988599061965942
CCA,0.3052515387535095
CCC,1.6637080907821655
CCG,0.38489481806755066
CCU,1.3660380840301514
CGA,0.47393450140953064
CGC,0.5017315745353699
CGG,1.168370008468628
CGU,0.27727338671684265
CUA,1.1799025535583496
CUC,2.8507039546966553
CUG,1.0181668996810913
CUU,3.208806276321411
GAA,0.3008783459663391
GAC,0.2755509316921234
GAG,0.4589875042438507
GAU,0.5003660917282104
GCA,0.3240387439727783
GCC,0.47489088773727417
GCG,0.8319993019104004
GCU,0.2525634467601776
GGA,0.9803782105445862
GGC,0.16939549148082733
GGG,1.2936029434204102
GGU,0.3833383321762085
GUA,0.4020976126194
GUC,0.49226078391075134
GUG,1.8783949613571167
GUU,0.26925185322761536
UAC,0.3666974604129791
UAU,0.5981491208076477
UCA,0.36979010701179504
UCC,0.4624284505844116
UCG,2.0594992637634277
UCU,0.24243146181106567
UGC,0.5037679076194763
UGG,0.18041080236434937
UGU,0.7518529891967773
UUA,0.5103887319564819
UUC,0.2962576746940613
UUG,0.21050572395324707
UUU,0.524779200553894
