codon,average_decoding_time
AAA,0.4542645215988159
AAC,0.32375502586364746
AAG,0.22833208739757538
AAU,0.5527738332748413
ACA,0.34755739569664
ACC,0.43996524810791016
ACG,0.6524044275283813
ACU,0.22154641151428223
AGA,0.14533421397209167
AGC,1.322290301322937
AGG,1.5121344327926636
AGU,1.6180709600448608
AUA,0.4398339092731476
AUC,0.4522958993911743
AUG,0.5099747180938721
AUU,0.2625783681869507
CAA,0.29566437005996704
CAC,0.36551347374916077
CAG,0.5652909874916077
CAU,0.5993914008140564
CCA,0.30928143858909607
CCC,1.6692445278167725
CCG,0.4282917082309723
CCU,1.3690229654312134
CGA,0.47464659810066223
CGC,0.5040415525436401
CGG,1.169614553451538
CGU,0.2771962285041809
CUA,1.1844639778137207
CUC,2.848555088043213
CUG,1.0550638437271118
CUU,3.2059834003448486
GAA,0.2689402103424072
GAC,0.2761470079421997
GAG,0.4283749461174011
GAU,0.5004798173904419
GCA,0.3198590874671936
GCC,0.4466817080974579
GCG,0.6562829613685608
GCU,0.2263668179512024
GGA,0.8035274744033813
GGC,0.14756344258785248
GGG,1.1861753463745117
GGU,0.3586733937263489
GUA,0.32181093096733093
GUC,0.41320422291755676
GUG,1.6131494045257568
GUU,0.19798891246318817
UAC,0.36527204513549805
UAU,0.5979689955711365
UCA,0.3707667291164398
UCC,0.462638795375824
UCG,2.0494191646575928
UCU,0.24344320595264435
UGC,0.5028243660926819
UGG,0.18055599927902222
UGU,0.7489711046218872
UUA,0.5099490880966187
UUC,0.2978293299674988
UUG,0.19904009997844696
UUU,0.5230498909950256
