codon,average_decoding_time
AAA,0.4516538679599762
AAC,0.3222452998161316
AAG,0.22729134559631348
AAU,0.5544826984405518
ACA,0.34509938955307007
ACC,0.43766090273857117
ACG,0.65376216173172
ACU,0.22812721133232117
AGA,0.14682932198047638
AGC,1.319166660308838
AGG,1.506588339805603
AGU,1.620329737663269
AUA,0.4388905167579651
AUC,0.4516073167324066
AUG,0.5399393439292908
AUU,0.27693426609039307
CAA,0.2964925467967987
CAC,0.36471545696258545
CAG,0.566616952419281
CAU,0.5978907346725464
CCA,0.3099723756313324
CCC,1.6718424558639526
CCG,0.4279129207134247
CCU,1.623180627822876
CGA,0.47468605637550354
CGC,0.5021957159042358
CGG,1.1603469848632812
CGU,0.27817532420158386
CUA,1.178271770477295
CUC,2.8534936904907227
CUG,1.1201547384262085
CUU,1.1169075965881348
GAA,0.2709456980228424
GAC,0.2771236002445221
GAG,0.43217745423316956
GAU,0.5006667375564575
GCA,0.3190311789512634
GCC,0.44534754753112793
GCG,0.6969102621078491
GCU,0.20643559098243713
GGA,0.7992256879806519
GGC,0.14745427668094635
GGG,1.191457748413086
GGU,0.35883766412734985
GUA,0.32108262181282043
GUC,0.41398459672927856
GUG,0.7516504526138306
GUU,0.21047349274158478
UAC,0.5263593792915344
UAU,0.7753602862358093
UCA,0.3736964464187622
UCC,0.499284565448761
UCG,0.7663672566413879
UCU,0.3094482719898224
UGC,0.6879885792732239
UGG,0.3190214931964874
UGU,0.9555978178977966
UUA,0.5657860040664673
UUC,0.340375155210495
UUG,0.32303762435913086
UUU,0.5716152191162109
