codon,average_decoding_time
AAA,0.45042991638183594
AAC,0.3246261477470398
AAG,0.22824101150035858
AAU,0.5536705255508423
ACA,0.3479847311973572
ACC,0.43858370184898376
ACG,0.6540889739990234
ACU,0.22754164040088654
AGA,0.1462133526802063
AGC,1.3250735998153687
AGG,1.504616618156433
AGU,1.6164474487304688
AUA,0.43873515725135803
AUC,0.45166799426078796
AUG,0.5378517508506775
AUU,0.27630358934402466
CAA,0.29676464200019836
CAC,0.365020751953125
CAG,0.564953088760376
CAU,0.5982364416122437
CCA,0.3075762689113617
CCC,1.6668524742126465
CCG,0.42895641922950745
CCU,1.629384160041809
CGA,0.47516199946403503
CGC,0.5029882192611694
CGG,1.1668790578842163
CGU,0.2770944833755493
CUA,1.1888465881347656
CUC,2.8484113216400146
CUG,1.0783783197402954
CUU,1.1180100440979004
GAA,0.26874223351478577
GAC,0.2765112519264221
GAG,0.4286362826824188
GAU,0.501298189163208
GCA,0.3196764886379242
GCC,0.44685855507850647
GCG,0.6972959637641907
GCU,0.20619270205497742
GGA,0.7969346642494202
GGC,0.14737428724765778
GGG,1.1862512826919556
GGU,0.3583950400352478
GUA,0.3216535449028015
GUC,0.4149077832698822
GUG,0.8318230509757996
GUU,0.21087603271007538
UAC,0.5241547226905823
UAU,0.7738820314407349
UCA,0.37341371178627014
UCC,0.5009625554084778
UCG,0.7673776745796204
UCU,0.3039654791355133
UGC,0.685968279838562
UGG,0.3174624741077423
UGU,0.9516153335571289
UUA,0.5662364959716797
UUC,0.3388412892818451
UUG,0.2616991102695465
UUU,0.5662755966186523
