codon,average_decoding_time
AAA,0.45231711864471436
AAC,0.32298287749290466
AAG,0.1594485491514206
AAU,0.552649736404419
ACA,0.34605497121810913
ACC,0.4392259418964386
ACG,0.5683766603469849
ACU,0.22038620710372925
AGA,0.1451590210199356
AGC,1.3286716938018799
AGG,1.5065815448760986
AGU,1.616084337234497
AUA,0.43843114376068115
AUC,0.452600359916687
AUG,0.5092878341674805
AUU,0.2624349892139435
CAA,0.2953256070613861
CAC,0.36524003744125366
CAG,2.1515800952911377
CAU,0.5981394648551941
CCA,0.30824989080429077
CCC,1.6725804805755615
CCG,1.4078606367111206
CCU,1.3703495264053345
CGA,0.474295049905777
CGC,0.5026091933250427
CGG,1.171015739440918
CGU,0.27798670530319214
CUA,1.1772239208221436
CUC,2.856060266494751
CUG,1.01656973361969
CUU,3.1981868743896484
GAA,0.29959172010421753
GAC,0.2763516306877136
GAG,1.9459224939346313
GAU,0.5013855695724487
GCA,0.3240284323692322
GCC,0.47633910179138184
GCG,0.726552426815033
GCU,0.25445258617401123
GGA,0.9816024899482727
GGC,0.16916349530220032
GGG,1.3008031845092773
GGU,0.38311487436294556
GUA,0.4007885456085205
GUC,0.4938311278820038
GUG,1.8653194904327393
GUU,0.2702346742153168
UAC,0.3648597300052643
UAU,0.5987809896469116
UCA,0.36890801787376404
UCC,0.46538177132606506
UCG,2.0509135723114014
UCU,0.2438969761133194
UGC,0.5038689970970154
UGG,0.18140064179897308
UGU,0.7517026662826538
UUA,0.5125859975814819
UUC,0.2948920428752899
UUG,0.19143855571746826
UUU,0.5220829844474792
