codon,average_decoding_time
AAA,0.4497487246990204
AAC,0.3248900771141052
AAG,0.1596447229385376
AAU,0.552361786365509
ACA,0.34700456261634827
ACC,0.4406786859035492
ACG,0.5688626766204834
ACU,0.22659586369991302
AGA,0.14627808332443237
AGC,1.3256930112838745
AGG,1.5055972337722778
AGU,1.6207939386367798
AUA,0.4386385977268219
AUC,0.4521186053752899
AUG,0.5422627925872803
AUU,0.27437087893486023
CAA,0.29660162329673767
CAC,0.36439865827560425
CAG,2.1390316486358643
CAU,0.5965919494628906
CCA,0.3072141408920288
CCC,1.6701842546463013
CCG,1.4042959213256836
CCU,1.6197444200515747
CGA,0.4737013280391693
CGC,0.5028488039970398
CGG,1.1609041690826416
CGU,0.27858966588974
CUA,1.1797256469726562
CUC,2.8490374088287354
CUG,1.1187467575073242
CUU,1.119096040725708
GAA,0.3029363751411438
GAC,0.2765854597091675
GAG,1.9448655843734741
GAU,0.5011844038963318
GCA,0.32285162806510925
GCC,0.47537168860435486
GCG,0.729385495185852
GCU,0.22433507442474365
GGA,0.9849128127098083
GGC,0.16970081627368927
GGG,1.3054698705673218
GGU,0.3837480843067169
GUA,0.4027925133705139
GUC,0.4910930097103119
GUG,0.9633824825286865
GUU,0.2837071418762207
UAC,0.5242940187454224
UAU,0.7698686718940735
UCA,0.3736344873905182
UCC,0.49897152185440063
UCG,0.7663213014602661
UCU,0.307026743888855
UGC,0.6869512796401978
UGG,0.31959137320518494
UGU,0.9479861855506897
UUA,0.5707058310508728
UUC,0.33977842330932617
UUG,0.3228551745414734
UUU,0.5680267810821533
