codon,average_decoding_time
AAA,0.4514193832874298
AAC,0.32154881954193115
AAG,0.22869333624839783
AAU,0.5518571734428406
ACA,0.3465915322303772
ACC,0.4387832283973694
ACG,0.6761005520820618
ACU,0.2279513031244278
AGA,0.1469307392835617
AGC,1.3241266012191772
AGG,1.5112019777297974
AGU,1.614184021949768
AUA,0.4401724338531494
AUC,0.45263761281967163
AUG,0.537263810634613
AUU,0.27619290351867676
CAA,0.29561302065849304
CAC,0.3624018430709839
CAG,0.563992440700531
CAU,0.5984687209129333
CCA,0.31032606959342957
CCC,1.6759527921676636
CCG,0.38313692808151245
CCU,1.6247832775115967
CGA,0.47484397888183594
CGC,0.5022242665290833
CGG,1.1633055210113525
CGU,0.2793821394443512
CUA,1.1795775890350342
CUC,2.854658365249634
CUG,1.1120591163635254
CUU,1.123596429824829
GAA,0.3001994788646698
GAC,0.2764902114868164
GAG,0.46123290061950684
GAU,0.5011711716651917
GCA,0.32324233651161194
GCC,0.47542497515678406
GCG,0.8296705484390259
GCU,0.22379443049430847
GGA,0.9849926829338074
GGC,0.17067302763462067
GGG,1.2973541021347046
GGU,0.38239121437072754
GUA,0.4005259871482849
GUC,0.4926503896713257
GUG,0.9609571695327759
GUU,0.28210344910621643
UAC,0.5247435569763184
UAU,0.7717157602310181
UCA,0.3746662139892578
UCC,0.49880218505859375
UCG,0.7692041397094727
UCU,0.30632540583610535
UGC,0.687730073928833
UGG,0.31815192103385925
UGU,0.951861560344696
UUA,0.5677239298820496
UUC,0.3398644030094147
UUG,0.2618722915649414
UUU,0.5710378289222717
