codon,average_decoding_time
AAA,0.45543619990348816
AAC,0.32420971989631653
AAG,0.16070672869682312
AAU,0.5557071566581726
ACA,0.34650856256484985
ACC,0.4392988383769989
ACG,0.5690932273864746
ACU,0.2211454063653946
AGA,0.14594006538391113
AGC,1.3213555812835693
AGG,1.5053645372390747
AGU,1.6255630254745483
AUA,0.43964633345603943
AUC,0.4510008990764618
AUG,0.5113875269889832
AUU,0.26267528533935547
CAA,0.2939552962779999
CAC,0.36635667085647583
CAG,2.145328998565674
CAU,0.5983598232269287
CCA,0.30827486515045166
CCC,1.668868899345398
CCG,1.4085320234298706
CCU,1.3673015832901
CGA,0.47168058156967163
CGC,0.5007385611534119
CGG,1.1685599088668823
CGU,0.2780185639858246
CUA,1.1779072284698486
CUC,2.8560662269592285
CUG,1.0158417224884033
CUU,3.217402458190918
GAA,0.29961878061294556
GAC,0.2762080132961273
GAG,1.9414267539978027
GAU,0.5007718205451965
GCA,0.32277795672416687
GCC,0.4749852418899536
GCG,0.728620171546936
GCU,0.2532363533973694
GGA,0.9841181039810181
GGC,0.16961923241615295
GGG,1.2947779893875122
GGU,0.3828723132610321
GUA,0.3997946083545685
GUC,0.491094172000885
GUG,1.8628009557724
GUU,0.26904889941215515
UAC,0.3664860129356384
UAU,0.5992056727409363
UCA,0.3688605725765228
UCC,0.46220558881759644
UCG,2.064269781112671
UCU,0.24224866926670074
UGC,0.5046588778495789
UGG,0.17999359965324402
UGU,0.7524969577789307
UUA,0.5140687823295593
UUC,0.2968585193157196
UUG,0.19285714626312256
UUU,0.5205714702606201
