codon,average_decoding_time
AAA,0.44944700598716736
AAC,0.32342997193336487
AAG,0.2278984785079956
AAU,0.553541898727417
ACA,0.34652048349380493
ACC,0.43719831109046936
ACG,0.6542083024978638
ACU,0.22800780832767487
AGA,0.1465258151292801
AGC,1.3248528242111206
AGG,1.507541298866272
AGU,1.6185476779937744
AUA,0.4383842647075653
AUC,0.45175984501838684
AUG,0.5139881372451782
AUU,0.2743520140647888
CAA,0.29575806856155396
CAC,0.3643898367881775
CAG,0.56617271900177
CAU,0.5993160009384155
CCA,0.3098503053188324
CCC,1.6735081672668457
CCG,0.42800018191337585
CCU,1.6210206747055054
CGA,0.47466176748275757
CGC,0.5003904700279236
CGG,1.1629561185836792
CGU,0.2782297134399414
CUA,1.1818187236785889
CUC,2.846423864364624
CUG,1.060370683670044
CUU,1.1117335557937622
GAA,0.2697134017944336
GAC,0.2769387364387512
GAG,0.4300183951854706
GAU,0.5017696022987366
GCA,0.31834086775779724
GCC,0.44614121317863464
GCG,0.655439555644989
GCU,0.20663724839687347
GGA,0.8009541630744934
GGC,0.14862723648548126
GGG,1.1901330947875977
GGU,0.35734936594963074
GUA,0.3223239779472351
GUC,0.41483423113822937
GUG,1.6292340755462646
GUU,0.2104749083518982
UAC,0.5225350856781006
UAU,0.7679179906845093
UCA,0.3737484812736511
UCC,0.4997260868549347
UCG,2.5429739952087402
UCU,0.30739665031433105
UGC,0.6911850571632385
UGG,0.32074403762817383
UGU,0.9490081071853638
UUA,0.5668965578079224
UUC,0.3418789803981781
UUG,0.2508840262889862
UUU,0.5707783699035645
