codon,average_decoding_time
AAA,0.45327386260032654
AAC,0.32407939434051514
AAG,0.22790050506591797
AAU,0.5525161623954773
ACA,0.346289724111557
ACC,0.4392176866531372
ACG,0.6524345278739929
ACU,0.22111272811889648
AGA,0.1464993804693222
AGC,1.3199195861816406
AGG,1.5078203678131104
AGU,1.6122050285339355
AUA,0.4378716051578522
AUC,0.452359139919281
AUG,0.5105428099632263
AUU,0.2633310854434967
CAA,0.29651543498039246
CAC,0.3653910160064697
CAG,0.5629367828369141
CAU,0.5992164611816406
CCA,0.3079748749732971
CCC,1.6707960367202759
CCG,0.4294603168964386
CCU,1.3689252138137817
CGA,0.4735896587371826
CGC,0.5012916922569275
CGG,1.1584813594818115
CGU,0.2774730324745178
CUA,1.1753220558166504
CUC,2.8502793312072754
CUG,1.0585163831710815
CUU,3.208256483078003
GAA,0.27044183015823364
GAC,0.2777768075466156
GAG,0.42879700660705566
GAU,0.5005459189414978
GCA,0.3205392062664032
GCC,0.4454362392425537
GCG,0.656069815158844
GCU,0.22681908309459686
GGA,0.7987571358680725
GGC,0.14803217351436615
GGG,1.1980559825897217
GGU,0.3585098683834076
GUA,0.32258886098861694
GUC,0.4152981638908386
GUG,1.4639103412628174
GUU,0.1960880011320114
UAC,0.36374717950820923
UAU,0.598863959312439
UCA,0.3692880868911743
UCC,0.46250930428504944
UCG,2.048952102661133
UCU,0.2412697821855545
UGC,0.5008111000061035
UGG,0.18056170642375946
UGU,0.7498986721038818
UUA,0.5110018253326416
UUC,0.29552939534187317
UUG,0.22196246683597565
UUU,0.5245815515518188
