codon,average_decoding_time
AAA,0.45292389392852783
AAC,0.3244130611419678
AAG,0.22852946817874908
AAU,0.5536543130874634
ACA,0.34735915064811707
ACC,0.4410055875778198
ACG,0.6561748385429382
ACU,0.22147268056869507
AGA,0.146311953663826
AGC,1.3261462450027466
AGG,1.510058879852295
AGU,1.6253122091293335
AUA,0.43969663977622986
AUC,0.45144420862197876
AUG,0.5122297406196594
AUU,0.26131924986839294
CAA,0.2958288788795471
CAC,0.36315298080444336
CAG,0.5661746263504028
CAU,0.599902868270874
CCA,0.3100649118423462
CCC,1.6716842651367188
CCG,0.4288831353187561
CCU,1.3711793422698975
CGA,0.47716960310935974
CGC,0.5025476813316345
CGG,1.1690038442611694
CGU,0.27779272198677063
CUA,1.1740022897720337
CUC,2.847726821899414
CUG,1.018244743347168
CUU,3.213364601135254
GAA,0.2687627971172333
GAC,0.27688655257225037
GAG,0.429529070854187
GAU,0.5010989308357239
GCA,0.3198448717594147
GCC,0.44479840993881226
GCG,0.6529731750488281
GCU,0.22676950693130493
GGA,0.7991668581962585
GGC,0.14701281487941742
GGG,1.1950557231903076
GGU,0.3580205738544464
GUA,0.32182708382606506
GUC,0.4145316779613495
GUG,1.4623167514801025
GUU,0.1984262764453888
UAC,0.3653959631919861
UAU,0.6005075573921204
UCA,0.36877813935279846
UCC,0.4636615216732025
UCG,2.038569450378418
UCU,0.24032166600227356
UGC,0.5009904503822327
UGG,0.18147535622119904
UGU,0.7500771284103394
UUA,0.5106969475746155
UUC,0.2965484857559204
UUG,0.2124241143465042
UUU,0.5245935916900635
