codon,average_decoding_time
AAA,0.4514816701412201
AAC,0.323844850063324
AAG,0.15959970653057098
AAU,0.5506882667541504
ACA,0.3478924334049225
ACC,0.440300852060318
ACG,0.5671454668045044
ACU,0.22894293069839478
AGA,0.14626985788345337
AGC,1.3206806182861328
AGG,1.5055811405181885
AGU,1.6212246417999268
AUA,0.4380112886428833
AUC,0.4532426595687866
AUG,0.5112472176551819
AUU,0.2759149372577667
CAA,0.2944132387638092
CAC,0.3646683096885681
CAG,2.1532866954803467
CAU,0.5980108380317688
CCA,0.3092087507247925
CCC,1.66996169090271
CCG,1.411341667175293
CCU,1.6235367059707642
CGA,0.47706928849220276
CGC,0.502644956111908
CGG,1.1673524379730225
CGU,0.27676868438720703
CUA,1.1836687326431274
CUC,2.8489346504211426
CUG,1.0543426275253296
CUU,1.1233148574829102
GAA,0.30106350779533386
GAC,0.2772428095340729
GAG,1.946329116821289
GAU,0.5005573034286499
GCA,0.32194754481315613
GCC,0.4737483561038971
GCG,0.731147050857544
GCU,0.22563357651233673
GGA,0.9781789183616638
GGC,0.169923335313797
GGG,1.2927016019821167
GGU,0.3824654817581177
GUA,0.40170004963874817
GUC,0.49281319975852966
GUG,1.8788211345672607
GUU,0.2820168435573578
UAC,0.5242182016372681
UAU,0.773321807384491
UCA,0.3735414147377014
UCC,0.49770691990852356
UCG,2.536512851715088
UCU,0.3081859350204468
UGC,0.6886678338050842
UGG,0.31938794255256653
UGU,0.9480615854263306
UUA,0.5686720013618469
UUC,0.33771541714668274
UUG,0.25022006034851074
UUU,0.5712939500808716
