codon,average_decoding_time
AAA,0.45224401354789734
AAC,0.32375606894493103
AAG,0.22774161398410797
AAU,0.5527056455612183
ACA,0.3472701907157898
ACC,0.44146886467933655
ACG,0.6521128416061401
ACU,0.22786535322666168
AGA,0.14621490240097046
AGC,1.3245537281036377
AGG,1.508192777633667
AGU,1.6198350191116333
AUA,0.43743667006492615
AUC,0.4535849988460541
AUG,0.5133652687072754
AUU,0.27552446722984314
CAA,0.29604506492614746
CAC,0.36649760603904724
CAG,0.5669834613800049
CAU,0.6014713644981384
CCA,0.30944570899009705
CCC,1.6713918447494507
CCG,0.42885953187942505
CCU,1.624564528465271
CGA,0.473887175321579
CGC,0.5022487640380859
CGG,1.1623636484146118
CGU,0.2785981297492981
CUA,1.184179663658142
CUC,2.863250255584717
CUG,1.062084436416626
CUU,1.120673656463623
GAA,0.269868940114975
GAC,0.27673041820526123
GAG,0.43034765124320984
GAU,0.5005760788917542
GCA,0.31971922516822815
GCC,0.4443994462490082
GCG,0.6563707590103149
GCU,0.20695242285728455
GGA,0.8005428314208984
GGC,0.14682379364967346
GGG,1.1966530084609985
GGU,0.35855230689048767
GUA,0.3218545913696289
GUC,0.41301149129867554
GUG,1.46047043800354
GUU,0.20979107916355133
UAC,0.5245106220245361
UAU,0.7717116475105286
UCA,0.37266260385513306
UCC,0.4988184869289398
UCG,2.5404727458953857
UCU,0.30686190724372864
UGC,0.6864032745361328
UGG,0.31916317343711853
UGU,0.9471818804740906
UUA,0.5658276081085205
UUC,0.3380527198314667
UUG,0.30552127957344055
UUU,0.5705394744873047
