codon,average_decoding_time
AAA,0.45448827743530273
AAC,0.3231503367424011
AAG,0.22774039208889008
AAU,0.5545179843902588
ACA,0.34724175930023193
ACC,0.4404115378856659
ACG,0.6756322383880615
ACU,0.22653986513614655
AGA,0.14690890908241272
AGC,1.3266369104385376
AGG,1.5114537477493286
AGU,1.60902738571167
AUA,0.4398248493671417
AUC,0.4529501497745514
AUG,0.5419377088546753
AUU,0.2751155197620392
CAA,0.29477614164352417
CAC,0.36496052145957947
CAG,0.5641786456108093
CAU,0.5979145169258118
CCA,0.3087257146835327
CCC,1.671154499053955
CCG,0.3840116262435913
CCU,1.627045750617981
CGA,0.47463199496269226
CGC,0.5009489059448242
CGG,1.162057876586914
CGU,0.2780536413192749
CUA,1.182930827140808
CUC,2.851646661758423
CUG,1.0728857517242432
CUU,1.1213423013687134
GAA,0.30025914311408997
GAC,0.2764330208301544
GAG,0.45951053500175476
GAU,0.502199113368988
GCA,0.32368093729019165
GCC,0.47553691267967224
GCG,0.8329759240150452
GCU,0.22476381063461304
GGA,0.9822098612785339
GGC,0.16951315104961395
GGG,1.2983253002166748
GGU,0.38292938470840454
GUA,0.4024013578891754
GUC,0.49312424659729004
GUG,0.959352433681488
GUU,0.28185614943504333
UAC,0.5231948494911194
UAU,0.7683877944946289
UCA,0.37639516592025757
UCC,0.4980181157588959
UCG,0.7698631882667542
UCU,0.3068912923336029
UGC,0.6869618892669678
UGG,0.3193136751651764
UGU,0.9500848650932312
UUA,0.5655020475387573
UUC,0.33850327134132385
UUG,0.2617476284503937
UUU,0.5687616467475891
