codon,average_decoding_time
AAA,0.45287322998046875
AAC,0.32305803894996643
AAG,0.16000580787658691
AAU,0.5538451671600342
ACA,0.3456288278102875
ACC,0.4397779703140259
ACG,0.5686403512954712
ACU,0.2208539992570877
AGA,0.14671829342842102
AGC,1.319112777709961
AGG,1.5072368383407593
AGU,1.622802972793579
AUA,0.4372204542160034
AUC,0.45383137464523315
AUG,0.5102285742759705
AUU,0.2622631788253784
CAA,0.296342670917511
CAC,0.36435210704803467
CAG,2.1476686000823975
CAU,0.5994867086410522
CCA,0.3092525601387024
CCC,1.6728709936141968
CCG,1.4096242189407349
CCU,1.3742427825927734
CGA,0.4741422235965729
CGC,0.5012946724891663
CGG,1.1663272380828857
CGU,0.2794439196586609
CUA,1.1803743839263916
CUC,2.8507490158081055
CUG,1.0149754285812378
CUU,3.208738327026367
GAA,0.30090194940567017
GAC,0.27782341837882996
GAG,1.932253122329712
GAU,0.5001105070114136
GCA,0.3224305212497711
GCC,0.47343680262565613
GCG,0.7263393998146057
GCU,0.2531435787677765
GGA,0.9754264950752258
GGC,0.16946709156036377
GGG,1.2969474792480469
GGU,0.3821435272693634
GUA,0.4016062021255493
GUC,0.49281519651412964
GUG,1.8729190826416016
GUU,0.26973047852516174
UAC,0.3646441698074341
UAU,0.6006203293800354
UCA,0.3704005777835846
UCC,0.4640780985355377
UCG,2.0524544715881348
UCU,0.2422880083322525
UGC,0.5017076134681702
UGG,0.18065236508846283
UGU,0.747711181640625
UUA,0.5077130198478699
UUC,0.2987944185733795
UUG,0.21225424110889435
UUU,0.5228376984596252
