codon,average_decoding_time
AAA,0.44961610436439514
AAC,0.3239283263683319
AAG,0.22758400440216064
AAU,0.5517473220825195
ACA,0.34650906920433044
ACC,0.4391874670982361
ACG,0.6740427613258362
ACU,0.22106921672821045
AGA,0.1466153860092163
AGC,1.3227092027664185
AGG,1.5004929304122925
AGU,1.621840476989746
AUA,0.4396701455116272
AUC,0.4534938633441925
AUG,0.5109848380088806
AUU,0.26277145743370056
CAA,0.2967907190322876
CAC,0.36437979340553284
CAG,0.5646896362304688
CAU,0.5996270179748535
CCA,0.30805855989456177
CCC,1.6679954528808594
CCG,0.38318106532096863
CCU,1.3728843927383423
CGA,0.47427964210510254
CGC,0.5029107928276062
CGG,1.1563079357147217
CGU,0.2786414921283722
CUA,1.179123878479004
CUC,2.8536808490753174
CUG,1.0547082424163818
CUU,3.2134337425231934
GAA,0.302091509103775
GAC,0.275992214679718
GAG,0.4616541862487793
GAU,0.49945124983787537
GCA,0.3244040310382843
GCC,0.47459617257118225
GCG,0.8370593786239624
GCU,0.2552770972251892
GGA,0.9846799969673157
GGC,0.16923406720161438
GGG,1.3041223287582397
GGU,0.3826817572116852
GUA,0.39960286021232605
GUC,0.4918815493583679
GUG,1.8696818351745605
GUU,0.2699759900569916
UAC,0.3647977411746979
UAU,0.5995240807533264
UCA,0.37082016468048096
UCC,0.4625665247440338
UCG,2.0489494800567627
UCU,0.24231892824172974
UGC,0.5008178949356079
UGG,0.18197347223758698
UGU,0.7485581040382385
UUA,0.5096350908279419
UUC,0.29578766226768494
UUG,0.1987757682800293
UUU,0.5225362777709961
