codon,average_decoding_time
AAA,0.4527161419391632
AAC,0.32522648572921753
AAG,0.15948861837387085
AAU,0.5519227981567383
ACA,0.34793391823768616
ACC,0.440365731716156
ACG,0.5694295167922974
ACU,0.22263605892658234
AGA,0.14671887457370758
AGC,1.3226045370101929
AGG,1.5072333812713623
AGU,1.6228091716766357
AUA,0.44055354595184326
AUC,0.4526345431804657
AUG,0.5100085139274597
AUU,0.2628847062587738
CAA,0.2956474721431732
CAC,0.36603206396102905
CAG,2.1405317783355713
CAU,0.599457323551178
CCA,0.3086942136287689
CCC,1.6758978366851807
CCG,1.4096678495407104
CCU,1.364762544631958
CGA,0.4737309515476227
CGC,0.5023118853569031
CGG,1.169334888458252
CGU,0.27892518043518066
CUA,1.1774442195892334
CUC,2.8592231273651123
CUG,1.057883858680725
CUU,3.206359386444092
GAA,0.30001139640808105
GAC,0.27701932191848755
GAG,1.9425257444381714
GAU,0.5018794536590576
GCA,0.3221112787723541
GCC,0.4760105013847351
GCG,0.7279011011123657
GCU,0.2547377645969391
GGA,0.9846284985542297
GGC,0.1694236546754837
GGG,1.299448847770691
GGU,0.3831251263618469
GUA,0.4008847177028656
GUC,0.49287351965904236
GUG,1.873660922050476
GUU,0.26873764395713806
UAC,0.36728742718696594
UAU,0.599085807800293
UCA,0.36895066499710083
UCC,0.4633844196796417
UCG,2.049203872680664
UCU,0.2418731451034546
UGC,0.5031323432922363
UGG,0.1814086139202118
UGU,0.7489683628082275
UUA,0.5108124017715454
UUC,0.295499712228775
UUG,0.19967828691005707
UUU,0.5220306515693665
