codon,average_decoding_time
AAA,0.4543187618255615
AAC,0.3232146203517914
AAG,0.22796392440795898
AAU,0.552269697189331
ACA,0.3478606641292572
ACC,0.4402746558189392
ACG,0.6557521820068359
ACU,0.2212384045124054
AGA,0.1453595906496048
AGC,1.3250324726104736
AGG,1.5157300233840942
AGU,1.6205296516418457
AUA,0.43918347358703613
AUC,0.45339202880859375
AUG,0.507392168045044
AUU,0.26247960329055786
CAA,0.29478392004966736
CAC,0.363960862159729
CAG,0.5677438378334045
CAU,0.5999718904495239
CCA,0.3095225393772125
CCC,1.6776272058486938
CCG,0.42455586791038513
CCU,1.3696843385696411
CGA,0.4729578495025635
CGC,0.5043820738792419
CGG,1.1590776443481445
CGU,0.27779826521873474
CUA,1.1785013675689697
CUC,2.851395845413208
CUG,1.0173832178115845
CUU,3.2105395793914795
GAA,0.2689094841480255
GAC,0.276110976934433
GAG,0.43182694911956787
GAU,0.4993104934692383
GCA,0.3205338716506958
GCC,0.444917768239975
GCG,0.6555655598640442
GCU,0.22614696621894836
GGA,0.8063147068023682
GGC,0.14739277958869934
GGG,1.1927510499954224
GGU,0.3588287830352783
GUA,0.32307520508766174
GUC,0.4145607352256775
GUG,1.4572176933288574
GUU,0.19878415763378143
UAC,0.3622599244117737
UAU,0.5987786054611206
UCA,0.37017327547073364
UCC,0.46350133419036865
UCG,2.0478432178497314
UCU,0.241573303937912
UGC,0.5005705952644348
UGG,0.18148230016231537
UGU,0.747582197189331
UUA,0.5085658431053162
UUC,0.2960463762283325
UUG,0.21036620438098907
UUU,0.5249491930007935
