codon,average_decoding_time
AAA,0.4517016112804413
AAC,0.3238728642463684
AAG,0.22824886441230774
AAU,0.5532008409500122
ACA,0.3465349078178406
ACC,0.3787800073623657
ACG,0.651193380355835
ACU,0.22723513841629028
AGA,0.14590908586978912
AGC,1.3256332874298096
AGG,1.5072187185287476
AGU,1.6200981140136719
AUA,0.43729257583618164
AUC,0.4655568301677704
AUG,0.5417836904525757
AUU,0.27459242939949036
CAA,0.4564023017883301
CAC,0.520630955696106
CAG,0.6328688263893127
CAU,0.7723296880722046
CCA,0.31289470195770264
CCC,1.9914783239364624
CCG,0.501045823097229
CCU,1.6498405933380127
CGA,0.5021118521690369
CGC,0.6255187392234802
CGG,1.8319531679153442
CGU,0.3863789737224579
CUA,1.3113428354263306
CUC,1.1653902530670166
CUG,1.3948520421981812
CUU,1.2446781396865845
GAA,0.26870596408843994
GAC,0.2766568064689636
GAG,0.42933356761932373
GAU,0.5028128623962402
GCA,0.3211987316608429
GCC,0.34834375977516174
GCG,0.6954627633094788
GCU,0.20607765018939972
GGA,0.8011593818664551
GGC,0.14732539653778076
GGG,1.1844443082809448
GGU,0.3574015200138092
GUA,0.3221452236175537
GUC,0.42699381709098816
GUG,0.8356403708457947
GUU,0.21011263132095337
UAC,0.5273134112358093
UAU,0.7715638279914856
UCA,0.3730508089065552
UCC,0.5365673303604126
UCG,0.7675846815109253
UCU,0.305514931678772
UGC,0.6904674768447876
UGG,0.3195296823978424
UGU,0.9499835968017578
UUA,0.5717519521713257
UUC,0.33993956446647644
UUG,0.26265886425971985
UUU,0.5700063109397888
