codon,average_decoding_time
AAA,0.45206859707832336
AAC,0.32319220900535583
AAG,0.22718685865402222
AAU,0.5511221289634705
ACA,0.3458060622215271
ACC,0.3776014745235443
ACG,0.6544330716133118
ACU,0.22137436270713806
AGA,0.14677982032299042
AGC,1.3231600522994995
AGG,1.5105109214782715
AGU,1.6166796684265137
AUA,0.4398815631866455
AUC,0.4645487070083618
AUG,0.5106703639030457
AUU,0.2618533670902252
CAA,0.4563378393650055
CAC,0.5241104364395142
CAG,0.6375366449356079
CAU,0.7728014588356018
CCA,0.31300869584083557
CCC,1.986358880996704
CCG,0.49759402871131897
CCU,1.5048942565917969
CGA,0.5011388659477234
CGC,0.6237332224845886
CGG,1.8333065509796143
CGU,0.38643375039100647
CUA,1.312371850013733
CUC,1.1671675443649292
CUG,1.3334708213806152
CUU,3.493021249771118
GAA,0.2700120210647583
GAC,0.2770279347896576
GAG,0.4294719994068146
GAU,0.5009151101112366
GCA,0.3206714689731598
GCC,0.34742194414138794
GCG,0.6579752564430237
GCU,0.2267378717660904
GGA,0.7947940826416016
GGC,0.14750224351882935
GGG,1.1912720203399658
GGU,0.3568478524684906
GUA,0.3221741318702698
GUC,0.42912739515304565
GUG,1.6250280141830444
GUU,0.19686664640903473
UAC,0.36334899067878723
UAU,0.5990821719169617
UCA,0.37001949548721313
UCC,0.526406466960907
UCG,2.052091121673584
UCU,0.24146144092082977
UGC,0.5020966529846191
UGG,0.18231520056724548
UGU,0.7489426732063293
UUA,0.5116562843322754
UUC,0.296077698469162
UUG,0.19242238998413086
UUU,0.5214824080467224
