codon,average_decoding_time
AAA,0.45400410890579224
AAC,0.3238053321838379
AAG,0.16002219915390015
AAU,0.5523166656494141
ACA,0.34829622507095337
ACC,0.37794774770736694
ACG,0.5702783465385437
ACU,0.2197129726409912
AGA,0.1462661176919937
AGC,1.324072241783142
AGG,1.5097393989562988
AGU,1.620388388633728
AUA,0.43998727202415466
AUC,0.4654720425605774
AUG,0.5417089462280273
AUU,0.26357635855674744
CAA,0.45805826783180237
CAC,0.5240895748138428
CAG,2.8801140785217285
CAU,0.7704899311065674
CCA,0.312410444021225
CCC,1.9841302633285522
CCG,1.6956852674484253
CCU,1.5082632303237915
CGA,0.5035921335220337
CGC,0.6238942742347717
CGG,1.8220505714416504
CGU,0.3874916434288025
CUA,1.3086068630218506
CUC,1.1591016054153442
CUG,1.3807405233383179
CUU,3.4747283458709717
GAA,0.30014610290527344
GAC,0.27555355429649353
GAG,1.9387609958648682
GAU,0.5013041496276855
GCA,0.3247891068458557
GCC,0.36505162715911865
GCG,0.7277550101280212
GCU,0.25539228320121765
GGA,0.9873707294464111
GGC,0.17018400132656097
GGG,1.2990803718566895
GGU,0.38177165389060974
GUA,0.4008617699146271
GUC,0.5099082589149475
GUG,0.9601206183433533
GUU,0.2692316472530365
UAC,0.3641098141670227
UAU,0.5997865200042725
UCA,0.36987602710723877
UCC,0.5285698175430298
UCG,0.6349615454673767
UCU,0.241910919547081
UGC,0.5028718113899231
UGG,0.1812192052602768
UGU,0.7491744756698608
UUA,0.511676549911499
UUC,0.2964755594730377
UUG,0.24070324003696442
UUU,0.5191575884819031
