codon,average_decoding_time
AAA,0.45283043384552
AAC,0.3217054009437561
AAG,0.15941862761974335
AAU,0.5523301362991333
ACA,0.3455730378627777
ACC,0.37828269600868225
ACG,0.5710006356239319
ACU,0.22749818861484528
AGA,0.14700384438037872
AGC,1.3273617029190063
AGG,1.5086355209350586
AGU,1.6264851093292236
AUA,0.43992504477500916
AUC,0.46624553203582764
AUG,0.5135758519172668
AUU,0.27628839015960693
CAA,0.4585611820220947
CAC,0.5252066254615784
CAG,2.88470721244812
CAU,0.773191511631012
CCA,0.3140483498573303
CCC,1.978892207145691
CCG,1.6965057849884033
CCU,1.6389344930648804
CGA,0.5036512613296509
CGC,0.6247945427894592
CGG,1.8367570638656616
CGU,0.38545891642570496
CUA,1.308030128479004
CUC,1.1572022438049316
CUG,1.3376355171203613
CUU,1.235349416732788
GAA,0.30249810218811035
GAC,0.2759081721305847
GAG,1.9391000270843506
GAU,0.5017347931861877
GCA,0.32439884543418884
GCC,0.366330623626709
GCG,0.7277320027351379
GCU,0.22417080402374268
GGA,0.9812938570976257
GGC,0.16950255632400513
GGG,1.3023502826690674
GGU,0.38323286175727844
GUA,0.39987924695014954
GUC,0.5097705721855164
GUG,1.8694548606872559
GUU,0.2832490801811218
UAC,0.5226585268974304
UAU,0.7715082168579102
UCA,0.3727915585041046
UCC,0.5369412899017334
UCG,2.554995059967041
UCU,0.3076366186141968
UGC,0.688353955745697
UGG,0.3200778067111969
UGU,0.9517590403556824
UUA,0.5685164928436279
UUC,0.33923882246017456
UUG,0.3038370907306671
UUU,0.570904552936554
