codon,average_decoding_time
AAA,0.4498603045940399
AAC,0.32253238558769226
AAG,0.2281816005706787
AAU,0.5521720051765442
ACA,0.346425324678421
ACC,0.37791475653648376
ACG,0.6727610230445862
ACU,0.22887173295021057
AGA,0.14588917791843414
AGC,1.3273085355758667
AGG,1.500664234161377
AGU,1.6155339479446411
AUA,0.4396824240684509
AUC,0.46594589948654175
AUG,0.5123618245124817
AUU,0.2754545211791992
CAA,0.4565751254558563
CAC,0.5277131795883179
CAG,0.638755202293396
CAU,0.7746453881263733
CCA,0.3126041293144226
CCC,1.974387288093567
CCG,0.44425684213638306
CCU,1.640315055847168
CGA,0.5025503635406494
CGC,0.6231170296669006
CGG,1.8178993463516235
CGU,0.3859419524669647
CUA,1.3034552335739136
CUC,1.1577320098876953
CUG,1.3417229652404785
CUU,1.2452332973480225
GAA,0.301923543214798
GAC,0.2759196162223816
GAG,0.4611862897872925
GAU,0.5005245208740234
GCA,0.32462257146835327
GCC,0.3662932515144348
GCG,0.8300109505653381
GCU,0.2245282083749771
GGA,0.9807124137878418
GGC,0.16877010464668274
GGG,1.3067048788070679
GGU,0.3838069438934326
GUA,0.4006406366825104
GUC,0.5080631375312805
GUG,1.8707292079925537
GUU,0.28252267837524414
UAC,0.5236443877220154
UAU,0.7763435244560242
UCA,0.373324990272522
UCC,0.5346373319625854
UCG,2.537864923477173
UCU,0.3071119785308838
UGC,0.6819470524787903
UGG,0.3198298215866089
UGU,0.9472943544387817
UUA,0.5703320503234863
UUC,0.3396539092063904
UUG,0.2512936294078827
UUU,0.5699706077575684
