codon,average_decoding_time
AAA,0.4507215619087219
AAC,0.32359158992767334
AAG,0.15928733348846436
AAU,0.5522792339324951
ACA,0.34731268882751465
ACC,0.3793521821498871
ACG,0.5688744783401489
ACU,0.2223293036222458
AGA,0.14621825516223907
AGC,1.329323410987854
AGG,1.5043177604675293
AGU,1.620187520980835
AUA,0.4398239552974701
AUC,0.4659970700740814
AUG,0.5111731886863708
AUU,0.26384100317955017
CAA,0.4564308524131775
CAC,0.5219491124153137
CAG,2.8784284591674805
CAU,0.7715153694152832
CCA,0.31235525012016296
CCC,1.9858386516571045
CCG,1.6963781118392944
CCU,1.5102354288101196
CGA,0.5047016143798828
CGC,0.6204738616943359
CGG,1.8360965251922607
CGU,0.38663411140441895
CUA,1.3014466762542725
CUC,1.1591254472732544
CUG,1.3345667123794556
CUU,3.470597267150879
GAA,0.30110180377960205
GAC,0.27752771973609924
GAG,1.9342435598373413
GAU,0.5008716583251953
GCA,0.32538938522338867
GCC,0.3679581582546234
GCG,0.7263975739479065
GCU,0.25335270166397095
GGA,0.9901247620582581
GGC,0.16863949596881866
GGG,1.300128698348999
GGU,0.3835724890232086
GUA,0.39934679865837097
GUC,0.5058940052986145
GUG,1.8639090061187744
GUU,0.26968684792518616
UAC,0.36534151434898376
UAU,0.5983046293258667
UCA,0.36836671829223633
UCC,0.531981348991394
UCG,2.05829119682312
UCU,0.2423263043165207
UGC,0.5042530298233032
UGG,0.1806192547082901
UGU,0.7476950883865356
UUA,0.5114089250564575
UUC,0.29719051718711853
UUG,0.22271017730236053
UUU,0.5224785804748535
