codon,average_decoding_time
AAA,0.4519389569759369
AAC,0.3238760232925415
AAG,0.22660644352436066
AAU,0.5549318194389343
ACA,0.34776413440704346
ACC,0.3776639401912689
ACG,0.6518834233283997
ACU,0.22009962797164917
AGA,0.14512982964515686
AGC,1.3214807510375977
AGG,1.5032405853271484
AGU,1.6194227933883667
AUA,0.43965399265289307
AUC,0.46555933356285095
AUG,0.5419252514839172
AUU,0.2633955478668213
CAA,0.45940643548965454
CAC,0.5225125551223755
CAG,0.6304698586463928
CAU,0.7723873257637024
CCA,0.3143991231918335
CCC,1.9843010902404785
CCG,0.5006728172302246
CCU,1.509514331817627
CGA,0.5016803741455078
CGC,0.6205233335494995
CGG,1.8250151872634888
CGU,0.3857409656047821
CUA,1.299896478652954
CUC,1.1558085680007935
CUG,1.3886315822601318
CUU,3.487790584564209
GAA,0.26817983388900757
GAC,0.27707940340042114
GAG,0.430085688829422
GAU,0.4998576045036316
GCA,0.3188677132129669
GCC,0.3470635414123535
GCG,0.695896565914154
GCU,0.2268477976322174
GGA,0.7970380187034607
GGC,0.1474124789237976
GGG,1.1892423629760742
GGU,0.3587588667869568
GUA,0.32163113355636597
GUC,0.42706480622291565
GUG,0.7526910305023193
GUU,0.1979658156633377
UAC,0.3657195568084717
UAU,0.5970064997673035
UCA,0.3700089752674103
UCC,0.5286984443664551
UCG,0.6350158452987671
UCU,0.244328111410141
UGC,0.5023816227912903
UGG,0.18060357868671417
UGU,0.7503647804260254
UUA,0.508069634437561
UUC,0.2978675365447998
UUG,0.22753629088401794
UUU,0.5230071544647217
