codon,average_decoding_time
AAA,0.45042547583580017
AAC,0.32425200939178467
AAG,0.2276945561170578
AAU,0.5527277588844299
ACA,0.3449602425098419
ACC,0.3784119784832001
ACG,0.654462993144989
ACU,0.2268674671649933
AGA,0.1454656571149826
AGC,1.323698878288269
AGG,1.5052639245986938
AGU,1.623964548110962
AUA,0.437892884016037
AUC,0.4633079767227173
AUG,0.5081058144569397
AUU,0.2753993272781372
CAA,0.45613977313041687
CAC,0.5252302885055542
CAG,0.6310107707977295
CAU,0.7744107842445374
CCA,0.31428074836730957
CCC,1.9887508153915405
CCG,0.5000538229942322
CCU,1.6460959911346436
CGA,0.5008260607719421
CGC,0.6247255206108093
CGG,1.8176350593566895
CGU,0.38848698139190674
CUA,1.3064181804656982
CUC,1.159944772720337
CUG,1.3370200395584106
CUU,1.2367918491363525
GAA,0.26932504773139954
GAC,0.27677857875823975
GAG,0.4300696551799774
GAU,0.5012259483337402
GCA,0.3211880326271057
GCC,0.3481649160385132
GCG,0.656634509563446
GCU,0.20559929311275482
GGA,0.802241861820221
GGC,0.14743800461292267
GGG,1.1894946098327637
GGU,0.35669589042663574
GUA,0.3221468925476074
GUC,0.4276328384876251
GUG,1.6269361972808838
GUU,0.21056804060935974
UAC,0.5238364338874817
UAU,0.7759672403335571
UCA,0.3722530007362366
UCC,0.5360296368598938
UCG,2.525676965713501
UCU,0.3064115345478058
UGC,0.686768114566803
UGG,0.31785696744918823
UGU,0.9504322409629822
UUA,0.5706614255905151
UUC,0.3382723033428192
UUG,0.2511819005012512
UUU,0.5696161985397339
