codon,average_decoding_time
AAA,0.45256268978118896
AAC,0.3225422203540802
AAG,0.22719720005989075
AAU,0.5532792210578918
ACA,0.3484415113925934
ACC,0.37787818908691406
ACG,0.6728827953338623
ACU,0.22008946537971497
AGA,0.14656509459018707
AGC,1.3264304399490356
AGG,1.5116076469421387
AGU,1.621118426322937
AUA,0.4389897286891937
AUC,0.46564781665802
AUG,0.5397663116455078
AUU,0.26288357377052307
CAA,0.45743539929389954
CAC,0.5216879844665527
CAG,0.6375139355659485
CAU,0.7744953036308289
CCA,0.31328442692756653
CCC,1.9796103239059448
CCG,0.443490594625473
CCU,1.5053781270980835
CGA,0.5027636885643005
CGC,0.6235363483428955
CGG,1.83148193359375
CGU,0.38758155703544617
CUA,1.3145948648452759
CUC,1.1598113775253296
CUG,1.3925957679748535
CUU,3.4926319122314453
GAA,0.30128219723701477
GAC,0.2760339379310608
GAG,0.46069878339767456
GAU,0.5001128315925598
GCA,0.3241262435913086
GCC,0.36503663659095764
GCG,0.8300409317016602
GCU,0.25399675965309143
GGA,0.9820796847343445
GGC,0.16985204815864563
GGG,1.2912315130233765
GGU,0.38244593143463135
GUA,0.4001052677631378
GUC,0.5083126425743103
GUG,0.9610385298728943
GUU,0.26853492856025696
UAC,0.36342039704322815
UAU,0.5994997024536133
UCA,0.36944910883903503
UCC,0.5273185968399048
UCG,0.6347628235816956
UCU,0.24298235774040222
UGC,0.5028679966926575
UGG,0.18092837929725647
UGU,0.7488640546798706
UUA,0.5088826417922974
UUC,0.2961540222167969
UUG,0.23919180035591125
UUU,0.5226762294769287
