codon,average_decoding_time
AAA,0.4517994225025177
AAC,0.32358503341674805
AAG,0.22745275497436523
AAU,0.5527965426445007
ACA,0.34843993186950684
ACC,0.3783631920814514
ACG,0.6722623705863953
ACU,0.22679753601551056
AGA,0.14585448801517487
AGC,1.3251128196716309
AGG,1.5120095014572144
AGU,1.6187232732772827
AUA,0.4384225308895111
AUC,0.46604105830192566
AUG,0.5153630375862122
AUU,0.27637407183647156
CAA,0.45795100927352905
CAC,0.5230092406272888
CAG,0.6344358921051025
CAU,0.7711763381958008
CCA,0.31413406133651733
CCC,1.9893230199813843
CCG,0.44278788566589355
CCU,1.6432065963745117
CGA,0.5025890469551086
CGC,0.623628556728363
CGG,1.8189542293548584
CGU,0.3879271149635315
CUA,1.306351900100708
CUC,1.158833622932434
CUG,1.3372478485107422
CUU,1.2404189109802246
GAA,0.30053481459617615
GAC,0.27713820338249207
GAG,0.45776718854904175
GAU,0.5019698143005371
GCA,0.32435235381126404
GCC,0.3661879003047943
GCG,0.832299530506134
GCU,0.22348107397556305
GGA,0.9822513461112976
GGC,0.1703304648399353
GGG,1.295843243598938
GGU,0.38261309266090393
GUA,0.40135425329208374
GUC,0.5073554515838623
GUG,1.8690918684005737
GUU,0.2833241820335388
UAC,0.5245190262794495
UAU,0.7733542323112488
UCA,0.3734099864959717
UCC,0.5345088839530945
UCG,2.5393238067626953
UCU,0.3065250515937805
UGC,0.6857835650444031
UGG,0.31820225715637207
UGU,0.9536828994750977
UUA,0.5719837546348572
UUC,0.3394187092781067
UUG,0.3050800859928131
UUU,0.570510983467102
