codon,average_decoding_time
AAA,0.44967585802078247
AAC,0.32680660486221313
AAG,0.22845925390720367
AAU,0.5503403544425964
ACA,0.34673386812210083
ACC,0.37900006771087646
ACG,0.6765172481536865
ACU,0.22865819931030273
AGA,0.14604827761650085
AGC,1.3265290260314941
AGG,1.5104435682296753
AGU,1.615586757659912
AUA,0.4394492208957672
AUC,0.4686444401741028
AUG,0.5396633148193359
AUU,0.27613961696624756
CAA,0.45472824573516846
CAC,0.5203784108161926
CAG,0.6323516964912415
CAU,0.7741159200668335
CCA,0.312341570854187
CCC,1.9806417226791382
CCG,0.4428097605705261
CCU,1.6390551328659058
CGA,0.5008428692817688
CGC,0.6233546137809753
CGG,1.827976107597351
CGU,0.3867722153663635
CUA,1.3195959329605103
CUC,1.1549181938171387
CUG,1.3875417709350586
CUU,1.2375507354736328
GAA,0.3009488582611084
GAC,0.2764182984828949
GAG,0.4597850441932678
GAU,0.5018936395645142
GCA,0.32301655411720276
GCC,0.36515703797340393
GCG,0.8284116387367249
GCU,0.22396185994148254
GGA,0.9849156737327576
GGC,0.16904690861701965
GGG,1.297924518585205
GGU,0.38377439975738525
GUA,0.4000205099582672
GUC,0.5077543258666992
GUG,0.968940794467926
GUU,0.2828769385814667
UAC,0.5259497165679932
UAU,0.7725396752357483
UCA,0.3734515309333801
UCC,0.5362114310264587
UCG,0.7696660757064819
UCU,0.30803975462913513
UGC,0.6870986819267273
UGG,0.32004737854003906
UGU,0.9540927410125732
UUA,0.5695145130157471
UUC,0.3379947245121002
UUG,0.3235087990760803
UUU,0.56951904296875
