codon,average_decoding_time
AAA,0.45251938700675964
AAC,0.32409700751304626
AAG,0.2278871238231659
AAU,0.5517950654029846
ACA,0.3456098139286041
ACC,0.3788771629333496
ACG,0.6555789113044739
ACU,0.22043976187705994
AGA,0.14541545510292053
AGC,1.3234397172927856
AGG,1.5155994892120361
AGU,1.619526743888855
AUA,0.4390961825847626
AUC,0.46543335914611816
AUG,0.5407842397689819
AUU,0.2618906497955322
CAA,0.45749980211257935
CAC,0.5244529843330383
CAG,0.6347587704658508
CAU,0.7705268859863281
CCA,0.31489309668540955
CCC,1.9833613634109497
CCG,0.49815988540649414
CCU,1.5024479627609253
CGA,0.5012907981872559
CGC,0.6237872838973999
CGG,1.8297284841537476
CGU,0.38512080907821655
CUA,1.3145235776901245
CUC,1.1614151000976562
CUG,1.3892179727554321
CUU,3.4831759929656982
GAA,0.2695324420928955
GAC,0.27738094329833984
GAG,0.42990079522132874
GAU,0.49882784485816956
GCA,0.3202132284641266
GCC,0.34843137860298157
GCG,0.6983597874641418
GCU,0.22644126415252686
GGA,0.8017547726631165
GGC,0.14770396053791046
GGG,1.1921675205230713
GGU,0.3599826693534851
GUA,0.3215368390083313
GUC,0.4270341396331787
GUG,0.8323625922203064
GUU,0.1969572901725769
UAC,0.3642125725746155
UAU,0.6001140475273132
UCA,0.371388703584671
UCC,0.5285886526107788
UCG,0.6329569816589355
UCU,0.243053138256073
UGC,0.501387357711792
UGG,0.18045413494110107
UGU,0.7451919317245483
UUA,0.5102360844612122
UUC,0.29553306102752686
UUG,0.21046417951583862
UUU,0.5254440307617188
