codon,average_decoding_time
AAA,0.4511357843875885
AAC,0.32447123527526855
AAG,0.15961286425590515
AAU,0.552643895149231
ACA,0.3477519452571869
ACC,0.3804939091205597
ACG,0.5679147839546204
ACU,0.2277211844921112
AGA,0.14683356881141663
AGC,1.3218705654144287
AGG,1.5052131414413452
AGU,1.6249045133590698
AUA,0.4388444423675537
AUC,0.4657345414161682
AUG,0.5394353270530701
AUU,0.2761578857898712
CAA,0.45761674642562866
CAC,0.5211564302444458
CAG,2.88694429397583
CAU,0.7726967334747314
CCA,0.3142215311527252
CCC,1.975044846534729
CCG,1.6912126541137695
CCU,1.6400601863861084
CGA,0.5014108419418335
CGC,0.6227028369903564
CGG,1.836803913116455
CGU,0.38796913623809814
CUA,1.3064121007919312
CUC,1.159351110458374
CUG,1.3930350542068481
CUU,1.2444233894348145
GAA,0.30196452140808105
GAC,0.2765294909477234
GAG,1.9424304962158203
GAU,0.5012809634208679
GCA,0.32422274351119995
GCC,0.36595335602760315
GCG,0.7260568141937256
GCU,0.22448942065238953
GGA,0.981243371963501
GGC,0.17025905847549438
GGG,1.3030925989151
GGU,0.38334009051322937
GUA,0.40135616064071655
GUC,0.5071543455123901
GUG,0.9636313915252686
GUU,0.2824418246746063
UAC,0.5262132287025452
UAU,0.7729198336601257
UCA,0.37684962153434753
UCC,0.5321901440620422
UCG,0.7715024352073669
UCU,0.3050270676612854
UGC,0.6886016130447388
UGG,0.3184680640697479
UGU,0.9501324892044067
UUA,0.569092869758606
UUC,0.33982789516448975
UUG,0.26142534613609314
UUU,0.5674856901168823
