codon,average_decoding_time
AAA,0.4505511224269867
AAC,0.32363295555114746
AAG,0.22895954549312592
AAU,0.5534459948539734
ACA,0.3470926880836487
ACC,0.37957850098609924
ACG,0.655155599117279
ACU,0.22154895961284637
AGA,0.1463201493024826
AGC,1.3195788860321045
AGG,1.503223180770874
AGU,1.623197317123413
AUA,0.4387855529785156
AUC,0.4667009711265564
AUG,0.5422379970550537
AUU,0.26332738995552063
CAA,0.4580526649951935
CAC,0.5244678258895874
CAG,0.6355767250061035
CAU,0.7716647386550903
CCA,0.312617689371109
CCC,1.9821538925170898
CCG,0.5001919269561768
CCU,1.503401517868042
CGA,0.501021146774292
CGC,0.6245156526565552
CGG,1.8184655904769897
CGU,0.3857129216194153
CUA,1.3104501962661743
CUC,1.1577496528625488
CUG,1.3904163837432861
CUU,3.4674196243286133
GAA,0.2687281370162964
GAC,0.27733543515205383
GAG,0.4311409294605255
GAU,0.5011612772941589
GCA,0.3187587559223175
GCC,0.34636956453323364
GCG,0.698461651802063
GCU,0.22626818716526031
GGA,0.8012964129447937
GGC,0.14714643359184265
GGG,1.183769941329956
GGU,0.3578842878341675
GUA,0.32192695140838623
GUC,0.4272651970386505
GUG,0.8362869620323181
GUU,0.19824112951755524
UAC,0.367527574300766
UAU,0.5966405272483826
UCA,0.36896729469299316
UCC,0.5299407243728638
UCG,0.6337743401527405
UCU,0.24276289343833923
UGC,0.5018492341041565
UGG,0.1806183159351349
UGU,0.7487053871154785
UUA,0.5104135274887085
UUC,0.29808881878852844
UUG,0.21038365364074707
UUU,0.523065447807312
