codon,average_decoding_time
AAA,0.4512981176376343
AAC,0.3235052824020386
AAG,0.2284710556268692
AAU,0.5539248585700989
ACA,0.3476674556732178
ACC,0.3785938024520874
ACG,0.6747241616249084
ACU,0.22679470479488373
AGA,0.146457701921463
AGC,1.3208849430084229
AGG,1.5154536962509155
AGU,1.625115156173706
AUA,0.4383165240287781
AUC,0.4668298065662384
AUG,0.5102586150169373
AUU,0.2767127752304077
CAA,0.45605674386024475
CAC,0.5246694684028625
CAG,0.6362614631652832
CAU,0.7745973467826843
CCA,0.3123095631599426
CCC,1.9884382486343384
CCG,0.4445772171020508
CCU,1.6426124572753906
CGA,0.5030604004859924
CGC,0.6246296763420105
CGG,1.826659083366394
CGU,0.38801729679107666
CUA,1.3061976432800293
CUC,1.1603398323059082
CUG,1.3332804441452026
CUU,1.2403008937835693
GAA,0.30149704217910767
GAC,0.2775169909000397
GAG,0.46169930696487427
GAU,0.5009004473686218
GCA,0.32425186038017273
GCC,0.3659850060939789
GCG,0.8323860764503479
GCU,0.2249712496995926
GGA,0.987358033657074
GGC,0.16965964436531067
GGG,1.3016371726989746
GGU,0.38268014788627625
GUA,0.4006718397140503
GUC,0.5075404047966003
GUG,1.866788625717163
GUU,0.2825539708137512
UAC,0.5231055617332458
UAU,0.7726935744285583
UCA,0.37328770756721497
UCC,0.5341388583183289
UCG,2.5475544929504395
UCU,0.3071308732032776
UGC,0.6894150972366333
UGG,0.3173793852329254
UGU,0.9505515694618225
UUA,0.5644696950912476
UUC,0.33991992473602295
UUG,0.30321329832077026
UUU,0.5696932673454285
