codon,average_decoding_time
AAA,0.45289263129234314
AAC,0.3218696117401123
AAG,0.22715727984905243
AAU,0.5529557466506958
ACA,0.34683722257614136
ACC,0.38001829385757446
ACG,0.6530101299285889
ACU,0.22658191621303558
AGA,0.14573350548744202
AGC,1.3236339092254639
AGG,1.5056973695755005
AGU,1.626471757888794
AUA,0.4397198557853699
AUC,0.4664236605167389
AUG,0.5400428175926208
AUU,0.27726495265960693
CAA,0.45715516805648804
CAC,0.5236687064170837
CAG,0.634800374507904
CAU,0.7728257775306702
CCA,0.3156077265739441
CCC,1.9802327156066895
CCG,0.5022562146186829
CCU,1.645339012145996
CGA,0.502368152141571
CGC,0.6254004836082458
CGG,1.8289649486541748
CGU,0.3868328034877777
CUA,1.3098844289779663
CUC,1.1545790433883667
CUG,1.3887454271316528
CUU,1.2389343976974487
GAA,0.26930636167526245
GAC,0.2752473056316376
GAG,0.4291006922721863
GAU,0.5013111233711243
GCA,0.3200742304325104
GCC,0.34760475158691406
GCG,0.6977652907371521
GCU,0.20565849542617798
GGA,0.8056191205978394
GGC,0.1462302953004837
GGG,1.1924388408660889
GGU,0.35735824704170227
GUA,0.3224174678325653
GUC,0.42982545495033264
GUG,0.8373991250991821
GUU,0.20916275680065155
UAC,0.5245180726051331
UAU,0.7719229459762573
UCA,0.3733670711517334
UCC,0.535068929195404
UCG,0.7669050097465515
UCU,0.3085721433162689
UGC,0.6885159611701965
UGG,0.3178480267524719
UGU,0.9540960192680359
UUA,0.5719873309135437
UUC,0.3421899974346161
UUG,0.261142373085022
UUU,0.5721955895423889
