codon,average_decoding_time
AAA,0.45258066058158875
AAC,0.32407552003860474
AAG,0.22898028790950775
AAU,0.5521281957626343
ACA,0.34572452306747437
ACC,0.3799475133419037
ACG,0.6543800830841064
ACU,0.22678980231285095
AGA,0.14616838097572327
AGC,1.324047327041626
AGG,1.5044338703155518
AGU,1.6265889406204224
AUA,0.43996813893318176
AUC,0.46510735154151917
AUG,0.5119752883911133
AUU,0.27675995230674744
CAA,0.456123411655426
CAC,0.5272190570831299
CAG,0.634835422039032
CAU,0.7719816565513611
CCA,0.31246712803840637
CCC,1.9893416166305542
CCG,0.49757909774780273
CCU,1.6499290466308594
CGA,0.5002883076667786
CGC,0.6228123307228088
CGG,1.8311151266098022
CGU,0.38757309317588806
CUA,1.3109716176986694
CUC,1.1556776762008667
CUG,1.3361928462982178
CUU,1.237148642539978
GAA,0.26887571811676025
GAC,0.2767144441604614
GAG,0.43062856793403625
GAU,0.49874937534332275
GCA,0.3206828832626343
GCC,0.34791192412376404
GCG,0.6557640433311462
GCU,0.2054072469472885
GGA,0.8019686937332153
GGC,0.14756786823272705
GGG,1.1874390840530396
GGU,0.3589255213737488
GUA,0.3220923840999603
GUC,0.429513156414032
GUG,1.4542750120162964
GUU,0.2105543613433838
UAC,0.5225722789764404
UAU,0.7731808423995972
UCA,0.3741578161716461
UCC,0.5329676270484924
UCG,2.538475513458252
UCU,0.3072795569896698
UGC,0.6899348497390747
UGG,0.3173558712005615
UGU,0.9502624869346619
UUA,0.5667425394058228
UUC,0.3402951955795288
UUG,0.3045184910297394
UUU,0.5731084942817688
