codon,average_decoding_time
AAA,0.45526251196861267
AAC,0.32511967420578003
AAG,0.22845155000686646
AAU,0.5537185668945312
ACA,0.347549170255661
ACC,0.3795560896396637
ACG,0.6771165132522583
ACU,0.22013068199157715
AGA,0.14599739015102386
AGC,1.3183783292770386
AGG,1.5094164609909058
AGU,1.6190907955169678
AUA,0.4387560486793518
AUC,0.46608808636665344
AUG,0.5377680659294128
AUU,0.2632516324520111
CAA,0.4566052258014679
CAC,0.5252991318702698
CAG,0.6322810649871826
CAU,0.7688267827033997
CCA,0.31404760479927063
CCC,1.9805381298065186
CCG,0.44562652707099915
CCU,1.4987951517105103
CGA,0.5014193654060364
CGC,0.6227617263793945
CGG,1.8192272186279297
CGU,0.38722312450408936
CUA,1.307389736175537
CUC,1.1618887186050415
CUG,1.3944504261016846
CUU,3.4851021766662598
GAA,0.30264049768447876
GAC,0.2772950530052185
GAG,0.4604208469390869
GAU,0.5009291172027588
GCA,0.32467928528785706
GCC,0.3666668236255646
GCG,0.8265997767448425
GCU,0.2533291280269623
GGA,0.9819363355636597
GGC,0.16964736580848694
GGG,1.2960119247436523
GGU,0.3824315667152405
GUA,0.4003734886646271
GUC,0.5067655444145203
GUG,0.9633539915084839
GUU,0.26953229308128357
UAC,0.3642108142375946
UAU,0.5982033610343933
UCA,0.37021735310554504
UCC,0.5273565053939819
UCG,0.6327585577964783
UCU,0.24212044477462769
UGC,0.5031766891479492
UGG,0.18101394176483154
UGU,0.7504259347915649
UUA,0.5118961930274963
UUC,0.29570725560188293
UUG,0.22844316065311432
UUU,0.5237446427345276
