codon,average_decoding_time
AAA,0.45343437790870667
AAC,0.3244287073612213
AAG,0.22736795246601105
AAU,0.5535519123077393
ACA,0.34676167368888855
ACC,0.37995320558547974
ACG,0.6541423797607422
ACU,0.22078490257263184
AGA,0.1466711461544037
AGC,1.3332513570785522
AGG,1.500591516494751
AGU,1.6220245361328125
AUA,0.43821921944618225
AUC,0.46636420488357544
AUG,0.5101558566093445
AUU,0.2629299461841583
CAA,0.45607244968414307
CAC,0.5233769416809082
CAG,0.6321657299995422
CAU,0.7706760168075562
CCA,0.3144998550415039
CCC,1.9816619157791138
CCG,0.5003648996353149
CCU,1.504285454750061
CGA,0.5036013126373291
CGC,0.6236338019371033
CGG,1.8308172225952148
CGU,0.385988712310791
CUA,1.313199520111084
CUC,1.1667835712432861
CUG,1.3376221656799316
CUU,3.4926106929779053
GAA,0.26988983154296875
GAC,0.2759128212928772
GAG,0.4312909245491028
GAU,0.5027219653129578
GCA,0.3206203579902649
GCC,0.34755149483680725
GCG,0.6564344763755798
GCU,0.22663778066635132
GGA,0.800038754940033
GGC,0.14735421538352966
GGG,1.1838945150375366
GGU,0.3569934070110321
GUA,0.32219141721725464
GUC,0.42882487177848816
GUG,1.4632060527801514
GUU,0.19514650106430054
UAC,0.3649643659591675
UAU,0.599673330783844
UCA,0.36867210268974304
UCC,0.5277873277664185
UCG,2.043344736099243
UCU,0.2421153485774994
UGC,0.5037765502929688
UGG,0.18164362013339996
UGU,0.7515027523040771
UUA,0.5077515840530396
UUC,0.2966880798339844
UUG,0.21084029972553253
UUU,0.5228900909423828
