codon,average_decoding_time
AAA,0.45076632499694824
AAC,0.32262200117111206
AAG,0.22875063121318817
AAU,0.5505570769309998
ACA,0.34700727462768555
ACC,0.3791779577732086
ACG,0.6766812205314636
ACU,0.2216932475566864
AGA,0.14653462171554565
AGC,1.3262426853179932
AGG,1.5076364278793335
AGU,1.6217584609985352
AUA,0.43923473358154297
AUC,0.4642806649208069
AUG,0.5403714179992676
AUU,0.2629409730434418
CAA,0.4592548906803131
CAC,0.5244813561439514
CAG,0.6348296999931335
CAU,0.7735425233840942
CCA,0.3136051595211029
CCC,1.9751794338226318
CCG,0.4445390999317169
CCU,1.510129690170288
CGA,0.4996190369129181
CGC,0.6236779689788818
CGG,1.8262529373168945
CGU,0.38582542538642883
CUA,1.305274248123169
CUC,1.1622400283813477
CUG,1.389106035232544
CUU,3.4881463050842285
GAA,0.2994181215763092
GAC,0.27580198645591736
GAG,0.46051111817359924
GAU,0.5035303831100464
GCA,0.3239307105541229
GCC,0.3668205738067627
GCG,0.8332785964012146
GCU,0.25270354747772217
GGA,0.9875670075416565
GGC,0.16995687782764435
GGG,1.2957849502563477
GGU,0.38392701745033264
GUA,0.40099936723709106
GUC,0.505791962146759
GUG,0.9647711515426636
GUU,0.2698034644126892
UAC,0.36372148990631104
UAU,0.5974269509315491
UCA,0.3694798946380615
UCC,0.5274376273155212
UCG,0.63301682472229
UCU,0.2428290694952011
UGC,0.5011420249938965
UGG,0.18072032928466797
UGU,0.749819278717041
UUA,0.5079758763313293
UUC,0.29816749691963196
UUG,0.20248717069625854
UUU,0.5240908861160278
