codon,average_decoding_time
AAA,0.45239752531051636
AAC,0.3236566185951233
AAG,0.15933354198932648
AAU,0.5516476631164551
ACA,0.34624001383781433
ACC,0.3778359293937683
ACG,0.5718228816986084
ACU,0.2215539515018463
AGA,0.14626570045948029
AGC,1.3188073635101318
AGG,1.50895357131958
AGU,1.6276044845581055
AUA,0.43971163034439087
AUC,0.4661700427532196
AUG,0.5119935870170593
AUU,0.2637540400028229
CAA,0.45718830823898315
CAC,0.5238407254219055
CAG,2.8781518936157227
CAU,0.7685486078262329
CCA,0.31454816460609436
CCC,1.9884226322174072
CCG,1.695982813835144
CCU,1.5088881254196167
CGA,0.5017397403717041
CGC,0.6237967014312744
CGG,1.8260010480880737
CGU,0.38902273774147034
CUA,1.3081713914871216
CUC,1.1590123176574707
CUG,1.3410733938217163
CUU,3.4759421348571777
GAA,0.30317726731300354
GAC,0.27846264839172363
GAG,1.9223949909210205
GAU,0.5026707053184509
GCA,0.32270246744155884
GCC,0.3651795983314514
GCG,0.7254371047019958
GCU,0.25405776500701904
GGA,0.9875206351280212
GGC,0.1696169525384903
GGG,1.3012670278549194
GGU,0.3819267451763153
GUA,0.4004881978034973
GUC,0.5048436522483826
GUG,1.8760650157928467
GUU,0.27024707198143005
UAC,0.3645971417427063
UAU,0.6021267175674438
UCA,0.3690529763698578
UCC,0.5279307961463928
UCG,2.0520083904266357
UCU,0.2432848960161209
UGC,0.5012617707252502
UGG,0.18052923679351807
UGU,0.7499273419380188
UUA,0.5122383832931519
UUC,0.2967555522918701
UUG,0.20018039643764496
UUU,0.5226901769638062
