codon,average_decoding_time
AAA,0.4510463774204254
AAC,0.324003666639328
AAG,0.22825151681900024
AAU,0.551150918006897
ACA,0.3464932441711426
ACC,0.3787406384944916
ACG,0.6538276672363281
ACU,0.22787165641784668
AGA,0.1453072726726532
AGC,1.321305513381958
AGG,1.5107887983322144
AGU,1.6138941049575806
AUA,0.43791285157203674
AUC,0.46358782052993774
AUG,0.5117932558059692
AUU,0.2763627767562866
CAA,0.45592808723449707
CAC,0.5229964852333069
CAG,0.636031448841095
CAU,0.7718356251716614
CCA,0.3136432468891144
CCC,1.9715701341629028
CCG,0.4979947507381439
CCU,1.6488250494003296
CGA,0.5017528533935547
CGC,0.6246456503868103
CGG,1.8301920890808105
CGU,0.38687512278556824
CUA,1.3096567392349243
CUC,1.1599972248077393
CUG,1.3341277837753296
CUU,1.2353088855743408
GAA,0.2691044807434082
GAC,0.2772584855556488
GAG,0.4308749735355377
GAU,0.5016926527023315
GCA,0.31928905844688416
GCC,0.34648361802101135
GCG,0.655394971370697
GCU,0.20552805066108704
GGA,0.7996156215667725
GGC,0.14644452929496765
GGG,1.1950287818908691
GGU,0.3588660657405853
GUA,0.32299408316612244
GUC,0.4262847602367401
GUG,1.6239540576934814
GUU,0.20950758457183838
UAC,0.5247015357017517
UAU,0.7718174457550049
UCA,0.3727610111236572
UCC,0.5333378314971924
UCG,2.5392632484436035
UCU,0.3054220676422119
UGC,0.6867335438728333
UGG,0.3208693265914917
UGU,0.9542771577835083
UUA,0.5671484470367432
UUC,0.3397354781627655
UUG,0.2498442828655243
UUU,0.5682312250137329
