codon,average_decoding_time
AAA,0.4502435624599457
AAC,0.323763370513916
AAG,0.22748775780200958
AAU,0.5513933300971985
ACA,0.3453732132911682
ACC,0.3793697953224182
ACG,0.6739727854728699
ACU,0.22829535603523254
AGA,0.14641310274600983
AGC,1.3221478462219238
AGG,1.5040972232818604
AGU,1.6223170757293701
AUA,0.4395084083080292
AUC,0.4652262032032013
AUG,0.5410917401313782
AUU,0.27658915519714355
CAA,0.4558142125606537
CAC,0.527294933795929
CAG,0.6357306838035583
CAU,0.774340808391571
CCA,0.31277137994766235
CCC,1.9852133989334106
CCG,0.4446186423301697
CCU,1.6508041620254517
CGA,0.5033496618270874
CGC,0.6233676075935364
CGG,1.834384799003601
CGU,0.385958194732666
CUA,1.3104971647262573
CUC,1.1598296165466309
CUG,1.3923568725585938
CUU,1.2445884943008423
GAA,0.2997608184814453
GAC,0.27656468749046326
GAG,0.4613184630870819
GAU,0.5014355778694153
GCA,0.32351166009902954
GCC,0.36566925048828125
GCG,0.8292116522789001
GCU,0.2238204926252365
GGA,0.9838716983795166
GGC,0.1695639193058014
GGG,1.2952631711959839
GGU,0.3817138373851776
GUA,0.40189144015312195
GUC,0.506227433681488
GUG,0.9640281200408936
GUU,0.2832271158695221
UAC,0.5240758657455444
UAU,0.7720217108726501
UCA,0.3731640875339508
UCC,0.5339822173118591
UCG,0.7672162652015686
UCU,0.30819880962371826
UGC,0.6906698942184448
UGG,0.31991124153137207
UGU,0.9520906209945679
UUA,0.5697438716888428
UUC,0.33836033940315247
UUG,0.2612757980823517
UUU,0.5682464838027954
