codon,average_decoding_time
AAA,0.4540209472179413
AAC,0.32550475001335144
AAG,0.1601570099592209
AAU,0.5496509075164795
ACA,0.34848588705062866
ACC,0.3776070177555084
ACG,0.5730355381965637
ACU,0.22177456319332123
AGA,0.14534372091293335
AGC,1.3147372007369995
AGG,1.5021146535873413
AGU,1.6234201192855835
AUA,0.4374924898147583
AUC,0.46610623598098755
AUG,0.5419214963912964
AUU,0.26217639446258545
CAA,0.45708972215652466
CAC,0.5230398774147034
CAG,2.8899142742156982
CAU,0.7692016363143921
CCA,0.3132363557815552
CCC,1.979217529296875
CCG,1.7069220542907715
CCU,1.5039701461791992
CGA,0.5017127394676208
CGC,0.6245524287223816
CGG,1.8312653303146362
CGU,0.38542085886001587
CUA,1.3053776025772095
CUC,1.15380859375
CUG,1.3886905908584595
CUU,3.485368013381958
GAA,0.3016982972621918
GAC,0.2755470275878906
GAG,1.9332642555236816
GAU,0.5022271275520325
GCA,0.3223801255226135
GCC,0.36648181080818176
GCG,0.7296392321586609
GCU,0.25312408804893494
GGA,0.9808863997459412
GGC,0.1707010716199875
GGG,1.2901040315628052
GGU,0.38172808289527893
GUA,0.40081706643104553
GUC,0.5062821507453918
GUG,0.9608407616615295
GUU,0.26855629682540894
UAC,0.3680080473423004
UAU,0.5970860719680786
UCA,0.3694036602973938
UCC,0.5263558626174927
UCG,0.6362676024436951
UCU,0.24229466915130615
UGC,0.5010240077972412
UGG,0.18198955059051514
UGU,0.7487820386886597
UUA,0.5106678605079651
UUC,0.2956467568874359
UUG,0.20976021885871887
UUU,0.5221753716468811
