codon,average_decoding_time
AAA,0.45117977261543274
AAC,0.32062476873397827
AAG,0.15999636054039001
AAU,0.5518666505813599
ACA,0.34628015756607056
ACC,0.3793422281742096
ACG,0.5705611109733582
ACU,0.2212764024734497
AGA,0.14629453420639038
AGC,1.3264217376708984
AGG,1.5046640634536743
AGU,1.6267203092575073
AUA,0.4379531145095825
AUC,0.4655957818031311
AUG,0.5412286520004272
AUU,0.2625897228717804
CAA,0.4587644636631012
CAC,0.5258526802062988
CAG,2.878218173980713
CAU,0.7703195810317993
CCA,0.3144978880882263
CCC,1.9793193340301514
CCG,1.6923497915267944
CCU,1.513525366783142
CGA,0.5052815079689026
CGC,0.6215406656265259
CGG,1.828076720237732
CGU,0.38654956221580505
CUA,1.3176708221435547
CUC,1.156876564025879
CUG,1.3895257711410522
CUU,3.4929850101470947
GAA,0.29879483580589294
GAC,0.2750386595726013
GAG,1.940637469291687
GAU,0.5009238123893738
GCA,0.32314273715019226
GCC,0.365291565656662
GCG,0.7286275625228882
GCU,0.25459644198417664
GGA,0.9823635220527649
GGC,0.16952091455459595
GGG,1.3030585050582886
GGU,0.3835741877555847
GUA,0.4019084870815277
GUC,0.5054373145103455
GUG,0.9635778069496155
GUU,0.2704507112503052
UAC,0.3649999499320984
UAU,0.5993801355361938
UCA,0.367693156003952
UCC,0.5293217301368713
UCG,0.6324451565742493
UCU,0.24266056716442108
UGC,0.49845847487449646
UGG,0.18046656250953674
UGU,0.7460233569145203
UUA,0.5063475966453552
UUC,0.29616251587867737
UUG,0.20273740589618683
UUU,0.5218270421028137
