codon,average_decoding_time
AAA,0.4516246020793915
AAC,0.32270118594169617
AAG,0.15981121361255646
AAU,0.5533012747764587
ACA,0.3469499349594116
ACC,0.3790973126888275
ACG,0.5701274275779724
ACU,0.22120967507362366
AGA,0.14720556139945984
AGC,1.3209742307662964
AGG,1.498499870300293
AGU,1.6207548379898071
AUA,0.43982598185539246
AUC,0.4654582142829895
AUG,0.5401262640953064
AUU,0.26218166947364807
CAA,0.4568770229816437
CAC,0.5209859609603882
CAG,2.869696617126465
CAU,0.7717258334159851
CCA,0.3132268488407135
CCC,1.9836055040359497
CCG,1.6991530656814575
CCU,1.5040831565856934
CGA,0.5010628700256348
CGC,0.6208315491676331
CGG,1.8335634469985962
CGU,0.3866293430328369
CUA,1.307897925376892
CUC,1.15980064868927
CUG,1.3883566856384277
CUU,3.4896790981292725
GAA,0.30071985721588135
GAC,0.2767128348350525
GAG,1.944262981414795
GAU,0.5025108456611633
GCA,0.3223723769187927
GCC,0.3663052022457123
GCG,0.7280772924423218
GCU,0.2544021010398865
GGA,0.9841183423995972
GGC,0.16962386667728424
GGG,1.2931045293807983
GGU,0.3826618790626526
GUA,0.4013735055923462
GUC,0.5072401762008667
GUG,0.9661222696304321
GUU,0.2696850299835205
UAC,0.3640699088573456
UAU,0.6001926064491272
UCA,0.36870136857032776
UCC,0.5283263921737671
UCG,0.63470059633255
UCU,0.24258853495121002
UGC,0.5036482214927673
UGG,0.18074855208396912
UGU,0.7433754801750183
UUA,0.5112144947052002
UUC,0.2946164309978485
UUG,0.2280440628528595
UUU,0.52225261926651
