codon,average_decoding_time
AAA,0.4495769441127777
AAC,0.3225778043270111
AAG,0.16006851196289062
AAU,0.5518270134925842
ACA,0.3477797210216522
ACC,0.37773895263671875
ACG,0.5714674592018127
ACU,0.2210632562637329
AGA,0.14665916562080383
AGC,1.3205090761184692
AGG,1.504133939743042
AGU,1.6195080280303955
AUA,0.4390205144882202
AUC,0.4649558663368225
AUG,0.5127106308937073
AUU,0.26275020837783813
CAA,0.4555412530899048
CAC,0.5236452221870422
CAG,2.8832895755767822
CAU,0.7748889327049255
CCA,0.31386250257492065
CCC,1.9737032651901245
CCG,1.6908595561981201
CCU,1.510082483291626
CGA,0.5030832290649414
CGC,0.6230249404907227
CGG,1.8244287967681885
CGU,0.38481783866882324
CUA,1.3086820840835571
CUC,1.1597415208816528
CUG,1.3385835886001587
CUU,3.5013084411621094
GAA,0.3012906312942505
GAC,0.27742379903793335
GAG,1.9307682514190674
GAU,0.5016185641288757
GCA,0.32346922159194946
GCC,0.365148663520813
GCG,0.7263078093528748
GCU,0.2528045177459717
GGA,0.984495997428894
GGC,0.1692953109741211
GGG,1.2911295890808105
GGU,0.3824865221977234
GUA,0.4025503396987915
GUC,0.5052973031997681
GUG,1.8716113567352295
GUU,0.26965954899787903
UAC,0.36728647351264954
UAU,0.597148597240448
UCA,0.36993440985679626
UCC,0.5303987264633179
UCG,2.051243543624878
UCU,0.242351233959198
UGC,0.5006792545318604
UGG,0.18027131259441376
UGU,0.7497631907463074
UUA,0.5115865468978882
UUC,0.29876768589019775
UUG,0.2090723067522049
UUU,0.5238469839096069
