codon,average_decoding_time
AAA,0.45265084505081177
AAC,0.3228869140148163
AAG,0.15907350182533264
AAU,0.5525186061859131
ACA,0.3466303050518036
ACC,0.3769393861293793
ACG,0.5681179165840149
ACU,0.22891533374786377
AGA,0.14652559161186218
AGC,1.3210521936416626
AGG,1.5049299001693726
AGU,1.6175215244293213
AUA,0.4398762881755829
AUC,0.4655047655105591
AUG,0.5394939184188843
AUU,0.2751292586326599
CAA,0.46028080582618713
CAC,0.5222752094268799
CAG,2.8767852783203125
CAU,0.7705442309379578
CCA,0.3135885000228882
CCC,1.9701424837112427
CCG,1.6964619159698486
CCU,1.6405041217803955
CGA,0.5015713572502136
CGC,0.624807596206665
CGG,1.8232718706130981
CGU,0.38806357979774475
CUA,1.3096290826797485
CUC,1.1566270589828491
CUG,1.3826408386230469
CUU,1.2418478727340698
GAA,0.2992556393146515
GAC,0.27518022060394287
GAG,1.9416751861572266
GAU,0.5014373660087585
GCA,0.3223952651023865
GCC,0.366751492023468
GCG,0.728191614151001
GCU,0.22409503161907196
GGA,0.9872071743011475
GGC,0.1693030297756195
GGG,1.299049973487854
GGU,0.3827584385871887
GUA,0.40140223503112793
GUC,0.5063503384590149
GUG,0.9655700922012329
GUU,0.2825133800506592
UAC,0.5244184732437134
UAU,0.7729050517082214
UCA,0.3729517459869385
UCC,0.5332132577896118
UCG,0.7719345092773438
UCU,0.3067091107368469
UGC,0.6908199787139893
UGG,0.31775161623954773
UGU,0.9506099820137024
UUA,0.5684007406234741
UUC,0.3383181393146515
UUG,0.3215409815311432
UUU,0.5692764520645142
