codon,average_decoding_time
AAA,0.44986000657081604
AAC,0.3250885605812073
AAG,0.2275381237268448
AAU,0.5535030364990234
ACA,0.34684789180755615
ACC,0.3790232539176941
ACG,0.6527678370475769
ACU,0.22067929804325104
AGA,0.1464472860097885
AGC,1.3246850967407227
AGG,1.5089917182922363
AGU,1.6148146390914917
AUA,0.4399431347846985
AUC,0.4663284420967102
AUG,0.5121511816978455
AUU,0.26301977038383484
CAA,0.45562538504600525
CAC,0.5245424509048462
CAG,0.6341702938079834
CAU,0.7736877202987671
CCA,0.3118959069252014
CCC,1.973406195640564
CCG,0.4998070299625397
CCU,1.5143487453460693
CGA,0.5023755431175232
CGC,0.6264196634292603
CGG,1.831164836883545
CGU,0.38839998841285706
CUA,1.3101776838302612
CUC,1.1622138023376465
CUG,1.3370610475540161
CUU,3.4846246242523193
GAA,0.26880815625190735
GAC,0.2763134241104126
GAG,0.4297949969768524
GAU,0.49899715185165405
GCA,0.3189529776573181
GCC,0.34734082221984863
GCG,0.6573472023010254
GCU,0.22638045251369476
GGA,0.8021312355995178
GGC,0.1472553163766861
GGG,1.190839409828186
GGU,0.3574637472629547
GUA,0.32179248332977295
GUC,0.4273783564567566
GUG,1.4649995565414429
GUU,0.19738547503948212
UAC,0.36570245027542114
UAU,0.5974427461624146
UCA,0.3692479431629181
UCC,0.5298473238945007
UCG,2.049955129623413
UCU,0.2431734949350357
UGC,0.5009365081787109
UGG,0.18102124333381653
UGU,0.7443329691886902
UUA,0.5097051858901978
UUC,0.29506736993789673
UUG,0.22267544269561768
UUU,0.523253858089447
