codon,average_decoding_time
AAA,0.4514089822769165
AAC,0.32275354862213135
AAG,0.15993864834308624
AAU,0.553683876991272
ACA,0.3472801148891449
ACC,0.3793420195579529
ACG,0.5690858364105225
ACU,0.2204844206571579
AGA,0.14583387970924377
AGC,1.3202540874481201
AGG,1.5045957565307617
AGU,1.6242250204086304
AUA,0.4380831718444824
AUC,0.4643661379814148
AUG,0.5403569340705872
AUU,0.2618072032928467
CAA,0.4577954411506653
CAC,0.5255976319313049
CAG,2.8765618801116943
CAU,0.7698427438735962
CCA,0.313424289226532
CCC,1.9814506769180298
CCG,1.6953481435775757
CCU,1.5109180212020874
CGA,0.5021638870239258
CGC,0.622818112373352
CGG,1.8314183950424194
CGU,0.3877023160457611
CUA,1.301837682723999
CUC,1.1595581769943237
CUG,1.390552043914795
CUU,3.4876465797424316
GAA,0.30116239190101624
GAC,0.27522382140159607
GAG,1.9412342309951782
GAU,0.5022242069244385
GCA,0.3224838376045227
GCC,0.3661367893218994
GCG,0.7274629473686218
GCU,0.252625435590744
GGA,0.9892151355743408
GGC,0.16972148418426514
GGG,1.2997690439224243
GGU,0.38238245248794556
GUA,0.40038347244262695
GUC,0.5081386566162109
GUG,0.9627072811126709
GUU,0.2691911458969116
UAC,0.3663347661495209
UAU,0.600610613822937
UCA,0.36962249875068665
UCC,0.5256909728050232
UCG,0.6337938904762268
UCU,0.24236038327217102
UGC,0.5039166808128357
UGG,0.18059591948986053
UGU,0.7497386932373047
UUA,0.5130171775817871
UUC,0.2983298897743225
UUG,0.22762265801429749
UUU,0.5230337381362915
