codon,average_decoding_time
AAA,0.4507919251918793
AAC,0.32331252098083496
AAG,0.159353107213974
AAU,0.5520803928375244
ACA,0.34590932726860046
ACC,0.3790345788002014
ACG,0.5675455927848816
ACU,0.22792543470859528
AGA,0.14569450914859772
AGC,1.325088381767273
AGG,1.515691876411438
AGU,1.620944857597351
AUA,0.4405773878097534
AUC,0.46600162982940674
AUG,0.5395573973655701
AUU,0.2750842571258545
CAA,0.4586445391178131
CAC,0.5221579670906067
CAG,2.8829033374786377
CAU,0.7730127573013306
CCA,0.31341105699539185
CCC,1.9730093479156494
CCG,1.6906213760375977
CCU,1.653063178062439
CGA,0.5025135278701782
CGC,0.6217243671417236
CGG,1.8224332332611084
CGU,0.38571977615356445
CUA,1.3145577907562256
CUC,1.1572370529174805
CUG,1.3872864246368408
CUU,1.2397574186325073
GAA,0.3004530072212219
GAC,0.27707669138908386
GAG,1.9414350986480713
GAU,0.5002120733261108
GCA,0.3234061002731323
GCC,0.3660437762737274
GCG,0.7263166904449463
GCU,0.2231600433588028
GGA,0.983806848526001
GGC,0.16918635368347168
GGG,1.2926983833312988
GGU,0.38313063979148865
GUA,0.40043938159942627
GUC,0.5063328742980957
GUG,0.9637840390205383
GUU,0.2823328971862793
UAC,0.5205033421516418
UAU,0.7720224261283875
UCA,0.3723541796207428
UCC,0.5343208909034729
UCG,0.7690424919128418
UCU,0.30631956458091736
UGC,0.6897774934768677
UGG,0.3196902871131897
UGU,0.9510160088539124
UUA,0.5690615773200989
UUC,0.3390406370162964
UUG,0.2613320052623749
UUU,0.5707427263259888
