codon,average_decoding_time
AAA,0.4488537609577179
AAC,0.3231256306171417
AAG,0.22882644832134247
AAU,0.5535494685173035
ACA,0.3462064564228058
ACC,0.3781423568725586
ACG,0.6742427349090576
ACU,0.22767853736877441
AGA,0.146174818277359
AGC,1.3198034763336182
AGG,1.5051467418670654
AGU,1.6172879934310913
AUA,0.4392866790294647
AUC,0.46445995569229126
AUG,0.5119274854660034
AUU,0.2746923565864563
CAA,0.4575527012348175
CAC,0.522594690322876
CAG,0.635391891002655
CAU,0.7724732756614685
CCA,0.31579282879829407
CCC,1.9848613739013672
CCG,0.4423093795776367
CCU,1.646823763847351
CGA,0.5011774897575378
CGC,0.6216421127319336
CGG,1.8324960470199585
CGU,0.38644158840179443
CUA,1.3106106519699097
CUC,1.159471035003662
CUG,1.3392384052276611
CUU,1.2431862354278564
GAA,0.3013845980167389
GAC,0.27549731731414795
GAG,0.4599071741104126
GAU,0.4995284080505371
GCA,0.322900652885437
GCC,0.3668661415576935
GCG,0.8302164673805237
GCU,0.22331055998802185
GGA,0.9909949898719788
GGC,0.1686905473470688
GGG,1.2989529371261597
GGU,0.38180112838745117
GUA,0.4015389382839203
GUC,0.5060420632362366
GUG,1.8715070486068726
GUU,0.28213974833488464
UAC,0.5205647349357605
UAU,0.7715560793876648
UCA,0.37285444140434265
UCC,0.533362627029419
UCG,2.5412094593048096
UCU,0.3083721697330475
UGC,0.6862998604774475
UGG,0.31918132305145264
UGU,0.9518992900848389
UUA,0.568215012550354
UUC,0.3376065194606781
UUG,0.3038176894187927
UUU,0.5719856023788452
