codon,average_decoding_time
AAA,0.3990712312600839
AAC,0.32678190877731234
AAG,0.12667774403584206
AAU,0.5584773347309597
ACA,0.338829900224392
ACC,0.3614089052109333
ACG,0.5462038234320553
ACU,0.19560293943386153
AGA,0.09845970586980088
AGC,1.2213581397581375
AGG,1.5731968790443647
AGU,1.5525193766432284
AUA,0.35171003047109706
AUC,0.39129629254606635
AUG,0.4114213375500348
AUU,0.19146731345851756
CAA,0.46460530897933194
CAC,0.5323740544415896
CAG,3.4498979220029047
CAU,0.7931643246152187
CCA,0.3431458226041193
CCC,2.181996767611205
CCG,0.5087849916944064
CCU,1.61869936955401
CGA,0.5113952398933461
CGC,0.6349067384216965
CGG,2.203785695086187
CGU,0.3935403084448973
CUA,1.3759515709762455
CUC,1.2100389633922846
CUG,1.3980968823297089
CUU,4.446176619703519
GAA,0.27215860333882197
GAC,0.28010154172076057
GAG,1.934095757453669
GAU,0.5065878793280753
GCA,0.3147315747488086
GCC,0.3507888137065321
GCG,0.7080002427182003
GCU,0.2295632332475917
GGA,0.8253867853006486
GGC,0.14903381382239653
GGG,0.6318244892453432
GGU,0.36257645757207
GUA,0.32400953584376146
GUC,0.4338946478373551
GUG,1.7584682591537115
GUU,0.19952559507344894
UAC,0.3701904466251449
UAU,0.6099826128211184
UCA,0.37372951333514914
UCC,0.5344952774319005
UCG,0.6446637733437757
UCU,0.24514503054933734
UGC,0.5151755164593615
UGG,0.21316755174034233
UGU,0.767038082010039
UUA,0.5201234143518919
UUC,0.29906423961653433
UUG,0.2007465751914273
UUU,0.5303643429166777
