codon,average_decoding_time
AAA,0.3983290336883536
AAC,0.3269805052058976
AAG,0.20873306453993784
AAU,0.5590574977810132
ACA,0.3373766067789267
ACC,0.4159744828874671
ACG,0.4149187750949992
ACU,0.20907849904977457
AGA,0.0973557041647413
AGC,1.2114487846552162
AGG,0.2716062562899305
AGU,1.5499303431602052
AUA,0.3523545069471239
AUC,0.37699270582183014
AUG,0.4428557235823463
AUU,0.20537394629825523
CAA,0.3008902614132275
CAC,0.37047449419512674
CAG,0.5732375176742298
CAU,0.6078387052441891
CCA,0.33804280752038446
CCC,1.8123144810807341
CCG,1.48747888024513
CCU,1.7589294594243399
CGA,0.4821691573702902
CGC,0.5096748062001305
CGG,1.9197993807538256
CGU,0.282954212457727
CUA,1.2345342441462335
CUC,3.402815588936435
CUG,1.160404531108989
CUU,1.158011558339968
GAA,0.305562703654474
GAC,0.2781831410831475
GAG,0.4658063485216668
GAU,0.5075846612844047
GCA,0.3178175358559336
GCC,0.4788092877569141
GCG,0.7458060673295624
GCU,0.22489084013753893
GGA,1.0250795356960287
GGC,0.17180229306522862
GGG,1.3647053227022898
GGU,0.3864206898113604
GUA,0.40414149008067113
GUC,0.4993264900604263
GUG,1.0014019709935238
GUU,0.28503030042716015
UAC,0.5343717176871141
UAU,0.7917088246413722
UCA,0.3766995220572583
UCC,0.502813408401894
UCG,2.920591406406998
UCU,0.31071728469909016
UGC,0.7052930185961835
UGG,0.32267818586386643
UGU,0.9813702670877186
UUA,0.5786494491787514
UUC,0.34400101218079043
UUG,0.26413213549939124
UUU,0.5780932147411743
