codon,average_decoding_time
AAA,0.40220383620152506
AAC,0.325436221253216
AAG,0.20739596388738052
AAU,0.5597390724716533
ACA,0.3374646828811051
ACC,0.41325153471490317
ACG,0.5464071827328967
ACU,0.19699595905740608
AGA,0.09829330100220139
AGC,1.2180082752145478
AGG,0.2864740274969555
AGU,1.5539199353268074
AUA,0.3509481512402351
AUC,0.3770738016469208
AUG,0.44317880875319426
AUU,0.19191651387259132
CAA,0.29926964773921355
CAC,0.37339946335076857
CAG,0.5724061068278462
CAU,0.6089877717244072
CCA,0.33726127670004624
CCC,1.8091850845487034
CCG,0.4343013346647345
CCU,1.4483287780485756
CGA,0.48147109426663504
CGC,0.51056531075552
CGG,2.0778630370327758
CGU,0.28114624484160644
CUA,1.2334456888685321
CUC,3.4191495373189293
CUG,1.118225428910285
CUU,3.9617503839141315
GAA,0.2718026121255927
GAC,0.2782795076701657
GAG,0.4330944669828675
GAU,0.5067359835320048
GCA,0.3153438120894167
GCC,0.45032538999771937
GCG,0.7122545248666131
GCU,0.22880175823662444
GGA,0.8307454537894632
GGC,0.14848509133307683
GGG,0.6324369714083228
GGU,0.361408590427212
GUA,0.3249751014597784
GUC,0.4180409743230656
GUG,0.8600961539210608
GUU,0.2002858751877578
UAC,0.36990164979468376
UAU,0.6065546182634676
UCA,0.37225293761964684
UCC,0.46896889158653166
UCG,0.6471582188674787
UCU,0.2463944048118311
UGC,0.5136598160724037
UGG,0.33529628411838924
UGU,0.7672870311057515
UUA,0.5172870904031104
UUC,0.30092914570561524
UUG,0.20498420269229017
UUU,0.5291481965208438
