codon,average_decoding_time
AAA,0.40068478937785457
AAC,0.3288560668010239
AAG,0.12762502885315335
AAU,0.5572704595640318
ACA,0.33791105670694543
ACC,0.35978498150290383
ACG,0.41607257996815805
ACU,0.21037060567713267
AGA,0.09803178069619622
AGC,1.2242618992430956
AGG,1.393704863463642
AGU,1.5476430435816884
AUA,0.3528314365619447
AUC,0.39162397459393133
AUG,0.4428230211163636
AUU,0.20598126273641199
CAA,0.4658378753619183
CAC,0.5319753878810377
CAG,3.480140850883154
CAU,0.790731597416507
CCA,0.34306170705131184
CCC,2.187692437326508
CCG,1.8368737220998594
CCU,1.7902117071850083
CGA,0.5106392799898041
CGC,0.6347855969797196
CGG,2.0319017183023975
CGU,0.39164299628838545
CUA,1.3771423260059568
CUC,1.2090465408189868
CUG,1.4595208297501854
CUU,1.2922313332588917
GAA,0.3039790417730277
GAC,0.28013723890397485
GAG,2.1547842223170037
GAU,0.5092655007559177
GCA,0.3195121253438802
GCC,0.37083799165194525
GCG,0.7443725333301165
GCU,0.22559054413492097
GGA,1.0354828653469121
GGC,0.17019353829047829
GGG,1.3604371445136736
GGU,0.38617608352005295
GUA,0.4056618244972017
GUC,0.5150934525583001
GUG,0.9956776095799765
GUU,0.2870278892528881
UAC,0.53140100023205
UAU,0.7860094432010842
UCA,0.37730563095038117
UCC,0.5416950622438705
UCG,2.9080395782622586
UCU,0.31063951674870016
UGC,0.7056372390763596
UGG,0.32366046131707604
UGU,0.9828586927021925
UUA,0.5800414058264981
UUC,0.34408122249075174
UUG,0.26493497644464237
UUU,0.5770898846247856
