codon,average_decoding_time
AAA,0.3988546648106311
AAC,0.32708623601187914
AAG,0.12713945718858746
AAU,0.5590567345321856
ACA,0.33761157305318623
ACC,0.4145938503828493
ACG,0.5669035691043024
ACU,0.20759544768290844
AGA,0.09813469760910162
AGC,1.2265595323896934
AGG,1.5697192232778128
AGU,1.5569611598204958
AUA,0.35329048665079377
AUC,0.37750713802568775
AUG,0.4424444526249234
AUU,0.20418228200494626
CAA,0.29907686012358414
CAC,0.37036668865334665
CAG,2.430918395280361
CAU,0.6088753815656801
CCA,0.33976535091275406
CCC,1.8068934915597465
CCG,0.3878327611972016
CCU,1.769190578087677
CGA,0.48166424751736003
CGC,0.512210254457139
CGG,1.3990102532705653
CGU,0.2830656310498098
CUA,1.2327821063782678
CUC,3.4057799811015785
CUG,1.1153921502597957
CUU,1.158641187829297
GAA,0.30455214513459483
GAC,0.280162782875347
GAG,2.164595100818219
GAU,0.5075646177574731
GCA,0.31719046099990034
GCC,0.48239800145726397
GCG,0.8559107696657495
GCU,0.22632579649256623
GGA,1.017988022627899
GGC,0.17165658540657955
GGG,0.6824456391746502
GGU,0.38670103642666703
GUA,0.40555751674335516
GUC,0.49910110203996133
GUG,0.9952123640816926
GUU,0.2861825658153774
UAC,0.5337865241657299
UAU,0.7881345916064801
UCA,0.37604774016617526
UCC,0.5034796099494748
UCG,0.7842630569350645
UCU,0.31082563910170297
UGC,0.7079210947698124
UGG,0.35335611884106366
UGU,0.9805330894568666
UUA,0.5796418223089431
UUC,0.3430096677934729
UUG,0.26320236305864586
UUU,0.5773238990293419
