codon,average_decoding_time
AAA,0.3989791590406057
AAC,0.32828275749778674
AAG,0.12844230342921012
AAU,0.5589975301356866
ACA,0.3387286541229218
ACC,0.36278247184333146
ACG,0.5469759864770476
ACU,0.2095807721318233
AGA,0.09826264534679331
AGC,1.2180013666486684
AGG,0.28650719136243596
AGU,1.5624667170144844
AUA,0.3513011154963342
AUC,0.39070555528252
AUG,0.3429524558673706
AUU,0.20574788369364655
CAA,0.4657609156366779
CAC,0.532535771764176
CAG,3.4457806910929176
CAU,0.7871144191211885
CCA,0.3447768040502782
CCC,2.1879089848561133
CCG,0.5076987900104026
CCU,1.7925759536131918
CGA,0.5084992342798021
CGC,0.6340799260057565
CGG,2.18868723928185
CGU,0.3911591994879068
CUA,1.3733633917906276
CUC,1.2091747302111227
CUG,1.399114924086819
CUU,1.28555687006123
GAA,0.271795192165696
GAC,0.280852299227105
GAG,1.9221180189219054
GAU,0.5083785647410276
GCA,0.3143285630733581
GCC,0.35015561330049966
GCG,0.7131921354576014
GCU,0.20784404321310515
GGA,0.8328697556296417
GGC,0.1485098648104595
GGG,0.6309740607570256
GGU,0.3606488055360404
GUA,0.32463846291252096
GUC,0.43221677582359486
GUG,1.5674325087033416
GUU,0.21263582927763164
UAC,0.5338456153412426
UAU,0.7903253047638027
UCA,0.3785618575194731
UCC,0.5421076686053485
UCG,0.7873005237126878
UCU,0.3102145333384945
UGC,0.705184598867304
UGG,0.3528576017072857
UGU,0.9817273757346903
UUA,0.577800917638229
UUC,0.34306197752363593
UUG,0.3067426386603897
UUU,0.5761372447516354
