codon,average_decoding_time
AAA,0.3997104751181403
AAC,0.32690452857406455
AAG,0.20708447229083343
AAU,0.5592664935047675
ACA,0.3379538505344053
ACC,0.41615253223525384
ACG,0.5474913741489118
ACU,0.21037800046354696
AGA,0.09774635478169595
AGC,1.2253435668536483
AGG,1.5749110394378687
AGU,1.5530499226319818
AUA,0.3516233727703033
AUC,0.37666882794885487
AUG,0.341583931526164
AUU,0.20500653560727253
CAA,0.29926813587304596
CAC,0.36903534442972974
CAG,0.571307602852949
CAU,0.6087685275813515
CCA,0.33735459738574575
CCC,1.8096128364839728
CCG,0.43314920521405786
CCU,1.7653511193590044
CGA,0.4809822318186815
CGC,0.5102997162078172
CGG,1.4016933379743701
CGU,0.28216470017872997
CUA,1.2263051839765724
CUC,3.410856475173623
CUG,1.0966170252958096
CUU,1.1592834085061425
GAA,0.27205247138207944
GAC,0.2791968112273358
GAG,0.4316967596222955
GAU,0.5026651023373646
GCA,0.3161433786645382
GCC,0.4531735248613684
GCG,0.7125568942033588
GCU,0.2075926437761007
GGA,0.8290370195168743
GGC,0.1489223097068768
GGG,0.6352260692805952
GGU,0.3623979440839339
GUA,0.32504953912406104
GUC,0.4178402984383269
GUG,1.5627027298737
GUU,0.212946693527672
UAC,0.5304386041882156
UAU,0.7899662763412276
UCA,0.3747135890023122
UCC,0.505386719612145
UCG,0.7860628181039396
UCU,0.310271705326175
UGC,0.7009659574278431
UGG,0.3542169457675183
UGU,0.9787513890054084
UUA,0.5787866104732988
UUC,0.34198924245451534
UUG,0.30755192028087464
UUU,0.5794802656838406
