codon,average_decoding_time
AAA,0.3994114679219998
AAC,0.3259582717700765
AAG,0.2071940553069865
AAU,0.5606770107187551
ACA,0.3373023032961913
ACC,0.4148155222871929
ACG,0.546197523897865
ACU,0.19608411771763132
AGA,0.09855700095483257
AGC,1.2157690509614196
AGG,1.5741626153361812
AGU,1.552792039309259
AUA,0.35370531589596454
AUC,0.37731648435668547
AUG,0.37391468059143756
AUU,0.19247664508180326
CAA,0.2977215658231337
CAC,0.370444427851392
CAG,0.5729898315116777
CAU,0.6054759119816837
CCA,0.33829291567804604
CCC,1.8150192996776808
CCG,0.43503610217235567
CCU,1.4497692858448537
CGA,0.4826155261970752
CGC,0.511904926307902
CGG,1.4003390482663087
CGU,0.28195108582446227
CUA,1.2405688915837747
CUC,3.400232530631058
CUG,1.1159998698987514
CUU,3.965472832219837
GAA,0.27119682364960235
GAC,0.28022211366274813
GAG,0.4355129015044545
GAU,0.5064767233985156
GCA,0.3143617986072779
GCC,0.45116809536313507
GCG,0.7114735884542336
GCU,0.22873255196669773
GGA,0.8277467926123055
GGC,0.14886437337916347
GGG,0.6311631538778593
GGU,0.35928184248244116
GUA,0.32532391174223857
GUC,0.4166661328754065
GUG,0.7683947230937839
GUU,0.19881820621061347
UAC,0.37115934924965976
UAU,0.6110226780757515
UCA,0.37218280189232894
UCC,0.4688733060976229
UCG,0.6442162778443915
UCU,0.2465403178404079
UGC,0.5152018997996306
UGG,0.214771281919151
UGU,0.7666699909482636
UUA,0.5213326171956371
UUC,0.30016273776709673
UUG,0.23249665772840541
UUU,0.5303525626388931
