codon,average_decoding_time
AAA,0.39971096715668414
AAC,0.32668482083735045
AAG,0.20625248750984
AAU,0.5591065841129437
ACA,0.3387817819755318
ACC,0.36139109437111694
ACG,0.5448075233203379
ACU,0.20940313738473737
AGA,0.09809157961548937
AGC,1.2268205271041261
AGG,0.28751240076929246
AGU,1.5490354958790056
AUA,0.35009610803402863
AUC,0.3915665096350603
AUG,0.3739954477196074
AUU,0.20669283310265057
CAA,0.4660285262854372
CAC,0.5346613883617765
CAG,0.6418412602881949
CAU,0.7901127065846163
CCA,0.34405068513671166
CCC,2.1986087124732916
CCG,0.5086193012367817
CCU,1.7999518012830578
CGA,0.5096563902064207
CGC,0.6328943752118442
CGG,2.2011141703577968
CGU,0.3943207319750122
CUA,1.3717247067021712
CUC,1.2068377638497212
CUG,1.4614096010890014
CUU,1.2848558294735106
GAA,0.27133347860152385
GAC,0.2788630418006207
GAG,0.43593730470097086
GAU,0.5071534943567599
GCA,0.3150258657902196
GCC,0.349117959977967
GCG,0.7123182503809466
GCU,0.20807397904396888
GGA,0.8297820703593645
GGC,0.14815953303145166
GGG,0.6300817278172952
GGU,0.3624577251433693
GUA,0.3256468579746065
GUC,0.4325703603884952
GUG,0.7703744602733862
GUU,0.21305146853509513
UAC,0.5303522513424367
UAU,0.7854354763885777
UCA,0.3784373993483568
UCC,0.5405930665540731
UCG,0.7918653566028006
UCU,0.31070855220966725
UGC,0.7056616932962301
UGG,0.3528949686011054
UGU,0.9792246538013504
UUA,0.5761429009201307
UUC,0.3421844275208035
UUG,0.3271749884745001
UUU,0.5787474288137586
