codon,average_decoding_time
AAA,0.39626266222141937
AAC,0.3266550749249518
AAG,0.12684277599473673
AAU,0.559800321373903
ACA,0.33785377782116555
ACC,0.41358554017943444
ACG,0.41608190288408303
ACU,0.196982172028058
AGA,0.09815327529100343
AGC,1.2126221833459396
AGG,0.27219317524347436
AGU,1.554972986515236
AUA,0.3516322260680025
AUC,0.3774851143438238
AUG,0.34316363316784226
AUU,0.19336411282940008
CAA,0.3004278429358069
CAC,0.370885604894419
CAG,2.4224898209939227
CAU,0.6067186130619981
CCA,0.33736352652485346
CCC,1.804903275126917
CCG,1.4853755047725732
CCU,1.4535102585270252
CGA,0.4820104377727517
CGC,0.5103782118478193
CGG,1.9186903046803103
CGU,0.2831217296525176
CUA,1.2352569462930876
CUC,3.427616927604374
CUG,1.0536546112770664
CUU,3.966357686411997
GAA,0.30263043222206537
GAC,0.2797634695746968
GAG,2.164399707586544
GAU,0.5065835692348767
GCA,0.3193184234767918
GCC,0.47985063124144633
GCG,0.7448010895791601
GCU,0.256487642291177
GGA,1.0252737737981104
GGC,0.17142869323032825
GGG,1.363727238365319
GGU,0.38606070443194135
GUA,0.4050104803887433
GUC,0.5024462191899518
GUG,2.073839285140191
GUU,0.27216330685697826
UAC,0.3698181211652823
UAU,0.6071559519443164
UCA,0.37452311067364824
UCC,0.46958574198807645
UCG,2.305287187181722
UCU,0.24574839231005738
UGC,0.5146610526101013
UGG,0.30414229685718747
UGU,0.7686032169510921
UUA,0.5192668684271832
UUC,0.3013251978976375
UUG,0.21316993350311986
UUU,0.529276472729831
