codon,average_decoding_time
AAA,0.40201245143015224
AAC,0.32798985610720427
AAG,0.1281072942080765
AAU,0.5590342607096268
ACA,0.33824978540856754
ACC,0.3606355528315814
ACG,0.545932928555765
ACU,0.21094541976378034
AGA,0.09805448159753562
AGC,1.2185535406341381
AGG,0.2874365486834521
AGU,1.5465170081593014
AUA,0.35171844524726437
AUC,0.3912314604515179
AUG,0.37303891452381077
AUU,0.20464350558387442
CAA,0.46516344029090095
CAC,0.5314486734467714
CAG,3.472608125080319
CAU,0.7908193029294633
CCA,0.3459219570724546
CCC,2.196291793554388
CCG,0.5057022780859497
CCU,1.788380689209474
CGA,0.5075734493141206
CGC,0.6333859879977962
CGG,2.195273451309907
CGU,0.39470688830798956
CUA,1.3636701558879365
CUC,1.208589221107702
CUG,1.4561968454248455
CUU,1.2909499352345881
GAA,0.27304464608743706
GAC,0.2802142191988004
GAG,1.9257868208731872
GAU,0.5051711815433892
GCA,0.3152257727790697
GCC,0.349807815995588
GCG,0.7123798550161775
GCU,0.20803466415651198
GGA,0.8236087125723802
GGC,0.14904040848298714
GGG,0.6323883165397387
GGU,0.3612367971015482
GUA,0.325488243635725
GUC,0.4326950726106609
GUG,0.7703647442035025
GUU,0.21228167932653763
UAC,0.5334117954210715
UAU,0.7881764415785013
UCA,0.3769877383866584
UCC,0.5435073610846881
UCG,0.7863309731341477
UCU,0.3107955753872859
UGC,0.704126842139943
UGG,0.35542485671712815
UGU,0.9832147959527126
UUA,0.5791865057623911
UUC,0.34377808010601196
UUG,0.3262964586349063
UUU,0.5745551358820118
