codon,average_decoding_time
AAA,0.4009395096286542
AAC,0.3247112927252666
AAG,0.20687625186294184
AAU,0.5609488809313184
ACA,0.3389951850996233
ACC,0.362435311539088
ACG,0.5462953726785587
ACU,0.20862710196498396
AGA,0.09791225688303357
AGC,1.2157303367384364
AGG,1.572699201124114
AGU,1.5606484436886103
AUA,0.3517018689076347
AUC,0.39190815434041365
AUG,0.4137792432443872
AUU,0.20510449693986818
CAA,0.46244184041152125
CAC,0.5330643507318561
CAG,0.6464547839198476
CAU,0.7897761609563061
CCA,0.345670565543894
CCC,2.1782758082597526
CCG,0.5062716510437311
CCU,1.7999876331364137
CGA,0.5094334277504514
CGC,0.635961619938019
CGG,2.2007746778127175
CGU,0.392428469544025
CUA,1.372969213681991
CUC,1.2050480993543482
CUG,1.4038542600345798
CUU,1.2938452824434408
GAA,0.2725214943326384
GAC,0.280195047056306
GAG,0.4361746685725906
GAU,0.5084281973718445
GCA,0.3145775463890929
GCC,0.3495835813894538
GCG,0.7105025436136281
GCU,0.2074796223481176
GGA,0.8308062644378026
GGC,0.14848866566158284
GGG,0.6342023531269771
GGU,0.36240149637718344
GUA,0.3249452590361222
GUC,0.4317678803293599
GUG,1.7618524958831523
GUU,0.21275029764853953
UAC,0.5324727492825686
UAU,0.7890787795549962
UCA,0.37689465787134735
UCC,0.5427221871680964
UCG,0.785983743907809
UCU,0.3117435237905856
UGC,0.7072209195094858
UGG,0.353123319691759
UGU,0.9804997680361758
UUA,0.578351175746532
UUC,0.34300893784770137
UUG,0.25295188886594927
UUU,0.5789995071261366
