codon,average_decoding_time
AAA,0.3993613841492563
AAC,0.3265145525428407
AAG,0.1273454702037599
AAU,0.5596456732681739
ACA,0.338671991012999
ACC,0.36240492749233594
ACG,0.5708206168509868
ACU,0.21048108987998482
AGA,0.09818389920523772
AGC,1.222903300793401
AGG,0.2867505302094575
AGU,1.553473562964695
AUA,0.3521600675824207
AUC,0.3913183858016965
AUG,0.34383993805991503
AUU,0.20562493383004893
CAA,0.46235072841089503
CAC,0.534178933688907
CAG,3.4490454223934335
CAU,0.7922016838312782
CCA,0.34600721799364836
CCC,2.190355835491227
CCG,0.4501999396703762
CCU,1.7970441876204803
CGA,0.5091834868970897
CGC,0.6329098812734418
CGG,2.1946475445618905
CGU,0.3913487699104251
CUA,1.3719695578318758
CUC,1.2077931958384294
CUG,1.4054088632293247
CUU,1.2919242977512486
GAA,0.303890103762321
GAC,0.27836331631457156
GAG,2.162246074532078
GAU,0.5077790217752051
GCA,0.31838296522717957
GCC,0.3687620978151396
GCG,0.8520455043702317
GCU,0.22588925571275334
GGA,1.0255983677888045
GGC,0.1721009739829676
GGG,0.6824578342879193
GGU,0.3875050404746168
GUA,0.40362342459054684
GUC,0.5141441340379371
GUG,2.0889119680703017
GUU,0.28607964031187794
UAC,0.5304463711709002
UAU,0.7903292558554466
UCA,0.37675517420024757
UCC,0.540235680396285
UCG,0.7871846781771127
UCU,0.31127697482015226
UGC,0.709179999145042
UGG,0.35418706137347306
UGU,0.9839866532685368
UUA,0.5756802719184897
UUC,0.3422165122407309
UUG,0.30752581544954816
UUU,0.5777808269545051
