codon,average_decoding_time
AAA,0.401712600665121
AAC,0.32577802113165927
AAG,0.20746661830871974
AAU,0.5613555439350942
ACA,0.3382706002514943
ACC,0.3610655374610073
ACG,0.41543617411819733
ACU,0.21172451263442865
AGA,0.09778422279074604
AGC,1.2227833576924276
AGG,1.3973380527872217
AGU,1.5633241834713854
AUA,0.3511096500312334
AUC,0.39113284285069144
AUG,0.34548410325720447
AUU,0.20732019796020476
CAA,0.4656384269066213
CAC,0.5329684646964339
CAG,0.6450798363835961
CAU,0.7861353691224398
CCA,0.3424685632502441
CCC,2.191793102885195
CCG,1.841588616231046
CCU,1.8036065211158734
CGA,0.510433267056175
CGC,0.636284071396215
CGG,2.028356960947944
CGU,0.3955017050842179
CUA,1.3749648649030568
CUC,1.2061299187757517
CUG,1.3971321886033283
CUU,1.2882450907347114
GAA,0.3028280414845512
GAC,0.2804748218474905
GAG,0.4668547582266504
GAU,0.5085744050317745
GCA,0.319888811437548
GCC,0.37046405948810485
GCG,0.7457523307748546
GCU,0.22518645889274508
GGA,1.0275008686585663
GGC,0.17063876396215324
GGG,1.373831900008587
GGU,0.3864360918980872
GUA,0.40368886426262135
GUC,0.5130859914372082
GUG,2.0702024264642147
GUU,0.28395271183081705
UAC,0.5333890428798382
UAU,0.7875376907484768
UCA,0.3766226151054465
UCC,0.5423189212297382
UCG,2.917141218281119
UCU,0.31030716198614294
UGC,0.7069170715388535
UGG,0.32421926890918656
UGU,0.9806513499939443
UUA,0.5779761407878333
UUC,0.3419942197488113
UUG,0.3065562778521596
UUU,0.5741984347192127
