codon,average_decoding_time
AAA,0.40051415440850097
AAC,0.32454625486429417
AAG,0.12740466809104709
AAU,0.5596375759501296
ACA,0.33753847675730375
ACC,0.41654925172514873
ACG,0.5480197553271946
ACU,0.19760135149541225
AGA,0.09745354328294674
AGC,1.222162183163921
AGG,0.28812876363541196
AGU,1.556729409989946
AUA,0.35094661344593364
AUC,0.37786595184568
AUG,0.41078820372341585
AUU,0.19163760252593867
CAA,0.29988587941253575
CAC,0.3681043804829568
CAG,2.412416235846814
CAU,0.6094230507359883
CCA,0.33953505579150556
CCC,1.8152803136395745
CCG,0.4336902957339752
CCU,1.4560120623507558
CGA,0.48328778020636187
CGC,0.5102546297329089
CGG,2.0779130857643353
CGU,0.28160721525587534
CUA,1.2306870607902163
CUC,3.4055263348465665
CUG,1.0905160316235898
CUU,3.9702599645449266
GAA,0.27146061332665233
GAC,0.27960441215917176
GAG,1.9423982483885214
GAU,0.5076370746996196
GCA,0.31590200660585205
GCC,0.44951737333550945
GCG,0.7110494710905546
GCU,0.22844262792346323
GGA,0.827216628615951
GGC,0.14862374523318725
GGG,0.6297292007460621
GGU,0.3613862627372854
GUA,0.3229731797225611
GUC,0.42119864411393165
GUG,1.7611086196214354
GUU,0.20010820231250237
UAC,0.3693400012454687
UAU,0.6058303480568533
UCA,0.3741889713397561
UCC,0.47028815834163135
UCG,0.6499987121742359
UCU,0.24658635836120937
UGC,0.5143457849224385
UGG,0.3337976712647106
UGU,0.7670014023594338
UUA,0.518513558569405
UUC,0.3005238839842238
UUG,0.20241924647601514
UUU,0.5280209336826588
