codon,average_decoding_time
AAA,0.4006887987429044
AAC,0.32744995086990986
AAG,0.20759665229752333
AAU,0.5598164720215764
ACA,0.33923342684585606
ACC,0.41361486701037975
ACG,0.5466491800777334
ACU,0.1966376222741414
AGA,0.09853909445876163
AGC,1.2155837619857275
AGG,0.287320111086921
AGU,1.5545763618120974
AUA,0.35285805232828205
AUC,0.3779165607898873
AUG,0.34408167982511034
AUU,0.19124103267930181
CAA,0.298448946356702
CAC,0.36924357787309536
CAG,0.5704723611361915
CAU,0.6046757917304648
CCA,0.33798701246477314
CCC,1.8201341141226373
CCG,0.43362559941147744
CCU,1.4446258746203156
CGA,0.48232340464117923
CGC,0.5101293187510072
CGG,2.0774589539110693
CGU,0.2831169257882977
CUA,1.2372634522046184
CUC,3.3969153530863894
CUG,1.0582025257621799
CUU,3.9937011641110636
GAA,0.2726073982799118
GAC,0.2786602009927064
GAG,0.4360494294748906
GAU,0.5053525598558255
GCA,0.3162492438857481
GCC,0.4536097498836752
GCG,0.7121357823966835
GCU,0.23048744968182022
GGA,0.8291099544757946
GGC,0.14923112563325422
GGG,0.633885467422401
GGU,0.3619387437410836
GUA,0.32506763876935013
GUC,0.4163169884657941
GUG,1.560591321483209
GUU,0.19934246368635883
UAC,0.36951395204202525
UAU,0.6072751311323508
UCA,0.37209266737890023
UCC,0.47022798798717447
UCG,0.6453593048120269
UCU,0.24575589144499732
UGC,0.515069333536769
UGG,0.33380358494069806
UGU,0.7704159254665184
UUA,0.5190696247440706
UUC,0.30000559849569547
UUG,0.21262705650134775
UUU,0.5298117644112496
