codon,average_decoding_time
AAA,0.4007173842157665
AAC,0.3265626622851439
AAG,0.1267984618073602
AAU,0.5581820751155393
ACA,0.337711540289553
ACC,0.41558356835274773
ACG,0.5683806706706486
ACU,0.21022520368002456
AGA,0.0986213629364922
AGC,1.2210353732481078
AGG,1.5689121087088331
AGU,1.5541144055170522
AUA,0.35182241599462183
AUC,0.37717413434687086
AUG,0.37347700404701945
AUU,0.20559984869194312
CAA,0.30028327902805196
CAC,0.37104550601170033
CAG,2.430061801517937
CAU,0.6089344982997436
CCA,0.33855773828215163
CCC,1.8059306867968155
CCG,0.3866088894877841
CCU,1.7687301791392818
CGA,0.47878743623833414
CGC,0.511774306840242
CGG,1.3962492474194874
CGU,0.2826748157254953
CUA,1.2402171930462988
CUC,3.4238090293562307
CUG,1.1215463415283007
CUU,1.1597626638103917
GAA,0.3029326236807647
GAC,0.28102640170446536
GAG,2.1597089103510454
GAU,0.5085569222014615
GCA,0.31857088636837666
GCC,0.48198107694143366
GCG,0.8499174781145268
GCU,0.2249486305704485
GGA,1.0193375693073814
GGC,0.17133339076077223
GGG,0.6839337501767576
GGU,0.3867081704043802
GUA,0.40707707491420303
GUC,0.5005817982481061
GUG,0.9942918812218887
GUU,0.28329268938455493
UAC,0.5315767807892117
UAU,0.7872930147056282
UCA,0.37884994661258753
UCC,0.5051497009164901
UCG,0.7923996805643967
UCU,0.3094064517394764
UGC,0.7055428646689039
UGG,0.35357225825572214
UGU,0.9783978670615081
UUA,0.5773638418083942
UUC,0.343957119682019
UUG,0.32446488167826
UUU,0.5767540403386908
