codon,average_decoding_time
AAA,0.4010379167509504
AAC,0.3275263694886203
AAG,0.12732183810127207
AAU,0.5602656740248471
ACA,0.33989378232866424
ACC,0.36145059225357495
ACG,0.5477669075047675
ACU,0.19645511970589916
AGA,0.0979515381837998
AGC,1.21346830670897
AGG,1.5841648256251906
AGU,1.559134854871656
AUA,0.3513231233495447
AUC,0.3923507715697772
AUG,0.3716846831019948
AUU,0.19241905294057338
CAA,0.4664957123647913
CAC,0.535144688517369
CAG,3.440836015479215
CAU,0.7866631392844504
CCA,0.3442050939021346
CCC,2.187237369168691
CCG,0.5061421788246904
CCU,1.6188929599624406
CGA,0.5141774540522084
CGC,0.6333987498317384
CGG,2.1899730552759715
CGU,0.39279669548280954
CUA,1.3710830049243312
CUC,1.2023213617314148
CUG,1.4592207363670386
CUU,4.43657987226761
GAA,0.27196919373929634
GAC,0.27827586741217136
GAG,1.936094449030862
GAU,0.5070817039941723
GCA,0.315281552522401
GCC,0.34951533835986504
GCG,0.7080740508285661
GCU,0.22786084208823396
GGA,0.8299450616732172
GGC,0.14919680605742405
GGG,0.6360715624912241
GGU,0.36217416750483716
GUA,0.3255060387226146
GUC,0.4319576877064092
GUG,0.772016244057545
GUU,0.1998847264604488
UAC,0.3705484365578447
UAU,0.6077596534817047
UCA,0.3729635171496867
UCC,0.5361020043884845
UCG,0.6466794169916412
UCU,0.2455023083193498
UGC,0.5179780619341253
UGG,0.21470645912861983
UGU,0.7709902813396904
UUA,0.5202080624629978
UUC,0.2994630649638102
UUG,0.24384439051549292
UUU,0.5286467358424215
