codon,average_decoding_time
AAA,0.3994275231971326
AAC,0.3272390623055642
AAG,0.20691639018844712
AAU,0.5577981346419684
ACA,0.33945959602984704
ACC,0.36152824470044753
ACG,0.4170000553710869
ACU,0.19588569050584978
AGA,0.09870701896745113
AGC,1.2197754061979131
AGG,0.2720848388702673
AGU,1.5479069765618543
AUA,0.35196432761970997
AUC,0.39187334146317904
AUG,0.4127129263119369
AUU,0.19147643828403751
CAA,0.4666977419693987
CAC,0.5332148907725116
CAG,0.644110289252257
CAU,0.78909011559792
CCA,0.3445278741129586
CCC,2.1865168570835967
CCG,1.8403706042027368
CCU,1.6185962678477444
CGA,0.5110461774917258
CGC,0.6333020762355595
CGG,2.0408958046753214
CGU,0.3924554408032572
CUA,1.3699491629047482
CUC,1.20656865079287
CUG,1.3994456804016462
CUU,4.4489026909080645
GAA,0.30500921361693795
GAC,0.28086014335042875
GAG,0.46558094314439064
GAU,0.5055824558805123
GCA,0.31947436302546894
GCC,0.3685102804533802
GCG,0.7445745715798625
GCU,0.2555853095674826
GGA,1.0241734000930423
GGC,0.1709094137905313
GGG,1.3694473382666794
GGU,0.3875440956705462
GUA,0.4041417627007453
GUC,0.5157831717028285
GUG,2.077520890397649
GUU,0.27173593621320086
UAC,0.3708487026501396
UAU,0.6064089854190481
UCA,0.37349516400377974
UCC,0.5358875309519338
UCG,2.3103063114577815
UCU,0.24619180605412566
UGC,0.5121078739873159
UGG,0.3023543443353402
UGU,0.7651330067872953
UUA,0.519884939299316
UUC,0.29819758358732695
UUG,0.2010132061746083
UUU,0.5292571505695695
