codon,average_decoding_time
AAA,0.4010524587618126
AAC,0.3264269943587875
AAG,0.2070362536831973
AAU,0.5588767825198314
ACA,0.3368180449062095
ACC,0.41537355132261156
ACG,0.5668537902181298
ACU,0.2099686948453209
AGA,0.09813630962291202
AGC,1.2247210926828187
AGG,1.580124161572256
AGU,1.5584574857530507
AUA,0.3525860956568774
AUC,0.3787392341009606
AUG,0.4126526968159724
AUU,0.20532129600775992
CAA,0.2991861534609957
CAC,0.367455223970091
CAG,0.5741709940822831
CAU,0.6063054203947355
CCA,0.33722148268419616
CCC,1.8054974708411322
CCG,0.38970477074557996
CCU,1.7602790256086804
CGA,0.48197417328089753
CGC,0.5117531079406458
CGG,1.3991991192891633
CGU,0.28132103337509423
CUA,1.241163591297163
CUC,3.415993999739932
CUG,1.0504156990348086
CUU,1.161611808258732
GAA,0.30488605901503085
GAC,0.2772714932624901
GAG,0.4650604845308547
GAU,0.5074112845270362
GCA,0.3191780354904135
GCC,0.48227720454665074
GCG,0.8562214271689357
GCU,0.22506427386338296
GGA,1.022425749797399
GGC,0.17117929291562242
GGG,0.68320551590643
GGU,0.38496986804607447
GUA,0.4051407509091688
GUC,0.4998937923840195
GUG,2.0863097402438537
GUU,0.2855546825638081
UAC,0.533134193743617
UAU,0.7873371270732071
UCA,0.37785161240894777
UCC,0.5033332660767695
UCG,0.7870335091676345
UCU,0.309759688767857
UGC,0.7064321599113575
UGG,0.35195113426495905
UGU,0.9783289903671671
UUA,0.5783702358165035
UUC,0.3418538096256789
UUG,0.2528330456382653
UUU,0.5801472003079191
