codon,average_decoding_time
AAA,0.3993449736178629
AAC,0.3279496250703049
AAG,0.20731069257982712
AAU,0.5597446909859808
ACA,0.33854581336824197
ACC,0.36098230574524387
ACG,0.5463062459316865
ACU,0.1956199349403927
AGA,0.09846927188031701
AGC,1.218182306984798
AGG,0.287784543691884
AGU,1.5582260657076494
AUA,0.3539369858428571
AUC,0.3920891731013759
AUG,0.4138842185606273
AUU,0.1927224114172321
CAA,0.46513443586158726
CAC,0.5317433591314353
CAG,0.643613630197947
CAU,0.7916702691220115
CCA,0.34420852091326876
CCC,2.1874949785801037
CCG,0.5076513513033892
CCU,1.6145776623430275
CGA,0.5088533934146166
CGC,0.6306540045875642
CGG,2.19663124136874
CGU,0.3934676740481574
CUA,1.3726298008717066
CUC,1.2139279009792314
CUG,1.3983188489394471
CUU,4.4129915263983355
GAA,0.27288680418396516
GAC,0.2779562176203215
GAG,0.4335966475019399
GAU,0.505983620008491
GCA,0.3159234469655263
GCC,0.3497864622001891
GCG,0.7101693572823609
GCU,0.23139930473543793
GGA,0.8272964813538408
GGC,0.14961357969113878
GGG,0.6329267654839691
GGU,0.36173975646261597
GUA,0.3238758426619162
GUC,0.43302520483111695
GUG,1.7748944248928549
GUU,0.20003259277934346
UAC,0.3699923675508493
UAU,0.6084362231286361
UCA,0.3726219823594617
UCC,0.5364454247560563
UCG,0.6438913881167695
UCU,0.24486507505185887
UGC,0.5118391380295708
UGG,0.3328679169837475
UGU,0.7654742799445449
UUA,0.5230889412017544
UUC,0.2997909005794523
UUG,0.1953938121944819
UUU,0.5303837800916994
