codon,average_decoding_time
AAA,0.39828406291491714
AAC,0.32709969543271206
AAG,0.1270357064445297
AAU,0.5564116287845717
ACA,0.33895126686907623
ACC,0.41592490426593687
ACG,0.5674506510105713
ACU,0.20919533048230438
AGA,0.09851810358523701
AGC,1.2180737680703024
AGG,1.5712437857126544
AGU,1.5489234654538715
AUA,0.3516205303679705
AUC,0.3766601592751269
AUG,0.34439547754059074
AUU,0.2042807852458295
CAA,0.2984297853054754
CAC,0.37124044501397513
CAG,2.4142754816241188
CAU,0.610221228897487
CCA,0.3389370278135966
CCC,1.8081105475042387
CCG,0.3889677592762996
CCU,1.7593377608202079
CGA,0.48208724930770686
CGC,0.5091327281847425
CGG,1.396437786274831
CGU,0.2830658472140732
CUA,1.2346984368457723
CUC,3.3882538409436838
CUG,1.054091163625794
CUU,1.1568228367733622
GAA,0.3039888700226153
GAC,0.27833929569056554
GAG,2.171631671129102
GAU,0.5076900123704519
GCA,0.3166737286352645
GCC,0.4827278588033886
GCG,0.8517393414476799
GCU,0.226501903014786
GGA,1.016559359774378
GGC,0.17207274758626703
GGG,0.6845521333078384
GGU,0.3859682684791769
GUA,0.4044726679502178
GUC,0.4997974574861849
GUG,2.065893928191276
GUU,0.2867995174366694
UAC,0.5325922197811397
UAU,0.792325998193636
UCA,0.3776794021941007
UCC,0.5046808154505054
UCG,0.786672624052857
UCU,0.30989847608406396
UGC,0.7050594420414422
UGG,0.35524456597330123
UGU,0.9809187195061313
UUA,0.5746639062162636
UUC,0.34400301253644283
UUG,0.3094780486502501
UUU,0.5781401061092667
