codon,average_decoding_time
AAA,0.3973415105598276
AAC,0.32780697040563567
AAG,0.12719212110215997
AAU,0.5592466765327471
ACA,0.3373466077164421
ACC,0.4145550205151227
ACG,0.5469431322312086
ACU,0.19578959535996865
AGA,0.09880562444292608
AGC,1.2178493467106495
AGG,0.2858532046015991
AGU,1.5487023645894271
AUA,0.352600037763966
AUC,0.3766809033470052
AUG,0.34468758172037806
AUU,0.19268980184425546
CAA,0.29893831127153103
CAC,0.3706360545829723
CAG,2.4172683590278887
CAU,0.6110517653411119
CCA,0.33935910776727624
CCC,1.8063152633675374
CCG,0.43205086046408725
CCU,1.4404335523116178
CGA,0.48204741384575733
CGC,0.508679684396285
CGG,2.0826511179213925
CGU,0.2824834229464719
CUA,1.239488211924565
CUC,3.4210732327128697
CUG,1.0525356698355783
CUU,3.9605030651034605
GAA,0.27230320353791065
GAC,0.2794838950760012
GAG,1.9311623381619583
GAU,0.50928839753561
GCA,0.31465779564691077
GCC,0.45241747897967843
GCG,0.7097679914354913
GCU,0.2301371177082141
GGA,0.8273819931825308
GGC,0.1487044562321193
GGG,0.6322839280845401
GGU,0.36192525406069287
GUA,0.32437713858880646
GUC,0.41911472560767266
GUG,1.5682547972285459
GUU,0.20089660076053978
UAC,0.3695879750447425
UAU,0.612043717403493
UCA,0.3741161996418454
UCC,0.46982744590599773
UCG,0.6474536225873672
UCU,0.24486724100933535
UGC,0.5152832001289741
UGG,0.33107492113536374
UGU,0.765322809583322
UUA,0.5179722220954179
UUC,0.2972657551460976
UUG,0.2133639145184699
UUU,0.5280639628328848
