codon,average_decoding_time
AAA,0.4023786290994535
AAC,0.32500083802823954
AAG,0.20815859455125085
AAU,0.5592703022070531
ACA,0.3383588799027689
ACC,0.36150491065599927
ACG,0.417053677935157
ACU,0.1969524104948276
AGA,0.0980688241019074
AGC,1.2188292639811846
AGG,0.2713128060917005
AGU,1.5583639191605365
AUA,0.3516408742926892
AUC,0.3921428435965748
AUG,0.3434610253197903
AUU,0.19277941896597586
CAA,0.4635316651486444
CAC,0.5304015272647438
CAG,0.6441258830618652
CAU,0.791354841683952
CCA,0.3454489505480892
CCC,2.172607123416574
CCG,1.8406053370832864
CCU,1.624158815120941
CGA,0.5088075794970761
CGC,0.6332886278640043
CGG,2.0348506592602655
CGU,0.39075847729470203
CUA,1.3726781853451824
CUC,1.2092394309511783
CUG,1.402849699378621
CUU,4.455775748408238
GAA,0.30377015712762406
GAC,0.2787397515345198
GAG,0.4661254603257625
GAU,0.5074337379636757
GCA,0.31830786122912597
GCC,0.36951953997170517
GCG,0.7424671834094883
GCU,0.256851898480618
GGA,1.0236539221906922
GGC,0.1703392470911285
GGG,1.3618948810196532
GGU,0.38694747199373486
GUA,0.40644638377732845
GUC,0.5120396897640797
GUG,2.0833391360190263
GUU,0.2728104277173282
UAC,0.3682667000237904
UAU,0.6080262532456464
UCA,0.37094869334418623
UCC,0.5365446447331629
UCG,2.308290938051104
UCU,0.24490414913416128
UGC,0.5124911165685785
UGG,0.3043194510402597
UGU,0.7661740614216778
UUA,0.5211806728375675
UUC,0.29919487667043665
UUG,0.225887541133851
UUU,0.5279474942246071
