codon,average_decoding_time
AAA,0.4000724771453591
AAC,0.32529029708243357
AAG,0.12675990193982037
AAU,0.5606170622722636
ACA,0.3373890856345289
ACC,0.4175614554643943
ACG,0.5678666244909871
ACU,0.1962499771392701
AGA,0.09836416669843925
AGC,1.2226787012634552
AGG,0.28702580377696163
AGU,1.5521489378704896
AUA,0.3511456961209157
AUC,0.3773613760664713
AUG,0.44234342972496016
AUU,0.19195143277023005
CAA,0.2991532118975376
CAC,0.369029895108219
CAG,2.420335877525626
CAU,0.6076567756946817
CCA,0.3392445663409799
CCC,1.8089170610014405
CCG,0.38845770988327705
CCU,1.4445958054564738
CGA,0.4811183944545227
CGC,0.5113408842241182
CGG,2.0968756780755635
CGU,0.2831993394513524
CUA,1.2319116239047814
CUC,3.388716899298102
CUG,1.1672551242496008
CUU,3.972490554321073
GAA,0.30337186346333783
GAC,0.2791810931535995
GAG,2.156817690139013
GAU,0.5074674505177799
GCA,0.3190794383268143
GCC,0.4803253654575798
GCG,0.8541426510025605
GCU,0.25543965410704333
GGA,1.0235246027961775
GGC,0.17139274691338127
GGG,0.6859502302858589
GGU,0.38745684559076443
GUA,0.4040807002430991
GUC,0.4979786156736538
GUG,1.0005992032062165
GUU,0.272185952196558
UAC,0.3702479935485738
UAU,0.6092202860461976
UCA,0.37085552648767056
UCC,0.46774677139203147
UCG,0.6449396375017674
UCU,0.2452600049227996
UGC,0.5163840933801529
UGG,0.33472121520665926
UGU,0.7661789420860078
UUA,0.5197567210972924
UUC,0.3000488442585482
UUG,0.21278564105751466
UUU,0.5303996582485933
