codon,average_decoding_time
AAA,0.3996759616493183
AAC,0.32712951945454105
AAG,0.12670313510993486
AAU,0.557978385286698
ACA,0.33830576144134045
ACC,0.36244193848483386
ACG,0.5452607273201866
ACU,0.2101864005715447
AGA,0.0982053531314709
AGC,1.2207874638963465
AGG,1.5793677247254554
AGU,1.5484182199446614
AUA,0.350580539550642
AUC,0.39286165555131053
AUG,0.34296054107349033
AUU,0.20588188860425963
CAA,0.46344031127401014
CAC,0.5353147999991077
CAG,3.466887787025761
CAU,0.7904368569506569
CCA,0.3438780409116238
CCC,2.2021162523108857
CCG,0.507467474882218
CCU,1.7956218054665896
CGA,0.508920917575693
CGC,0.634562885583036
CGG,2.1977132133548682
CGU,0.3935479735730646
CUA,1.3823281390886626
CUC,1.2089906974956346
CUG,1.4039222959271231
CUU,1.291789784246057
GAA,0.2732205529649623
GAC,0.2797139738946576
GAG,1.9337695356925806
GAU,0.5057777261689441
GCA,0.3146321579053246
GCC,0.3489007768246423
GCG,0.71084960617116
GCU,0.20609281422615394
GGA,0.8264574916943785
GGC,0.14827245415190748
GGG,0.6343997252502992
GGU,0.3609635436405168
GUA,0.3253016648336182
GUC,0.4314305845874324
GUG,1.5685477842412547
GUU,0.21208356657463806
UAC,0.5329620884723758
UAU,0.7871654742249058
UCA,0.37686838559424296
UCC,0.5405669996023835
UCG,0.7899089150414269
UCU,0.31052062125253116
UGC,0.7050582073934156
UGG,0.3531770481303766
UGU,0.982973340560939
UUA,0.5798724357494076
UUC,0.3422341636239673
UUG,0.30790484709146554
UUU,0.5785014504447566
