codon,average_decoding_time
AAA,0.4004357167310803
AAC,0.3283799727625138
AAG,0.12693940380580326
AAU,0.5593239035685458
ACA,0.33747959190928223
ACC,0.4159114971277625
ACG,0.41651297783628694
ACU,0.2118187901836149
AGA,0.09811912387254747
AGC,1.2151840414583401
AGG,1.4082777246055405
AGU,1.5510290353907574
AUA,0.35194807124982413
AUC,0.3761935919396593
AUG,0.346322998920115
AUU,0.20496633989904214
CAA,0.2989171384887291
CAC,0.3681690896693537
CAG,2.4272814941230334
CAU,0.6081245890933765
CCA,0.33821724610293663
CCC,1.8136624794394374
CCG,1.4968224324489368
CCU,1.7614468311228464
CGA,0.48197187177873163
CGC,0.5088314218471301
CGG,1.230921928902136
CGU,0.28197470321692025
CUA,1.2279286374858287
CUC,3.4027828734986234
CUG,1.0536523720651108
CUU,1.1579000348196604
GAA,0.30320494804632275
GAC,0.27860208405132825
GAG,2.1562440949490624
GAU,0.5090052950251999
GCA,0.3199831001480956
GCC,0.4823748122440331
GCG,0.7416165564149767
GCU,0.22653275745951146
GGA,1.0295221386043414
GGC,0.1718434240923807
GGG,1.3658432995017074
GGU,0.3866331567196671
GUA,0.4070719607292547
GUC,0.4996018781757695
GUG,2.0749979896536836
GUU,0.28502524376486604
UAC,0.5316961211616373
UAU,0.7904714381169586
UCA,0.3767847427501848
UCC,0.5058404531137974
UCG,2.9135848604989656
UCU,0.3093830798377634
UGC,0.7037296704533866
UGG,0.324321846735077
UGU,0.9796741345573834
UUA,0.5808124569622244
UUC,0.34204030482057635
UUG,0.3075947749619115
UUU,0.5797123445540513
