codon,average_decoding_time
AAA,0.3996195997084226
AAC,0.32898893738853296
AAG,0.2075585517166342
AAU,0.5598402729514079
ACA,0.3370440072722828
ACC,0.41360421242481404
ACG,0.5452188351985425
ACU,0.21035591697818404
AGA,0.09864567464108626
AGC,1.217602793002474
AGG,1.5784320054092726
AGU,1.554167278597525
AUA,0.3521719139393552
AUC,0.3767349370630348
AUG,0.3443942532847265
AUU,0.20472470639919538
CAA,0.30117911117330287
CAC,0.3687716552329213
CAG,0.5734287025317671
CAU,0.6075259953254858
CCA,0.33823087734149127
CCC,1.8139855263917677
CCG,0.43402117227107534
CCU,1.7712997755867277
CGA,0.48219399741850066
CGC,0.5107042964127758
CGG,1.402699337078092
CGU,0.2832765982269969
CUA,1.2362249742060414
CUC,3.4010124156356136
CUG,1.0545595260878684
CUU,1.1622376205847418
GAA,0.2721576359147118
GAC,0.2799974931525845
GAG,0.4355223081946695
GAU,0.5054775503465196
GCA,0.31370066472442065
GCC,0.4507697851456788
GCG,0.7104593092274315
GCU,0.2076635224229083
GGA,0.8240767394284039
GGC,0.14795108153205141
GGG,0.6350506690074319
GGU,0.36155645825768784
GUA,0.3239393811478329
GUC,0.4178738874195883
GUG,1.5603916648849618
GUU,0.21319006272253468
UAC,0.5363957069161843
UAU,0.7898985053201891
UCA,0.37886675426105604
UCC,0.5033775698691577
UCG,0.788565885902571
UCU,0.3103628259944223
UGC,0.706318437750311
UGG,0.3534865298115771
UGU,0.9821661726351051
UUA,0.5780516869481852
UUC,0.3415637630738227
UUG,0.3078300654439189
UUU,0.5783998075774648
