codon,average_decoding_time
AAA,0.399441944052838
AAC,0.3272483975303869
AAG,0.20651061802125423
AAU,0.5610095298494959
ACA,0.3387901548756495
ACC,0.4133167615400989
ACG,0.568464943167729
ACU,0.2112913484428903
AGA,0.09793013722453511
AGC,1.2162848035975493
AGG,1.5750972622007344
AGU,1.5585672456369593
AUA,0.3523445486079156
AUC,0.3771901302841436
AUG,0.375044637519809
AUU,0.20295331737618824
CAA,0.3006725051429183
CAC,0.3696177680446243
CAG,0.5708662012859276
CAU,0.6070567039126292
CCA,0.3367949833019377
CCC,1.8099344941906532
CCG,0.3879188094417945
CCU,1.7729083318618448
CGA,0.4813821319908181
CGC,0.5088811292317912
CGG,1.4022976379804302
CGU,0.2821400948643261
CUA,1.2418632213812317
CUC,3.396808571417057
CUG,1.1207681091685433
CUU,1.1584543793546564
GAA,0.30482169899762596
GAC,0.27987880041901575
GAG,0.4669313892552471
GAU,0.5083027072310907
GCA,0.31795251695214555
GCC,0.4800107304215125
GCG,0.8510063505500028
GCU,0.22531003238019376
GGA,1.0237321520485372
GGC,0.17157065610977149
GGG,0.6844918627594798
GGU,0.3869527137498284
GUA,0.4047630314249049
GUC,0.4959347502863999
GUG,0.9954850265204906
GUU,0.28514741224111106
UAC,0.5352867354387036
UAU,0.7906179833664235
UCA,0.37845293487731463
UCC,0.5055607309514948
UCG,0.7876649365297436
UCU,0.31194642491722696
UGC,0.7022632922443486
UGG,0.35341300228115935
UGU,0.9837816724950532
UUA,0.5790360685270415
UUC,0.3460042549328609
UUG,0.326091910126882
UUU,0.5798692880383449
