codon,average_decoding_time
AAA,0.40064055343196947
AAC,0.32720757317826343
AAG,0.12646140652747806
AAU,0.559379117530846
ACA,0.337371690543581
ACC,0.41552280555639265
ACG,0.5473912824501652
ACU,0.19664238796145167
AGA,0.0977053807567138
AGC,1.2198853549958117
AGG,0.2871017253938217
AGU,1.5510440558751746
AUA,0.35109469197007775
AUC,0.37711481901814703
AUG,0.3721329161882828
AUU,0.19158793812942843
CAA,0.30128155110108945
CAC,0.37123306043230725
CAG,2.4228822054042074
CAU,0.6074493711394063
CCA,0.336994695940744
CCC,1.8169294949810357
CCG,0.43112745313091816
CCU,1.4592544589652825
CGA,0.4817208663462773
CGC,0.5112850083095104
CGG,2.084534223108334
CGU,0.2804906047981436
CUA,1.23155517830932
CUC,3.4243797011678234
CUG,1.1230287870178919
CUU,3.970994080398178
GAA,0.27246056634336285
GAC,0.2800418455814644
GAG,1.9283193044852764
GAU,0.5063146519416897
GCA,0.31428172209587685
GCC,0.4521322239132697
GCG,0.7112156382642723
GCU,0.2289302008485435
GGA,0.8245626679595421
GGC,0.1480872978812873
GGG,0.6343142039443618
GGU,0.3606183276312933
GUA,0.32492179047171266
GUC,0.41991971928580846
GUG,0.7707021829829194
GUU,0.1998187845411806
UAC,0.36936167394980723
UAU,0.6069931925890376
UCA,0.3727919054297311
UCC,0.4699038960579921
UCG,0.6493971685326297
UCU,0.24721957010276513
UGC,0.5141256814605483
UGG,0.3338428127452501
UGU,0.7640726464176574
UUA,0.5197347773765942
UUC,0.2993283971868727
UUG,0.23159357669686365
UUU,0.5297943312297116
