codon,average_decoding_time
AAA,0.39922514196896336
AAC,0.32799675392273303
AAG,0.12767857339548466
AAU,0.5565264615972026
ACA,0.3367442551652974
ACC,0.3625577723227778
ACG,0.41326438091011297
ACU,0.21051282446223943
AGA,0.09791778580051887
AGC,1.2159459683142437
AGG,0.2714338185663475
AGU,1.5456188254763898
AUA,0.35222514321439535
AUC,0.3901196575376629
AUG,0.37101923870785025
AUU,0.20559838142551098
CAA,0.4648342949203835
CAC,0.5341015991547994
CAG,3.4664986705349405
CAU,0.7852120356428489
CCA,0.3433816538268857
CCC,2.1908123189391344
CCG,1.8335544897320684
CCU,1.8034041194830615
CGA,0.5114599037973424
CGC,0.6333196932821271
CGG,2.0356547024290284
CGU,0.39217396327251686
CUA,1.37502130752488
CUC,1.2045716411227811
CUG,1.4690801556611226
CUU,1.2940368215979552
GAA,0.3033075540392365
GAC,0.2796468907777295
GAG,2.1577096620797147
GAU,0.5084545294283092
GCA,0.3204170186461026
GCC,0.36942183042189863
GCG,0.7435795481936286
GCU,0.22622798864995255
GGA,1.0205607758507482
GGC,0.17048790315819318
GGG,1.36171882483082
GGU,0.3865237380367446
GUA,0.40411480436480773
GUC,0.5128554240490624
GUG,0.9953857771211306
GUU,0.2846664086810877
UAC,0.5320344433525381
UAU,0.7932915712523213
UCA,0.3776614785704736
UCC,0.5394034534445855
UCG,2.9154983782544366
UCU,0.31228363304986534
UGC,0.7076258062477944
UGG,0.3217721950409136
UGU,0.9814740798741738
UUA,0.5776209908611412
UUC,0.3423364985849296
UUG,0.3261570557384966
UUU,0.5796437688830696
