codon,average_decoding_time
AAA,0.39956395321946336
AAC,0.32629866791203743
AAG,0.12735698358016226
AAU,0.5607650083413124
ACA,0.3373599638700844
ACC,0.3625786283037448
ACG,0.4175342203194825
ACU,0.1963634744156852
AGA,0.09835299131263592
AGC,1.2238985467127668
AGG,1.3980436300728043
AGU,1.553467144275484
AUA,0.3512861580228534
AUC,0.3907951147625665
AUG,0.4418182373573283
AUU,0.1915321359221977
CAA,0.4647859419314247
CAC,0.533121814560204
CAG,3.4703168497200596
CAU,0.7869572214241739
CCA,0.34463703565788895
CCC,2.203471880739982
CCG,1.844226418702516
CCU,1.6285185959571853
CGA,0.5102071268535209
CGC,0.634723616654509
CGG,2.044566721524947
CGU,0.391513706847804
CUA,1.3833924877198693
CUC,1.2014531943908486
CUG,1.4642998161270513
CUU,4.4321923712778
GAA,0.3025960010965146
GAC,0.27851555992212457
GAG,2.166908931737632
GAU,0.506380861058225
GCA,0.31910767999916423
GCC,0.36981574927720046
GCG,0.7452358401046429
GCU,0.25603892512411774
GGA,1.025545636182571
GGC,0.17078465687631317
GGG,1.3638675551026191
GGU,0.38620965726739515
GUA,0.404718456691286
GUC,0.5150284296326034
GUG,0.9996326311445273
GUU,0.2736139475746619
UAC,0.36808552891086715
UAU,0.6075582667128987
UCA,0.37257399597661583
UCC,0.5340613079953002
UCG,2.301560692099826
UCU,0.24441244765726497
UGC,0.512618356055956
UGG,0.18520060273540453
UGU,0.7680365760456613
UUA,0.519126700314482
UUC,0.2974039885074173
UUG,0.21209691946833412
UUU,0.5306072131294103
