codon,average_decoding_time
AAA,0.3978474455450136
AAC,0.32693016647207485
AAG,0.12707433181064062
AAU,0.55768071028306
ACA,0.3375738519178344
ACC,0.415901228165145
ACG,0.4167617271035499
ACU,0.21009395509682502
AGA,0.0980823195860239
AGC,1.2245163542950093
AGG,0.2716402773715435
AGU,1.5543678127036302
AUA,0.35306637851818673
AUC,0.3774018962252745
AUG,0.4138531016708419
AUU,0.2043328846233922
CAA,0.29819926953221887
CAC,0.369673612128837
CAG,2.4215742385927115
CAU,0.6097946108699344
CCA,0.3376476683387159
CCC,1.8129311801871715
CCG,1.497091981334995
CCU,1.7643015976671497
CGA,0.48235591383807164
CGC,0.510970731104733
CGG,1.916403134144053
CGU,0.28219373074165016
CUA,1.23161132666796
CUC,3.4037414887068818
CUG,1.0998037590349359
CUU,1.1604318261041773
GAA,0.3048677130417382
GAC,0.28078811919783186
GAG,2.159444885593375
GAU,0.5066394844364921
GCA,0.31955968899734316
GCC,0.4818596992665306
GCG,0.7452796777749097
GCU,0.22566854567419278
GGA,1.0236377345881917
GGC,0.16978604854403748
GGG,1.36238267108274
GGU,0.38790806544957296
GUA,0.40540730500791455
GUC,0.5001090082813746
GUG,2.0757441932831413
GUU,0.2847625127280768
UAC,0.5350603286285704
UAU,0.7887271274808362
UCA,0.3768226189499107
UCC,0.5043045465762421
UCG,2.9159597887467017
UCU,0.3106893893600684
UGC,0.7054976189455009
UGG,0.32500516485756703
UGU,0.9806333544936321
UUA,0.5752145078860689
UUC,0.34150251301909296
UUG,0.2524044013008469
UUU,0.5756806736680896
