codon,average_decoding_time
AAA,0.4010102629092784
AAC,0.32750282733386066
AAG,0.12760841869756903
AAU,0.5611686821178196
ACA,0.3391993541874734
ACC,0.4146885156675934
ACG,0.41705151563373954
ACU,0.20953171978891852
AGA,0.09810763988390533
AGC,1.2186251255262246
AGG,1.3988648613953607
AGU,1.5607539716701466
AUA,0.3530880993399105
AUC,0.3783677257049221
AUG,0.4139059956544035
AUU,0.20411051080513185
CAA,0.3002283699662535
CAC,0.3692715637110736
CAG,2.439238695829321
CAU,0.6080553849916087
CCA,0.3384766992405538
CCC,1.8095547946800443
CCG,1.4907549236017708
CCU,1.7601363386276179
CGA,0.48211060013705237
CGC,0.5094568294598645
CGG,1.2241836729972757
CGU,0.2804204932638525
CUA,1.2401967482059781
CUC,3.4034352389852294
CUG,1.1009334949493086
CUU,1.1634575339693758
GAA,0.3037283723805385
GAC,0.2785574077635768
GAG,2.168091921073959
GAU,0.5080822387924565
GCA,0.31952167353176364
GCC,0.48098142905431623
GCG,0.7427879516804178
GCU,0.2268889500123192
GGA,1.0282768514077747
GGC,0.1726451518213056
GGG,1.3659030139928392
GGU,0.3866512386035768
GUA,0.4037449889767051
GUC,0.4987595689320419
GUG,2.07075845539431
GUU,0.2853565128085061
UAC,0.5342315889966639
UAU,0.7879839550301562
UCA,0.37691194375334375
UCC,0.5038850020433145
UCG,2.926061624662074
UCU,0.31092864864138314
UGC,0.7012070259547262
UGG,0.32426992225513607
UGU,0.9768222685494169
UUA,0.5795545803075156
UUC,0.34355547322311475
UUG,0.25345889886958456
UUU,0.5768699778548658
