codon,average_decoding_time
AAA,0.3993891767828178
AAC,0.32847306481963306
AAG,0.2069471151143182
AAU,0.5589954881229985
ACA,0.33915635498885416
ACC,0.3598598378113435
ACG,0.5468254621466224
ACU,0.2101724137708575
AGA,0.09770970080585548
AGC,1.2254226641403447
AGG,1.5758298027622473
AGU,1.5526283887597037
AUA,0.35241891128079117
AUC,0.3930269659922253
AUG,0.4410370166401939
AUU,0.20544209536714475
CAA,0.4623075785886348
CAC,0.5346874031430606
CAG,0.6455316603513598
CAU,0.7924878752881365
CCA,0.3423636092318075
CCC,2.188757606574639
CCG,0.5049433405742805
CCU,1.7976520686006627
CGA,0.5105978684858431
CGC,0.6298191638247677
CGG,2.194262278032184
CGU,0.39167237534867816
CUA,1.3699916671630252
CUC,1.2069966748523644
CUG,1.466372261599922
CUU,1.2940290998168094
GAA,0.27151787395253274
GAC,0.2798562845862617
GAG,0.4342245489445271
GAU,0.5074202696908142
GCA,0.3173294709106156
GCC,0.3498350801901688
GCG,0.7117004244532058
GCU,0.20796796831039882
GGA,0.8251283496239805
GGC,0.14911725261608844
GGG,0.6345152981328733
GGU,0.3624427578776434
GUA,0.32362144255692177
GUC,0.433664109471458
GUG,0.8559270910541728
GUU,0.2116615736435311
UAC,0.5326724355857734
UAU,0.7881069071592025
UCA,0.37743189729387333
UCC,0.5415654783531586
UCG,0.7900693836669739
UCU,0.3108349511907021
UGC,0.7063347437775362
UGG,0.35459647580317266
UGU,0.9758236377928348
UUA,0.5808991905360552
UUC,0.3422344585225841
UUG,0.26408956420750357
UUU,0.5778755623938866
