codon,average_decoding_time
AAA,0.3991737966583108
AAC,0.3265570594944096
AAG,0.12768728024459383
AAU,0.5594175151216908
ACA,0.3377948214038118
ACC,0.41375832897218684
ACG,0.4154198302624107
ACU,0.19689473764714438
AGA,0.09817527267834866
AGC,1.2222165072105908
AGG,1.4044372295650318
AGU,1.5535536056056654
AUA,0.3509035602746877
AUC,0.3769928766099033
AUG,0.4422341869723338
AUU,0.19319527494548847
CAA,0.29947690933403714
CAC,0.3704880207720461
CAG,2.4245647285930616
CAU,0.6086325558508286
CCA,0.33942046357635436
CCC,1.810772765233753
CCG,1.4924012434646106
CCU,1.4476712145001691
CGA,0.48041253510977255
CGC,0.5108802325256216
CGG,1.2365224414760239
CGU,0.28180971701798346
CUA,1.2342702488885127
CUC,3.403719726752342
CUG,1.1617827838036126
CUU,3.956785306716054
GAA,0.3035323755759869
GAC,0.2814410831867869
GAG,2.1633910192596435
GAU,0.5078883989789936
GCA,0.3183782433947883
GCC,0.48057641406238744
GCG,0.7429359588720402
GCU,0.2561791985633922
GGA,1.0271726983307594
GGC,0.17052070370266242
GGG,1.3699907919806638
GGU,0.3872253050044497
GUA,0.40520166136199676
GUC,0.49864619014351375
GUG,0.9983544717169317
GUU,0.27133730213591656
UAC,0.3673598704886725
UAU,0.6084301820964225
UCA,0.37252931481260776
UCC,0.46784070411625156
UCG,2.3054287248873107
UCU,0.24463442084382597
UGC,0.5115855154324055
UGG,0.18391253418718967
UGU,0.7664938893442867
UUA,0.5206246652168202
UUC,0.29910866589743457
UUG,0.2133581227139659
UUU,0.528724551720292
