codon,average_decoding_time
AAA,0.39987489920899333
AAC,0.3271575893764199
AAG,0.1273258734767556
AAU,0.5580589184193929
ACA,0.33773142988817345
ACC,0.41387909079737234
ACG,0.568498262229866
ACU,0.21155984194925717
AGA,0.09849343869713859
AGC,1.22745693989464
AGG,0.285510372759444
AGU,1.5572369378620674
AUA,0.352347059624411
AUC,0.3763092736911494
AUG,0.373321859244347
AUU,0.20509401568763766
CAA,0.29966409255074794
CAC,0.36858925273796433
CAG,2.407033856829804
CAU,0.6082751191688514
CCA,0.33855560409461477
CCC,1.8082896787036604
CCG,0.3896444974232667
CCU,1.7654556257513025
CGA,0.4800907471074746
CGC,0.5073589378527852
CGG,2.0832075839964377
CGU,0.28167665186954394
CUA,1.2384749993703263
CUC,3.380301111126528
CUG,1.1617532052488468
CUU,1.159709135954495
GAA,0.3042256392952494
GAC,0.2799259286386804
GAG,2.1523485893663397
GAU,0.5083801503347332
GCA,0.31802722167503367
GCC,0.4812525704097736
GCG,0.8532343529163938
GCU,0.2280093278640676
GGA,1.0267130655400205
GGC,0.17066166603487348
GGG,0.6825935463272834
GGU,0.38689925797372055
GUA,0.4057970680553733
GUC,0.4990119491109689
GUG,1.0005939468185838
GUU,0.28766616274193474
UAC,0.5332369538212283
UAU,0.7904524676534938
UCA,0.3778289936890208
UCC,0.5062536273155758
UCG,0.7861656028241273
UCU,0.31135171223774966
UGC,0.7070831367814878
UGG,0.35409030574031886
UGU,0.9826946489916223
UUA,0.585797439318703
UUC,0.34359114618210945
UUG,0.32552234829092025
UUU,0.5802803180951209
