codon,average_decoding_time
AAA,0.39797389159072655
AAC,0.3275494177705176
AAG,0.2078518080972023
AAU,0.5599749523125783
ACA,0.33887617807291964
ACC,0.41464987415635374
ACG,0.545523351663358
ACU,0.19712323515033306
AGA,0.09821416531182127
AGC,1.2250301899536968
AGG,0.28750035992564715
AGU,1.5486427031604317
AUA,0.35213766538126007
AUC,0.3777591937792975
AUG,0.3433682619888014
AUU,0.19334426680300368
CAA,0.30099031835016105
CAC,0.36887566099677616
CAG,0.5729946199021488
CAU,0.6074346122038429
CCA,0.33947234000080273
CCC,1.811820600612018
CCG,0.4353159706996
CCU,1.453448174831745
CGA,0.48120729351667646
CGC,0.5087702883307017
CGG,2.0789851993572674
CGU,0.28306157999247833
CUA,1.2386641011712052
CUC,3.3912350837958587
CUG,1.0550936679843435
CUU,3.9725417705300585
GAA,0.2728367887831912
GAC,0.27795548007285653
GAG,0.4352408463438124
GAU,0.5055744846594931
GCA,0.31477499979047074
GCC,0.45206321508118
GCG,0.708160780357039
GCU,0.22869061560794607
GGA,0.8255729669340726
GGC,0.14853841718953584
GGG,0.6337818585794206
GGU,0.36039848795028295
GUA,0.32322010233980303
GUC,0.41744558822418554
GUG,1.5699092529024934
GUU,0.19954531901632896
UAC,0.37030584778447345
UAU,0.6065400199095371
UCA,0.37432605868628127
UCC,0.4684664728459905
UCG,0.6488226350338329
UCU,0.2455239489912551
UGC,0.5103268669847338
UGG,0.33211752703775826
UGU,0.7664301467463904
UUA,0.51954184970476
UUC,0.29950367803403344
UUG,0.2127527820154901
UUU,0.5298622669389152
