codon,average_decoding_time
AAA,0.3995273612528976
AAC,0.32619299655824946
AAG,0.20792829435391796
AAU,0.5604770604061995
ACA,0.3382230022379737
ACC,0.3609629411051319
ACG,0.5467092444935062
ACU,0.2103592002523676
AGA,0.09820729893765341
AGC,1.2166579809153446
AGG,0.28672718681698556
AGU,1.5483947879417086
AUA,0.3515580595680599
AUC,0.3905945028836493
AUG,0.44217185785961954
AUU,0.20502214343345382
CAA,0.463439977062111
CAC,0.5302592781846973
CAG,0.6452732211361465
CAU,0.7900947696340002
CCA,0.34495685390423364
CCC,2.184289712613318
CCG,0.5057709223473272
CCU,1.7953133632942437
CGA,0.5090045567915754
CGC,0.6297656162302745
CGG,2.1969391682401858
CGU,0.39395716466791375
CUA,1.3715639727968012
CUC,1.204234791234479
CUG,1.4636603050726449
CUU,1.289700345357475
GAA,0.2720706732789626
GAC,0.2786634615624827
GAG,0.43698919804738945
GAU,0.5079900127739279
GCA,0.3142293743678817
GCC,0.3495337415811035
GCG,0.7096174052930758
GCU,0.20868388350470302
GGA,0.8237187504218578
GGC,0.14831121464300218
GGG,0.6373956696234914
GGU,0.36187610689731387
GUA,0.3245415079640873
GUC,0.43445645276788164
GUG,0.8613289836007648
GUU,0.21333740451047978
UAC,0.5330675105971052
UAU,0.7885180773307359
UCA,0.3754652101570925
UCC,0.5423899098208007
UCG,0.7917798699866967
UCU,0.30988037956141135
UGC,0.7048100882214638
UGG,0.35108475957527757
UGU,0.979782698681419
UUA,0.5756009805336944
UUC,0.3438383731991409
UUG,0.2648219717538869
UUU,0.5786863643430736
