codon,average_decoding_time
AAA,0.3986118929922482
AAC,0.32656361752527135
AAG,0.1271192202400376
AAU,0.5583959032390158
ACA,0.3381859405203937
ACC,0.36093727203604853
ACG,0.4185205221919676
ACU,0.19606616330836293
AGA,0.09823278043011408
AGC,1.2180093991335885
AGG,1.4036876275632306
AGU,1.5503908856307929
AUA,0.3512145978556425
AUC,0.3906322538788014
AUG,0.3729204057918527
AUU,0.19129519333965544
CAA,0.46431004915740953
CAC,0.5345004635618418
CAG,3.4531472776843604
CAU,0.7895697830167198
CCA,0.3439331060618738
CCC,2.1912425772536963
CCG,1.8477155799737262
CCU,1.6219485329033876
CGA,0.5096858262108133
CGC,0.6322477308368858
CGG,2.018134708830759
CGU,0.3935329469765497
CUA,1.3680368300821206
CUC,1.202490181911133
CUG,1.461331485727531
CUU,4.43561399095028
GAA,0.30416671405905893
GAC,0.2788840939195573
GAG,2.158277465469429
GAU,0.5062162685844399
GCA,0.317675692941388
GCC,0.3697343397567574
GCG,0.7403216014325431
GCU,0.256340667333578
GGA,1.0264110649716889
GGC,0.17124005395420164
GGG,1.3635350467175964
GGU,0.38676544997864354
GUA,0.40529308837514405
GUC,0.5130857952536059
GUG,0.9995804982241487
GUU,0.273431753414849
UAC,0.3707638255159478
UAU,0.6073968286453609
UCA,0.3734338685245056
UCC,0.5360002296756967
UCG,2.305273772232816
UCU,0.24601428288331023
UGC,0.5122526183229781
UGG,0.18392520099729187
UGU,0.7688336993195107
UUA,0.5185321670422369
UUC,0.29954182750176284
UUG,0.23142190851213687
UUU,0.5271848621547108
