codon,average_decoding_time
AAA,0.4002563016522148
AAC,0.3259897280895136
AAG,0.2058690331634594
AAU,0.5581815741284112
ACA,0.33555901242846115
ACC,0.41548417241732516
ACG,0.5666297264791802
ACU,0.2094721987763444
AGA,0.09788534160372364
AGC,1.223211928924686
AGG,0.2860770381354722
AGU,1.5517039890503317
AUA,0.35160119175956767
AUC,0.3774080102059299
AUG,0.34251894069951666
AUU,0.20627924502802444
CAA,0.2995901510942678
CAC,0.3708425208151285
CAG,0.5722869747365064
CAU,0.6100020997621548
CCA,0.33859796053961827
CCC,1.8079947565790486
CCG,0.3884625458066744
CCU,1.7574678482661876
CGA,0.48254282731154713
CGC,0.5116059410379319
CGG,2.084507471608606
CGU,0.2819079653368141
CUA,1.2388487327589932
CUC,3.40293492261263
CUG,1.1030382197679447
CUU,1.1597925630153836
GAA,0.304592883802732
GAC,0.2779698501116653
GAG,0.464802242360935
GAU,0.5074740730690245
GCA,0.31860872236920673
GCC,0.48213967823045906
GCG,0.8538883572531388
GCU,0.2258237692391864
GGA,1.0219905276039676
GGC,0.17144217545048993
GGG,0.6829087850335185
GGU,0.3879703427258006
GUA,0.4042513989572211
GUC,0.4980092894266149
GUG,2.069890871946851
GUU,0.28477414328771655
UAC,0.5327167951771918
UAU,0.791960160732079
UCA,0.37911144393250396
UCC,0.5058466645986885
UCG,0.7918998811355205
UCU,0.3117125962873723
UGC,0.7083407903147262
UGG,0.3523792765763947
UGU,0.9811241389393301
UUA,0.5771417292672537
UUC,0.34493315645362077
UUG,0.30838269219889963
UUU,0.5783988298953219
