codon,average_decoding_time
AAA,0.3993406733689242
AAC,0.32555666076388423
AAG,0.1271535703447861
AAU,0.5583776053927924
ACA,0.33837702267748604
ACC,0.4142529103220997
ACG,0.5675627962465895
ACU,0.19631400043617314
AGA,0.09822485416621306
AGC,1.2180198211588458
AGG,1.578425804806195
AGU,1.550262057108568
AUA,0.35266576761627205
AUC,0.3768997615223569
AUG,0.44400873130647395
AUU,0.19240089865056118
CAA,0.29873498211122707
CAC,0.36951307589013777
CAG,2.4117662753913875
CAU,0.6048793583687027
CCA,0.33794003225847996
CCC,1.8130516036516626
CCG,0.38793597696906806
CCU,1.4461351905403375
CGA,0.48158193461813237
CGC,0.5090626231496552
CGG,1.3931444732164966
CGU,0.2818430782249764
CUA,1.2412986423650512
CUC,3.3974774960134844
CUG,1.1202661143307788
CUU,3.9837694311079894
GAA,0.3052463419184822
GAC,0.27847812310293824
GAG,2.1655866172194482
GAU,0.5087159512587287
GCA,0.3184064654610002
GCC,0.48178191827576977
GCG,0.8534350336465802
GCU,0.2558735332756962
GGA,1.0249803676729705
GGC,0.17205875997003256
GGG,0.6811656039414973
GGU,0.3866224571293954
GUA,0.4050639440324949
GUC,0.49966433764011964
GUG,0.9997924554456342
GUU,0.2713273031417307
UAC,0.3690985905062334
UAU,0.6058651463674455
UCA,0.3737378179758574
UCC,0.47043412449237243
UCG,0.647824288116554
UCU,0.2454523443375949
UGC,0.5121697948172776
UGG,0.2148613873435363
UGU,0.7691636687941663
UUA,0.5194577140405282
UUC,0.2998296312109405
UUG,0.20441883291796858
UUU,0.5289158431969152
