codon,average_decoding_time
AAA,0.4010687022647592
AAC,0.3270760269266444
AAG,0.20715849773171735
AAU,0.5596980083781898
ACA,0.3378443567757204
ACC,0.4131036286562179
ACG,0.41684551264672237
ACU,0.19656399920847248
AGA,0.0984433464147851
AGC,1.221205988739354
AGG,0.27097141708721906
AGU,1.5490631717165821
AUA,0.3517073443161041
AUC,0.3791233019874555
AUG,0.3728824137098309
AUU,0.19354911536906963
CAA,0.2989128006714228
CAC,0.37075457143150437
CAG,0.5728592768629756
CAU,0.6101954853989779
CCA,0.3370362579736949
CCC,1.8163152936162572
CCG,1.4915774703295068
CCU,1.4511151682119663
CGA,0.4808933572436607
CGC,0.5085960325789318
CGG,1.910350865707427
CGU,0.2806934509113298
CUA,1.2358272835833315
CUC,3.4118436989945313
CUG,1.16174382696648
CUU,3.983185908874806
GAA,0.30529654381097004
GAC,0.27984134761284024
GAG,0.4667184381102429
GAU,0.5056910211372736
GCA,0.31800506687992297
GCC,0.48061657523402934
GCG,0.7397757692668714
GCU,0.2552226123240964
GGA,1.0222096249125285
GGC,0.1706677031719775
GGG,1.3656942378304218
GGU,0.38580177239061714
GUA,0.40549996416095885
GUC,0.49928203529459797
GUG,0.9942785666375186
GUU,0.2716493131210362
UAC,0.368835580509414
UAU,0.6067186414066572
UCA,0.3728405925382569
UCC,0.46904012924392097
UCG,2.3080558487255107
UCU,0.24554543273449614
UGC,0.5114575277871248
UGG,0.30478489416073073
UGU,0.7677731150049889
UUA,0.5169155919534741
UUC,0.3005781986099666
UUG,0.24368308292868843
UUU,0.5298010148266847
