codon,average_decoding_time
AAA,0.3996210203969964
AAC,0.32763168144340216
AAG,0.20703386132495402
AAU,0.5595116142725975
ACA,0.3393640665890968
ACC,0.36175787735838655
ACG,0.5678632606211936
ACU,0.21036174643943112
AGA,0.09742169362304447
AGC,1.220296016653155
AGG,1.5838721141567724
AGU,1.558169863697587
AUA,0.3528581574296485
AUC,0.3908513483771075
AUG,0.34244419734033055
AUU,0.20592493622581215
CAA,0.4627895489103997
CAC,0.5310550623101122
CAG,0.6459747026894418
CAU,0.7892640147381548
CCA,0.3428579347737173
CCC,2.182248011840977
CCG,0.44980522134964257
CCU,1.7956521058672414
CGA,0.5090969236388089
CGC,0.635415906959518
CGG,2.2024093520145582
CGU,0.39096972281577214
CUA,1.3753661268729573
CUC,1.205391818184968
CUG,1.4111021504686174
CUU,1.2953536349735957
GAA,0.3032412507008159
GAC,0.27941965629652643
GAG,0.46696707246474356
GAU,0.5058526926673419
GCA,0.31699128984803354
GCC,0.3693898180027419
GCG,0.8522503809016085
GCU,0.22613690139957163
GGA,1.0209884841452646
GGC,0.17124650954527143
GGG,0.684323962442786
GGU,0.3860820341774171
GUA,0.40493011375670585
GUC,0.5122625033046359
GUG,2.0775222646044504
GUU,0.2845823559476111
UAC,0.5338892885014257
UAU,0.7901723602323139
UCA,0.37873735484693594
UCC,0.5415619379727706
UCG,0.7888607127259342
UCU,0.3098446485396187
UGC,0.7027888651875981
UGG,0.3541472105260135
UGU,0.9838080179754048
UUA,0.58178834933621
UUC,0.3426001454962235
UUG,0.30759916794781056
UUU,0.57863328296503
