codon,average_decoding_time
AAA,0.3980978621234077
AAC,0.32803030334763816
AAG,0.12712772222085514
AAU,0.5588406715194295
ACA,0.33643051127432044
ACC,0.41429100466089774
ACG,0.417182786173194
ACU,0.19666342623621436
AGA,0.09848423183773809
AGC,1.2235797584200938
AGG,1.4084295082762752
AGU,1.556792110024659
AUA,0.3514648926817126
AUC,0.3782649603927101
AUG,0.4124839063511603
AUU,0.19238026704051547
CAA,0.29924150455691984
CAC,0.37087436072056734
CAG,2.432182324196691
CAU,0.6077349417640471
CCA,0.33932665571000237
CCC,1.8076057299268977
CCG,1.4854236654981532
CCU,1.446209793505762
CGA,0.4816071155821126
CGC,0.5097192491926827
CGG,1.2280653485102433
CGU,0.283034278275815
CUA,1.2382893722032706
CUC,3.4046069246900723
CUG,1.0986084612427267
CUU,3.960235360715623
GAA,0.3052433054699259
GAC,0.27814890035013096
GAG,2.1614748346690376
GAU,0.5078801504714705
GCA,0.31926035068339526
GCC,0.481837361582108
GCG,0.7412734550107669
GCU,0.2573920000000194
GGA,1.0275246221892373
GGC,0.17107864890091504
GGG,1.359394887906955
GGU,0.38718212385932166
GUA,0.40556497882448944
GUC,0.500167862629625
GUG,2.068722603679213
GUU,0.272822991000043
UAC,0.37113348453126693
UAU,0.6096501373273351
UCA,0.3727183212332146
UCC,0.47013497910487106
UCG,2.3058162932939528
UCU,0.2451109767855459
UGC,0.5135980469461008
UGG,0.18526452183440087
UGU,0.7671677241147113
UUA,0.5190969526527115
UUC,0.2992968207224673
UUG,0.20081583951963788
UUU,0.5284673781581186
