codon,average_decoding_time
AAA,0.39790135758974726
AAC,0.3260975128131393
AAG,0.20818393129873874
AAU,0.5599794627573923
ACA,0.33779693248992443
ACC,0.36124878138896066
ACG,0.5659934790326866
ACU,0.1967013330796712
AGA,0.0983974615789725
AGC,1.2195840798802438
AGG,1.5762354567194308
AGU,1.5489555170715488
AUA,0.35261729028945243
AUC,0.393213791530608
AUG,0.3724723556075761
AUU,0.19187606771147744
CAA,0.4637145483784474
CAC,0.534219370131366
CAG,0.642323393639703
CAU,0.7876913905076636
CCA,0.3444292301364211
CCC,2.1862780140051448
CCG,0.4486866102939763
CCU,1.6197533472787249
CGA,0.5127637411652398
CGC,0.6326596593002906
CGG,2.1923276170129364
CGU,0.3901218733122026
CUA,1.3675621777666136
CUC,1.2052096091279736
CUG,1.4720956333795565
CUU,4.424140524160625
GAA,0.3043047998313652
GAC,0.27943451305292505
GAG,0.4633480601319717
GAU,0.5072029977106248
GCA,0.3190886160416809
GCC,0.3691057036196595
GCG,0.8539937402182858
GCU,0.2569548133320434
GGA,1.0314402887622345
GGC,0.17142986629143644
GGG,0.6831529465868265
GGU,0.387197246088869
GUA,0.4054786026558578
GUC,0.5142464553859748
GUG,0.9976011965967438
GUU,0.2732498593086341
UAC,0.37099593766952255
UAU,0.6064955947279504
UCA,0.3751302401970673
UCC,0.5370598114502736
UCG,0.6480561461909495
UCU,0.24640174619913305
UGC,0.5117016637179012
UGG,0.214329028473461
UGU,0.768877812675862
UUA,0.5184586240444775
UUC,0.2994675442430306
UUG,0.23108594929417395
UUU,0.5319511060533298
