codon,average_decoding_time
AAA,0.39788412534932044
AAC,0.3262739466142941
AAG,0.2088078656680595
AAU,0.5578055103926199
ACA,0.33926081110703543
ACC,0.361910210548796
ACG,0.5465999532925997
ACU,0.20960720465566945
AGA,0.09789203317862599
AGC,1.2334346569554848
AGG,0.287711795979673
AGU,1.55185319746801
AUA,0.3519421525412431
AUC,0.3926498839382217
AUG,0.44308645814176295
AUU,0.2059395582154191
CAA,0.4641074109349404
CAC,0.5315012106078634
CAG,0.6478866739262359
CAU,0.7893695871840596
CCA,0.3441219121902648
CCC,2.1849289851478324
CCG,0.5048191910899348
CCU,1.7956432799186188
CGA,0.5069416698940518
CGC,0.6346160861148357
CGG,2.195789051292886
CGU,0.39092634084824857
CUA,1.3674685316390964
CUC,1.2022154627668564
CUG,1.4714008504796197
CUU,1.2920995734499408
GAA,0.2736915849250718
GAC,0.2794910608889608
GAG,0.4348296102234986
GAU,0.5081033462487204
GCA,0.31543053278645766
GCC,0.3508862044622942
GCG,0.7086503350300354
GCU,0.2083192587231951
GGA,0.825830823300655
GGC,0.14876139534299174
GGG,0.6374861198639816
GGU,0.3619527810361139
GUA,0.32341643005001036
GUC,0.43128271169283483
GUG,0.8586236394044593
GUU,0.21247739297855195
UAC,0.5338869891310296
UAU,0.7933171832966162
UCA,0.37782047513173356
UCC,0.5411347312272221
UCG,0.7875434495962969
UCU,0.3124362930135437
UGC,0.7029014125784383
UGG,0.3537130544373142
UGU,0.9773902852456279
UUA,0.5772439381365241
UUC,0.34299138712975386
UUG,0.2652037602966526
UUU,0.5783469141030562
