codon,average_decoding_time
AAA,0.3994520011813624
AAC,0.3277624548014133
AAG,0.1275426949212307
AAU,0.5576246645742727
ACA,0.33785272855335524
ACC,0.3612918472012414
ACG,0.5463674115758155
ACU,0.20938225080461342
AGA,0.09839776905054248
AGC,1.2132053396368314
AGG,1.5749806330752032
AGU,1.5522041345713087
AUA,0.3529164188743219
AUC,0.39113742124709205
AUG,0.41463939932517946
AUU,0.20542633617652423
CAA,0.4646109242123603
CAC,0.5340700958607166
CAG,3.452741553734013
CAU,0.7894763652863882
CCA,0.3436036094100945
CCC,2.2065199173171997
CCG,0.5064618512562834
CCU,1.8012912113907003
CGA,0.5099961369579655
CGC,0.6309892366080289
CGG,2.199296657945098
CGU,0.38885261330758564
CUA,1.3692601458457567
CUC,1.2104810172322886
CUG,1.4028888173102596
CUU,1.2910889374506982
GAA,0.2732241834842874
GAC,0.27917378107156604
GAG,1.9312416386653524
GAU,0.5076979217535201
GCA,0.31541943149552853
GCC,0.3494311360579665
GCG,0.7111769748348055
GCU,0.208221862251914
GGA,0.8268203788226356
GGC,0.14871254099011744
GGG,0.6304542923618113
GGU,0.36358783174742254
GUA,0.32552097105747757
GUC,0.4342246883438321
GUG,1.7699043191774804
GUU,0.2135681623366084
UAC,0.5363036865217105
UAU,0.7869120397897893
UCA,0.37713289289079255
UCC,0.5405876705869294
UCG,0.7868574469962218
UCU,0.3106931514262948
UGC,0.7041014954231698
UGG,0.3543236670286318
UGU,0.9819626799641935
UUA,0.5761094220675135
UUC,0.3443927256789557
UUG,0.2526880968609361
UUU,0.5782826474917266
