codon,average_decoding_time
AAA,0.3993823976101469
AAC,0.32678243944705476
AAG,0.12715493775705733
AAU,0.5601630253940968
ACA,0.33805363025403246
ACC,0.4161384868679738
ACG,0.5686880442387235
ACU,0.19652839871274827
AGA,0.09808556119134902
AGC,1.2216603809971252
AGG,0.28732372611643886
AGU,1.5512976960405647
AUA,0.351587582810263
AUC,0.377840310261283
AUG,0.413997208759202
AUU,0.19091007292241954
CAA,0.2999629528855587
CAC,0.3703698433929381
CAG,2.44802427757099
CAU,0.6062646555331066
CCA,0.33885702555896335
CCC,1.8171715100444754
CCG,0.3884189725018197
CCU,1.444121772558871
CGA,0.4815177219135996
CGC,0.5091791188615652
CGG,2.0736982842402436
CGU,0.2823206611112976
CUA,1.2371389537499566
CUC,3.4185019097139238
CUG,1.095676762006765
CUU,3.9534901160253466
GAA,0.30404058359339803
GAC,0.2785477869050669
GAG,2.1647259598147985
GAU,0.505672443089945
GCA,0.3190841608031616
GCC,0.48100155282107515
GCG,0.8537209657343038
GCU,0.25625772326599683
GGA,1.0202527946299154
GGC,0.17113697006043713
GGG,0.6770973706851827
GGU,0.38799500146680477
GUA,0.4038241506112482
GUC,0.4994941370742516
GUG,2.0679293716374247
GUU,0.27362829807216027
UAC,0.37184864349858004
UAU,0.6072578312705751
UCA,0.3735023717552759
UCC,0.4708622270542402
UCG,0.6440896394919126
UCU,0.24600443970344976
UGC,0.5116949567456865
UGG,0.33293567765271875
UGU,0.7686579744321721
UUA,0.5173237488533539
UUC,0.29975386214799704
UUG,0.20067470222970202
UUU,0.5309175944061107
