codon,average_decoding_time
AAA,0.3994977264103986
AAC,0.3269522097432092
AAG,0.20625923832503448
AAU,0.55775927614907
ACA,0.33904092175381934
ACC,0.41573430855346494
ACG,0.5469073622506585
ACU,0.20985702805940115
AGA,0.09783681121013342
AGC,1.223706112786299
AGG,0.2864164123132905
AGU,1.553732033994234
AUA,0.3519560381291005
AUC,0.3775213782864975
AUG,0.4154212934813805
AUU,0.20541033206507844
CAA,0.3000843208506786
CAC,0.3702200992375541
CAG,0.5718247293692115
CAU,0.6054948962480632
CCA,0.3384011321224469
CCC,1.8129565397976588
CCG,0.4326094600636612
CCU,1.763770054961851
CGA,0.4831199983549812
CGC,0.5094239551571024
CGG,2.0737576757449405
CGU,0.2822619305023747
CUA,1.2321638822059826
CUC,3.4143137039856124
CUG,1.1020178002542547
CUU,1.165797707032204
GAA,0.2739282806451534
GAC,0.27993931985888443
GAG,0.4357942390398539
GAU,0.5062525664399998
GCA,0.31618502933328846
GCC,0.4497990360149872
GCG,0.7088631906395955
GCU,0.207806197850307
GGA,0.8299782920618802
GGC,0.14877871330077244
GGG,0.6305765538823332
GGU,0.3619566593838094
GUA,0.324208530916621
GUC,0.418758500847001
GUG,1.7620552227724833
GUU,0.2128986351127524
UAC,0.5316123627878844
UAU,0.7890295055603905
UCA,0.3770713944348932
UCC,0.5058226056612088
UCG,0.7880961425183203
UCU,0.3114218989912865
UGC,0.7064116111570957
UGG,0.3543409774093783
UGU,0.9810587212206268
UUA,0.5789713030246196
UUC,0.3422117592703075
UUG,0.2544319233096023
UUU,0.5775683034280068
