codon,average_decoding_time
AAA,0.3996870089390143
AAC,0.32503478576181616
AAG,0.12756313659223692
AAU,0.5619454401203197
ACA,0.3387451543892367
ACC,0.36159934684178135
ACG,0.568588802539084
ACU,0.19739399327806167
AGA,0.09828925594793472
AGC,1.2204005377289957
AGG,0.28732710260595146
AGU,1.5552838189497422
AUA,0.3527533812082006
AUC,0.39050571867291184
AUG,0.4147583364224541
AUU,0.19239435734472574
CAA,0.4668675299571624
CAC,0.5332085692844508
CAG,3.464258335683304
CAU,0.790173945540147
CCA,0.3426898404449646
CCC,2.1792937598555127
CCG,0.4506683254252715
CCU,1.6206478472753845
CGA,0.5100381042366718
CGC,0.6321769395844893
CGG,2.1909279258262955
CGU,0.3928206812706864
CUA,1.3684444521431958
CUC,1.210500748792201
CUG,1.4031075287088821
CUU,4.440144437265606
GAA,0.30355418319359295
GAC,0.2811645051486627
GAG,2.152021844487949
GAU,0.5056145433262864
GCA,0.31921898756235634
GCC,0.37138216460426937
GCG,0.8582984746325767
GCU,0.25540330882502393
GGA,1.0295639284568048
GGC,0.17135145089980905
GGG,0.6804561151666171
GGU,0.38651194838793584
GUA,0.403657819319111
GUC,0.5114835110143413
GUG,2.083821677993181
GUU,0.27102313562993857
UAC,0.36837470475890144
UAU,0.6086115967340456
UCA,0.37204114343078487
UCC,0.535301198653677
UCG,0.6464717485925093
UCU,0.24582029269064765
UGC,0.516278681951004
UGG,0.3322024137808432
UGU,0.7709003913463495
UUA,0.5183845974225738
UUC,0.3000932267265
UUG,0.20117686021342454
UUU,0.5310078422550655
