codon,average_decoding_time
AAA,0.4004087230216963
AAC,0.3262248531869641
AAG,0.20637061489915584
AAU,0.5607855480375848
ACA,0.33563355271136314
ACC,0.3622157243406003
ACG,0.41784356349617824
ACU,0.21072993475658608
AGA,0.09848314904194184
AGC,1.21594062237448
AGG,0.27076931047710967
AGU,1.5547392300534821
AUA,0.35194475224485106
AUC,0.3909313847367814
AUG,0.3436262546976501
AUU,0.2042388881143865
CAA,0.4618700363823658
CAC,0.5330234967025841
CAG,0.6452007052972041
CAU,0.7898807534225769
CCA,0.3434497720300172
CCC,2.1863970898561145
CCG,1.8365511757406747
CCU,1.7813790932222513
CGA,0.5095992367468869
CGC,0.6343834373230519
CGG,2.029808340324954
CGU,0.39210100674571347
CUA,1.3649435045379057
CUC,1.2027966664398095
CUG,1.4018114846504386
CUU,1.288140856959175
GAA,0.3043932671091499
GAC,0.277536467839416
GAG,0.46643801083292136
GAU,0.5050372693475124
GCA,0.31793692951673214
GCC,0.3695029242850453
GCG,0.7441064560449059
GCU,0.2263676630719172
GGA,1.027145802508721
GGC,0.17116326577672036
GGG,1.3623935053622216
GGU,0.3860531377702586
GUA,0.4059720561453792
GUC,0.5148790487754574
GUG,2.078346442202067
GUU,0.28720932320483034
UAC,0.5315018282373475
UAU,0.7910422429200274
UCA,0.37800458934374365
UCC,0.5424405662072954
UCG,2.9015211503601255
UCU,0.31048157381852837
UGC,0.7023172693427444
UGG,0.32347978422585466
UGU,0.9788401950123595
UUA,0.5782222795870229
UUC,0.34161444656852336
UUG,0.3073160574928315
UUU,0.5764739645567976
