codon,average_decoding_time
AAA,0.3966811490787868
AAC,0.3259032717908593
AAG,0.12723785203700982
AAU,0.5583945117500076
ACA,0.3390853955711504
ACC,0.41521754909281494
ACG,0.41568986272880254
ACU,0.20974594449012396
AGA,0.09785096186110295
AGC,1.2175970817975907
AGG,0.27107114079763917
AGU,1.5560180053435622
AUA,0.3498439571807647
AUC,0.3777582011947268
AUG,0.44113162273788936
AUU,0.20610770635023434
CAA,0.29800296687248395
CAC,0.37025841846944774
CAG,2.426287951262624
CAU,0.6059970152310109
CCA,0.33949343408428884
CCC,1.8058625566270041
CCG,1.496359521409047
CCU,1.7518945312627332
CGA,0.48339915001905626
CGC,0.5123020471308418
CGG,1.9142951182478996
CGU,0.2818348192115272
CUA,1.2390253804768412
CUC,3.4048768967312335
CUG,1.1636704479288342
CUU,1.1598761070150736
GAA,0.3023889839173757
GAC,0.27976922824528194
GAG,2.15059315590678
GAU,0.5065164684038431
GCA,0.3200575139166703
GCC,0.4825714106346625
GCG,0.745218995912543
GCU,0.22690369752824335
GGA,1.0217337146884165
GGC,0.1707420396431224
GGG,1.3640741357183108
GGU,0.3875529847164801
GUA,0.40416853339554604
GUC,0.4962096449179557
GUG,0.9906453173848547
GUU,0.2850755908367932
UAC,0.5334088833733933
UAU,0.7891531192459056
UCA,0.37703217361945934
UCC,0.507971275460823
UCG,2.9097394431232844
UCU,0.310173835136502
UGC,0.7054669924844705
UGG,0.32673018026571693
UGU,0.9862768089378102
UUA,0.5779036932576121
UUC,0.34336145154240905
UUG,0.26565520502321643
UUU,0.579341943887167
