codon,average_decoding_time
AAA,0.40107172939677627
AAC,0.3268307704536999
AAG,0.2059156042225293
AAU,0.5599578027332263
ACA,0.3380005817983619
ACC,0.4140141074381171
ACG,0.5680846013970209
ACU,0.20975285876164723
AGA,0.09854583147703529
AGC,1.2180517305307448
AGG,0.2867444082656586
AGU,1.5510412890535201
AUA,0.3516676758421214
AUC,0.37622221571533315
AUG,0.4127206789028347
AUU,0.20556882607206123
CAA,0.29943797222803614
CAC,0.37125171271837354
CAG,0.5740951130538239
CAU,0.6069223254103923
CCA,0.3361141424968314
CCC,1.8084126412494603
CCG,0.38858780484900673
CCU,1.7557003792702452
CGA,0.48362500185671176
CGC,0.5112708289566482
CGG,2.0856832676675854
CGU,0.28284220412698147
CUA,1.2346981863437907
CUC,3.4163811760921994
CUG,1.099138634207306
CUU,1.1624218341709958
GAA,0.3039689172224012
GAC,0.2788432950612462
GAG,0.463861115317497
GAU,0.507068306065828
GCA,0.31827863443348614
GCC,0.4816903775098153
GCG,0.8527493026873487
GCU,0.22457319160881092
GGA,1.0189900061738573
GGC,0.17076775911019798
GGG,0.6834414325274626
GGU,0.38676800930454736
GUA,0.40501045918255374
GUC,0.5008459211808105
GUG,2.071512681226172
GUU,0.28579748196457005
UAC,0.5330145407355653
UAU,0.7914425838829696
UCA,0.3777357726115114
UCC,0.5049317774848905
UCG,0.7847496010879824
UCU,0.309859887669588
UGC,0.7066556383380859
UGG,0.3541843397756546
UGU,0.9770489607046486
UUA,0.5832308441851918
UUC,0.34241831660700206
UUG,0.2518862828364351
UUU,0.5776985747592343
