codon,average_decoding_time
AAA,0.401134164470136
AAC,0.32706645148513086
AAG,0.12792479883626753
AAU,0.5624466637226723
ACA,0.33583700703037217
ACC,0.41340181323864056
ACG,0.41620212628127556
ACU,0.2103612500484748
AGA,0.09784363395096732
AGC,1.223624319564528
AGG,0.272214121969265
AGU,1.5482653918363984
AUA,0.3530834106810141
AUC,0.3757792744471906
AUG,0.4427301193311919
AUU,0.20608075850473043
CAA,0.29967776690701253
CAC,0.3697753578895532
CAG,2.413588718505039
CAU,0.6060107115761388
CCA,0.33934919511867784
CCC,1.8123359962363137
CCG,1.4833447784864382
CCU,1.7605922288807532
CGA,0.48149202589539913
CGC,0.5118217988064465
CGG,1.9260891643444047
CGU,0.28087210272085755
CUA,1.235112916787031
CUC,3.4052946666868276
CUG,1.1635148430816873
CUU,1.1577265686729612
GAA,0.30395738343140893
GAC,0.27997990529473965
GAG,2.159978643987119
GAU,0.5080227734821884
GCA,0.3176199387279554
GCC,0.47990189766365193
GCG,0.7435487457352218
GCU,0.22572185954919366
GGA,1.0230602357552376
GGC,0.1718706625525767
GGG,1.367252853076851
GGU,0.3868061820297285
GUA,0.4041069462031082
GUC,0.4969567098602515
GUG,0.9916087083715162
GUU,0.2829683327915601
UAC,0.5332951615040867
UAU,0.7892621108411532
UCA,0.37887754200854573
UCC,0.508483370650821
UCG,2.9062290005282425
UCU,0.3110016508783143
UGC,0.7024090339060767
UGG,0.3227940910508915
UGU,0.9767176631302089
UUA,0.5793111928264354
UUC,0.34159774123501857
UUG,0.2630606526957164
UUU,0.5778284357678086
