codon,average_decoding_time
AAA,0.40013686610330435
AAC,0.32735255656143675
AAG,0.20744825232355787
AAU,0.5602837621086434
ACA,0.3372940848094226
ACC,0.41468456784666924
ACG,0.5687689132650025
ACU,0.19672411378867283
AGA,0.09808986557042935
AGC,1.2179542017345502
AGG,0.28704828637444096
AGU,1.5504147758862254
AUA,0.3518937948086618
AUC,0.377356920267239
AUG,0.34357834824882827
AUU,0.19221854361370797
CAA,0.29945871928236417
CAC,0.36877352870496305
CAG,0.5729125490956651
CAU,0.6073218431712094
CCA,0.3380099456542443
CCC,1.8063745286219017
CCG,0.3876962087208371
CCU,1.445336442419401
CGA,0.48091310995150144
CGC,0.5108319918549832
CGG,2.0888616583678137
CGU,0.28169636732642694
CUA,1.2371332878205767
CUC,3.413015903551455
CUG,1.0527029672239279
CUU,3.9668685818895857
GAA,0.30320991399720315
GAC,0.27950931726253947
GAG,0.4656557372211353
GAU,0.5069743649197594
GCA,0.3178408571840091
GCC,0.4799790089655224
GCG,0.8525300427565192
GCU,0.25659827772928134
GGA,1.0213866153790776
GGC,0.1720107012915647
GGG,0.6870093292582776
GGU,0.3860721231466269
GUA,0.4043562439556042
GUC,0.49993221751512107
GUG,2.0735720720537842
GUU,0.27134445937154705
UAC,0.37017561514759634
UAU,0.6080863234805896
UCA,0.37441286619694775
UCC,0.4696560232651488
UCG,0.6471069931152723
UCU,0.24444517223508358
UGC,0.5092400155911895
UGG,0.3344583410123088
UGU,0.7700239415984124
UUA,0.5226390575243036
UUC,0.29896724353496323
UUG,0.21277026710238536
UUU,0.5303671116939168
