codon,average_decoding_time
AAA,0.39990058710399773
AAC,0.3263922586024241
AAG,0.1269918306519085
AAU,0.5594223630095906
ACA,0.339266268956675
ACC,0.36056116437167324
ACG,0.5668335287621628
ACU,0.21102827839462548
AGA,0.09832658858655537
AGC,1.225334757975391
AGG,0.28705421924396074
AGU,1.5532725876793172
AUA,0.35300692487987295
AUC,0.391256103251635
AUG,0.342290123303087
AUU,0.20425518344421106
CAA,0.4633627546966831
CAC,0.5342470283938955
CAG,3.4639804440812743
CAU,0.7860623562895172
CCA,0.344574361776157
CCC,2.189239853427042
CCG,0.4487203900700503
CCU,1.7958295188397357
CGA,0.5100754701135413
CGC,0.6351591216644551
CGG,2.2028022157517007
CGU,0.39299504658465473
CUA,1.3728314772067045
CUC,1.2018401118557185
CUG,1.4020098103008611
CUU,1.2871183848175833
GAA,0.3032126311476405
GAC,0.27904098891023466
GAG,2.1623146614575437
GAU,0.5060460642561271
GCA,0.31931741176410733
GCC,0.3688564142378029
GCG,0.8538977358802547
GCU,0.224708202786785
GGA,1.0176165369620134
GGC,0.17149447378849994
GGG,0.6839971510228436
GGU,0.3872505785291763
GUA,0.40605787080364
GUC,0.5120310201396089
GUG,2.0770904583744736
GUU,0.2857124559620636
UAC,0.5338059855351993
UAU,0.7852068317441598
UCA,0.3762021811653338
UCC,0.5424005949673377
UCG,0.7868356007316575
UCU,0.31129506976915555
UGC,0.7050510317959379
UGG,0.3528006322148607
UGU,0.9808012666783227
UUA,0.5766393075989309
UUC,0.3407809672797892
UUG,0.30741261797200115
UUU,0.5778705865154274
