codon,average_decoding_time
AAA,0.4003997988973391
AAC,0.32584491029779816
AAG,0.12726649607262117
AAU,0.5596959125507349
ACA,0.3371789723869377
ACC,0.412628120582048
ACG,0.5448380831262407
ACU,0.2103008281809129
AGA,0.09848517011421083
AGC,1.219208052198196
AGG,0.28674466046383107
AGU,1.5565891609057139
AUA,0.35100067542768376
AUC,0.3766009788762319
AUG,0.4428098904982267
AUU,0.20415984684927393
CAA,0.29941508735871775
CAC,0.37084834371915576
CAG,2.4191789444390572
CAU,0.6094163688946056
CCA,0.3378921837409478
CCC,1.8185749792851384
CCG,0.43153622116909063
CCU,1.7811770158219424
CGA,0.48185594004200094
CGC,0.5124052932453715
CGG,2.075684841905062
CGU,0.28197522956344095
CUA,1.2355613767871862
CUC,3.41961216108541
CUG,1.1221871960712964
CUU,1.1627888399625943
GAA,0.272565072594782
GAC,0.27992741463549586
GAG,1.9266860882486345
GAU,0.506448782154569
GCA,0.3173854295224026
GCC,0.4510819939088
GCG,0.7142091391888843
GCU,0.20865287638051486
GGA,0.8274946028653333
GGC,0.14783147552194315
GGG,0.6304206036069608
GGU,0.36183714952804186
GUA,0.32489377930382657
GUC,0.4179346868339731
GUG,0.8573206763599407
GUU,0.21297888673635615
UAC,0.5333338506344681
UAU,0.7885893537700026
UCA,0.37558994726111244
UCC,0.5046423042801806
UCG,0.7904477161523731
UCU,0.31059040850723185
UGC,0.7078507240917052
UGG,0.3524386678951498
UGU,0.9853973161252711
UUA,0.575538173288092
UUC,0.3422366296400603
UUG,0.26325545083578006
UUU,0.5752368507750332
