codon,average_decoding_time
AAA,0.39938844937111506
AAC,0.32550284411850705
AAG,0.12680687904257534
AAU,0.5586698518276441
ACA,0.3392401475056327
ACC,0.3622684596856557
ACG,0.5453946013512379
ACU,0.20968412552205307
AGA,0.09798546574863544
AGC,1.2150268436652993
AGG,0.28694614666676305
AGU,1.5550598821939454
AUA,0.35155357262631165
AUC,0.3908120214975955
AUG,0.41208227743976417
AUU,0.2057135611082539
CAA,0.46463488439186373
CAC,0.534067813501745
CAG,3.4539052351357316
CAU,0.7920310855517265
CCA,0.3454364683883322
CCC,2.201031416705409
CCG,0.5072400246841213
CCU,1.7948263611753472
CGA,0.5118747184703373
CGC,0.6315662265141917
CGG,2.2059342045353305
CGU,0.39127139945705147
CUA,1.370268088405916
CUC,1.2119288783620759
CUG,1.404439637798453
CUU,1.2898906115891973
GAA,0.27212667515438077
GAC,0.27969767679533397
GAG,1.933507726629113
GAU,0.5077873178038599
GCA,0.31481156961012263
GCC,0.3494431367135678
GCG,0.7125741653052307
GCU,0.20833356419980534
GGA,0.8297613538990352
GGC,0.14937239372831432
GGG,0.6327210212814153
GGU,0.3629630517690763
GUA,0.32450563379015906
GUC,0.432206221862589
GUG,1.7592984785025565
GUU,0.21200745118298087
UAC,0.5356423777403114
UAU,0.7878386308818006
UCA,0.37650654930875904
UCC,0.5420036064081311
UCG,0.7933389977938746
UCU,0.31079528293943237
UGC,0.705038853392446
UGG,0.35184978984085363
UGU,0.9809720831738866
UUA,0.5800747587463448
UUC,0.34292208639902266
UUG,0.25302120688720003
UUU,0.5776338758080958
