codon,average_decoding_time
AAA,0.3995107707518683
AAC,0.32773823648608785
AAG,0.1272563555014009
AAU,0.5590923903605368
ACA,0.3370461276416478
ACC,0.4148367571620065
ACG,0.5487004959890641
ACU,0.2104505548885856
AGA,0.0982634940231015
AGC,1.221980796185749
AGG,1.5808485376167656
AGU,1.5458069941466648
AUA,0.35238978993134285
AUC,0.3769048082147089
AUG,0.34532244587484284
AUU,0.20540950116628098
CAA,0.30106436199435577
CAC,0.36928782323274506
CAG,2.430657286478768
CAU,0.6079059578431326
CCA,0.3386414565442821
CCC,1.8078720748609394
CCG,0.433204235221428
CCU,1.758342879311802
CGA,0.47921734250505565
CGC,0.5115161563740561
CGG,1.408151698475256
CGU,0.28151110975192617
CUA,1.237830553025036
CUC,3.390247816864189
CUG,1.0963438176356854
CUU,1.1577660304941182
GAA,0.2719198035891615
GAC,0.28069680028139915
GAG,1.9285474668955283
GAU,0.5054730885503376
GCA,0.31349072803650535
GCC,0.4518336507517024
GCG,0.7137055710413316
GCU,0.20779065281409556
GGA,0.8315024132291889
GGC,0.14784039514120215
GGG,0.6328950498495824
GGU,0.3608505430195757
GUA,0.3245760846929632
GUC,0.4180722441869659
GUG,1.5685273572751492
GUU,0.21303128228680884
UAC,0.5335568892991122
UAU,0.788043102510585
UCA,0.37640833469544943
UCC,0.5060142793370543
UCG,0.7910507772106471
UCU,0.31036284168165906
UGC,0.7078700917766049
UGG,0.35247231621299424
UGU,0.980218915127159
UUA,0.5759402346663396
UUC,0.3433838713783082
UUG,0.30756212116762377
UUU,0.5769769936699058
