codon,average_decoding_time
AAA,0.3990173025934129
AAC,0.32609610757342855
AAG,0.1265140135661353
AAU,0.5599410345096558
ACA,0.338643364232994
ACC,0.4134710898707212
ACG,0.4148386830844984
ACU,0.20927401267693688
AGA,0.09828515999725572
AGC,1.2243969301409716
AGG,1.4142023140553015
AGU,1.552501730494195
AUA,0.35273789333788247
AUC,0.37820200993010733
AUG,0.44117268907429885
AUU,0.20488672935383023
CAA,0.299871590525015
CAC,0.3706170152998924
CAG,2.4165052611652067
CAU,0.6073778977273443
CCA,0.33849569256078793
CCC,1.80210620684136
CCG,1.4913603527023565
CCU,1.766096499448344
CGA,0.48026290323717663
CGC,0.5098806150317701
CGG,1.2309700299136315
CGU,0.2828783080505092
CUA,1.2400993711666595
CUC,3.431364188524441
CUG,1.1633582666868862
CUU,1.1564296012880888
GAA,0.3037897327468595
GAC,0.27984351271696584
GAG,2.1640392090890237
GAU,0.5085201974283596
GCA,0.3177579732296348
GCC,0.4820479251667287
GCG,0.7408673567812367
GCU,0.22566759312189213
GGA,1.023000123220906
GGC,0.1711697732921265
GGG,1.3618408070013646
GGU,0.38495196919641916
GUA,0.4048018066764708
GUC,0.5008720781940136
GUG,0.9960599509096333
GUU,0.2837635539001964
UAC,0.5278220098672073
UAU,0.7914652454951656
UCA,0.3779604428339752
UCC,0.5057032909409365
UCG,2.9253273203017516
UCU,0.3101839913856073
UGC,0.7097647615659415
UGG,0.32627294569415094
UGU,0.9828520271163613
UUA,0.5769474680365465
UUC,0.3430783609035587
UUG,0.2643183154412462
UUU,0.5775514863813487
