codon,average_decoding_time
AAA,0.39850615029226444
AAC,0.3260737563792591
AAG,0.12710575213081116
AAU,0.560879982170616
ACA,0.33618886018965577
ACC,0.36087560975441446
ACG,0.5459273453699771
ACU,0.2106535558677519
AGA,0.09796631558939997
AGC,1.2222445760869642
AGG,1.5686331556721331
AGU,1.5506245184519463
AUA,0.3513983869143255
AUC,0.39047377757136803
AUG,0.3734469445214739
AUU,0.2042648036373103
CAA,0.46294315313804574
CAC,0.5345324364937585
CAG,3.4717860037360886
CAU,0.7856720938259656
CCA,0.34493699852222076
CCC,2.187139750415498
CCG,0.505289305623617
CCU,1.7883034852764785
CGA,0.5095729660757295
CGC,0.6318879708542584
CGG,2.1972962683865522
CGU,0.39539034023103947
CUA,1.3706568128527497
CUC,1.2084695938707197
CUG,1.4647891531276647
CUU,1.293610601637433
GAA,0.2720332815574626
GAC,0.2805008251374605
GAG,1.9299978869230892
GAU,0.5063551009070412
GCA,0.31435893005287274
GCC,0.3501229084652965
GCG,0.711264735300115
GCU,0.2078522132304792
GGA,0.828920643752104
GGC,0.1487470445662353
GGG,0.6323425722977618
GGU,0.3611564063041421
GUA,0.3253172194918984
GUC,0.4327330575097767
GUG,0.767737471162759
GUU,0.21183951489283423
UAC,0.5334496721538885
UAU,0.7883398561464836
UCA,0.3778689957871423
UCC,0.540340673525462
UCG,0.7872514380391975
UCU,0.31278295700410474
UGC,0.7020771428349416
UGG,0.35179288176863127
UGU,0.9826853848711335
UUA,0.5772744661831456
UUC,0.34193379142548785
UUG,0.3262188564620326
UUU,0.5762989426452715
