codon,average_decoding_time
AAA,0.40063895966575314
AAC,0.3260340597179703
AAG,0.20746170757486845
AAU,0.5599454070864557
ACA,0.33799180760719383
ACC,0.36150874460882026
ACG,0.5465767100318809
ACU,0.2107420934966403
AGA,0.09819475279726914
AGC,1.2128427023325157
AGG,1.5745161711244666
AGU,1.5531558121806195
AUA,0.3531221439642972
AUC,0.3922216315513731
AUG,0.4118968898193782
AUU,0.20425110779838554
CAA,0.4641602511639992
CAC,0.531981139991714
CAG,0.6451017275890181
CAU,0.7884152075907934
CCA,0.3436726977179609
CCC,2.1787402051650795
CCG,0.5052679925367336
CCU,1.792066189260673
CGA,0.5090798330830377
CGC,0.6346909925961459
CGG,2.1983009918645564
CGU,0.39117503783592544
CUA,1.3710681283945623
CUC,1.208483389161049
CUG,1.4039896728388823
CUU,1.2887238625546396
GAA,0.27153690167756905
GAC,0.27896243583304897
GAG,0.43446837626267565
GAU,0.5076736997302674
GCA,0.3177501873588658
GCC,0.3496565176864301
GCG,0.7122778595814503
GCU,0.2075172586138245
GGA,0.8286736710494966
GGC,0.1485148200128619
GGG,0.6304846289258647
GGU,0.36158300974480356
GUA,0.3250558327136548
GUC,0.43301481320121643
GUG,1.7683764479968418
GUU,0.21321256945765904
UAC,0.5344819937048725
UAU,0.7885927492514838
UCA,0.3767331794585242
UCC,0.543254570234269
UCG,0.7886524544143713
UCU,0.3100148764766488
UGC,0.702748079195172
UGG,0.3521584201681556
UGU,0.9802621022318235
UUA,0.5781414362603907
UUC,0.3438298166596368
UUG,0.2527422648507092
UUU,0.5768681321444815
