codon,average_decoding_time
AAA,0.4007536438277636
AAC,0.3296310719542774
AAG,0.12692082528382254
AAU,0.5621893098948243
ACA,0.33870514910758687
ACC,0.41348349233292553
ACG,0.5458648167492016
ACU,0.19657770300411376
AGA,0.09813260899202758
AGC,1.2177399129712194
AGG,1.5825711653052204
AGU,1.554424755168225
AUA,0.35266499143386937
AUC,0.37595917582011107
AUG,0.34433640178170877
AUU,0.1931324055218375
CAA,0.3008315551484079
CAC,0.36941109639929753
CAG,2.4068113866684517
CAU,0.6051466475437931
CCA,0.33761378619831384
CCC,1.8007341950279052
CCG,0.4330993276847442
CCU,1.4492795705278543
CGA,0.4825253168666899
CGC,0.5081418900840893
CGG,1.400748118843577
CGU,0.2808246772344885
CUA,1.2356443367362422
CUC,3.4048513698222074
CUG,1.0499137913648284
CUU,3.9520175742467627
GAA,0.2732937958962221
GAC,0.279958926256314
GAG,1.929823429220145
GAU,0.5084842882475699
GCA,0.313729426498096
GCC,0.450188279971696
GCG,0.714186034650415
GCU,0.22922166482225817
GGA,0.8308902595638218
GGC,0.14780411281892072
GGG,0.6349135720055656
GGU,0.36085888825174733
GUA,0.3253210555601607
GUC,0.4196893552052882
GUG,1.5687989922077028
GUU,0.19979459803528277
UAC,0.3685639887752058
UAU,0.6044258790042016
UCA,0.3733959760780135
UCC,0.4690248143321783
UCG,0.6477224134307867
UCU,0.24611834594610557
UGC,0.5145363817718267
UGG,0.21482472896953986
UGU,0.7676551462494633
UUA,0.5164892144276435
UUC,0.2988576376254768
UUG,0.21204180555445204
UUU,0.5313342479724035
