codon,average_decoding_time
AAA,0.3977085411131559
AAC,0.3253499498566617
AAG,0.12621833375705407
AAU,0.5588973969119043
ACA,0.3383452126541353
ACC,0.41396753278432724
ACG,0.5476077751585533
ACU,0.19633632151911407
AGA,0.09791410972251771
AGC,1.222189630526867
AGG,1.568472636890976
AGU,1.5600027417202866
AUA,0.3508406731222829
AUC,0.3759729855803007
AUG,0.34265184474860244
AUU,0.192480920424622
CAA,0.29928405407357267
CAC,0.3710445064519361
CAG,2.4188888584700514
CAU,0.6076145352584345
CCA,0.33671299516512576
CCC,1.8069070790848822
CCG,0.4332470995765794
CCU,1.4485298129517303
CGA,0.48250920789675317
CGC,0.5106363951558842
CGG,1.4088085907875958
CGU,0.2824097872087646
CUA,1.2366118461799904
CUC,3.390950490200678
CUG,1.098735944246422
CUU,3.9553587646787753
GAA,0.2741499822428049
GAC,0.28003950936168426
GAG,1.9244817432139605
GAU,0.5072285598838955
GCA,0.31357302385769725
GCC,0.4506810202863048
GCG,0.7127844938415602
GCU,0.22996214637532514
GGA,0.8310350291046819
GGC,0.14833833931104318
GGG,0.6334598120089197
GGU,0.361291656838609
GUA,0.3241562368149661
GUC,0.4177031096042978
GUG,1.5662450660550085
GUU,0.19976405542221504
UAC,0.37069020862550023
UAU,0.6115066403898887
UCA,0.3742575299011195
UCC,0.46901394188955164
UCG,0.6454725603175652
UCU,0.2464330099822746
UGC,0.5098592961147158
UGG,0.21509427774155046
UGU,0.7689552099948539
UUA,0.521467500316539
UUC,0.2994970919825641
UUG,0.22495748142457597
UUU,0.5301545076298961
