codon,average_decoding_time
AAA,0.39981746649919236
AAC,0.3277970177055843
AAG,0.20624114968580365
AAU,0.5623778475441851
ACA,0.3381668789344585
ACC,0.41422341946955255
ACG,0.5463400954218122
ACU,0.21133175771949125
AGA,0.09828471674480131
AGC,1.2196327261533104
AGG,1.5849043472133848
AGU,1.5550974794132726
AUA,0.3510389800584523
AUC,0.37711796532444797
AUG,0.41229789868294453
AUU,0.2046099201258674
CAA,0.3005485167989139
CAC,0.37046674895601134
CAG,0.5706125021457953
CAU,0.6059649150044129
CCA,0.33884307063856306
CCC,1.810085237645056
CCG,0.4351522966578962
CCU,1.766076686996605
CGA,0.4824410669839217
CGC,0.509677087677108
CGG,1.401616682614843
CGU,0.2807377249170326
CUA,1.2377831043970462
CUC,3.394492601059073
CUG,1.0546203719770932
CUU,1.162452760828634
GAA,0.2717618387416422
GAC,0.2791845373551595
GAG,0.4359601371714339
GAU,0.5087098152784131
GCA,0.31423410281934133
GCC,0.4495422645192369
GCG,0.7153490223529214
GCU,0.20771969679360663
GGA,0.829983187432893
GGC,0.14864624072547228
GGG,0.635066084205753
GGU,0.3623583191794535
GUA,0.3248180289069985
GUC,0.41947186817557386
GUG,1.767947090341296
GUU,0.21356792986315498
UAC,0.5342095145876099
UAU,0.7851628685650454
UCA,0.3781428610076249
UCC,0.505679653897247
UCG,0.787450181282028
UCU,0.3100528132271918
UGC,0.7067520609694888
UGG,0.35219682459433965
UGU,0.9822311803889691
UUA,0.5772817298960906
UUC,0.34172143749082956
UUG,0.2533849380103228
UUU,0.5788435379565245
