codon,average_decoding_time
AAA,0.40057978788967746
AAC,0.3251321164757154
AAG,0.1268735040361958
AAU,0.560025541940879
ACA,0.33834082762332784
ACC,0.36249720942460184
ACG,0.5477076505221089
ACU,0.21077249547240418
AGA,0.09874790250418668
AGC,1.2153424506378059
AGG,1.5807588333132296
AGU,1.5544550568230306
AUA,0.3529298550713942
AUC,0.3917112660291829
AUG,0.44215968600846073
AUU,0.20623019443719998
CAA,0.4635247499248086
CAC,0.5367754889631878
CAG,3.4578095397130992
CAU,0.7908564236399321
CCA,0.34426382753114315
CCC,2.197273177417381
CCG,0.5076223702352255
CCU,1.7956854426799913
CGA,0.5065723497387999
CGC,0.6343435825340732
CGG,2.181290273969117
CGU,0.39216260500627714
CUA,1.3670126117577879
CUC,1.2022555326281823
CUG,1.4636824699950775
CUU,1.2849382366618167
GAA,0.2722992509134038
GAC,0.2797900412263995
GAG,1.9278356627340691
GAU,0.5060655308129841
GCA,0.3145607293043324
GCC,0.34999035906881953
GCG,0.7127463188974589
GCU,0.20810856674875508
GGA,0.8329719935813589
GGC,0.1483918476025283
GGG,0.6291400497907
GGU,0.36109384563865254
GUA,0.32454977357534676
GUC,0.43175050372829354
GUG,0.8592377751754192
GUU,0.21232620341989586
UAC,0.5341804258050723
UAU,0.7901003205507217
UCA,0.37475249290380475
UCC,0.5414017015389768
UCG,0.7876599708791326
UCU,0.3113191669482676
UGC,0.7031897831909611
UGG,0.35347525788923706
UGU,0.9831892716149617
UUA,0.5790147646422176
UUC,0.3450782730291448
UUG,0.26365418205124996
UUU,0.5792440295327765
