codon,average_decoding_time
AAA,0.3991402221063298
AAC,0.3267131897010261
AAG,0.12743570162568968
AAU,0.5596234664295462
ACA,0.33885349796205094
ACC,0.4162319090806155
ACG,0.5451495100074814
ACU,0.19711583367017083
AGA,0.09847967799518076
AGC,1.2180264917392605
AGG,1.5777447758689718
AGU,1.5547794121663094
AUA,0.35281599949909326
AUC,0.3776669155101567
AUG,0.34231204452945146
AUU,0.1911856608792086
CAA,0.29976848603410794
CAC,0.37087558832598105
CAG,2.413212143504859
CAU,0.6108236160553423
CCA,0.33758788659205224
CCC,1.8095245375286613
CCG,0.4317682777713326
CCU,1.4464209539069846
CGA,0.4823735934260286
CGC,0.5110248494342822
CGG,1.4030970945603065
CGU,0.2818076283364904
CUA,1.239825338266546
CUC,3.4105553450870434
CUG,1.0993448809410926
CUU,3.9599416250373283
GAA,0.2718439442955015
GAC,0.2793388444483529
GAG,1.9434905801597377
GAU,0.5075752233757986
GCA,0.31435612611905045
GCC,0.45230048804392836
GCG,0.7076257954554345
GCU,0.23004203597403666
GGA,0.8262321197330347
GGC,0.1491308784254561
GGG,0.6329584355780682
GGU,0.36176396126048405
GUA,0.32468965842939784
GUC,0.4183640922724596
GUG,1.5694937782171314
GUU,0.20005810119941703
UAC,0.37119563505347164
UAU,0.6075676824724646
UCA,0.37446480230347623
UCC,0.4685422376610573
UCG,0.6478956269653805
UCU,0.245203150231895
UGC,0.5132406944754987
UGG,0.21462909599045532
UGU,0.7686576743749215
UUA,0.5214533324581054
UUC,0.29947625237250813
UUG,0.22545459430567072
UUU,0.529712681520412
