codon,average_decoding_time
AAA,0.3985211193936391
AAC,0.32677722829299094
AAG,0.12753565835280695
AAU,0.5592736708385794
ACA,0.33868852462236804
ACC,0.4137460990451571
ACG,0.5447089828726371
ACU,0.19780653846251714
AGA,0.0986822948059904
AGC,1.219147347817868
AGG,0.28725906219844266
AGU,1.559577503920962
AUA,0.351227133504421
AUC,0.3761915209765434
AUG,0.37566293835965936
AUU,0.19250979343883445
CAA,0.2996931250746014
CAC,0.36933365685738895
CAG,2.418850926339892
CAU,0.6075702391137903
CCA,0.33958910783479324
CCC,1.8106887130039608
CCG,0.43272603575933377
CCU,1.450279682089409
CGA,0.47955850793654303
CGC,0.510671314387922
CGG,2.0788270966775624
CGU,0.2825719605918094
CUA,1.2416875999106987
CUC,3.386802259835345
CUG,1.1228032674580393
CUU,3.978545598005453
GAA,0.2714599207366465
GAC,0.2784742521786977
GAG,1.938614440607927
GAU,0.5083797665824857
GCA,0.3145806231083135
GCC,0.4518157816136147
GCG,0.7114438469938976
GCU,0.2284878337744664
GGA,0.828603201699638
GGC,0.14973057085011504
GGG,0.6330220954939324
GGU,0.36048521794916677
GUA,0.3231699570532334
GUC,0.418419814619052
GUG,0.7696100760712989
GUU,0.19955147443666513
UAC,0.3711631280436074
UAU,0.6090645651920887
UCA,0.3734288373565911
UCC,0.46892904632758314
UCG,0.6458811690676693
UCU,0.2462832664322245
UGC,0.5118073929320842
UGG,0.3328315510809571
UGU,0.7724192466936531
UUA,0.5195084741067605
UUC,0.29986402342433305
UUG,0.23094821013612177
UUU,0.5288746339505545
