codon,average_decoding_time
AAA,0.39906397298650415
AAC,0.32597321721935846
AAG,0.2059913038856967
AAU,0.5592921533558821
ACA,0.33555161914280984
ACC,0.36071952193139883
ACG,0.5428961219872263
ACU,0.20905222269080914
AGA,0.09827881547665863
AGC,1.218349112337771
AGG,1.5802510099524525
AGU,1.5496985259906384
AUA,0.3516421435278674
AUC,0.39134677682721297
AUG,0.37474140643442794
AUU,0.20606107903766585
CAA,0.46336362366775624
CAC,0.5316149628389271
CAG,0.6471242769175481
CAU,0.7864032765698021
CCA,0.3443020271137989
CCC,2.1792547591905294
CCG,0.5044283881176745
CCU,1.786256705815396
CGA,0.5087736566602005
CGC,0.6312610791738813
CGG,2.193199496297186
CGU,0.39250574799673466
CUA,1.3705834978086182
CUC,1.2088046598542885
CUG,1.4608580081622415
CUU,1.2910823264462115
GAA,0.2720024401834339
GAC,0.2792025316098757
GAG,0.4348515827626307
GAU,0.5070574658157077
GCA,0.31603508540148595
GCC,0.34987918554844044
GCG,0.709015829403434
GCU,0.20914484659509547
GGA,0.8267571733267599
GGC,0.14926808488097995
GGG,0.6297998274832374
GGU,0.36292040113863977
GUA,0.3236809744534769
GUC,0.43187043745775394
GUG,0.7721960099893781
GUU,0.21136086247878663
UAC,0.5334754607758444
UAU,0.78926855382319
UCA,0.37684536564561516
UCC,0.5394976773511202
UCG,0.7890483596731281
UCU,0.31146787419749156
UGC,0.7065093508912955
UGG,0.35582444063989993
UGU,0.9767603137070693
UUA,0.5815192526022737
UUC,0.3441419254859265
UUG,0.32754088972947865
UUU,0.5772017801850859
