codon,average_decoding_time
AAA,0.39994361705984494
AAC,0.3284447507887757
AAG,0.20800331954572732
AAU,0.5595332609987483
ACA,0.3380701360924844
ACC,0.3618676145241384
ACG,0.5672339230841765
ACU,0.19734067068220326
AGA,0.09775365454770713
AGC,1.219820012154494
AGG,0.2851276996661204
AGU,1.5529727902939616
AUA,0.3500709236252571
AUC,0.3922033963678299
AUG,0.4132439145617787
AUU,0.1915554751769987
CAA,0.46473250818034495
CAC,0.5337375896684153
CAG,0.6438045375201015
CAU,0.7875942335847295
CCA,0.34522231117956403
CCC,2.1977791400816575
CCG,0.44985700376630366
CCU,1.630595198313953
CGA,0.5090109895992392
CGC,0.6361031105945785
CGG,2.199074898993721
CGU,0.39233370388715594
CUA,1.3716604098287315
CUC,1.206436475367373
CUG,1.396521010046943
CUU,4.45583516256687
GAA,0.30226839331713
GAC,0.2807872685012223
GAG,0.4660275236107117
GAU,0.5062201485986767
GCA,0.31845597316817575
GCC,0.3678761583058247
GCG,0.8554894334060165
GCU,0.2564000931616576
GGA,1.020858130934567
GGC,0.17129377788922207
GGG,0.6819286573230621
GGU,0.3866538967070253
GUA,0.40368446041495054
GUC,0.5142928093644548
GUG,2.0708245438494175
GUU,0.2714038403256454
UAC,0.36938447897518256
UAU,0.6061411712325089
UCA,0.37321303048544485
UCC,0.5339427723107479
UCG,0.6474856958629852
UCU,0.24584669988222152
UGC,0.5120026303244394
UGG,0.33461171265760975
UGU,0.766522610204847
UUA,0.5214761924793082
UUC,0.3007880806700186
UUG,0.19425815734230725
UUU,0.5296751196558034
