codon,average_decoding_time
AAA,0.4008132042481815
AAC,0.32673229862812386
AAG,0.1265948936516659
AAU,0.5614072887209525
ACA,0.33675142357919474
ACC,0.36383471596305894
ACG,0.5692652481210387
ACU,0.21102921568586272
AGA,0.09788729567257257
AGC,1.2205135650124483
AGG,1.5768648417259596
AGU,1.554523789668316
AUA,0.35242627800705967
AUC,0.39315240854101
AUG,0.4425817259557077
AUU,0.20489426528624194
CAA,0.4622577832408189
CAC,0.533517821627478
CAG,3.4594936665338785
CAU,0.7909399782708884
CCA,0.34397988306663174
CCC,2.185145909830898
CCG,0.4487501605831855
CCU,1.7906061398477988
CGA,0.5108770342296804
CGC,0.6333152701798485
CGG,2.19385928866436
CGU,0.3913864333963128
CUA,1.370226112538957
CUC,1.2065842939280182
CUG,1.4633784933612022
CUU,1.2935031165003714
GAA,0.3044472640499532
GAC,0.2792757228074849
GAG,2.175138866826232
GAU,0.5055808546852169
GCA,0.31867265540358286
GCC,0.3700080190989506
GCG,0.8586202538913704
GCU,0.22769455495610189
GGA,1.0194307481693645
GGC,0.171346583676536
GGG,0.6801317130025161
GGU,0.3856538956237498
GUA,0.404542432206673
GUC,0.5117191561125977
GUG,0.9956797899886337
GUU,0.2833895291042161
UAC,0.5336885135771051
UAU,0.7908321721325788
UCA,0.37884361236851904
UCC,0.542727804890477
UCG,0.7917532038647225
UCU,0.31005828494014664
UGC,0.7035191131433742
UGG,0.3529015825067939
UGU,0.9791093519523658
UUA,0.5762468062748457
UUC,0.3411001413637942
UUG,0.2636979450935575
UUU,0.5772354117222638
