codon,average_decoding_time
AAA,0.39906426114393356
AAC,0.32504177405927664
AAG,0.20797496295770498
AAU,0.5591289121154464
ACA,0.33712241973213014
ACC,0.4170038150268638
ACG,0.5661702794529321
ACU,0.21054801951967128
AGA,0.09859289996948922
AGC,1.2204784459800735
AGG,1.5824554225405913
AGU,1.5577013932080028
AUA,0.35113627950391324
AUC,0.37616336852189736
AUG,0.4443957669372662
AUU,0.20559592795462114
CAA,0.2985492013370479
CAC,0.3701093338258386
CAG,0.5714770998657945
CAU,0.6087129843338293
CCA,0.33852251112445547
CCC,1.8007040424238483
CCG,0.38864796667465695
CCU,1.768314662850125
CGA,0.4815456330245581
CGC,0.5097559757868314
CGG,1.4062816004389123
CGU,0.2823428518662609
CUA,1.240643540039125
CUC,3.4192056641288695
CUG,1.1622718124780775
CUU,1.1529747789230214
GAA,0.3036241633799732
GAC,0.27984917587219044
GAG,0.4652246756390415
GAU,0.5073112148989449
GCA,0.32056281202032455
GCC,0.48159295877478564
GCG,0.8509343196339804
GCU,0.22535354133899563
GGA,1.025154763219272
GGC,0.1716029510010975
GGG,0.6813693233059791
GGU,0.3863213377504507
GUA,0.4034248089835941
GUC,0.4994656974457591
GUG,0.9962789329773665
GUU,0.28547811207359214
UAC,0.5362967766231933
UAU,0.7886206975017869
UCA,0.3781105987876627
UCC,0.5052313668034686
UCG,0.7856395648880147
UCU,0.3105428220113158
UGC,0.705501844007928
UGG,0.3546566634848906
UGU,0.9860663676299272
UUA,0.5801833072812185
UUC,0.3432206241474177
UUG,0.26507331526870576
UUU,0.577144750517905
