codon,average_decoding_time
AAA,0.39866301936099274
AAC,0.32372277878477906
AAG,0.20698948878905368
AAU,0.5578245787651126
ACA,0.3370933293023435
ACC,0.3607328087520819
ACG,0.5683824287350047
ACU,0.19584333240041446
AGA,0.09808626590213541
AGC,1.2258349067590746
AGG,1.576302640039158
AGU,1.5505217356054806
AUA,0.3517758152037669
AUC,0.38992948332779204
AUG,0.3743848218046078
AUU,0.1930158868929521
CAA,0.4639252863663539
CAC,0.5337547572651912
CAG,0.6433595393673572
CAU,0.7894254914815337
CCA,0.344647452308897
CCC,2.194297213444517
CCG,0.449831290601281
CCU,1.6229297004835141
CGA,0.5096550066636731
CGC,0.6343651393224929
CGG,2.2024676966994106
CGU,0.3934685708867013
CUA,1.367046007247749
CUC,1.2062399304317761
CUG,1.4637969149868233
CUU,4.441697820709392
GAA,0.30431996376865317
GAC,0.277948000073618
GAG,0.46342164275647063
GAU,0.5060192900190846
GCA,0.31802509195074524
GCC,0.36791041094152455
GCG,0.8542184182903472
GCU,0.25534784584674386
GGA,1.0191862812291959
GGC,0.17113703936216784
GGG,0.682389620695526
GGU,0.38627768998818857
GUA,0.4056744238626299
GUC,0.5156979617824822
GUG,0.9950262808156565
GUU,0.27170428005708375
UAC,0.369533199427596
UAU,0.6076714763417276
UCA,0.3713509589529678
UCC,0.5355768473055106
UCG,0.6493426513244256
UCU,0.24505037466474966
UGC,0.5125204642549538
UGG,0.2149761454463663
UGU,0.7653721722546173
UUA,0.521698253362154
UUC,0.29890051023130004
UUG,0.2420705794316383
UUU,0.5273025686418613
