codon,average_decoding_time
AAA,0.4006394683476991
AAC,0.32714028069197515
AAG,0.12690009583096282
AAU,0.5595328376553338
ACA,0.33598118736490723
ACC,0.41746674406564493
ACG,0.5677782558570938
ACU,0.1968780241987785
AGA,0.09794827567488754
AGC,1.2114082854630845
AGG,0.2864386490906561
AGU,1.5533252917125402
AUA,0.35211291720187515
AUC,0.3772301735351868
AUG,0.37292911531991907
AUU,0.19270373065878718
CAA,0.29906221684029927
CAC,0.36834143391427804
CAG,2.413124848219302
CAU,0.6074265644223179
CCA,0.3372730381281953
CCC,1.813293645367351
CCG,0.3897427628667095
CCU,1.459240288990339
CGA,0.48109490687301404
CGC,0.510749858923883
CGG,2.0873565081250414
CGU,0.282716473497459
CUA,1.2310736256289574
CUC,3.4164902233779664
CUG,1.1233380668360171
CUU,3.973593900363015
GAA,0.30502429423078475
GAC,0.27862285401376147
GAG,2.14535358371868
GAU,0.5066597979206616
GCA,0.3203505544561974
GCC,0.4814623964606429
GCG,0.8547544173781547
GCU,0.2555106781607711
GGA,1.026420740160925
GGC,0.1710986284245775
GGG,0.6829017210531074
GGU,0.3866615192178623
GUA,0.4061865451377946
GUC,0.49853138060241786
GUG,0.9913638665024824
GUU,0.27181610396033784
UAC,0.37018030193674545
UAU,0.6072519754364305
UCA,0.3718096384905325
UCC,0.47104301150888767
UCG,0.6445115585937825
UCU,0.24505942235567715
UGC,0.5139440362173029
UGG,0.3335973324701942
UGU,0.768885210404759
UUA,0.5219824301942683
UUC,0.30040468455814184
UUG,0.23071160412699304
UUU,0.5274756314613238
