codon,average_decoding_time
AAA,0.40037067856771436
AAC,0.3253903745047853
AAG,0.12644543104714148
AAU,0.5605072949272595
ACA,0.33903537521786364
ACC,0.41524058320990903
ACG,0.417538678717359
ACU,0.19686285540327933
AGA,0.09807619636115195
AGC,1.2168924116657378
AGG,0.2711646148049231
AGU,1.5538460371115963
AUA,0.3504900976115156
AUC,0.3761488550066029
AUG,0.34426234287346136
AUU,0.1925485252776341
CAA,0.2992467548179296
CAC,0.3703327495180302
CAG,2.41407321629444
CAU,0.6062450895038402
CCA,0.3392243444284446
CCC,1.812005852194257
CCG,1.4877882308896468
CCU,1.44961752391557
CGA,0.48022654907827084
CGC,0.5103188229525631
CGG,1.9203782094202049
CGU,0.28179209619753837
CUA,1.234821548061126
CUC,3.400440585083061
CUG,1.0995354202074725
CUU,3.981139368979867
GAA,0.3026232397881453
GAC,0.2795334159869903
GAG,2.157967267901547
GAU,0.5060698656417087
GCA,0.31919611916002155
GCC,0.4815247148333585
GCG,0.7430992531973581
GCU,0.2564528322568989
GGA,1.021505213711303
GGC,0.1712114147889382
GGG,1.3623694918916056
GGU,0.3852055796292862
GUA,0.4069326067111751
GUC,0.4998393597322694
GUG,2.0709004997186713
GUU,0.2715011141336189
UAC,0.36977127563853673
UAU,0.6058072135170955
UCA,0.3739795938731711
UCC,0.4699996637653524
UCG,2.3107436575534677
UCU,0.2461914285231777
UGC,0.5122163344640467
UGG,0.3050897577745921
UGU,0.7641081728849922
UUA,0.5220601515543128
UUC,0.301526629354881
UUG,0.22468285664454826
UUU,0.5277178611415585
