codon,average_decoding_time
AAA,0.4005038929682392
AAC,0.3279216054010474
AAG,0.12706282940323152
AAU,0.5580603483984119
ACA,0.3394807374651242
ACC,0.3625496930157792
ACG,0.4159598480514683
ACU,0.19651288680702161
AGA,0.09816100728460844
AGC,1.2198271982169104
AGG,1.4047966487824861
AGU,1.555466453060694
AUA,0.35161519322201806
AUC,0.39281778628991776
AUG,0.41172564861328204
AUU,0.1941228726163452
CAA,0.4655617939116177
CAC,0.532367300657589
CAG,3.444484790194451
CAU,0.7911713325279547
CCA,0.3457785440725211
CCC,2.1945833900437357
CCG,1.840089436443457
CCU,1.6265177089633533
CGA,0.5084511685156651
CGC,0.6343079300302644
CGG,2.035696794561888
CGU,0.39220927063472644
CUA,1.3716106432004715
CUC,1.203837480240242
CUG,1.3965812367087782
CUU,4.446755269064714
GAA,0.3035444336126095
GAC,0.2803815667740708
GAG,2.1607165170927765
GAU,0.5057351153455126
GCA,0.3189444344126124
GCC,0.3704511648404663
GCG,0.7412359636741039
GCU,0.2549644161037738
GGA,1.0224461983641124
GGC,0.17102542842380197
GGG,1.363404063593528
GGU,0.38632607956330334
GUA,0.40450342913930326
GUC,0.5118381509887893
GUG,2.0751149859834164
GUU,0.27205493184123386
UAC,0.3703599390715308
UAU,0.6094859399487831
UCA,0.3721597489319693
UCC,0.5348746473642936
UCG,2.3098714794866027
UCU,0.24729542442870708
UGC,0.5136658185646846
UGG,0.18528493265558746
UGU,0.7683162416875953
UUA,0.5195991956334641
UUC,0.29989303205678053
UUG,0.20168607003719607
UUU,0.5287533339791028
