codon,average_decoding_time
AAA,0.40026563327170234
AAC,0.3266027177432231
AAG,0.20741485804981177
AAU,0.5624810196356278
ACA,0.33801122238067816
ACC,0.41551545247459254
ACG,0.5693807616139005
ACU,0.209410451413933
AGA,0.09802016700384188
AGC,1.218417659554403
AGG,1.5697040863580822
AGU,1.5591066321064013
AUA,0.35251749902960605
AUC,0.3765735791505959
AUG,0.34371371277745066
AUU,0.20428554706913882
CAA,0.2996853034004741
CAC,0.3693168752827877
CAG,0.5748535205352956
CAU,0.6072347176053279
CCA,0.3367341996361064
CCC,1.8117906822205572
CCG,0.38851458227818975
CCU,1.76177441329992
CGA,0.48323781437763386
CGC,0.5089261488821021
CGG,1.4041221680962641
CGU,0.28406271235377045
CUA,1.239354982718356
CUC,3.4009800007077464
CUG,1.097407170935252
CUU,1.1599992673346389
GAA,0.3055112349113151
GAC,0.27981128438353764
GAG,0.4642438306375125
GAU,0.5088783882214385
GCA,0.31928835047188464
GCC,0.48084459177048594
GCG,0.8500916288467341
GCU,0.22499636689521735
GGA,1.030740704300607
GGC,0.17127919051664522
GGG,0.6863865841923902
GGU,0.38555960793460914
GUA,0.4070119015125047
GUC,0.5003447466366009
GUG,2.082286040121359
GUU,0.28602277186868524
UAC,0.5341479506802881
UAU,0.7920488244372864
UCA,0.37876752784076007
UCC,0.5048047990455945
UCG,0.7838130340240219
UCU,0.3093024431868952
UGC,0.7033389670433002
UGG,0.3540079364036976
UGU,0.9838034625533701
UUA,0.5781851100308274
UUC,0.343743705415464
UUG,0.30646564674080584
UUU,0.5795403810970714
