codon,average_decoding_time
AAA,0.3996802835911985
AAC,0.32765220750980245
AAG,0.12721910772986095
AAU,0.5610880752186926
ACA,0.3377068503310396
ACC,0.36099429958677887
ACG,0.4161178484665568
ACU,0.19599184701487232
AGA,0.0970731351104232
AGC,1.221887632194901
AGG,0.27195440944000354
AGU,1.5529978750764084
AUA,0.35210002927023454
AUC,0.39158673834881375
AUG,0.37309659182801175
AUU,0.19296643809688874
CAA,0.46494194159276253
CAC,0.5288427287870361
CAG,3.456917359228214
CAU,0.7915018559001266
CCA,0.3451462847998458
CCC,2.186474665443177
CCG,1.8441100191847182
CCU,1.6219582836013768
CGA,0.5089904383959982
CGC,0.6351764451224474
CGG,2.0401659450395337
CGU,0.39290084337634673
CUA,1.3698339582733357
CUC,1.2142030316615204
CUG,1.4687367976057015
CUU,4.440026576071999
GAA,0.3019549985454876
GAC,0.28068345088439045
GAG,2.1680834085599305
GAU,0.5056638665212629
GCA,0.3192623174002953
GCC,0.368680490079648
GCG,0.7468068563676479
GCU,0.25479471223648054
GGA,1.024183932423364
GGC,0.17056307666868226
GGG,1.3668000733402845
GGU,0.3864036164736512
GUA,0.4063057146324697
GUC,0.514818385520958
GUG,0.9931588947580221
GUU,0.27214677992561004
UAC,0.36895670345412795
UAU,0.6100742344830415
UCA,0.3712333354771732
UCC,0.5364831476215345
UCG,2.304375835525815
UCU,0.24595893777228958
UGC,0.5139333053835815
UGG,0.30184585804580705
UGU,0.7698729301925721
UUA,0.5210078177623039
UUC,0.2998708382238008
UUG,0.23047571355954036
UUU,0.5282180926512094
