codon,average_decoding_time
AAA,0.39844746678154325
AAC,0.3250025793383543
AAG,0.20821990504657675
AAU,0.5579799762723939
ACA,0.33893768095082377
ACC,0.36194916292953944
ACG,0.4178192996096793
ACU,0.20994524528326997
AGA,0.09769859952121909
AGC,1.2293658388669948
AGG,0.27105670070916543
AGU,1.5439836382883512
AUA,0.35241965069731274
AUC,0.3924917899107071
AUG,0.3726193218949712
AUU,0.20513015676850838
CAA,0.46155725888342736
CAC,0.5329598353071165
CAG,0.6460815794778577
CAU,0.7884497276229139
CCA,0.34507158760085294
CCC,2.189294628724596
CCG,1.8346095671622942
CCU,1.8123658368316242
CGA,0.5095205523694454
CGC,0.6296394877303578
CGG,2.029274722046923
CGU,0.39212557640449025
CUA,1.3691088604478496
CUC,1.213003397463993
CUG,1.4650973449657707
CUU,1.2864134167377332
GAA,0.30704458546699065
GAC,0.2801031856424173
GAG,0.46474739473854154
GAU,0.505674637432963
GCA,0.3175535981535202
GCC,0.3692543280671895
GCG,0.7451998779975659
GCU,0.22620606633905624
GGA,1.0211304124948728
GGC,0.1712407098605255
GGG,1.3653635203886532
GGU,0.38716073669363404
GUA,0.4022932613167651
GUC,0.5117936164775126
GUG,0.994292129233674
GUU,0.28362129774365835
UAC,0.5349825665581688
UAU,0.7896860656800082
UCA,0.377612447097421
UCC,0.5417066589624584
UCG,2.9280044469949917
UCU,0.30955079093085186
UGC,0.7067232127790933
UGG,0.3244018543525528
UGU,0.9871421282434881
UUA,0.5796134632244578
UUC,0.3431099643934162
UUG,0.32505239507408834
UUU,0.5788604748613749
