codon,average_decoding_time
AAA,0.4013052742511528
AAC,0.32655649435149187
AAG,0.20678133105333743
AAU,0.5605078160066176
ACA,0.33788265414895696
ACC,0.4158757299997565
ACG,0.5655000298874936
ACU,0.19634372995240668
AGA,0.09846502162148021
AGC,1.2184343319179511
AGG,1.5832614377400611
AGU,1.5612156572702445
AUA,0.35041501610664183
AUC,0.3771556885119489
AUG,0.37407005917109426
AUU,0.1925387495858061
CAA,0.30026375372502023
CAC,0.3683187422436988
CAG,0.5739636819379739
CAU,0.6090672523644503
CCA,0.3379642728064082
CCC,1.8005058040112927
CCG,0.3890670807354391
CCU,1.4551803001114236
CGA,0.48249431251212865
CGC,0.5107526958736687
CGG,1.4003904876424818
CGU,0.2811729866120503
CUA,1.2336910927642333
CUC,3.4136639132746973
CUG,1.1637122643837035
CUU,3.949502290145459
GAA,0.30416312730573053
GAC,0.27932380523567857
GAG,0.4662554954482758
GAU,0.5048427536535637
GCA,0.318331607057058
GCC,0.4820874248450607
GCG,0.8501764003178096
GCU,0.25496906634031336
GGA,1.0212004725397186
GGC,0.17061613700988176
GGG,0.6816471657318239
GGU,0.38555231671589135
GUA,0.4074168686932104
GUC,0.49960214707034406
GUG,0.9955765039548905
GUU,0.2724843229684586
UAC,0.3703258243535388
UAU,0.6078283622475521
UCA,0.3724849808185729
UCC,0.4696889497809646
UCG,0.6469100878027059
UCU,0.2456595078728901
UGC,0.5127991601773478
UGG,0.2153550428335856
UGU,0.7673807842238758
UUA,0.5184820390710944
UUC,0.29937440423488426
UUG,0.2449577309017386
UUU,0.5267638042123891
