codon,average_decoding_time
AAA,0.3991323235985427
AAC,0.32397616760060827
AAG,0.20769211403584745
AAU,0.5604791516928932
ACA,0.3374358064773125
ACC,0.4151486063379261
ACG,0.41707810579779636
ACU,0.21049807750511046
AGA,0.09846678911263938
AGC,1.2165522025273745
AGG,0.2706114791463512
AGU,1.550844342393388
AUA,0.35151140185129215
AUC,0.37769766975389146
AUG,0.44249016691085935
AUU,0.20475111461671594
CAA,0.29978271818757957
CAC,0.37137339238329803
CAG,0.5727167550399853
CAU,0.6054225416279736
CCA,0.3392032745006023
CCC,1.8059069258076175
CCG,1.494301290345618
CCU,1.7589117017024778
CGA,0.48254595106437986
CGC,0.5105262038983478
CGG,1.9136540573644554
CGU,0.28241849828810867
CUA,1.2315300575393313
CUC,3.43035555125369
CUG,1.1593154175148424
CUU,1.1647062464804459
GAA,0.3047980767876938
GAC,0.2791526890385527
GAG,0.4669916405167569
GAU,0.5070311718891393
GCA,0.3170937978455711
GCC,0.4805370839542062
GCG,0.7450743532403475
GCU,0.2262688293693844
GGA,1.0193019231928353
GGC,0.1719752824423658
GGG,1.3651857468794082
GGU,0.38552222338050923
GUA,0.4043299291539444
GUC,0.5008267558040217
GUG,0.9997454135415237
GUU,0.2839505829755115
UAC,0.5310575831765179
UAU,0.7887656021626649
UCA,0.37823697494324776
UCC,0.506272021684974
UCG,2.9219422361503105
UCU,0.31021285460736464
UGC,0.7046181988971078
UGG,0.3234105044870901
UGU,0.9814721376307083
UUA,0.577264329726027
UUC,0.3426537465791192
UUG,0.26336778790698534
UUU,0.5787915142111691
