codon,average_decoding_time
AAA,0.3983403671590288
AAC,0.3268502384041499
AAG,0.12652468938075542
AAU,0.5593812762607745
ACA,0.33767899708286997
ACC,0.4145554147909245
ACG,0.5659935783363441
ACU,0.19853388271743083
AGA,0.09766235186827514
AGC,1.2191842388319096
AGG,0.28695615834440164
AGU,1.5536983804653204
AUA,0.35162338397228554
AUC,0.3776079397261173
AUG,0.4108958694742069
AUU,0.19156698893667634
CAA,0.29801222509174846
CAC,0.368974091018774
CAG,2.423017657134898
CAU,0.60827893274525
CCA,0.3370345998878695
CCC,1.8116348138354197
CCG,0.3877986392801597
CCU,1.452989113177894
CGA,0.48121973415392366
CGC,0.5113342495361716
CGG,2.0878324956084073
CGU,0.28350635362252624
CUA,1.2377032005965736
CUC,3.41404359344721
CUG,1.051060156395745
CUU,3.9574683428613806
GAA,0.3039347615122664
GAC,0.2791008855083931
GAG,2.1565409516505363
GAU,0.5078773431335488
GCA,0.32006796114840835
GCC,0.4819301685699496
GCG,0.8497170622295916
GCU,0.2553828799746883
GGA,1.021932491442989
GGC,0.17143884822224315
GGG,0.6825129730667335
GGU,0.38679722119762183
GUA,0.40545959352217736
GUC,0.4983638272296182
GUG,2.0793641361627393
GUU,0.2715290969216119
UAC,0.3719838918884172
UAU,0.6065260548323873
UCA,0.3722897719425689
UCC,0.46967929532687835
UCG,0.6461888283246796
UCU,0.24491231918516632
UGC,0.5137892701019254
UGG,0.3321077437149211
UGU,0.7716609945923069
UUA,0.5176602396155147
UUC,0.30124923773999834
UUG,0.19342307950041107
UUU,0.5274439318162342
