codon,average_decoding_time
AAA,0.3982590618558227
AAC,0.3266652348553699
AAG,0.12731657236313385
AAU,0.5616599634687048
ACA,0.33825719979516633
ACC,0.41578009181622655
ACG,0.4166266489965967
ACU,0.21012356815704789
AGA,0.09819931530279911
AGC,1.2225739348392104
AGG,1.4066837806740788
AGU,1.5558855194637005
AUA,0.3522364538987266
AUC,0.37646156866704883
AUG,0.3448012413589174
AUU,0.20599606705585627
CAA,0.3017188926652871
CAC,0.36867180088614565
CAG,2.4277689864382546
CAU,0.6062591039591274
CCA,0.3378606683688998
CCC,1.8097334592769332
CCG,1.4861370850342046
CCU,1.7694359779359217
CGA,0.48019416196629017
CGC,0.5098930030474895
CGG,1.233825152748753
CGU,0.28287524362688327
CUA,1.236718776414943
CUC,3.4033960605356937
CUG,1.0971811018521114
CUU,1.1603510084791904
GAA,0.30437872892509116
GAC,0.2807131225993127
GAG,2.1647427907249726
GAU,0.5084778795914625
GCA,0.3184481091815166
GCC,0.48060541642395344
GCG,0.7407259865959741
GCU,0.22557096074151067
GGA,1.0301322158366835
GGC,0.17135467473203567
GGG,1.3654410175618663
GGU,0.3874896739045466
GUA,0.4059008640494423
GUC,0.4970738066792706
GUG,2.0745383445300045
GUU,0.28420816917335634
UAC,0.5330636279981366
UAU,0.7866300722325698
UCA,0.37613410300065575
UCC,0.5048190263077519
UCG,2.92886242168929
UCU,0.3097851266412692
UGC,0.7070409352017621
UGG,0.32279974116385135
UGU,0.9785867875963633
UUA,0.5774966051410948
UUC,0.3419208781976329
UUG,0.3101762493853304
UUU,0.5798904770350117
