codon,average_decoding_time
AAA,0.40210174994075887
AAC,0.3281700705208292
AAG,0.20699778027911653
AAU,0.5592782414181856
ACA,0.3391656840257341
ACC,0.41454671338723165
ACG,0.570337652858244
ACU,0.21020127946196349
AGA,0.09767313749202866
AGC,1.2246993403401434
AGG,0.28774519192142306
AGU,1.5478391601291552
AUA,0.3499286339875068
AUC,0.3780767369115816
AUG,0.44269211329396646
AUU,0.20648006056904225
CAA,0.2996575377231091
CAC,0.3693111070065902
CAG,0.5731198693349947
CAU,0.6073595079602112
CCA,0.33739906151511306
CCC,1.8071065216699325
CCG,0.38897938934301995
CCU,1.7679751235191223
CGA,0.479451259619222
CGC,0.5099806404280852
CGG,2.0798727476700196
CGU,0.28212003341276204
CUA,1.240269458003329
CUC,3.4037204582100284
CUG,1.1636812472388656
CUU,1.1536406171255194
GAA,0.3042356202311755
GAC,0.2807639411899911
GAG,0.4670583809236667
GAU,0.5087965801273423
GCA,0.31823072284760473
GCC,0.48200107207535736
GCG,0.8556773028399743
GCU,0.2265013234578965
GGA,1.024884712576253
GGC,0.17103427627288073
GGG,0.6822900917264723
GGU,0.3854193099323282
GUA,0.4051167769762433
GUC,0.5005634024964984
GUG,0.9987413007928105
GUU,0.2854956661793991
UAC,0.5338393916213213
UAU,0.7924592422486213
UCA,0.37724477734808437
UCC,0.5065679478064897
UCG,0.7872246172991115
UCU,0.31199381371314266
UGC,0.7027803435455514
UGG,0.3542695473545807
UGU,0.9789834355418379
UUA,0.5809594402067215
UUC,0.34447377394989076
UUG,0.2653230918740326
UUU,0.5784608943499331
