codon,average_decoding_time
AAA,0.39791427600054413
AAC,0.32503584274895925
AAG,0.1269667746326653
AAU,0.5592418018757151
ACA,0.33750740035987536
ACC,0.3609002472222101
ACG,0.5683245548601683
ACU,0.19616136501390058
AGA,0.09861029675536138
AGC,1.228242048099677
AGG,0.28695365854487825
AGU,1.5469635114363813
AUA,0.35184374297681853
AUC,0.3913263894192527
AUG,0.3728189186322832
AUU,0.1922057198078979
CAA,0.4614442842196938
CAC,0.5373117833617465
CAG,3.4628448665098257
CAU,0.7892765909478835
CCA,0.34541079711208045
CCC,2.185901703310682
CCG,0.4513790718544901
CCU,1.62360462716404
CGA,0.5108675994100715
CGC,0.6323299707608573
CGG,2.192821822347323
CGU,0.3932505102501673
CUA,1.3748185518516804
CUC,1.2059967489260106
CUG,1.456276695637251
CUU,4.404383245872435
GAA,0.30520707455644147
GAC,0.2786705379006176
GAG,2.154238516466052
GAU,0.5078764776880105
GCA,0.31788196293992055
GCC,0.3693650480958971
GCG,0.8546971965722018
GCU,0.25567137041756355
GGA,1.021639876420062
GGC,0.17139936605412803
GGG,0.6837932998772869
GGU,0.38568425079606633
GUA,0.40395483042866714
GUC,0.5124534555267227
GUG,0.9988546348473317
GUU,0.2719088762445757
UAC,0.370535192824884
UAU,0.6074728183378453
UCA,0.3750484388596651
UCC,0.5343727489271632
UCG,0.6431419997804558
UCU,0.2451342190418179
UGC,0.5126839506875976
UGG,0.3354614898034459
UGU,0.7674668172945037
UUA,0.5205969625393395
UUC,0.3000093585153094
UUG,0.2319667157348591
UUU,0.5311907447985252
