codon,average_decoding_time
AAA,0.3994131871798864
AAC,0.3260768619229755
AAG,0.20688369566279674
AAU,0.5579460941112453
ACA,0.3411177144305476
ACC,0.3614633092051731
ACG,0.5691700943854762
ACU,0.21071400307134075
AGA,0.09755407855175277
AGC,1.212250068578844
AGG,1.579600668461572
AGU,1.5589110763140852
AUA,0.351267399911902
AUC,0.3905391943942586
AUG,0.372344773906913
AUU,0.2043721958523619
CAA,0.465450566306119
CAC,0.5320153803206137
CAG,0.6464854519531016
CAU,0.78811194264276
CCA,0.34481934321144037
CCC,2.2014506793852577
CCG,0.45017462157314897
CCU,1.7811295829578717
CGA,0.5109903681377582
CGC,0.6328318473869619
CGG,2.191146477739009
CGU,0.39516703394645375
CUA,1.3719134954230603
CUC,1.2090525625657986
CUG,1.462515022733873
CUU,1.289545848442859
GAA,0.30206352172506434
GAC,0.27967857585002975
GAG,0.4671835298348428
GAU,0.5044184608597311
GCA,0.31932526559413293
GCC,0.36891165414169036
GCG,0.8537036610990936
GCU,0.22541408007396144
GGA,1.028563317685565
GGC,0.17017969549223472
GGG,0.6826652303661792
GGU,0.38777990072109875
GUA,0.4050664319152354
GUC,0.513829429481732
GUG,0.988482177465173
GUU,0.2846960461076697
UAC,0.5340781125772792
UAU,0.7880104932728429
UCA,0.3786762296881031
UCC,0.5425229929517754
UCG,0.7868863149925386
UCU,0.30912234577870773
UGC,0.703806564581462
UGG,0.35327171607195357
UGU,0.9837736606422013
UUA,0.5764512301055102
UUC,0.34128011332737956
UUG,0.3261785287118885
UUU,0.5776247498532215
