codon,average_decoding_time
AAA,0.3980044883012201
AAC,0.3274904663320162
AAG,0.2074802156325427
AAU,0.5620022304864617
ACA,0.33866673953569887
ACC,0.4157995599659218
ACG,0.5673971321847469
ACU,0.19692536649362205
AGA,0.09815477903125874
AGC,1.2209179068996128
AGG,0.28658422991459653
AGU,1.5603527459527713
AUA,0.3525070374890038
AUC,0.37766036105649387
AUG,0.4139610409489389
AUU,0.1926384650955788
CAA,0.29720733081685713
CAC,0.3719200116685329
CAG,0.5733442824911531
CAU,0.6073580954916603
CCA,0.33647696471668126
CCC,1.8101665349372476
CCG,0.38877296001778355
CCU,1.4479662740300534
CGA,0.48132225072458545
CGC,0.5103265497081998
CGG,2.079047513986403
CGU,0.2818790559401881
CUA,1.2397814824245612
CUC,3.41130269654298
CUG,1.093871748613442
CUU,3.983456608359864
GAA,0.3033132850845523
GAC,0.2809268302838427
GAG,0.4653940179427967
GAU,0.506358437754931
GCA,0.31803431878415
GCC,0.4811396673710448
GCG,0.8497411826806888
GCU,0.2569775174896978
GGA,1.0246577147823854
GGC,0.1710291886339148
GGG,0.6840523075120911
GGU,0.38456853765456483
GUA,0.40514524500334126
GUC,0.49936398028992773
GUG,2.077777183136593
GUU,0.2729397418511236
UAC,0.36993734305493303
UAU,0.6086392125811556
UCA,0.3737168438376849
UCC,0.4682834648105378
UCG,0.6453673537341946
UCU,0.2473422183519966
UGC,0.5107027137916226
UGG,0.3325389525768808
UGU,0.7657425303067884
UUA,0.5210460311229278
UUC,0.30124876621200497
UUG,0.20049584213754093
UUU,0.530363908929786
