codon,average_decoding_time
AAA,0.3987964067883268
AAC,0.32724041960406663
AAG,0.20736663754643164
AAU,0.5612042419471589
ACA,0.3375580675640183
ACC,0.3619009631193035
ACG,0.4143921747080447
ACU,0.19648868278853024
AGA,0.09828366928380168
AGC,1.23195430284923
AGG,1.40929374243784
AGU,1.5597593437154784
AUA,0.35362050713758275
AUC,0.39039629813044957
AUG,0.37407761654657645
AUU,0.19424358065822106
CAA,0.46259462797597917
CAC,0.5349423718976192
CAG,0.6423408159247459
CAU,0.7894001561929622
CCA,0.34229343535628953
CCC,2.20234342178443
CCG,1.8442890263280063
CCU,1.6136190283219318
CGA,0.5089877892530271
CGC,0.6336969981631244
CGG,2.0405346827373987
CGU,0.3917377761470505
CUA,1.360537649267163
CUC,1.2025730721434573
CUG,1.461715075327655
CUU,4.468008896649519
GAA,0.3034548110536637
GAC,0.2814934461195738
GAG,0.4653293607649427
GAU,0.5059918342169047
GCA,0.3192421925815825
GCC,0.36823345709690125
GCG,0.741760756455715
GCU,0.2553812558964172
GGA,1.025932667422378
GGC,0.1716650780262672
GGG,1.360242972905839
GGU,0.38799058031557315
GUA,0.4031509969645922
GUC,0.5138902119360167
GUG,0.9947412000426835
GUU,0.2728189587271977
UAC,0.37125012850003125
UAU,0.6083645065961443
UCA,0.37352032344146086
UCC,0.5369890094678437
UCG,2.3082367576021974
UCU,0.24499679068560204
UGC,0.5135061685117155
UGG,0.1849580519266539
UGU,0.7691824152872879
UUA,0.520315549000882
UUC,0.30082926268892735
UUG,0.23098044145353888
UUU,0.5288302814954227
