codon,average_decoding_time
AAA,0.39881314987015304
AAC,0.32691862294183427
AAG,0.20724781115569213
AAU,0.5599129408964524
ACA,0.33753698225944617
ACC,0.36256826739531406
ACG,0.5677928213915783
ACU,0.1970347860500446
AGA,0.09782227907675119
AGC,1.219012410252447
AGG,1.578142441212566
AGU,1.555239175357243
AUA,0.3510489685526903
AUC,0.39159070288837394
AUG,0.4409189285288369
AUU,0.1916168962342288
CAA,0.4652452393849709
CAC,0.5338764399516567
CAG,0.6447829009080521
CAU,0.7893608641558572
CCA,0.3451107456703978
CCC,2.1899644800653872
CCG,0.44754642097807673
CCU,1.6225094904731787
CGA,0.5082099159430451
CGC,0.6362099622921688
CGG,2.1916831795685776
CGU,0.3934831713989096
CUA,1.3735479289976802
CUC,1.2107882478937997
CUG,1.4621106476239907
CUU,4.421092481277717
GAA,0.30432635771215494
GAC,0.2802286146660921
GAG,0.46479980575459806
GAU,0.5075676478845257
GCA,0.3186613951824518
GCC,0.3702886586918962
GCG,0.8503464108038713
GCU,0.2560204495894793
GGA,1.0256472945928892
GGC,0.17171412166564368
GGG,0.6837717975794607
GGU,0.38569946654581183
GUA,0.4046062560322506
GUC,0.5132203811569058
GUG,0.9935651912820351
GUU,0.270388091561573
UAC,0.3703409201961436
UAU,0.6113876337092657
UCA,0.37341511970901253
UCC,0.5363182916559092
UCG,0.6494780645786289
UCU,0.24565928995393435
UGC,0.5099580750408066
UGG,0.21348765908492712
UGU,0.7633143942756226
UUA,0.5201273217791544
UUC,0.29811438708346105
UUG,0.20547550292913916
UUU,0.5276052420407044
