codon,average_decoding_time
AAA,0.3983365313285378
AAC,0.32565853842050624
AAG,0.1267576463868256
AAU,0.5594825207826997
ACA,0.337723464667335
ACC,0.4150832062571447
ACG,0.41564953926797915
ACU,0.21149547993354184
AGA,0.0982705137960652
AGC,1.221906188929559
AGG,0.2711421136886626
AGU,1.5651530615212759
AUA,0.351766400805225
AUC,0.37698962531624214
AUG,0.44241875245110096
AUU,0.20465644190330218
CAA,0.2973149667306993
CAC,0.3695984563826346
CAG,2.4144062680547087
CAU,0.6088751636293557
CCA,0.3381149454769866
CCC,1.8135065416307037
CCG,1.4903758517342536
CCU,1.7675371098920942
CGA,0.48263289924196323
CGC,0.5099485411560513
CGG,1.9175898462300947
CGU,0.28171226318032705
CUA,1.2300791578420798
CUC,3.4105453051738475
CUG,1.1634724659618372
CUU,1.1552246352109536
GAA,0.3033037740018948
GAC,0.2794534624344773
GAG,2.1635182614489876
GAU,0.5088630442808061
GCA,0.3179547405221311
GCC,0.4819406716388807
GCG,0.7454806541009961
GCU,0.2265447836997945
GGA,1.0218170409403426
GGC,0.1710506351218775
GGG,1.3734346930999497
GGU,0.38719443801566783
GUA,0.40451045523328516
GUC,0.49997506945343795
GUG,0.9988402995114107
GUU,0.28458874353860747
UAC,0.5320285425533828
UAU,0.7892549496343388
UCA,0.37749036074204784
UCC,0.5055036686518727
UCG,2.9320520266744214
UCU,0.3110743889542962
UGC,0.704005914544384
UGG,0.3222857650502665
UGU,0.9764890188031206
UUA,0.5793083769171261
UUC,0.34270323691944243
UUG,0.26380976777634846
UUU,0.5779946335919457
