codon,average_decoding_time
AAA,0.3970236867469172
AAC,0.3266802041217511
AAG,0.12748132947980537
AAU,0.5570376729617937
ACA,0.3366441247617364
ACC,0.3619756470018185
ACG,0.5473300006155585
ACU,0.19651215111008566
AGA,0.09808577135223127
AGC,1.218956810561397
AGG,1.5765714138987308
AGU,1.5514093911251643
AUA,0.3527482893574682
AUC,0.39098388971877285
AUG,0.37470078931080214
AUU,0.19224527372904088
CAA,0.4652861135661973
CAC,0.533103656505098
CAG,3.4692335008824866
CAU,0.7905232740175251
CCA,0.34247536994398164
CCC,2.1904297520874336
CCG,0.506177536866077
CCU,1.6195130422691666
CGA,0.5099094991205793
CGC,0.6326757299555328
CGG,2.1929162130030044
CGU,0.39435740836877425
CUA,1.3644918464549876
CUC,1.2091400993620613
CUG,1.466785737815076
CUU,4.432594267771975
GAA,0.27233897010682134
GAC,0.2809164496156672
GAG,1.9371966727875674
GAU,0.5070307596610503
GCA,0.3139171255760803
GCC,0.3499490658399333
GCG,0.7137325207226287
GCU,0.23002964722408906
GGA,0.8285930588009326
GGC,0.14814857470794035
GGG,0.6325567043823368
GGU,0.36161797937925627
GUA,0.32553584354007614
GUC,0.43275711397763517
GUG,0.768131511684767
GUU,0.20064275301897166
UAC,0.369108290545856
UAU,0.6067482476176758
UCA,0.37349958799017224
UCC,0.5361601789998099
UCG,0.6455692016244208
UCU,0.2454637650805078
UGC,0.5141468298857771
UGG,0.21472711955627863
UGU,0.7667468638696475
UUA,0.5199720817283916
UUC,0.3006501446485015
UUG,0.24398827143359114
UUU,0.5302747464120436
