codon,average_decoding_time
AAA,0.40133005701071917
AAC,0.326062986570441
AAG,0.1273137030638354
AAU,0.5581380779970809
ACA,0.3377944758214663
ACC,0.3613073045223426
ACG,0.5684426752290525
ACU,0.20893182736605118
AGA,0.09842789696369718
AGC,1.2224138992322544
AGG,0.286222729347026
AGU,1.551104063447229
AUA,0.35310481706150254
AUC,0.39098438959169746
AUG,0.3441524479461317
AUU,0.20556521262171262
CAA,0.4638485315458202
CAC,0.5346325110038005
CAG,3.4620069549749695
CAU,0.7877653072811501
CCA,0.3436934749788299
CCC,2.1954728636847842
CCG,0.4504594569496331
CCU,1.7944337648325128
CGA,0.5068754848237689
CGC,0.6335579976254138
CGG,2.200509774926242
CGU,0.3922300189476548
CUA,1.3686269780094915
CUC,1.208385243209334
CUG,1.4026811594418562
CUU,1.2826144345804364
GAA,0.3058678990536596
GAC,0.2794209976701629
GAG,2.1582594061525686
GAU,0.5075853209838264
GCA,0.31879406753592
GCC,0.36953980882804194
GCG,0.8539160166245772
GCU,0.22557634002506663
GGA,1.0283709673182053
GGC,0.17113376040744022
GGG,0.6852657396558691
GGU,0.3869077782333819
GUA,0.4034668365855613
GUC,0.5127397032823059
GUG,2.0632490014867626
GUU,0.2840728626001858
UAC,0.5332997416531949
UAU,0.7895957895309372
UCA,0.3748977872106699
UCC,0.542427701627912
UCG,0.7903772509670018
UCU,0.3094765502802816
UGC,0.7061943564777855
UGG,0.351832559997439
UGU,0.9771824794814389
UUA,0.5796180064406308
UUC,0.343424962765251
UUG,0.30912192322356724
UUU,0.5752151905215918
