codon,average_decoding_time
AAA,0.40043419100502053
AAC,0.3257141881886807
AAG,0.12716126184085125
AAU,0.5629291322607618
ACA,0.33881549633617586
ACC,0.41550280067504114
ACG,0.5669340653488986
ACU,0.21080513197314882
AGA,0.09807591196498719
AGC,1.2214928977097328
AGG,1.57758588860912
AGU,1.5529406400589338
AUA,0.35141117958280643
AUC,0.3775625926958484
AUG,0.44345638277681304
AUU,0.20545694328575392
CAA,0.29981208956191896
CAC,0.3688844656124515
CAG,2.431052756246348
CAU,0.6078502683231439
CCA,0.3395211701270577
CCC,1.809983054596891
CCG,0.3874343887179516
CCU,1.771942085579455
CGA,0.48083466633989547
CGC,0.5099059103154836
CGG,1.4062995012764041
CGU,0.2823872343475676
CUA,1.2327032118048384
CUC,3.3992808031075255
CUG,1.1584524314731262
CUU,1.1640343956090273
GAA,0.3041832992621801
GAC,0.2777968011352408
GAG,2.1667654132153285
GAU,0.5078642888248156
GCA,0.31829370231525345
GCC,0.48021219076923927
GCG,0.8500482583623221
GCU,0.225722341931653
GGA,1.0250040869411405
GGC,0.17065175926894088
GGG,0.6869954897760642
GGU,0.38779724771837587
GUA,0.4052404246651967
GUC,0.4990839142714499
GUG,0.9997619581089243
GUU,0.28491981617591633
UAC,0.5310082763795473
UAU,0.7891744696367676
UCA,0.3759387111347745
UCC,0.505971505895726
UCG,0.7936760295530563
UCU,0.3102344404091178
UGC,0.707546678669392
UGG,0.35382633671549957
UGU,0.9796664747855993
UUA,0.5806622246026767
UUC,0.34062233648852075
UUG,0.26411932332933286
UUU,0.5746746642743743
