codon,average_decoding_time
AAA,0.40025725203851603
AAC,0.3275540684411501
AAG,0.20797669556319476
AAU,0.5574235241154629
ACA,0.3362729374860324
ACC,0.3632332863814413
ACG,0.5448967371296423
ACU,0.21063154146861204
AGA,0.09807643975095498
AGC,1.2219986104574483
AGG,1.5739551043138036
AGU,1.5452289277740339
AUA,0.3540880453422488
AUC,0.39219058042207505
AUG,0.41427532100700976
AUU,0.20436530689703977
CAA,0.4658166706877322
CAC,0.5338973725937868
CAG,0.6443201470361186
CAU,0.790022862613881
CCA,0.34265083542383773
CCC,2.1892929992906427
CCG,0.5075720523525808
CCU,1.799586828029094
CGA,0.5112106867055972
CGC,0.6333094595859091
CGG,2.20152431193352
CGU,0.3928925597358186
CUA,1.3782332369784942
CUC,1.2124325079273337
CUG,1.409007209660217
CUU,1.294928999069378
GAA,0.2715565951191586
GAC,0.27943384217313794
GAG,0.4317957566872453
GAU,0.5058404268929293
GCA,0.31569521155577907
GCC,0.3499551580247393
GCG,0.7080149868317587
GCU,0.20846883944278172
GGA,0.8310668129909775
GGC,0.14906349333502988
GGG,0.6339753629972831
GGU,0.3607481723012689
GUA,0.3247451368750204
GUC,0.4325259368886533
GUG,1.7723058571215353
GUU,0.21356545706464808
UAC,0.5319355715477486
UAU,0.7873592705321307
UCA,0.37628091182950574
UCC,0.5418665536351477
UCG,0.7881218168460951
UCU,0.31008622344527936
UGC,0.7014927759604076
UGG,0.3538830316895103
UGU,0.9766167261091174
UUA,0.5808193245472943
UUC,0.3459639425020153
UUG,0.25146191973066334
UUU,0.5765861673462306
