codon,average_decoding_time
AAA,0.39952208368034686
AAC,0.32563641517115405
AAG,0.1271275296284054
AAU,0.558841476375496
ACA,0.33786819468940427
ACC,0.41472085512625323
ACG,0.5468310130109767
ACU,0.21091170180631122
AGA,0.09833414446997282
AGC,1.2170494718528642
AGG,1.5787801282032228
AGU,1.5537857793165109
AUA,0.351694137404346
AUC,0.3773833577023049
AUG,0.4404676027180686
AUU,0.20533245663852664
CAA,0.29996961576945924
CAC,0.3713174242755221
CAG,2.4201488717275743
CAU,0.6057356084601042
CCA,0.33730778115312726
CCC,1.815371935383904
CCG,0.43213736216173215
CCU,1.7676584743436266
CGA,0.4829854981709156
CGC,0.5087610216063032
CGG,1.4005381947323907
CGU,0.2831868051760009
CUA,1.2316959630727724
CUC,3.3902602028535367
CUG,1.1627129445869266
CUU,1.163981187329272
GAA,0.27162116021935223
GAC,0.2793385081710872
GAG,1.9224366880720898
GAU,0.5086509426549506
GCA,0.3134493611512006
GCC,0.45203843511739855
GCG,0.7104368016387311
GCU,0.20789175839590446
GGA,0.8276439389122114
GGC,0.1499270024399062
GGG,0.6295616823444401
GGU,0.36208861550365407
GUA,0.32403824850638796
GUC,0.4176219515542317
GUG,0.8599199249478833
GUU,0.21129884956537462
UAC,0.531239807817586
UAU,0.7897461401725263
UCA,0.3778904911455981
UCC,0.5051117761804316
UCG,0.7934501570458115
UCU,0.31087415254858713
UGC,0.7044930674093618
UGG,0.35453216947494204
UGU,0.9786269487792126
UUA,0.5784196773578296
UUC,0.3419150953336596
UUG,0.2640871423006816
UUU,0.577030381653493
