codon,average_decoding_time
AAA,0.3986949619391105
AAC,0.3262585015413583
AAG,0.20671891500193676
AAU,0.5599279679772641
ACA,0.339672925288801
ACC,0.4140164778630221
ACG,0.5477141926783434
ACU,0.1963575375016983
AGA,0.09829402053497517
AGC,1.2217769775981198
AGG,1.5719011480577356
AGU,1.5459682362661344
AUA,0.3511662828791238
AUC,0.3765593113643799
AUG,0.4438763710074249
AUU,0.19306773434907817
CAA,0.3007216346569473
CAC,0.3702256913785128
CAG,0.5764965166265528
CAU,0.6096318852926111
CCA,0.33860408617228366
CCC,1.801054295579853
CCG,0.43543239582506327
CCU,1.4496813089722687
CGA,0.48241750602576117
CGC,0.51058486594624
CGG,1.4039812367942963
CGU,0.28098801053748906
CUA,1.2362000469904526
CUC,3.4115700679735625
CUG,1.1692407079500182
CUU,3.980282171721232
GAA,0.2726636984330886
GAC,0.2787380240806556
GAG,0.4330602253276631
GAU,0.5078930879191724
GCA,0.31479083826187243
GCC,0.4514211086975035
GCG,0.7108189119794611
GCU,0.23041936826718507
GGA,0.8314233664448001
GGC,0.14942156565659082
GGG,0.6309603229243964
GGU,0.3616531960432959
GUA,0.32549605093683925
GUC,0.4192385005013639
GUG,0.859868521173063
GUU,0.20025499103416486
UAC,0.3692024804643479
UAU,0.6075699630422331
UCA,0.37236668812744256
UCC,0.46728652312983154
UCG,0.6473782414556116
UCU,0.2462053398233914
UGC,0.5137033723225781
UGG,0.21302060056674768
UGU,0.7685121571428525
UUA,0.5216655707255218
UUC,0.3001725607670764
UUG,0.212847513220408
UUU,0.5283705040681523
