codon,average_decoding_time
AAA,0.3993351766079474
AAC,0.32582758324019623
AAG,0.12708445692239131
AAU,0.5590607025223711
ACA,0.3387253856644335
ACC,0.36090777739872554
ACG,0.5494990076330794
ACU,0.2111463613632918
AGA,0.09812363566241908
AGC,1.2182291001582564
AGG,0.2868226686830676
AGU,1.5528543795095686
AUA,0.350448860458657
AUC,0.39038659887961774
AUG,0.414888561981824
AUU,0.20455429066117128
CAA,0.4616478835713653
CAC,0.5334390388330057
CAG,3.457217491148343
CAU,0.7899591533776636
CCA,0.34543737487624676
CCC,2.1938590098403425
CCG,0.5067252779431975
CCU,1.7918065595142456
CGA,0.5056716780258053
CGC,0.6328452895814851
CGG,2.2032100350910615
CGU,0.39102476937229236
CUA,1.368011901645845
CUC,1.2082442847876387
CUG,1.395393601457769
CUU,1.2911870603523317
GAA,0.27282470171896445
GAC,0.2800536556392519
GAG,1.943535250553434
GAU,0.5086597080062893
GCA,0.31539108280285605
GCC,0.3481894539616429
GCG,0.7107714732513164
GCU,0.20721879327839038
GGA,0.8297260115283362
GGC,0.1477737413230068
GGG,0.632593192495304
GGU,0.36176253461786684
GUA,0.3242364564871933
GUC,0.43444598279165125
GUG,1.7635657761460988
GUU,0.21336517614195138
UAC,0.5310112773581915
UAU,0.7894543313821999
UCA,0.3780287298352695
UCC,0.5420738772339303
UCG,0.7844764651771173
UCU,0.3109419117741546
UGC,0.7048006831421438
UGG,0.3548126344788557
UGU,0.9844131032019451
UUA,0.5764614134130719
UUC,0.3433906298648953
UUG,0.25353584642854016
UUU,0.5768032136649012
