codon,average_decoding_time
AAA,0.3994128932189625
AAC,0.32640649548658685
AAG,0.2065337371974815
AAU,0.5569113869145816
ACA,0.3374756252181771
ACC,0.41639604074721964
ACG,0.4154566599912338
ACU,0.19644004853878064
AGA,0.0979567036984184
AGC,1.2205326654575166
AGG,0.27098211638139635
AGU,1.554825446765437
AUA,0.3510499546927263
AUC,0.3767119249901633
AUG,0.4134792746886763
AUU,0.1926873561688696
CAA,0.3000752152040676
CAC,0.3684003868080002
CAG,0.5735742833275461
CAU,0.6087229396699482
CCA,0.3383415818076308
CCC,1.8041501300147065
CCG,1.483357267021687
CCU,1.4521516637371596
CGA,0.4818421047052195
CGC,0.5096787538740156
CGG,1.9306187302765971
CGU,0.2836708811839679
CUA,1.2383066913424803
CUC,3.4193571756974586
CUG,1.054782036919166
CUU,3.9875472042248004
GAA,0.3037521867840769
GAC,0.28016403358965436
GAG,0.46602654150894124
GAU,0.5048881741182103
GCA,0.31935894927080954
GCC,0.48152298385748277
GCG,0.7449410497371554
GCU,0.2573512701496332
GGA,1.0263204901573364
GGC,0.1716558027116361
GGG,1.3613559394971488
GGU,0.3867427214280872
GUA,0.4040166248708404
GUC,0.49792835772457356
GUG,2.0794018634139415
GUU,0.2731840512922854
UAC,0.3694338270992503
UAU,0.6114701403857862
UCA,0.3723506452870865
UCC,0.4680651030836142
UCG,2.3065577044155057
UCU,0.2467252829106991
UGC,0.5111859453653056
UGG,0.30398504987545794
UGU,0.7685950752512879
UUA,0.5221503546243864
UUC,0.3006365950814407
UUG,0.19387407422366426
UUU,0.5295254116928144
