codon,average_decoding_time
AAA,0.4001987745497567
AAC,0.32392393492968086
AAG,0.1268829090844388
AAU,0.5572449457996108
ACA,0.3387784187767071
ACC,0.4148393292539178
ACG,0.41460071485214234
ACU,0.2109593888814112
AGA,0.09762551375287662
AGC,1.222357542063009
AGG,1.402024465638192
AGU,1.557270335692249
AUA,0.3527540702644307
AUC,0.37759053857408614
AUG,0.4430946484415872
AUU,0.2032016040548515
CAA,0.3000101258647017
CAC,0.3698911674275148
CAG,2.4158386342030287
CAU,0.6076244211368226
CCA,0.33785749648676394
CCC,1.8146959062673589
CCG,1.4889894675694209
CCU,1.7672246135780123
CGA,0.48147390840074356
CGC,0.5099497359171317
CGG,1.235757422194967
CGU,0.2825886427243269
CUA,1.240882576641629
CUC,3.422649909274917
CUG,1.1143938161845428
CUU,1.1580343451727833
GAA,0.30603240028481427
GAC,0.2794673257838826
GAG,2.162668752015742
GAU,0.5077728126621874
GCA,0.3174628029199643
GCC,0.4805306736417855
GCG,0.7436747694961232
GCU,0.22562527123791867
GGA,1.0230669227965068
GGC,0.17089643844682717
GGG,1.3714886656796237
GGU,0.3868227345037896
GUA,0.40560801050654444
GUC,0.49992747667639376
GUG,0.9919523384523455
GUU,0.28553617126976044
UAC,0.53212185309004
UAU,0.7887387126697701
UCA,0.3797241204666564
UCC,0.5038229467127529
UCG,2.9188904272183107
UCU,0.3104518532379105
UGC,0.70049828839879
UGG,0.3252420639270326
UGU,0.9807506540019361
UUA,0.5781618289115941
UUC,0.34343153075594623
UUG,0.2639414983785743
UUU,0.5779243017953368
