codon,average_decoding_time
AAA,0.39645613134475766
AAC,0.3269979371264747
AAG,0.20876421909661458
AAU,0.5599920537471056
ACA,0.33957120384140854
ACC,0.36149999969915136
ACG,0.56828368733361
ACU,0.21029105848358035
AGA,0.0981703658398594
AGC,1.218612109275349
AGG,1.5751117651278985
AGU,1.561578918137968
AUA,0.3522122461377687
AUC,0.39060025178960445
AUG,0.34465274374716903
AUU,0.20488521201077178
CAA,0.46463677720008983
CAC,0.5355803017473176
CAG,0.6485974964714449
CAU,0.7896687996284725
CCA,0.34557597916445854
CCC,2.1826131490204603
CCG,0.44870616484339415
CCU,1.788982549929386
CGA,0.5119465939209754
CGC,0.6352107143887689
CGG,2.191512255866226
CGU,0.39133652402150454
CUA,1.3624273455392863
CUC,1.2121215053120042
CUG,1.3978611723532064
CUU,1.2934964198527157
GAA,0.3045095378716311
GAC,0.2788544362784212
GAG,0.46600474894043736
GAU,0.507326476542092
GCA,0.3187727575800484
GCC,0.3698481557042033
GCG,0.8532434767938656
GCU,0.22604297422831546
GGA,1.0279678329576782
GGC,0.17129077135217707
GGG,0.6862057220373687
GGU,0.38651714071874144
GUA,0.4050913041741512
GUC,0.5099065357450245
GUG,2.0818852730848985
GUU,0.2841683668470196
UAC,0.5306372551992243
UAU,0.7899204805918464
UCA,0.3775904085054226
UCC,0.5402855520343759
UCG,0.7849624115886682
UCU,0.308733193760899
UGC,0.7040594537524684
UGG,0.35590633826634965
UGU,0.9841913268364995
UUA,0.5756690756542188
UUC,0.3430127821491897
UUG,0.3076460178526588
UUU,0.5784754464760529
