codon,average_decoding_time
AAA,0.3994090986260116
AAC,0.3266015799411427
AAG,0.1268668806345331
AAU,0.5569061143996692
ACA,0.33692534936868296
ACC,0.4141397440466895
ACG,0.5708192514794466
ACU,0.19650493938364103
AGA,0.09789662384382235
AGC,1.2221780585406559
AGG,1.574871354464984
AGU,1.5527392717856443
AUA,0.3532383564920954
AUC,0.37695199627483506
AUG,0.44365164167166266
AUU,0.19209582968735966
CAA,0.3004326061982136
CAC,0.36897351208180373
CAG,2.403382559618263
CAU,0.6084112043224599
CCA,0.3361748011093541
CCC,1.8077959015776977
CCG,0.3873402341969492
CCU,1.453740398804955
CGA,0.4787681586337976
CGC,0.5105784394347158
CGG,1.3979578045306178
CGU,0.2829836732867069
CUA,1.241712537812641
CUC,3.3961615956864617
CUG,1.1621940737774141
CUU,3.963079241579118
GAA,0.3056700234718
GAC,0.28027877272209406
GAG,2.1656393314331708
GAU,0.5085274052057599
GCA,0.31979859461616483
GCC,0.48140516111023257
GCG,0.8511009961807924
GCU,0.25570624318430274
GGA,1.0239529658712823
GGC,0.17266700874095847
GGG,0.6821939075935914
GGU,0.38638472216215813
GUA,0.40569924075232433
GUC,0.49803928474275083
GUG,0.9956877230477452
GUU,0.2716221398532242
UAC,0.37111174323789137
UAU,0.6090425165519423
UCA,0.37411553538746617
UCC,0.4701518662011474
UCG,0.6439452239653908
UCU,0.24464258185432936
UGC,0.5160939449338591
UGG,0.21446980850629
UGU,0.7685059661279829
UUA,0.522710964158915
UUC,0.29962801652979854
UUG,0.2123476345431617
UUU,0.5288964315395844
