codon,average_decoding_time
AAA,0.398602207716018
AAC,0.32662730163025777
AAG,0.2074885149966145
AAU,0.55866987461672
ACA,0.33696735559907065
ACC,0.36181998493977763
ACG,0.4176429990202807
ACU,0.21110251309558944
AGA,0.09828219942573717
AGC,1.2252937632056418
AGG,0.27145261629188283
AGU,1.5550188036565133
AUA,0.3513080134792015
AUC,0.3908518612908238
AUG,0.4415542698516177
AUU,0.20548593243175411
CAA,0.4664596614375842
CAC,0.5343431274357527
CAG,0.6449648743848029
CAU,0.7869861747979155
CCA,0.34405619474162347
CCC,2.197135465561849
CCG,1.8416132117799722
CCU,1.7964341570753393
CGA,0.5112786938977422
CGC,0.6336701289470935
CGG,2.0316242578374775
CGU,0.3939038118908856
CUA,1.3664797098995998
CUC,1.2076295735109717
CUG,1.4551532910182705
CUU,1.2886668479871997
GAA,0.30427983179191337
GAC,0.27996931303818146
GAG,0.4661740985840987
GAU,0.5077390158129043
GCA,0.3189256175195297
GCC,0.36924527415930636
GCG,0.7429880392358706
GCU,0.22486600098204457
GGA,1.024775711610407
GGC,0.1701266913967739
GGG,1.3742332771748895
GGU,0.3862479156573484
GUA,0.4053110232342323
GUC,0.5125316439444125
GUG,0.998203172908156
GUU,0.28564822414813135
UAC,0.5331586246955053
UAU,0.7915844229113126
UCA,0.3775301799834767
UCC,0.5418680324026347
UCG,2.934917623747627
UCU,0.31087386813091905
UGC,0.7043599665510326
UGG,0.3225075068596266
UGU,0.9794594672464777
UUA,0.577984442333635
UUC,0.3426320718629331
UUG,0.26304624505417973
UUU,0.5808962054234861
