codon,average_decoding_time
AAA,0.399177905415697
AAC,0.3279253566722951
AAG,0.12740386943971793
AAU,0.5619477328799021
ACA,0.33837654066788064
ACC,0.4153470361426487
ACG,0.5482714393447017
ACU,0.20927622810452637
AGA,0.09806894791511236
AGC,1.2231396121804625
AGG,0.2870375101497039
AGU,1.556339330149853
AUA,0.35130336144820473
AUC,0.37555015463488356
AUG,0.4127241196417514
AUU,0.20555003272126668
CAA,0.29957595878216203
CAC,0.3697371288850415
CAG,2.4262954118635247
CAU,0.6069052467759293
CCA,0.3389328107829153
CCC,1.8129570670479354
CCG,0.43420626707429394
CCU,1.7648166823050735
CGA,0.4809690280978145
CGC,0.5105327274197271
CGG,2.0826158233363348
CGU,0.2820841032710259
CUA,1.236327215757474
CUC,3.4112592858420334
CUG,1.0939272545325847
CUU,1.1599608250338975
GAA,0.27296597306533366
GAC,0.2782785061452786
GAG,1.9460026406211
GAU,0.5089334713589561
GCA,0.31524977176637115
GCC,0.4516546323513442
GCG,0.709942236781602
GCU,0.20733818838215418
GGA,0.8275306357212979
GGC,0.14873296281872916
GGG,0.6316746216884029
GGU,0.36035041785628047
GUA,0.3252118626670499
GUC,0.41848758822713356
GUG,1.7759641767713754
GUU,0.21390992346481089
UAC,0.5319006127604287
UAU,0.7893562357198308
UCA,0.3777600653748053
UCC,0.5062616327950612
UCG,0.789481931955962
UCU,0.3094354556965554
UGC,0.7044236345348786
UGG,0.35340905026728064
UGU,0.9783387236479958
UUA,0.5803603206305914
UUC,0.3444542195575111
UUG,0.25324587378433583
UUU,0.577932313360848
