codon,average_decoding_time
AAA,0.40005747773539113
AAC,0.3273238812733454
AAG,0.12661388322142234
AAU,0.5575593347823972
ACA,0.33765116979928045
ACC,0.36256528210994415
ACG,0.41601931885958604
ACU,0.1974578867472893
AGA,0.09819432837444632
AGC,1.2160070893615738
AGG,0.27172691782195096
AGU,1.5461977388998436
AUA,0.35245503798811684
AUC,0.39002253573886236
AUG,0.3769998003629925
AUU,0.191670805476871
CAA,0.4633590844709051
CAC,0.530774164759611
CAG,3.4678489739786125
CAU,0.7901891323672144
CCA,0.34299513703257944
CCC,2.2045647874921355
CCG,1.8431313775035831
CCU,1.6229510258994546
CGA,0.5095004794567907
CGC,0.6347071535455209
CGG,2.024184734502403
CGU,0.39299877082875123
CUA,1.3763656582629424
CUC,1.2090860324614225
CUG,1.463997510461334
CUU,4.434704628911555
GAA,0.30413793929584526
GAC,0.2791558773333955
GAG,2.1550001902037983
GAU,0.506458279824144
GCA,0.3189624725555732
GCC,0.3676083216750793
GCG,0.7454252284170846
GCU,0.254905868976477
GGA,1.0301204684683822
GGC,0.17195025707646705
GGG,1.3605645890487372
GGU,0.38703760766001066
GUA,0.4050693816818288
GUC,0.5123728703025964
GUG,0.9991008962627157
GUU,0.2718498605041734
UAC,0.3699796496967028
UAU,0.6072461463997791
UCA,0.37400407611128866
UCC,0.5355043532221867
UCG,2.3192324916606037
UCU,0.24623733822075686
UGC,0.5156911159844049
UGG,0.30567544444178585
UGU,0.7706579891907246
UUA,0.5191709590525251
UUC,0.2984618100930064
UUG,0.2430634748399644
UUU,0.529652256079309
