codon,average_decoding_time
AAA,0.40119752258563673
AAC,0.32794145186995816
AAG,0.20759938003826794
AAU,0.5636927917440624
ACA,0.3362316430814756
ACC,0.4129332842536713
ACG,0.569510382503031
ACU,0.21006813367715912
AGA,0.09804290200215024
AGC,1.2215654996222685
AGG,0.2868182345840604
AGU,1.5451556073590953
AUA,0.35252196511822126
AUC,0.37838772496107437
AUG,0.34409804094229285
AUU,0.20515313124893092
CAA,0.2993283044047389
CAC,0.3687409106840074
CAG,0.5742733273084629
CAU,0.6059569903103389
CCA,0.3380122675772198
CCC,1.8046061094989598
CCG,0.3883787588859651
CCU,1.7635324702877688
CGA,0.4819079672730145
CGC,0.5104636443195152
CGG,2.0736561013550956
CGU,0.2822496679046185
CUA,1.2376595613135941
CUC,3.3980686680792562
CUG,1.0909677859584899
CUU,1.162004307057011
GAA,0.3030825022341128
GAC,0.2803068900749785
GAG,0.464936602816892
GAU,0.509528379554893
GCA,0.3190664040315589
GCC,0.48258699215891154
GCG,0.8541934059214841
GCU,0.22543400984790843
GGA,1.0253559616258032
GGC,0.17172675612794422
GGG,0.6826685045791278
GGU,0.3872270341323647
GUA,0.40498497286942353
GUC,0.5004781438648326
GUG,2.0863755026734543
GUU,0.2843798163286568
UAC,0.5328339637077147
UAU,0.7918528348814402
UCA,0.3764858446656564
UCC,0.5059817533181027
UCG,0.787154372664564
UCU,0.30951279799627757
UGC,0.704832838426356
UGG,0.3533221154196564
UGU,0.9773310057056515
UUA,0.5773228832115541
UUC,0.3432787288154471
UUG,0.30968339683277585
UUU,0.5779563531531872
