codon,average_decoding_time
AAA,0.39861639642576463
AAC,0.3282455951959495
AAG,0.12669546634970189
AAU,0.5615685210028645
ACA,0.3379547723334642
ACC,0.3627745979758374
ACG,0.5662945782832991
ACU,0.21043329877452233
AGA,0.09806167952746347
AGC,1.2188453262185501
AGG,0.2866713041593616
AGU,1.556423622806159
AUA,0.3507680512081428
AUC,0.3908524092018951
AUG,0.34084558396149967
AUU,0.20582498405979172
CAA,0.46548784496839646
CAC,0.533869479889602
CAG,3.4630484069128213
CAU,0.7918522451989172
CCA,0.3454196363147241
CCC,2.19105213227584
CCG,0.4480679506219422
CCU,1.798980489367608
CGA,0.5111051656163562
CGC,0.6326150985274283
CGG,2.1882672601946314
CGU,0.3929767224295341
CUA,1.3697740147200421
CUC,1.2044575754249482
CUG,1.39602975717533
CUU,1.287629466103525
GAA,0.3001849975810917
GAC,0.2768500614506201
GAG,2.1626111942264203
GAU,0.5069053239812388
GCA,0.3200493620201331
GCC,0.3696533114334478
GCG,0.856683541379411
GCU,0.2252197732617515
GGA,1.025502769247826
GGC,0.17151971115523346
GGG,0.6830728556576071
GGU,0.3867016062035795
GUA,0.40252268664456714
GUC,0.5151546404284334
GUG,2.078320806745776
GUU,0.2843149837102243
UAC,0.5324453122109765
UAU,0.7888989816550267
UCA,0.3782870902740048
UCC,0.5432501658848257
UCG,0.7871531377951845
UCU,0.3084082339572153
UGC,0.7090354283121157
UGG,0.354062393387161
UGU,0.9772194358986374
UUA,0.5765856707761693
UUC,0.3424440310712969
UUG,0.3105930676853107
UUU,0.5780093486315527
