codon,average_decoding_time
AAA,0.3979689620121578
AAC,0.32559538459315607
AAG,0.2068558558353287
AAU,0.5605056485896173
ACA,0.3384264230070183
ACC,0.3610548189972047
ACG,0.546197357319764
ACU,0.21186518538098273
AGA,0.09750981224809885
AGC,1.214523692265074
AGG,0.2870638941304262
AGU,1.551824216610664
AUA,0.3523418032518989
AUC,0.3925293352377261
AUG,0.3734743574417193
AUU,0.2054819774427186
CAA,0.4677237240082585
CAC,0.5318747262870267
CAG,0.6443795714106378
CAU,0.7903112513362526
CCA,0.34473041642740837
CCC,2.1827483998864814
CCG,0.508086888106765
CCU,1.7763783732678986
CGA,0.51188214384891
CGC,0.6329853555266288
CGG,2.1994403820858035
CGU,0.3947602379174859
CUA,1.3716503306800043
CUC,1.2042770981899504
CUG,1.4643725806642944
CUU,1.284506351285909
GAA,0.2723547339623048
GAC,0.2795448042190547
GAG,0.4353840812746448
GAU,0.5052522603825108
GCA,0.3153720118545179
GCC,0.3497879839379778
GCG,0.7128720035577272
GCU,0.20845362288146366
GGA,0.8332826441855189
GGC,0.14884273542946158
GGG,0.6292317446222985
GGU,0.36158460479588483
GUA,0.32456178336616626
GUC,0.4350555190778511
GUG,0.7727363516720345
GUU,0.2122755149856893
UAC,0.5298959513384265
UAU,0.7893267981398823
UCA,0.37734806700880413
UCC,0.5433391189331367
UCG,0.7859424866965699
UCU,0.3114891820932715
UGC,0.7015052379449873
UGG,0.35520848882200795
UGU,0.9795076925241077
UUA,0.5799500126850011
UUC,0.342681473218122
UUG,0.3278778041745098
UUU,0.5771868046270637
