codon,average_decoding_time
AAA,0.3996818303225272
AAC,0.32873682538262694
AAG,0.12716714773262158
AAU,0.5609967213009035
ACA,0.33789094894452365
ACC,0.4151778992347136
ACG,0.5454668589628385
ACU,0.1969818323450761
AGA,0.09714969515282676
AGC,1.2133260391429712
AGG,1.576053706402525
AGU,1.5580486759559022
AUA,0.352852860155756
AUC,0.3768085051526373
AUG,0.37227594146842014
AUU,0.19215719022936426
CAA,0.3000858235286806
CAC,0.36841761343783275
CAG,2.414462834547029
CAU,0.6093443539496315
CCA,0.33835142045752725
CCC,1.801641631573614
CCG,0.43416332876862573
CCU,1.4500534389550177
CGA,0.4804612221462634
CGC,0.5107147468512451
CGG,1.4027845006237427
CGU,0.2834396073450503
CUA,1.239971028074245
CUC,3.41443046731973
CUG,1.1639028021004485
CUU,3.976216366353576
GAA,0.2731710240564763
GAC,0.28232341234946373
GAG,1.9434519928136451
GAU,0.5057420017181835
GCA,0.31370086293850635
GCC,0.45037071181249916
GCG,0.7124720937018258
GCU,0.230092592622507
GGA,0.8265389200143797
GGC,0.14888340112379342
GGG,0.6354337121000101
GGU,0.3612933523718477
GUA,0.3241385959682927
GUC,0.4182182010550813
GUG,0.7714712751434023
GUU,0.19975923802081405
UAC,0.37229707488420594
UAU,0.6100448125814945
UCA,0.37399053856893333
UCC,0.468930631256458
UCG,0.6437237020160609
UCU,0.2455478197183144
UGC,0.5098828392723207
UGG,0.21437857922095266
UGU,0.7667088009958642
UUA,0.5206136045856492
UUC,0.29982851269152694
UUG,0.2442505998298842
UUU,0.5292667111604697
