codon,average_decoding_time
AAA,0.4001242392393446
AAC,0.32737888152204797
AAG,0.12686705697527953
AAU,0.5598571652921008
ACA,0.3383581949736191
ACC,0.41579566919373795
ACG,0.5449941771002045
ACU,0.1971865799338857
AGA,0.09780558362457774
AGC,1.2168679205554187
AGG,0.2867974554793546
AGU,1.555770974230599
AUA,0.35131740314531673
AUC,0.3775085930047734
AUG,0.4441953322409757
AUU,0.19282306259839951
CAA,0.29855317204153475
CAC,0.37026666026831967
CAG,2.425882446532888
CAU,0.610012726773046
CCA,0.3367140493246391
CCC,1.8137457703736357
CCG,0.43348966203788053
CCU,1.451174224808803
CGA,0.48171537374714674
CGC,0.510385283226391
CGG,2.083858971407452
CGU,0.2816499232575141
CUA,1.2372530186664856
CUC,3.4034165982164404
CUG,1.1578704223121772
CUU,3.972877851929211
GAA,0.2715782408651439
GAC,0.28007437503890387
GAG,1.9322304573487283
GAU,0.5087882690573159
GCA,0.3146865475153448
GCC,0.45075436874933866
GCG,0.7105100767846266
GCU,0.22953213086889532
GGA,0.829358181182631
GGC,0.1494405283949997
GGG,0.6321529684815304
GGU,0.35984528670576654
GUA,0.32621243853650334
GUC,0.4197448359447257
GUG,0.8568052402916995
GUU,0.19965689605596196
UAC,0.37060425454795726
UAU,0.6056798765946031
UCA,0.3725025365293456
UCC,0.4701338264504174
UCG,0.6498199329964739
UCU,0.2456164384492948
UGC,0.5147699006788365
UGG,0.332164394687723
UGU,0.7675450981579942
UUA,0.51970684791731
UUC,0.2992582280239653
UUG,0.2126511981464152
UUU,0.5292843504791312
