codon,average_decoding_time
AAA,0.4018989080789743
AAC,0.32617725987349777
AAG,0.12769689072309517
AAU,0.5618419591921122
ACA,0.3384799907171067
ACC,0.36102550112781345
ACG,0.5471486706540984
ACU,0.19569471935221097
AGA,0.09846477106957024
AGC,1.2113108689998129
AGG,1.578680594799838
AGU,1.5496298251136178
AUA,0.34923684717726394
AUC,0.39036310935611473
AUG,0.4445698996354655
AUU,0.19183332183017662
CAA,0.46447505889665563
CAC,0.5336067269385989
CAG,3.456091450133014
CAU,0.7886879558937515
CCA,0.34349586112097147
CCC,2.1808475347736147
CCG,0.5068333707143389
CCU,1.6221057550246263
CGA,0.5087065080018455
CGC,0.6329291769522482
CGG,2.204516290997299
CGU,0.3928423608333249
CUA,1.3712206386241879
CUC,1.2093141981049436
CUG,1.466084806759842
CUU,4.41601486303193
GAA,0.27144347657790346
GAC,0.27871014894958107
GAG,1.9336691943865336
GAU,0.5061810600141831
GCA,0.3153290260632219
GCC,0.3501140126503758
GCG,0.7124486510170581
GCU,0.2301602076012794
GGA,0.8294325637306909
GGC,0.14764391070625527
GGG,0.6310256135410672
GGU,0.36100359452256714
GUA,0.3244538936945571
GUC,0.4324593787562763
GUG,0.8583987034605269
GUU,0.20123635518085017
UAC,0.3698604316681813
UAU,0.6105709778686811
UCA,0.37363249397505083
UCC,0.5369310920668788
UCG,0.6456138935244062
UCU,0.24401507702436745
UGC,0.5096523406494985
UGG,0.21471655478027613
UGU,0.7667676892107024
UUA,0.5186761944870073
UUC,0.29982160627004584
UUG,0.20369147437872456
UUU,0.5283434390616688
