codon,average_decoding_time
AAA,0.39860821493153586
AAC,0.3269738621920939
AAG,0.12752878560946102
AAU,0.5600140433950755
ACA,0.33756640136088456
ACC,0.4151864977229233
ACG,0.5657075852571577
ACU,0.19601668059268962
AGA,0.09879486126159515
AGC,1.2218572578635138
AGG,0.28542138614657203
AGU,1.5601857454310504
AUA,0.35096783142106547
AUC,0.37624664931921215
AUG,0.41362197046316823
AUU,0.19227385151642543
CAA,0.2984702049264279
CAC,0.37130553063643906
CAG,2.429392525007646
CAU,0.608115631367278
CCA,0.3382574331702412
CCC,1.810835026046214
CCG,0.3883035862733509
CCU,1.4583600176071616
CGA,0.48177137277575954
CGC,0.5093977638810684
CGG,2.0768622136394987
CGU,0.28286996978977264
CUA,1.2317165473035037
CUC,3.386899033610825
CUG,1.0983907440274876
CUU,3.967286311066777
GAA,0.30413494293658583
GAC,0.28005594381624493
GAG,2.1728633306003773
GAU,0.5078108276474576
GCA,0.3196628340388689
GCC,0.48159266537120515
GCG,0.8561684556654128
GCU,0.2573141502539347
GGA,1.0205872615609408
GGC,0.17099445618235906
GGG,0.6846800479900609
GGU,0.38696791251784346
GUA,0.4047238314434795
GUC,0.49712286632897046
GUG,2.0781489669924103
GUU,0.2723087665197649
UAC,0.3687158270454507
UAU,0.6084252226777657
UCA,0.37223187850806405
UCC,0.4686124758417207
UCG,0.648538230527032
UCU,0.2479726627541038
UGC,0.5104707515044332
UGG,0.3337958329897126
UGU,0.7694266697350649
UUA,0.520281544137416
UUC,0.2996160831247562
UUG,0.20200581796288986
UUU,0.5301735243926713
