codon,average_decoding_time
AAA,0.3991499697971502
AAC,0.32666419637782473
AAG,0.20605044811694287
AAU,0.5598815491245058
ACA,0.33710561045038295
ACC,0.4143564515637406
ACG,0.5661532800163548
ACU,0.21054634128018268
AGA,0.09753555650800247
AGC,1.2216499195112733
AGG,0.2871932600906197
AGU,1.5550004162670563
AUA,0.3516335492582071
AUC,0.37647576386691
AUG,0.4425471231523136
AUU,0.20549453676374752
CAA,0.2985968862935245
CAC,0.37233933024036037
CAG,0.5748769328627423
CAU,0.6059354828619046
CCA,0.3384665687256536
CCC,1.8050905338414356
CCG,0.3891006574408379
CCU,1.767222727212036
CGA,0.48009854108120953
CGC,0.5104472363604028
CGG,2.094636320119756
CGU,0.28288207627787776
CUA,1.235777473402982
CUC,3.4337909262642445
CUG,1.1158883714509833
CUU,1.1600188472604624
GAA,0.3048611245626289
GAC,0.2799068605329729
GAG,0.4645247098326804
GAU,0.5043944259414028
GCA,0.31989496803468026
GCC,0.4803105310331671
GCG,0.8491026917981825
GCU,0.22619940308307315
GGA,1.0306137198953602
GGC,0.1709355793461452
GGG,0.6834804767341158
GGU,0.38630225849359995
GUA,0.4052062087438598
GUC,0.49890395479291777
GUG,0.9974610758095384
GUU,0.2849568208863669
UAC,0.5313852136120534
UAU,0.7948510426518756
UCA,0.37924179350923565
UCC,0.506037845293295
UCG,0.7894282749249124
UCU,0.30924407304138507
UGC,0.7062308687102622
UGG,0.35469115109247495
UGU,0.9778558150338651
UUA,0.5783381502648233
UUC,0.34309868662639964
UUG,0.2635436954964741
UUU,0.5790334656293694
