codon,average_decoding_time
AAA,0.3996359620506751
AAC,0.3288569018617556
AAG,0.207876845092423
AAU,0.5571882885494785
ACA,0.33728179297823385
ACC,0.3618951853640799
ACG,0.5446876611109883
ACU,0.1963526933423183
AGA,0.09793390018467545
AGC,1.2182183463594163
AGG,0.2866315131657256
AGU,1.5557185179657347
AUA,0.3518857238975466
AUC,0.3913589682784551
AUG,0.443439999207188
AUU,0.1924901329988541
CAA,0.4657235778013369
CAC,0.5325791880368377
CAG,0.6431849441336344
CAU,0.7898950813959116
CCA,0.34399235190086025
CCC,2.1878358553009325
CCG,0.5067449318407543
CCU,1.6271124140274347
CGA,0.5106637829735838
CGC,0.6316694377981352
CGG,2.189499938584959
CGU,0.391708313670949
CUA,1.367711707258992
CUC,1.2106157683539869
CUG,1.4664770614963198
CUU,4.421851891571196
GAA,0.27248674230263686
GAC,0.2773023671569573
GAG,0.43574938229004817
GAU,0.5067496136756224
GCA,0.3154068555602978
GCC,0.3497212209378893
GCG,0.7127462263669027
GCU,0.22983268511131494
GGA,0.8243794351011546
GGC,0.1491428969088114
GGG,0.6354264536403909
GGU,0.3612467793766514
GUA,0.32365736606158896
GUC,0.4326035050209048
GUG,0.8596633949644689
GUU,0.19990083160463007
UAC,0.3693814979049528
UAU,0.6090022432210427
UCA,0.37228155602701335
UCC,0.5328395878570727
UCG,0.6448341354227318
UCU,0.24588365115037672
UGC,0.5146381562519426
UGG,0.3318312750589099
UGU,0.7702841931034179
UUA,0.5206933397689629
UUC,0.30140693981437267
UUG,0.212070159631718
UUU,0.5296927118382456
