codon,average_decoding_time
AAA,0.3998841412153854
AAC,0.3260241510067584
AAG,0.12680040662556158
AAU,0.5598790952796968
ACA,0.3389322061248912
ACC,0.4132087130216268
ACG,0.5672439873602059
ACU,0.1967204722425356
AGA,0.09861019677226006
AGC,1.2217640211333787
AGG,0.28672945658687315
AGU,1.5561022594154925
AUA,0.35094831483675815
AUC,0.3772714713198296
AUG,0.4117947381029911
AUU,0.19259160197996555
CAA,0.2979798309240229
CAC,0.3708176244637779
CAG,2.4264553514458664
CAU,0.6093716537081612
CCA,0.3376864739454141
CCC,1.802434292686127
CCG,0.38941443738158515
CCU,1.4527005755889386
CGA,0.4800865107636543
CGC,0.5118500316339066
CGG,2.0690230020133558
CGU,0.2847076366789541
CUA,1.2344346975837575
CUC,3.405414974563272
CUG,1.0504933255381124
CUU,3.9696284142194975
GAA,0.30506389707295106
GAC,0.279819809443763
GAG,2.148651743718015
GAU,0.5060444884102262
GCA,0.3182343176441106
GCC,0.48152519891024087
GCG,0.854291724513139
GCU,0.2563727107503614
GGA,1.0262139816227158
GGC,0.17015779105961762
GGG,0.6819058547819418
GGU,0.3856651398989828
GUA,0.40592265012347944
GUC,0.49886048109709286
GUG,2.0800945738260213
GUU,0.27086789883436546
UAC,0.3730692577110399
UAU,0.609692632773695
UCA,0.3723637576708213
UCC,0.4697565835410278
UCG,0.6461631872133679
UCU,0.2456115039878291
UGC,0.5132311532040221
UGG,0.3341770790300045
UGU,0.7664467260992993
UUA,0.5189761776814241
UUC,0.2973195672073694
UUG,0.19445128224981378
UUU,0.5307340761652479
