codon,average_decoding_time
AAA,0.39907236648583566
AAC,0.3281853993141984
AAG,0.126684554000825
AAU,0.5593143023364173
ACA,0.3379255242960788
ACC,0.3612022901782232
ACG,0.546662650693348
ACU,0.19601480073087202
AGA,0.09838072079403197
AGC,1.2202469329018515
AGG,1.5734401750479332
AGU,1.550960148498118
AUA,0.3511112433176723
AUC,0.39199750122763677
AUG,0.4117303737923736
AUU,0.1926843199809029
CAA,0.46343554109481433
CAC,0.5308655765786614
CAG,3.457818935192734
CAU,0.7880117817867995
CCA,0.3452407769143395
CCC,2.1815224103137822
CCG,0.5074309218618711
CCU,1.6292233511911591
CGA,0.5105877023797329
CGC,0.6346090041691976
CGG,2.1942202201834085
CGU,0.3924664890558516
CUA,1.3611082457898487
CUC,1.2059657088597853
CUG,1.3989264074303984
CUU,4.457610238845119
GAA,0.2721612651370757
GAC,0.27955390579689937
GAG,1.9368247123612403
GAU,0.5069137763507932
GCA,0.31493767232306064
GCC,0.3503853957771182
GCG,0.7092234326767902
GCU,0.22875646606668207
GGA,0.8260730080917826
GGC,0.14896482848304848
GGG,0.6326636598273924
GGU,0.36218301151305105
GUA,0.32523238159977086
GUC,0.4323725975951994
GUG,1.7638772866352121
GUU,0.1994911952442491
UAC,0.36956382653469655
UAU,0.6071799759189794
UCA,0.37158836214216995
UCC,0.5362417287289719
UCG,0.6478782004495804
UCU,0.246039679494363
UGC,0.515688048055608
UGG,0.214487437914441
UGU,0.7687457215224391
UUA,0.517249735641709
UUC,0.30119676682355295
UUG,0.1942804682566285
UUU,0.5300506288429697
