codon,average_decoding_time
AAA,0.3993663696082944
AAC,0.3271124677071371
AAG,0.2065718793693083
AAU,0.5595199477996832
ACA,0.33917245798324125
ACC,0.36084342140860803
ACG,0.5437741914076802
ACU,0.21000071528716538
AGA,0.09797242357650092
AGC,1.2178530030089798
AGG,1.5668487042982413
AGU,1.5476993518445792
AUA,0.35162166629096375
AUC,0.3899645273000715
AUG,0.44461557475546526
AUU,0.2056633469250183
CAA,0.46548794128121246
CAC,0.5341358043726917
CAG,0.6449629927285974
CAU,0.7889513171834523
CCA,0.34399064311375593
CCC,2.1970897417369044
CCG,0.5056758354442841
CCU,1.7936446637143706
CGA,0.5095558130449682
CGC,0.6339149321727141
CGG,2.19936998044929
CGU,0.39050359729725564
CUA,1.3687380132394826
CUC,1.2103085964453268
CUG,1.467156101482328
CUU,1.2843073103681029
GAA,0.27200535820186045
GAC,0.28035685203688626
GAG,0.4344376524652927
GAU,0.5077555977289897
GCA,0.31459517150321464
GCC,0.3505993341110447
GCG,0.7106613633756877
GCU,0.20743872250320303
GGA,0.8312077930587685
GGC,0.14881137521712884
GGG,0.631343434071611
GGU,0.3604979234442186
GUA,0.3251000977311559
GUC,0.4316188216853278
GUG,0.8622607954210179
GUU,0.2122654859301394
UAC,0.5338059427277448
UAU,0.7889986166327992
UCA,0.3779398325521577
UCC,0.5431084551454034
UCG,0.7882548806795944
UCU,0.3105193330954056
UGC,0.7028767695749778
UGG,0.3542192299916726
UGU,0.9867560119831844
UUA,0.5805533712321859
UUC,0.34308220330711375
UUG,0.2623039693105187
UUU,0.5788811552264616
