codon,average_decoding_time
AAA,0.39968907069313836
AAC,0.3259195838512372
AAG,0.20713915840158303
AAU,0.558229100405316
ACA,0.33889566865392795
ACC,0.41493055194610273
ACG,0.5442355114445254
ACU,0.21089869245023019
AGA,0.09858740353483303
AGC,1.2236526067804077
AGG,1.5775709231654118
AGU,1.5497319324847918
AUA,0.3525782353474678
AUC,0.3765206526491803
AUG,0.4119685737719002
AUU,0.20432346203791704
CAA,0.3002247477563756
CAC,0.37209816119067524
CAG,0.5731218858333855
CAU,0.6088636289320959
CCA,0.3374435464649857
CCC,1.8010494100354684
CCG,0.4332621889930482
CCU,1.7591025581752358
CGA,0.479751868498722
CGC,0.5093304953244502
CGG,1.3867846696047021
CGU,0.28359935197948627
CUA,1.2353482737008603
CUC,3.410132147958488
CUG,1.1043399990932699
CUU,1.1555996746410724
GAA,0.27119796851447076
GAC,0.2791009767281002
GAG,0.43305909850405366
GAU,0.5075355918950174
GCA,0.31383169772167147
GCC,0.45053323042410637
GCG,0.7103884337234893
GCU,0.20771218993941232
GGA,0.8292135156383976
GGC,0.14779328649059514
GGG,0.6344917530888893
GGU,0.3614140187637698
GUA,0.3242685069537428
GUC,0.41780788532603574
GUG,1.7727817952532197
GUU,0.21164824216578737
UAC,0.533575543709565
UAU,0.7902181992788271
UCA,0.37810679406076425
UCC,0.504569032429293
UCG,0.79135366344842
UCU,0.31187213073661024
UGC,0.7045138482356456
UGG,0.35248346384498247
UGU,0.9815078246312403
UUA,0.5806575996749029
UUC,0.34191871870356116
UUG,0.2543164719066102
UUU,0.5780371660941195
