codon,average_decoding_time
AAA,0.4023356310872672
AAC,0.32759084896472845
AAG,0.12746228957951977
AAU,0.5600388567240563
ACA,0.33716373487527956
ACC,0.36199169426755673
ACG,0.5637546325338165
ACU,0.19682805434639225
AGA,0.09782464530791889
AGC,1.2180810246006148
AGG,0.28723776018054586
AGU,1.5554103952175293
AUA,0.351714337996225
AUC,0.3909223860638415
AUG,0.4421511569185866
AUU,0.19227808442697858
CAA,0.4638185304254644
CAC,0.5326492515313646
CAG,3.455521859119535
CAU,0.7877581301270471
CCA,0.34394020981741064
CCC,2.186333517396379
CCG,0.44964377729236626
CCU,1.6167304283965451
CGA,0.508005202986529
CGC,0.6326588259759505
CGG,2.2025748051136698
CGU,0.39293405470291154
CUA,1.3722993415819562
CUC,1.2068452110571826
CUG,1.4630736848009136
CUU,4.412701461447903
GAA,0.30479224418996737
GAC,0.2791443314453035
GAG,2.174757009955376
GAU,0.5073845402084677
GCA,0.3188349696014208
GCC,0.3691663585165
GCG,0.8530117873144103
GCU,0.25659415621492726
GGA,1.0192323824080483
GGC,0.17215197883218614
GGG,0.681483509457484
GGU,0.3878167251576499
GUA,0.4044543594871687
GUC,0.5127914953418709
GUG,0.9975236299913323
GUU,0.2713368607419234
UAC,0.36933075733743215
UAU,0.6065982293158563
UCA,0.3753754267942915
UCC,0.5357197270237101
UCG,0.6447911825076644
UCU,0.24455979969398814
UGC,0.5144345908093695
UGG,0.3348732299824927
UGU,0.7674793658823267
UUA,0.5192013838204121
UUC,0.2988026256141658
UUG,0.21175464661922513
UUU,0.5285606500469847
