codon,average_decoding_time
AAA,0.3994327824316591
AAC,0.3264860918066583
AAG,0.12721597755428674
AAU,0.5601509751542398
ACA,0.3386070723989491
ACC,0.41482819077215866
ACG,0.4172219877329045
ACU,0.2096483750100175
AGA,0.09856317886650287
AGC,1.2166175005589086
AGG,0.2713710777576553
AGU,1.5495513797988836
AUA,0.3521338839536687
AUC,0.37627561275454674
AUG,0.34339865414416804
AUU,0.20548611902498395
CAA,0.2992138260839665
CAC,0.3694736183589027
CAG,2.4181976099398206
CAU,0.6093736519974442
CCA,0.33919368479143036
CCC,1.805284448835587
CCG,1.4947920623929338
CCU,1.7643063250377153
CGA,0.48230409303263333
CGC,0.508408426351423
CGG,1.9147479205076328
CGU,0.2824830803358538
CUA,1.2391322338762778
CUC,3.4134356975456757
CUG,1.052755235932157
CUU,1.1551003597462792
GAA,0.30460685563470474
GAC,0.2805062302617865
GAG,2.1694669010473424
GAU,0.5075417906909071
GCA,0.3192314900344356
GCC,0.48112326845373643
GCG,0.7452654703021786
GCU,0.22520658931258847
GGA,1.0259348232772454
GGC,0.17196284282136273
GGG,1.36439945983147
GGU,0.38508557122719583
GUA,0.40600585380104026
GUC,0.49908680423154367
GUG,2.06787915629633
GUU,0.2854576196936379
UAC,0.5352335643650897
UAU,0.7874066281686775
UCA,0.37633793508531643
UCC,0.5091945401284717
UCG,2.9148480814461255
UCU,0.3088294093103365
UGC,0.7062170744866814
UGG,0.3242441136635749
UGU,0.9802461384822325
UUA,0.5763711322557235
UUC,0.34416040424029465
UUG,0.30904667795422824
UUU,0.5770475376513056
