codon,average_decoding_time
AAA,0.3995951055042587
AAC,0.32880290515687544
AAG,0.12692519688748102
AAU,0.5596000721185799
ACA,0.3381788238654001
ACC,0.36046941804309
ACG,0.4162051651416781
ACU,0.19655188172259255
AGA,0.09793887452495384
AGC,1.2166620694341923
AGG,1.4051030305130388
AGU,1.5538080823971394
AUA,0.3510294389114342
AUC,0.3918053344413505
AUG,0.4425896453066932
AUU,0.1930642694035819
CAA,0.4667952449192368
CAC,0.5318785793651484
CAG,3.4440784042583545
CAU,0.7898133555679417
CCA,0.3443712830448903
CCC,2.1917705296822856
CCG,1.8445116650893612
CCU,1.6260376246168682
CGA,0.512119030180454
CGC,0.6341985654029197
CGG,2.026772383109713
CGU,0.392416943048358
CUA,1.3733284310483769
CUC,1.2081401887447338
CUG,1.4657607582391996
CUU,4.443664284488564
GAA,0.3032882621203545
GAC,0.2797554038631107
GAG,2.163191982949179
GAU,0.5065809885784208
GCA,0.3188705900265043
GCC,0.36871357194453647
GCG,0.7450876019701177
GCU,0.2558109303492663
GGA,1.0156768132575977
GGC,0.17115895457298272
GGG,1.3608845353381356
GGU,0.3860292930442144
GUA,0.4055019699626273
GUC,0.5115913076251807
GUG,0.9967780723555674
GUU,0.2710774990236264
UAC,0.36998159974555356
UAU,0.6073528070910768
UCA,0.37034680995885033
UCC,0.5360145144829187
UCG,2.314440162741521
UCU,0.24613408336007575
UGC,0.5127990781123901
UGG,0.18517901410532386
UGU,0.766058554910064
UUA,0.5182521070465368
UUC,0.30002971155341934
UUG,0.20490363812667528
UUU,0.5304229639165287
