codon,average_decoding_time
AAA,0.39742305193965605
AAC,0.32554977678963953
AAG,0.12691018370436508
AAU,0.5608007791419015
ACA,0.33797160514987673
ACC,0.36171006233055664
ACG,0.5692622043837037
ACU,0.19707720986411045
AGA,0.0979323120800972
AGC,1.217677330413259
AGG,1.5746939640880702
AGU,1.5514444400684937
AUA,0.3524696095435557
AUC,0.3912806211499141
AUG,0.343859961964994
AUU,0.19250053698382835
CAA,0.4649381502640131
CAC,0.5328292459802981
CAG,3.4644343115708303
CAU,0.7898091554206171
CCA,0.34379088859201895
CCC,2.1964502835509547
CCG,0.4499548104534603
CCU,1.628864903136922
CGA,0.5101006081957952
CGC,0.6326188212241887
CGG,2.199225735151301
CGU,0.39264963787236623
CUA,1.3778682641748898
CUC,1.2055966862397796
CUG,1.3982882737346567
CUU,4.454561224481927
GAA,0.3047183282427264
GAC,0.2797790644132825
GAG,2.1592073369471456
GAU,0.50842641532785
GCA,0.3190145660612395
GCC,0.36792646085648795
GCG,0.8501419179027558
GCU,0.25540778927336827
GGA,1.0170213607017504
GGC,0.17045546717907803
GGG,0.6822545245960662
GGU,0.386240747492122
GUA,0.40587534818526894
GUC,0.5120175118118131
GUG,2.084114986377927
GUU,0.2710065446610863
UAC,0.3691752241153983
UAU,0.6059328017382407
UCA,0.3736500087812088
UCC,0.5332103709994601
UCG,0.6475240325567756
UCU,0.2464125774586481
UGC,0.5159306271313172
UGG,0.2149275841680633
UGU,0.7677689592207451
UUA,0.5207615141693189
UUC,0.2995387650886239
UUG,0.22444707399177805
UUU,0.5294220309394752
