codon,average_decoding_time
AAA,0.39978009424164435
AAC,0.32557901347011153
AAG,0.2070125538501328
AAU,0.5596183960646286
ACA,0.3382137567210135
ACC,0.3613276152679224
ACG,0.5669889770278794
ACU,0.21098690461249398
AGA,0.09783944746041076
AGC,1.225078100114816
AGG,1.5778495618174082
AGU,1.5601858221092957
AUA,0.3512940743690749
AUC,0.3922874639828669
AUG,0.37513522726633214
AUU,0.2042114668627978
CAA,0.4662928464341247
CAC,0.5319697595072368
CAG,0.6449206829341058
CAU,0.7860871470833483
CCA,0.3449565483967587
CCC,2.194259616988049
CCG,0.44698933449078576
CCU,1.796394680687576
CGA,0.5110313350981488
CGC,0.633476731559041
CGG,2.2006354709626885
CGU,0.3931257302686067
CUA,1.363732374770933
CUC,1.2134038444707265
CUG,1.4616939811299183
CUU,1.2844222291955687
GAA,0.3048060622108627
GAC,0.278077719771873
GAG,0.465179398479496
GAU,0.5068762666834373
GCA,0.3189900310584532
GCC,0.367852507061565
GCG,0.8527329636255929
GCU,0.2260974403707327
GGA,1.0244793465002555
GGC,0.17105789046751682
GGG,0.6836898679602641
GGU,0.3858982283335213
GUA,0.4061782735627922
GUC,0.5133048544381561
GUG,0.9951343987856812
GUU,0.28516183846534227
UAC,0.5327597784246236
UAU,0.7875648713236194
UCA,0.3775548659830219
UCC,0.5404665534031624
UCG,0.7896710522783232
UCU,0.3099009577143594
UGC,0.7018929083546651
UGG,0.35207185276682884
UGU,0.9782295249951416
UUA,0.580626245153251
UUC,0.34369676845188546
UUG,0.3268767108863285
UUU,0.5794305611445798
