codon,average_decoding_time
AAA,0.398017419569035
AAC,0.32775240820159707
AAG,0.206648995383867
AAU,0.557034622612028
ACA,0.3383799081013861
ACC,0.41355042256962943
ACG,0.41656429278039364
ACU,0.19573539444624005
AGA,0.09844907453442478
AGC,1.2318187760533068
AGG,1.4035245306313007
AGU,1.5542702992637778
AUA,0.3526754103280583
AUC,0.37741830785095765
AUG,0.3442068531514983
AUU,0.1914962317352228
CAA,0.2978639435658159
CAC,0.36994216117838624
CAG,0.572661019226641
CAU,0.6080290399585366
CCA,0.33831297014407696
CCC,1.8115285856870917
CCG,1.4961092489104013
CCU,1.4539643975699932
CGA,0.48230914050939566
CGC,0.5112466498758963
CGG,1.2293077365204457
CGU,0.2824117825375041
CUA,1.2353005000287847
CUC,3.3800543526984757
CUG,1.099378143430987
CUU,3.972153232224289
GAA,0.30325536748915266
GAC,0.27764325949542784
GAG,0.46650155810550664
GAU,0.5053651063601825
GCA,0.318048249976705
GCC,0.4809267727610622
GCG,0.7416914601332574
GCU,0.2558165642274777
GGA,1.0226493216620198
GGC,0.17158459379037408
GGG,1.364977048116736
GGU,0.38576691752810344
GUA,0.4042485805330969
GUC,0.49695051133627544
GUG,2.0750631212452526
GUU,0.27248312512177825
UAC,0.3714259467126304
UAU,0.606215341685228
UCA,0.37136561743458363
UCC,0.468046913175467
UCG,2.306474485980037
UCU,0.24503511822060445
UGC,0.512743854342712
UGG,0.18512564360624328
UGU,0.7702635048067571
UUA,0.5207887995537002
UUC,0.3001030239739776
UUG,0.22521787800152462
UUU,0.5311688561008695
