codon,average_decoding_time
AAA,0.4003628890717341
AAC,0.3257827198274294
AAG,0.20818769393753273
AAU,0.5586945777637526
ACA,0.3385847313476407
ACC,0.4160525191444109
ACG,0.4191582137980218
ACU,0.2104491933791046
AGA,0.09790177628546855
AGC,1.2126818151517098
AGG,0.27155340236684833
AGU,1.5540806464085497
AUA,0.35248981419916864
AUC,0.37886674869969117
AUG,0.412672080553949
AUU,0.20499198408745514
CAA,0.2994408613949552
CAC,0.3719625042188301
CAG,0.5703190718535555
CAU,0.6078085811030463
CCA,0.33974192679152415
CCC,1.802440208107024
CCG,1.4904170766178204
CCU,1.7573653938788572
CGA,0.481738285215255
CGC,0.5119845090965263
CGG,1.9131907055338524
CGU,0.28271931295929553
CUA,1.2363736471087445
CUC,3.395924089446053
CUG,1.052859268683201
CUU,1.1564030917895312
GAA,0.3051043687195908
GAC,0.2810072918566962
GAG,0.4657584249304281
GAU,0.5077507474493134
GCA,0.31981501893572034
GCC,0.4827174336463473
GCG,0.7452179889667835
GCU,0.22633209332979826
GGA,1.0225157622994976
GGC,0.17236995735608
GGG,1.3703745525157673
GGU,0.3875560765005591
GUA,0.4063749457782222
GUC,0.49995083505747534
GUG,2.068708650295326
GUU,0.2840277382680856
UAC,0.5332883676617303
UAU,0.7898832882223797
UCA,0.37675345000423616
UCC,0.50361047064208
UCG,2.9201381979414553
UCU,0.3112688723351101
UGC,0.7052641883744633
UGG,0.32399215338627896
UGU,0.9845303871102563
UUA,0.5799843411769525
UUC,0.3443826226848868
UUG,0.2527477886976462
UUU,0.5765799547833401
