codon,average_decoding_time
AAA,0.40070196618359366
AAC,0.3264948058783963
AAG,0.20765061721865022
AAU,0.5620322599645341
ACA,0.3375482765698881
ACC,0.41554594511123205
ACG,0.5492806735562262
ACU,0.19782490215060053
AGA,0.09819999435460937
AGC,1.2235269898987453
AGG,0.28665842844903355
AGU,1.5576002710325005
AUA,0.35275707621040375
AUC,0.3766360772317622
AUG,0.37411351525169756
AUU,0.1934527363655545
CAA,0.29892678921709087
CAC,0.37120954274672213
CAG,0.5730995333987501
CAU,0.6076012542848186
CCA,0.3371487682859471
CCC,1.8097268940467839
CCG,0.43531287413541353
CCU,1.4490680635863196
CGA,0.4825110371798442
CGC,0.5103523448746254
CGG,2.094071928423387
CGU,0.28308902835793925
CUA,1.2369469043108656
CUC,3.4140069555286083
CUG,1.1602516563755947
CUU,3.961963210788399
GAA,0.2722475432916476
GAC,0.28172357931348313
GAG,0.43390279198495146
GAU,0.5056404370187189
GCA,0.31429212365917025
GCC,0.4514902892439274
GCG,0.7122155812571274
GCU,0.22895066375641748
GGA,0.8263802695877902
GGC,0.14919215782252931
GGG,0.634232139637673
GGU,0.3608367987149464
GUA,0.3228351655312733
GUC,0.41816154107587017
GUG,0.7695715829880705
GUU,0.1991910573770639
UAC,0.3698915330108859
UAU,0.6067216927495408
UCA,0.3734957535641956
UCC,0.4689838560433854
UCG,0.6460198872137841
UCU,0.24548556380394226
UGC,0.5155951894111291
UGG,0.3338488582313069
UGU,0.7680969461698792
UUA,0.5219439873237419
UUC,0.2997392991686381
UUG,0.2437307191702839
UUU,0.5270488906296705
