codon,average_decoding_time
AAA,0.4009080288000748
AAC,0.3255634571499153
AAG,0.12758276765314874
AAU,0.5617828970470826
ACA,0.33839848120825494
ACC,0.3605166125375546
ACG,0.4168754485314567
ACU,0.2105509408705543
AGA,0.09826157699124625
AGC,1.2198515543447357
AGG,0.2711685062672814
AGU,1.5569538880958143
AUA,0.3521149663060058
AUC,0.39200894596924685
AUG,0.3449404475694608
AUU,0.20537068256074642
CAA,0.4659427899807536
CAC,0.5313760719801696
CAG,3.4722667327623027
CAU,0.7897259281228104
CCA,0.34530123384800376
CCC,2.187497338952062
CCG,1.8420951715018066
CCU,1.7794565579352521
CGA,0.5101176242830493
CGC,0.6317783329063202
CGG,2.038429604854678
CGU,0.39296926674933974
CUA,1.3713501208404304
CUC,1.205378976874125
CUG,1.4019644749472608
CUU,1.2915961005310983
GAA,0.30299001491556066
GAC,0.2795397318219179
GAG,2.1634683619938393
GAU,0.5097977605751611
GCA,0.31783199096489617
GCC,0.3698809719899482
GCG,0.7484422759535821
GCU,0.226143610905421
GGA,1.0225420993021166
GGC,0.17119166648251627
GGG,1.3595152614129398
GGU,0.3879425085960663
GUA,0.40499411928019136
GUC,0.5156854411130612
GUG,2.0751262401740362
GUU,0.2839359025970117
UAC,0.5342856001855124
UAU,0.7876821426424868
UCA,0.376017088210366
UCC,0.5426666592113416
UCG,2.9226568309124366
UCU,0.309833954625435
UGC,0.7106221010329953
UGG,0.32436378457348075
UGU,0.981533296906588
UUA,0.5801935101670417
UUC,0.34283041582708984
UUG,0.311565413709873
UUU,0.5799167057435995
