codon,average_decoding_time
AAA,0.40077251160397415
AAC,0.32726845089953077
AAG,0.20748210609546178
AAU,0.5591651926581324
ACA,0.33888126500580545
ACC,0.36116392921851037
ACG,0.568407465716385
ACU,0.2097142641726298
AGA,0.09782559163793664
AGC,1.2232445723710181
AGG,1.5723521633070587
AGU,1.5500289623035066
AUA,0.35358497398012145
AUC,0.39294970211251323
AUG,0.3446801173397028
AUU,0.2046382946903509
CAA,0.46447954851817846
CAC,0.5299642243007525
CAG,0.643467902476716
CAU,0.7909138583542256
CCA,0.3443071209335166
CCC,2.193842599412559
CCG,0.45081336956066065
CCU,1.791184551271527
CGA,0.5092840303380636
CGC,0.6302214202395601
CGG,2.1888781718100083
CGU,0.39408789714879094
CUA,1.370209623568496
CUC,1.2068893137064336
CUG,1.397006767310508
CUU,1.2812932713994367
GAA,0.30477299899778065
GAC,0.2790800696505278
GAG,0.464985354410392
GAU,0.5076145001988088
GCA,0.3190246931519628
GCC,0.36850920915604984
GCG,0.8523682901125799
GCU,0.22639842956046322
GGA,1.0269243500654626
GGC,0.17192593963485223
GGG,0.6820121659483838
GGU,0.38718524487151584
GUA,0.40707814200351145
GUC,0.5144591450300281
GUG,2.069844985717859
GUU,0.2853312963985352
UAC,0.5319343647828223
UAU,0.7934820722624184
UCA,0.37868389240160344
UCC,0.5415677798401801
UCG,0.7868995090558331
UCU,0.310840535624103
UGC,0.7034201253530562
UGG,0.35444294871860127
UGU,0.9765644151881023
UUA,0.5784935699064614
UUC,0.34226375622106947
UUG,0.30673136501718
UUU,0.5764402541285459
