codon,average_decoding_time
AAA,0.399403247928461
AAC,0.32476575029298904
AAG,0.20645844587211393
AAU,0.5618617115514194
ACA,0.33840615789651785
ACC,0.3614894355289546
ACG,0.41629058628464183
ACU,0.19551299354102097
AGA,0.09798476964091068
AGC,1.2237092476154616
AGG,0.27224233063784464
AGU,1.5474840629315638
AUA,0.35296134434352555
AUC,0.39050464392241135
AUG,0.41462881648293703
AUU,0.19066401879308353
CAA,0.46606427750402757
CAC,0.5337732509080355
CAG,0.6444939422218153
CAU,0.7897334362519943
CCA,0.3453577850394739
CCC,2.193559934807835
CCG,1.840657674178018
CCU,1.6270751104516765
CGA,0.5091243474501121
CGC,0.6331402368632348
CGG,2.028008800896104
CGU,0.39591537309186053
CUA,1.3677593619786335
CUC,1.2026800197332763
CUG,1.4022595451282975
CUU,4.4395319273924585
GAA,0.3044023411045832
GAC,0.2784671500121568
GAG,0.46589064367523314
GAU,0.508118589353463
GCA,0.3193003299704335
GCC,0.36783625438505785
GCG,0.747422344312486
GCU,0.25598345076448237
GGA,1.0215869174109484
GGC,0.17091509449416298
GGG,1.368925698404698
GGU,0.386781524425643
GUA,0.4055780557927269
GUC,0.5139034673122519
GUG,2.0744582963370477
GUU,0.2738677504261937
UAC,0.36965450244048703
UAU,0.6044687870708143
UCA,0.37372672394881656
UCC,0.5356965071591444
UCG,2.3018087732701575
UCU,0.2456496410271397
UGC,0.5154662085625327
UGG,0.3042870815114907
UGU,0.7638038519545514
UUA,0.5167995163118216
UUC,0.29976395112293247
UUG,0.1938920050207079
UUU,0.5288060358643186
