codon,average_decoding_time
AAA,0.40045639054699445
AAC,0.326169147204202
AAG,0.1273632369294324
AAU,0.5614078736623956
ACA,0.3380450467790576
ACC,0.36008766378447266
ACG,0.5721771845396195
ACU,0.2106473356648735
AGA,0.09792727241681459
AGC,1.224390540646626
AGG,0.28640109045862655
AGU,1.550709531458548
AUA,0.3513625524757632
AUC,0.39168256166703
AUG,0.4142643310511135
AUU,0.2042371494206143
CAA,0.4642533228054758
CAC,0.5359921122806457
CAG,3.45696056146204
CAU,0.7927448605433883
CCA,0.34155845078835567
CCC,2.1862903085774783
CCG,0.45189228067565845
CCU,1.7921153412150574
CGA,0.510951831911095
CGC,0.6334288778055382
CGG,2.1984884283073205
CGU,0.39291017562179165
CUA,1.3690353674204854
CUC,1.2082323559793984
CUG,1.395883686491192
CUU,1.2853589205435503
GAA,0.303034170871093
GAC,0.27917067245675176
GAG,2.164655962138056
GAU,0.5079725162821727
GCA,0.31827842014548585
GCC,0.36796037481995125
GCG,0.8531272178555745
GCU,0.2248777747447664
GGA,1.0196396671928611
GGC,0.17218033259749832
GGG,0.6853935635173487
GGU,0.38725289827519765
GUA,0.40748173860526926
GUC,0.5169441905247613
GUG,2.076072792687866
GUU,0.284891101165417
UAC,0.5315709441011209
UAU,0.7890533701901404
UCA,0.3761957789874812
UCC,0.541875389417138
UCG,0.7882600055430957
UCU,0.3108457114734436
UGC,0.7016586395992311
UGG,0.35341817267297004
UGU,0.9851468799480796
UUA,0.5790593346064242
UUC,0.3428307280054076
UUG,0.2541669778271818
UUU,0.5797173268601349
