codon,average_decoding_time
AAA,0.39750076569539344
AAC,0.32561017814240445
AAG,0.12694960799269964
AAU,0.5605071659531485
ACA,0.336722552757886
ACC,0.3622585467196483
ACG,0.5700743098954404
ACU,0.2091191612451798
AGA,0.09813903253056497
AGC,1.2152250572452583
AGG,1.5716536663977096
AGU,1.56015353209419
AUA,0.35280626906719975
AUC,0.39038056875198135
AUG,0.4105240445239556
AUU,0.20405679169926783
CAA,0.46419981321493353
CAC,0.5328750220568831
CAG,3.4623668068778084
CAU,0.7848587750331943
CCA,0.3436040251265384
CCC,2.1928579574440628
CCG,0.45066509473321575
CCU,1.7951977058102855
CGA,0.508476505521428
CGC,0.6321122038025689
CGG,2.2015236147965926
CGU,0.3936540534144119
CUA,1.3784360746922806
CUC,1.2079679279294333
CUG,1.39951135854898
CUU,1.2886089680509072
GAA,0.30463971354514846
GAC,0.27921083662158785
GAG,2.165530593030237
GAU,0.508577185935561
GCA,0.31800987076315246
GCC,0.3686516181388192
GCG,0.8554095112937191
GCU,0.22593213092326866
GGA,1.0241284491213019
GGC,0.17150114932291893
GGG,0.6845532773084312
GGU,0.38754377075387275
GUA,0.40334941495182824
GUC,0.5133467899505121
GUG,2.080088144644958
GUU,0.2851981500118105
UAC,0.534757982250506
UAU,0.7873636016594675
UCA,0.3765278043431041
UCC,0.5429187528370794
UCG,0.787271651296188
UCU,0.30952450363617595
UGC,0.7066607744796177
UGG,0.3545258597028636
UGU,0.9808270815193777
UUA,0.5830686903544633
UUC,0.3429306120559728
UUG,0.25338373218469856
UUU,0.5793545474455893
