codon,average_decoding_time
AAA,0.4014325240730538
AAC,0.32734522503891467
AAG,0.1282249854877797
AAU,0.5595104407554019
ACA,0.33589797011723616
ACC,0.41561622383919655
ACG,0.569739196543597
ACU,0.21074562353244114
AGA,0.09739933466169215
AGC,1.223744685440553
AGG,1.5776844399857581
AGU,1.5595457264308743
AUA,0.35209483127216495
AUC,0.37618940853494043
AUG,0.3722928177947769
AUU,0.20488568395452764
CAA,0.30008251615825726
CAC,0.36865733543826606
CAG,2.4341002137815573
CAU,0.6065438825514278
CCA,0.33655575162244344
CCC,1.8115915742529143
CCG,0.38896246859762507
CCU,1.7570925452678965
CGA,0.4824889527581569
CGC,0.5095457634311137
CGG,1.4051689941523458
CGU,0.2815892030439154
CUA,1.2406287441178978
CUC,3.4020167107243027
CUG,1.1228444591684905
CUU,1.16051355538165
GAA,0.3038229645550447
GAC,0.28017940176624534
GAG,2.168213936022609
GAU,0.5085480691634451
GCA,0.3189838046466045
GCC,0.48158325945471797
GCG,0.8542528939721317
GCU,0.22711629760009833
GGA,1.0255969857270555
GGC,0.17079686172335182
GGG,0.6834930895091005
GGU,0.3877241081886758
GUA,0.4064927734235928
GUC,0.4994471805113808
GUG,0.9958093161227703
GUU,0.2838093148797132
UAC,0.5330940465735543
UAU,0.7887917739324131
UCA,0.37642342987941496
UCC,0.5051611147036811
UCG,0.7887601981135094
UCU,0.3087442733079202
UGC,0.7077421803915629
UGG,0.3533288787329657
UGU,0.9834471832422991
UUA,0.5814153338920612
UUC,0.34256565029701114
UUG,0.32666598156543875
UUU,0.5769747538141113
