codon,average_decoding_time
AAA,0.39984615390212924
AAC,0.3273418537624334
AAG,0.12679729898508157
AAU,0.5596524867119367
ACA,0.33906551348733477
ACC,0.4143398099545552
ACG,0.5700822246284305
ACU,0.21133964434797908
AGA,0.09772898313817177
AGC,1.220882630065926
AGG,0.2865561452938642
AGU,1.5492178677138693
AUA,0.3514555222703761
AUC,0.37730978867756987
AUG,0.37245755692621496
AUU,0.2054819973658051
CAA,0.3009181689003453
CAC,0.36802241135013675
CAG,2.432696197767106
CAU,0.6063802255694157
CCA,0.33852789781230785
CCC,1.8078685467590474
CCG,0.38771688391448467
CCU,1.7678420428988517
CGA,0.48193779005829107
CGC,0.5107036261811649
CGG,2.085052704995718
CGU,0.28191778432643105
CUA,1.227749732964422
CUC,3.392718344733557
CUG,1.157809883156947
CUU,1.1569386409665536
GAA,0.3044919786626631
GAC,0.27940240165820834
GAG,2.1694105709413907
GAU,0.506221766819964
GCA,0.31986853896298856
GCC,0.48222798658420407
GCG,0.8544567702073715
GCU,0.22470903772088854
GGA,1.0259846322191628
GGC,0.17190796263407102
GGG,0.6837906900081968
GGU,0.38719978657570586
GUA,0.40488497564526743
GUC,0.49950781853626897
GUG,0.9960167553777938
GUU,0.2856567434651485
UAC,0.531881043959274
UAU,0.7890260909074924
UCA,0.3785466436073681
UCC,0.5059338559256087
UCG,0.7878420028266255
UCU,0.3127466815986949
UGC,0.7048239913222165
UGG,0.3543079231167028
UGU,0.9781616483593758
UUA,0.5816486130654132
UUC,0.3424990386198754
UUG,0.3256281523833108
UUU,0.5780332069599036
