codon,average_decoding_time
AAA,0.39779617513238513
AAC,0.3262467556831012
AAG,0.20651683373786
AAU,0.5580811668567124
ACA,0.3385326372476842
ACC,0.36147177089283455
ACG,0.5465315676017121
ACU,0.19507575110401942
AGA,0.09861815690708362
AGC,1.227051949600019
AGG,0.2867369376393676
AGU,1.553001140117164
AUA,0.3527605821948024
AUC,0.3917461674117877
AUG,0.41328607102751375
AUU,0.19259929168901196
CAA,0.46404430888509784
CAC,0.5323493328784035
CAG,0.6424932088157095
CAU,0.7878003325002321
CCA,0.3432822580250044
CCC,2.1946805092507704
CCG,0.5050630397547011
CCU,1.6219993946258822
CGA,0.5099984175632611
CGC,0.6307682580259232
CGG,2.2004764100461975
CGU,0.39483293721865775
CUA,1.3702480178622698
CUC,1.206274002360541
CUG,1.4061017687260906
CUU,4.426799443361127
GAA,0.2710706405809086
GAC,0.2794768881392076
GAG,0.43424301810279003
GAU,0.5063287844510278
GCA,0.31632576681493857
GCC,0.3500684386139593
GCG,0.7106130092008853
GCU,0.228826780755504
GGA,0.8293926666143395
GGC,0.14880338121168465
GGG,0.6316969021126706
GGU,0.3604582058273477
GUA,0.324535129634127
GUC,0.43268888987474446
GUG,1.7670938128313867
GUU,0.2002402601622779
UAC,0.36907867104452524
UAU,0.6100173761090528
UCA,0.3736588707718356
UCC,0.5349343161517899
UCG,0.6456598407011426
UCU,0.24439357015185348
UGC,0.5150258588303314
UGG,0.3339405476210674
UGU,0.7707401093265561
UUA,0.5226843810960059
UUC,0.2996853338084846
UUG,0.20174845193124014
UUU,0.5317442094281327
