codon,average_decoding_time
AAA,0.3980954230622913
AAC,0.3267967989402735
AAG,0.12719400872716932
AAU,0.5590913219726361
ACA,0.33780247249433004
ACC,0.36130064880639584
ACG,0.5486009010533414
ACU,0.19668552032142772
AGA,0.0980681988800003
AGC,1.216480654367259
AGG,0.28737413367340725
AGU,1.5588387244602797
AUA,0.35195653084491973
AUC,0.3909243765940595
AUG,0.4417351176475694
AUU,0.19197668452020503
CAA,0.4649594310313696
CAC,0.5305825902302
CAG,3.458806975793322
CAU,0.791010678958256
CCA,0.34308136033232994
CCC,2.18505696486696
CCG,0.5072985257346082
CCU,1.621272042051999
CGA,0.5080443342587938
CGC,0.6342830229609864
CGG,2.2041164286112522
CGU,0.3917237946359091
CUA,1.3738467831484804
CUC,1.1999125943365045
CUG,1.4721284559657075
CUU,4.4457391062802225
GAA,0.2725408181766169
GAC,0.27902563783903617
GAG,1.9361307525728226
GAU,0.5059164569682058
GCA,0.31510469644222777
GCC,0.3482266549851469
GCG,0.7124107394487632
GCU,0.2298150203673762
GGA,0.8321285181370032
GGC,0.14868810842320057
GGG,0.6324275075642832
GGU,0.3620448393818934
GUA,0.32568492359734263
GUC,0.4319508679504408
GUG,0.8560349569970204
GUU,0.19885435702500098
UAC,0.371683466342841
UAU,0.6041929651697319
UCA,0.3725494319676649
UCC,0.5372397639262773
UCG,0.6503533739149885
UCU,0.24564745221914772
UGC,0.5155277648712127
UGG,0.33342836517624225
UGU,0.768503938646623
UUA,0.5216567647934156
UUC,0.3003854828563161
UUG,0.20424360198414096
UUU,0.530632263900137
