codon,average_decoding_time
AAA,0.40026313702931765
AAC,0.3275840202541909
AAG,0.20713431666447207
AAU,0.5581513726116449
ACA,0.33751057151348873
ACC,0.4145835460817856
ACG,0.41719655549868156
ACU,0.19620944110534924
AGA,0.09868598830761098
AGC,1.2264983654862947
AGG,1.4023384244932238
AGU,1.5537209163326293
AUA,0.3514708062289646
AUC,0.37771125062152255
AUG,0.4111553617028278
AUU,0.1938539213751667
CAA,0.3004434383727325
CAC,0.3692805323377136
CAG,0.5751516811457406
CAU,0.6058272747999586
CCA,0.3382614898036085
CCC,1.8125613037045019
CCG,1.4915117496124295
CCU,1.4518446379383048
CGA,0.4802200624352473
CGC,0.5095431356206573
CGG,1.237612823157861
CGU,0.28145477413799885
CUA,1.2306825323385235
CUC,3.3854664643243386
CUG,1.0603460893514962
CUU,3.9484894404568203
GAA,0.3049149561579386
GAC,0.2815295890044143
GAG,0.4635789443820345
GAU,0.5057599536771615
GCA,0.31891818521095583
GCC,0.4817579762763703
GCG,0.7446099950418977
GCU,0.2573878149801838
GGA,1.0193001627752925
GGC,0.17116262064190632
GGG,1.3610485753151018
GGU,0.3859016004837897
GUA,0.4052026963812297
GUC,0.4994174765280413
GUG,2.077587794449614
GUU,0.27171439532955066
UAC,0.36901289658813713
UAU,0.6085250264512436
UCA,0.3741322893317721
UCC,0.4696085802365771
UCG,2.3151109600986324
UCU,0.24670380729092947
UGC,0.512676757259227
UGG,0.18426676901364564
UGU,0.7684391809602993
UUA,0.517574992857484
UUC,0.2989964901495322
UUG,0.1938656758873293
UUU,0.5312282151095185
