codon,average_decoding_time
AAA,0.39804863864251666
AAC,0.32723645400562784
AAG,0.12678947392815118
AAU,0.5615464877779677
ACA,0.33789979679737364
ACC,0.41421739378793954
ACG,0.5671155355183612
ACU,0.20992616006241135
AGA,0.09805714445163077
AGC,1.2215139893112437
AGG,1.576503846714457
AGU,1.555338753991909
AUA,0.3518773337169355
AUC,0.3765168167035588
AUG,0.442759483078221
AUU,0.20418843809876802
CAA,0.29969202536798456
CAC,0.37010058340300783
CAG,2.4097522014168704
CAU,0.6085085656032138
CCA,0.33821530677496814
CCC,1.8083171376550242
CCG,0.38867287313669935
CCU,1.7628219826111735
CGA,0.48027608320211546
CGC,0.5100442643036472
CGG,1.3981506982204006
CGU,0.28103893779774153
CUA,1.2352083474782913
CUC,3.4142654280134983
CUG,1.1598556125935935
CUU,1.162173010292676
GAA,0.30299746421187645
GAC,0.27922959458272556
GAG,2.159989077883878
GAU,0.5070201430016305
GCA,0.31885690783886234
GCC,0.4828300036778181
GCG,0.8563682941853888
GCU,0.2263815516848466
GGA,1.0245235637867705
GGC,0.17120976886298206
GGG,0.6872380334547523
GGU,0.38530832513278185
GUA,0.40502554801128904
GUC,0.498680489206952
GUG,0.99350220486968
GUU,0.28458295255357013
UAC,0.5371109722397376
UAU,0.790071426794271
UCA,0.3776606623894954
UCC,0.5047609487515318
UCG,0.7888005396479426
UCU,0.3111254421605921
UGC,0.7024328960139488
UGG,0.35227307532769186
UGU,0.9835108005633244
UUA,0.5792984407576618
UUC,0.3431627713553825
UUG,0.26510045140752464
UUU,0.5787117655335383
