codon,average_decoding_time
AAA,0.3981727704365508
AAC,0.32596931936031026
AAG,0.20674740454673077
AAU,0.559274395777575
ACA,0.3380883345747804
ACC,0.4132824998835586
ACG,0.41592273953856346
ACU,0.19747493146361852
AGA,0.09850906486445381
AGC,1.2256707645989549
AGG,0.2702839631712341
AGU,1.5658401075516364
AUA,0.3517095446550339
AUC,0.37856952005652844
AUG,0.34332604119185917
AUU,0.19199467998914482
CAA,0.3007799707923369
CAC,0.3700733370063423
CAG,0.5741413492910983
CAU,0.6099234454426392
CCA,0.3388647352125727
CCC,1.80362676792826
CCG,1.488940763133818
CCU,1.4451396937975265
CGA,0.48080686183650423
CGC,0.5112154174791336
CGG,1.922529635641364
CGU,0.2818769308352261
CUA,1.2352149688342402
CUC,3.41693055744814
CUG,1.0557926965424749
CUU,3.941018205146641
GAA,0.3041918667006762
GAC,0.2795234394595704
GAG,0.46609280966919453
GAU,0.5083564997237586
GCA,0.3196241294099304
GCC,0.47972727961952455
GCG,0.743319625442561
GCU,0.2561362103698567
GGA,1.0270614402221716
GGC,0.17132725401276
GGG,1.3660404750893376
GGU,0.3854968557149322
GUA,0.40560057007667477
GUC,0.500123527436514
GUG,2.081379966057703
GUU,0.27180545749154045
UAC,0.368923445169459
UAU,0.6078252753105248
UCA,0.3745505599396279
UCC,0.46871095511235644
UCG,2.3179103727586527
UCU,0.24565343508409615
UGC,0.5124840390537244
UGG,0.30296785765015954
UGU,0.768254197600884
UUA,0.5200217265541655
UUC,0.299671784554831
UUG,0.21239918584697265
UUU,0.5296253484616438
