codon,average_decoding_time
AAA,0.40206966617871365
AAC,0.3261499796280569
AAG,0.2072121698574171
AAU,0.5610585687041928
ACA,0.3363407679326556
ACC,0.4137286403638638
ACG,0.41627722523065736
ACU,0.21040511069218557
AGA,0.09920181776420382
AGC,1.216852262132
AGG,1.4094212963806678
AGU,1.5447023341149366
AUA,0.3531164596671468
AUC,0.37738066045453184
AUG,0.3728638264201246
AUU,0.20618077161282586
CAA,0.3003850168899183
CAC,0.37008443766460625
CAG,0.5766420429866723
CAU,0.609300307539359
CCA,0.3387436976865736
CCC,1.8185058940964582
CCG,1.4912441330724715
CCU,1.7639324886974754
CGA,0.4814070969055513
CGC,0.5110226595313742
CGG,1.2337227394020536
CGU,0.28209972594543264
CUA,1.2353431644213517
CUC,3.406915205538358
CUG,1.1558590332043006
CUU,1.1635737116663645
GAA,0.30364622877402914
GAC,0.279336948711476
GAG,0.46565475915324117
GAU,0.5051431089893489
GCA,0.31984082506592565
GCC,0.4806914839892435
GCG,0.744324426535739
GCU,0.2253494011684235
GGA,1.0208558697758319
GGC,0.17261886114218533
GGG,1.366504936686221
GGU,0.38758533057651307
GUA,0.40438026843772257
GUC,0.4968031686696014
GUG,1.0024956389843627
GUU,0.28434828306728344
UAC,0.5320133237386144
UAU,0.7881258405669497
UCA,0.3771168296929964
UCC,0.5060250816459966
UCG,2.9297969014870713
UCU,0.31076813208159676
UGC,0.7052791473149267
UGG,0.3236704775663485
UGU,0.9831606619001961
UUA,0.5797660083442304
UUC,0.34420600081220337
UUG,0.32754757477153984
UUU,0.5787649551983348
