codon,average_decoding_time
AAA,0.4014263975647419
AAC,0.3297118775640172
AAG,0.12727250647288774
AAU,0.5600959595091914
ACA,0.3398006222849659
ACC,0.41523715877510664
ACG,0.4144940954187532
ACU,0.1967294795749419
AGA,0.09755097577525178
AGC,1.2207573459836636
AGG,0.2715653676539206
AGU,1.5545649612581078
AUA,0.35160934954453726
AUC,0.37689980980487614
AUG,0.3744442888272685
AUU,0.1919926974581993
CAA,0.3002511092337267
CAC,0.3726894752220402
CAG,2.4178648913607454
CAU,0.6082891196501814
CCA,0.33782475199770057
CCC,1.8078119736108518
CCG,1.4878946121665704
CCU,1.4476422706566616
CGA,0.4818491805263888
CGC,0.5106628314576194
CGG,1.920383008653533
CGU,0.28409576272704806
CUA,1.2356092573607484
CUC,3.4174804898884013
CUG,1.1650165991988273
CUU,3.949922642862201
GAA,0.30134132945005443
GAC,0.2803091317529283
GAG,2.1543674831301414
GAU,0.5068292668336007
GCA,0.3176083979776183
GCC,0.4801324325488424
GCG,0.7424262276926898
GCU,0.25601146779897593
GGA,1.0183659921485848
GGC,0.17122643182516956
GGG,1.365813726778762
GGU,0.38552095979452433
GUA,0.4044464489391222
GUC,0.49899729924063346
GUG,1.0042768997870641
GUU,0.27330650656487415
UAC,0.36989918481054296
UAU,0.6098123986516566
UCA,0.3737531697323265
UCC,0.4690201355738462
UCG,2.312063980918973
UCU,0.24408344969274395
UGC,0.5123947572038264
UGG,0.30439838389867585
UGU,0.7670153593342806
UUA,0.5214593819438119
UUC,0.29799646611777597
UUG,0.24190190951912124
UUU,0.5303472672563602
