codon,average_decoding_time
AAA,0.4003155491184585
AAC,0.32800287982221393
AAG,0.20711939443654578
AAU,0.5619077800610652
ACA,0.3375634775960478
ACC,0.41493404129582656
ACG,0.4162649705470132
ACU,0.2108480745116587
AGA,0.09818252355646033
AGC,1.2143127094196158
AGG,1.400188618265903
AGU,1.5621068616015406
AUA,0.3511413590676742
AUC,0.3773136089313485
AUG,0.344430787540528
AUU,0.2048942379728992
CAA,0.29731643585445844
CAC,0.37030227864728127
CAG,0.5705093988823865
CAU,0.6075224954267398
CCA,0.3381024597334141
CCC,1.8129463346634924
CCG,1.49242198695605
CCU,1.7656703642402714
CGA,0.4816514857373618
CGC,0.5079119142885642
CGG,1.2245331780288278
CGU,0.2825897632127226
CUA,1.237094566268199
CUC,3.417147515681201
CUG,1.1018744408306673
CUU,1.162549894069077
GAA,0.30351222794937843
GAC,0.2794131249870472
GAG,0.46402537520551784
GAU,0.5076683106634684
GCA,0.31907281727868286
GCC,0.4814732994032836
GCG,0.7428643743512099
GCU,0.2257666952265425
GGA,1.0240486066259116
GGC,0.17133550651937618
GGG,1.3630346756695744
GGU,0.38560726406829593
GUA,0.40530591668915994
GUC,0.4981187430418226
GUG,2.0652384578976117
GUU,0.2841811864594652
UAC,0.5311201092741813
UAU,0.7913783049288415
UCA,0.3769689604682999
UCC,0.5064000316881372
UCG,2.9205629998296136
UCU,0.3111180907296598
UGC,0.6997200192307358
UGG,0.323113953741294
UGU,0.9821007070485402
UUA,0.5808008414382191
UUC,0.3443477923364645
UUG,0.3072929008838528
UUU,0.5791007454319773
