codon,average_decoding_time
AAA,0.39870718261064636
AAC,0.3277075422432628
AAG,0.12686561534734087
AAU,0.5592852422491059
ACA,0.3384747429008023
ACC,0.36235199420084513
ACG,0.4150440481945041
ACU,0.19720718481607288
AGA,0.09821655853032317
AGC,1.2131277101344633
AGG,0.2720879426948488
AGU,1.557788007740198
AUA,0.3509748907423736
AUC,0.3912385242333754
AUG,0.3437489140115472
AUU,0.19249500493696206
CAA,0.46248755813025544
CAC,0.5317938042307019
CAG,3.463135102906386
CAU,0.7884731962483077
CCA,0.3445599312372224
CCC,2.1872358969124868
CCG,1.852221335574313
CCU,1.6220865781547262
CGA,0.5116891711300454
CGC,0.6322628108537356
CGG,2.033824866515251
CGU,0.3910184869660171
CUA,1.370412898205542
CUC,1.199819089174459
CUG,1.3979334277537632
CUU,4.437758135357137
GAA,0.3043200805503789
GAC,0.27880327451054926
GAG,2.1602885602928175
GAU,0.5069291998709736
GCA,0.319293866425871
GCC,0.3696130838975958
GCG,0.741259888935993
GCU,0.2572229005450782
GGA,1.0232653719521907
GGC,0.1710904970249534
GGG,1.3651540495907222
GGU,0.38650586434990686
GUA,0.4066912275205376
GUC,0.5133600143573976
GUG,2.0763176082768062
GUU,0.2709739765316892
UAC,0.366935456589783
UAU,0.609484461635243
UCA,0.3720240750192143
UCC,0.5357924229650529
UCG,2.307628718814312
UCU,0.24575603835911483
UGC,0.5156234704899026
UGG,0.30382040265572596
UGU,0.7648544699380642
UUA,0.5177305751033442
UUC,0.2981678693736828
UUG,0.21285550283483656
UUU,0.5299331540242034
