codon,average_decoding_time
AAA,0.4011993702947323
AAC,0.3258995309206164
AAG,0.12692201195152655
AAU,0.5605623868998505
ACA,0.33818519647433537
ACC,0.3620339993967111
ACG,0.5666568552256731
ACU,0.20954435793907245
AGA,0.09790416299495479
AGC,1.2180689712491881
AGG,0.28648691953775374
AGU,1.554716137766047
AUA,0.3522473747444251
AUC,0.39196724999358157
AUG,0.41400291589656857
AUU,0.20575188406498324
CAA,0.4643069299755716
CAC,0.5359040478558925
CAG,3.4708270262391254
CAU,0.792094253175255
CCA,0.34335654423043466
CCC,2.1927155708304378
CCG,0.45030584545651064
CCU,1.7954466041139028
CGA,0.5093343249417962
CGC,0.631874094530503
CGG,2.1910852350958754
CGU,0.39371735370487143
CUA,1.3668030445687254
CUC,1.206443505292184
CUG,1.40469357414461
CUU,1.287052358768191
GAA,0.3035219177927225
GAC,0.28021769085117365
GAG,2.1597280962652796
GAU,0.5088837230184309
GCA,0.3194862629593592
GCC,0.3692598652564116
GCG,0.8559932083124839
GCU,0.22564646265481894
GGA,1.0220164962441165
GGC,0.17064854659782822
GGG,0.6806992503988935
GGU,0.3881912333855371
GUA,0.40353460667740765
GUC,0.5127401449147999
GUG,2.080029420150292
GUU,0.28455673385587676
UAC,0.5329262280059378
UAU,0.793753187823714
UCA,0.3764008224403811
UCC,0.5410397072931645
UCG,0.7882776960445004
UCU,0.3109629577956777
UGC,0.7034110288997396
UGG,0.353651229830763
UGU,0.9837320341543209
UUA,0.5774127297498524
UUC,0.34482188084336995
UUG,0.25369262087308103
UUU,0.5781341208640766
