codon,average_decoding_time
AAA,0.39838804822617263
AAC,0.32766567941174957
AAG,0.12670184708194643
AAU,0.5582996357809342
ACA,0.33883833592281276
ACC,0.41312650685833613
ACG,0.5711612156875591
ACU,0.19742250719682541
AGA,0.09805044514041664
AGC,1.2240827575951003
AGG,1.5759730400582492
AGU,1.551166804947997
AUA,0.351663453739956
AUC,0.3756038359299223
AUG,0.4427284213148373
AUU,0.19276304674326333
CAA,0.30184048446863354
CAC,0.3705518320103285
CAG,2.4289527563287856
CAU,0.6091069074812827
CCA,0.3379343604667585
CCC,1.8128281520089486
CCG,0.3875758461382782
CCU,1.452293520901594
CGA,0.48218264568338126
CGC,0.5088053486755595
CGG,1.4001682501831063
CGU,0.2825893301442343
CUA,1.2338510734742334
CUC,3.4041548445921164
CUG,1.121427081148574
CUU,3.9684018538165478
GAA,0.30342867237089244
GAC,0.2797152726376259
GAG,2.159478812566304
GAU,0.5067807665623786
GCA,0.3194810015598324
GCC,0.48163164383318224
GCG,0.8542969973914646
GCU,0.25644956273259223
GGA,1.0251484022081394
GGC,0.16952538790023197
GGG,0.6799968928836527
GGU,0.38597240996111337
GUA,0.4045902422055709
GUC,0.4972813425624258
GUG,0.99573481984902
GUU,0.2728883708454446
UAC,0.3694267495260711
UAU,0.6073846109733999
UCA,0.37073207410014775
UCC,0.4708524098722488
UCG,0.6443192368109076
UCU,0.24619992627636314
UGC,0.5154076218927285
UGG,0.2157905489445611
UGU,0.7666204652568935
UUA,0.5197481754179654
UUC,0.29766516808821447
UUG,0.20514322716867392
UUU,0.5303186624786843
