codon,average_decoding_time
AAA,0.4003014121722106
AAC,0.3264087372097545
AAG,0.1269043583036214
AAU,0.5585033705541423
ACA,0.33908480701208515
ACC,0.3610686399483236
ACG,0.41672261131714694
ACU,0.1970119335929426
AGA,0.0987077975255413
AGC,1.2209110389006343
AGG,1.4083184518595993
AGU,1.5640977107478509
AUA,0.3516067151424616
AUC,0.3911770156087475
AUG,0.3726535255357514
AUU,0.19199897694735762
CAA,0.46212767562447793
CAC,0.5347057468464181
CAG,3.45040261533945
CAU,0.7903919594962123
CCA,0.3459925954099305
CCC,2.192762260750291
CCG,1.8393508967996024
CCU,1.6272443251182438
CGA,0.5100929216148438
CGC,0.6331821050243603
CGG,2.0285923111589934
CGU,0.3893147694762286
CUA,1.3749240794522708
CUC,1.2065565645321765
CUG,1.4638660741589224
CUU,4.445818516526675
GAA,0.30409722372850595
GAC,0.2786614792666726
GAG,2.1561791768944625
GAU,0.5039893774563721
GCA,0.31865780790947973
GCC,0.36977936851854737
GCG,0.7435275312226629
GCU,0.2563129249071003
GGA,1.028898449132631
GGC,0.17043244640994337
GGG,1.3684955949233217
GGU,0.3868868325424591
GUA,0.4036787103302902
GUC,0.5120571097114455
GUG,1.0006111722275766
GUU,0.2732513526854634
UAC,0.37092715857272296
UAU,0.6115274754115505
UCA,0.3719091709099715
UCC,0.5353821480478195
UCG,2.29720563096654
UCU,0.24570711339078988
UGC,0.5142795551627616
UGG,0.1844599912340133
UGU,0.7666235156669721
UUA,0.5182680826022653
UUC,0.2990878570922748
UUG,0.23014622697159248
UUU,0.528853448032156
