codon,average_decoding_time
AAA,0.40103167816001173
AAC,0.3290428841912979
AAG,0.1269704590061373
AAU,0.5583785560469355
ACA,0.33799334123272856
ACC,0.4136266243107032
ACG,0.415937847214808
ACU,0.21003629066479654
AGA,0.09781828337206616
AGC,1.2200077650355263
AGG,0.27237551154282
AGU,1.5502551161475153
AUA,0.35333591376874846
AUC,0.3761946976552596
AUG,0.410562637028457
AUU,0.20671491728924968
CAA,0.30053998782726987
CAC,0.36867569839246084
CAG,2.406535921123532
CAU,0.6070505151420609
CCA,0.3393255241992896
CCC,1.8140503309997582
CCG,1.488096476672861
CCU,1.7697446805663535
CGA,0.4808351558510215
CGC,0.5118305490394092
CGG,1.9138946835424062
CGU,0.282628431021227
CUA,1.2417321621155457
CUC,3.416541936260175
CUG,1.0918924047819958
CUU,1.157693236005241
GAA,0.3027708319276917
GAC,0.27888097399033235
GAG,2.1656722690341006
GAU,0.5084784870940503
GCA,0.3195377124893474
GCC,0.48105105528519415
GCG,0.7445588358878612
GCU,0.2256706996901441
GGA,1.0198805084703273
GGC,0.17154585607111145
GGG,1.3542033307008958
GGU,0.3868076340260837
GUA,0.4049663880872502
GUC,0.5001148724677894
GUG,2.065953737802774
GUU,0.2851012860273801
UAC,0.534336956202156
UAU,0.791005965933556
UCA,0.3788254540861085
UCC,0.50424975947221
UCG,2.915606219324606
UCU,0.31055962280878036
UGC,0.70426465330512
UGG,0.32204139696275064
UGU,0.9868359043967966
UUA,0.577940925068722
UUC,0.3423077156155782
UUG,0.2538615115771492
UUU,0.5785895815732409
