codon,average_decoding_time
AAA,0.39997772431932294
AAC,0.32663111742218603
AAG,0.2072523926756315
AAU,0.5595811638191186
ACA,0.33786111994308543
ACC,0.41449109654631683
ACG,0.41582684694500793
ACU,0.2106865658946203
AGA,0.09847156348513637
AGC,1.2208712110820001
AGG,1.4033929306712474
AGU,1.5542855462308924
AUA,0.3522147478715114
AUC,0.37816039692382897
AUG,0.34302856360542333
AUU,0.20475438523390452
CAA,0.29989880800041746
CAC,0.36732833359680794
CAG,0.5717225244533245
CAU,0.6063767301962666
CCA,0.33673858081446045
CCC,1.8075560851262076
CCG,1.4890294155616592
CCU,1.7623248923933243
CGA,0.4821402855467133
CGC,0.5092161382425624
CGG,1.2321638646211404
CGU,0.2827178845122836
CUA,1.2358479997412635
CUC,3.403379843632691
CUG,1.088780847949186
CUU,1.1607036670677529
GAA,0.303947976597772
GAC,0.28088457266918004
GAG,0.4671406363638823
GAU,0.5069513485588059
GCA,0.3186168809573313
GCC,0.4809157978090418
GCG,0.7430905852066956
GCU,0.22474564581220635
GGA,1.0236141185139287
GGC,0.17137685876642553
GGG,1.3608205757311747
GGU,0.38682541303008083
GUA,0.4060823184284993
GUC,0.50093176530652
GUG,2.0799693894444617
GUU,0.28288631901119793
UAC,0.535523557284104
UAU,0.7932666970134059
UCA,0.3765111850836487
UCC,0.5076653065990416
UCG,2.896625257386458
UCU,0.3112295261314852
UGC,0.7091914845228251
UGG,0.32408839423593383
UGU,0.9837773771612421
UUA,0.5737915228394853
UUC,0.3408080237094796
UUG,0.30779252174144267
UUU,0.578613163227389
