codon,average_decoding_time
AAA,0.40177905759813143
AAC,0.3271675155002076
AAG,0.12721209151672525
AAU,0.5604043843922524
ACA,0.33705146782484857
ACC,0.4147452570220913
ACG,0.5458020914938049
ACU,0.19624061268094442
AGA,0.09845839398503753
AGC,1.218472651313649
AGG,0.2865226274129601
AGU,1.5660258649631398
AUA,0.35246250876590485
AUC,0.3784028556952471
AUG,0.3743363569642785
AUU,0.19282181742933233
CAA,0.301272286000569
CAC,0.36757564894922223
CAG,2.4301356810884513
CAU,0.6083707378393478
CCA,0.3388623683784399
CCC,1.8142896014988894
CCG,0.43369573224064545
CCU,1.4451465956945557
CGA,0.48254981331966224
CGC,0.5110415902670936
CGG,2.093156249541975
CGU,0.2819650488738214
CUA,1.2335360763433845
CUC,3.4001773101696715
CUG,1.1591350629646016
CUU,3.9770611758835717
GAA,0.2727531668357407
GAC,0.28028389593404945
GAG,1.9358913211966577
GAU,0.5076307413970671
GCA,0.314784622772273
GCC,0.45074352094926473
GCG,0.7102673123201134
GCU,0.23036213034825534
GGA,0.8290189022539006
GGC,0.14878736092332823
GGG,0.6342023492889718
GGU,0.3608022959787206
GUA,0.3251721602478535
GUC,0.41818757980968885
GUG,0.7724629167403076
GUU,0.20069130380516267
UAC,0.36847368515548407
UAU,0.6064448373965106
UCA,0.3727744972591644
UCC,0.46992432640128723
UCG,0.6448191360562812
UCU,0.24453135524395184
UGC,0.5135349864227173
UGG,0.3342026352544366
UGU,0.7643598309742562
UUA,0.5185952202690384
UUC,0.3003113209696379
UUG,0.24247387605257642
UUU,0.5287221893014332
