codon,average_decoding_time
AAA,0.3992043436667214
AAC,0.32788471035981953
AAG,0.1271880074016629
AAU,0.5600663584375368
ACA,0.3377413537385592
ACC,0.41561712037231524
ACG,0.5694676298317165
ACU,0.19562162060685542
AGA,0.09835401171750092
AGC,1.2189851166435437
AGG,1.5815476720146942
AGU,1.5572474930082922
AUA,0.35138138594225565
AUC,0.3761288569629669
AUG,0.41261247339277046
AUU,0.19306355830004582
CAA,0.29797245966297253
CAC,0.3698970295914637
CAG,2.4167613047440732
CAU,0.6061180546795397
CCA,0.33764169156554985
CCC,1.8201315143957455
CCG,0.3876976418722123
CCU,1.4569226501564023
CGA,0.4835539353688233
CGC,0.5109106406931362
CGG,1.3992389343670923
CGU,0.28018665391781467
CUA,1.230658953287455
CUC,3.4112605394396867
CUG,1.0546186761256153
CUU,3.9699054812460894
GAA,0.30449660995109545
GAC,0.2802619226637728
GAG,2.1847483966447245
GAU,0.5082936488044204
GCA,0.31851182096069014
GCC,0.4825809305712173
GCG,0.8525273702558555
GCU,0.25618794585923205
GGA,1.0240715477775655
GGC,0.17188922979585092
GGG,0.681122238881987
GGU,0.3857578302716293
GUA,0.4040877702453437
GUC,0.49869881424253937
GUG,2.085696411328968
GUU,0.2725599424796022
UAC,0.37008948318125556
UAU,0.6063593687731932
UCA,0.37287643759108463
UCC,0.4695951588194367
UCG,0.6488792100932073
UCU,0.2448757431388574
UGC,0.513177040861483
UGG,0.2150745923949139
UGU,0.7641125573284482
UUA,0.5230667738979398
UUC,0.3000607789533972
UUG,0.19412953021818102
UUU,0.5299593769392039
