codon,average_decoding_time
AAA,0.4001229153899812
AAC,0.328021722173838
AAG,0.12810988083397395
AAU,0.5600070428752383
ACA,0.33667995621546926
ACC,0.36218456657154396
ACG,0.5639719589932278
ACU,0.21064997899906873
AGA,0.09818478593604285
AGC,1.225811809478172
AGG,0.2861691225095082
AGU,1.5554702567527179
AUA,0.3514361048480249
AUC,0.3915965743496403
AUG,0.41328082344167655
AUU,0.20549425075919311
CAA,0.4662103000723719
CAC,0.5324494588068874
CAG,3.4723439934339893
CAU,0.7918810240934788
CCA,0.3426134804476008
CCC,2.1967441498537816
CCG,0.45030635164475286
CCU,1.8031842288702205
CGA,0.509300238095489
CGC,0.6315615970554629
CGG,2.1934289190054197
CGU,0.3929613647055561
CUA,1.3629857064458464
CUC,1.2056536037923324
CUG,1.3970157462003583
CUU,1.2919627251484005
GAA,0.3045507046317679
GAC,0.2795872570462766
GAG,2.1626975451808956
GAU,0.5086831766123547
GCA,0.31885853971970435
GCC,0.3686929442601161
GCG,0.8546419991859913
GCU,0.2263155992454788
GGA,1.0251300345849077
GGC,0.17133408674814443
GGG,0.6847390895915432
GGU,0.3854527865768169
GUA,0.40441571192229114
GUC,0.5123507273052773
GUG,2.0857802904420297
GUU,0.28451234168755996
UAC,0.5334197084210048
UAU,0.7914641701531263
UCA,0.3797410127971014
UCC,0.5423913044609372
UCG,0.788337804451006
UCU,0.3114942743445511
UGC,0.704392457197091
UGG,0.35282263541607184
UGU,0.9787039939390982
UUA,0.5778521455369725
UUC,0.34332900031000696
UUG,0.25359832772290597
UUU,0.578696982966997
