codon,average_decoding_time
AAA,0.39922423872363344
AAC,0.32523538993112444
AAG,0.20750189915793504
AAU,0.5586876902177917
ACA,0.33849537429257637
ACC,0.4152017661483127
ACG,0.41879675077661066
ACU,0.1974339153659863
AGA,0.09873426997021562
AGC,1.2197469311446063
AGG,0.27223345318032255
AGU,1.5444713764816387
AUA,0.35114774064631915
AUC,0.3769144761155519
AUG,0.3724232113135111
AUU,0.19184712177679242
CAA,0.29859589955553295
CAC,0.3700134429526713
CAG,0.5724155193710032
CAU,0.6084646481062748
CCA,0.34068934805133916
CCC,1.808846968760157
CCG,1.4871629729401612
CCU,1.4487118807520403
CGA,0.48353850863055386
CGC,0.509720632011158
CGG,1.9090360127581778
CGU,0.2820234386919173
CUA,1.2335064056344385
CUC,3.422059958714363
CUG,1.117760424653565
CUU,3.971141178732645
GAA,0.30402522654773556
GAC,0.27905194082544343
GAG,0.46663782930783587
GAU,0.5069801921495006
GCA,0.3195108103228392
GCC,0.4814182555562276
GCG,0.7428938581059493
GCU,0.2560634379966533
GGA,1.0251081659074073
GGC,0.1707669958975277
GGG,1.3635448976074223
GGU,0.3865169411489523
GUA,0.4054786579835036
GUC,0.49927027791118855
GUG,0.9997230678037538
GUU,0.2722712124268087
UAC,0.3678799079274691
UAU,0.6105702601220222
UCA,0.37273633949975826
UCC,0.4702351681911562
UCG,2.2975887736684633
UCU,0.24696637413712366
UGC,0.5130859087103559
UGG,0.30445266678691657
UGU,0.7701477330990045
UUA,0.515055269989026
UUC,0.2995182861792015
UUG,0.23283112625458166
UUU,0.5306984690186002
