codon,average_decoding_time
AAA,0.4006361764510544
AAC,0.3271135257016634
AAG,0.20727085535450215
AAU,0.557063753510514
ACA,0.33870782067054667
ACC,0.41450412083345106
ACG,0.5468337526276404
ACU,0.19739049012583168
AGA,0.09768650161247808
AGC,1.2222699425108543
AGG,0.2868620952785531
AGU,1.5553426157967507
AUA,0.3517628882903593
AUC,0.37624709982031856
AUG,0.34444960960210746
AUU,0.19156568672501828
CAA,0.2993662025908592
CAC,0.3704380491586348
CAG,0.5720365559774729
CAU,0.6072615006774427
CCA,0.33739591927787865
CCC,1.8034038372933952
CCG,0.43194454280304045
CCU,1.4467174807677021
CGA,0.4812592095458886
CGC,0.5125211596765892
CGG,2.0917654225158064
CGU,0.28161925230539453
CUA,1.2335398874644776
CUC,3.4070807421144504
CUG,1.0992275081575782
CUU,3.9599908690740704
GAA,0.27188068931213266
GAC,0.2791518337812215
GAG,0.4334917842334252
GAU,0.5076875470859648
GCA,0.31464705915843644
GCC,0.4508238345357814
GCG,0.7104171597205831
GCU,0.23008826258234977
GGA,0.828153645167739
GGC,0.1500326755592247
GGG,0.6305843987908745
GGU,0.3622446388595642
GUA,0.32498754881889935
GUC,0.41879530256108793
GUG,1.5574348553212516
GUU,0.199257726379117
UAC,0.3679843233769231
UAU,0.608334220968942
UCA,0.37198759075643223
UCC,0.4688104751700249
UCG,0.646840256687963
UCU,0.24628465488677403
UGC,0.51402236252406
UGG,0.3337239429534644
UGU,0.7661257432062683
UUA,0.5198026073120986
UUC,0.302270187337466
UUG,0.22514532260133924
UUU,0.529995650455586
