codon,average_decoding_time
AAA,0.40034497189918583
AAC,0.32733082498825933
AAG,0.2071037970256389
AAU,0.560211899849128
ACA,0.336828943835561
ACC,0.3611506737043148
ACG,0.5682956611393986
ACU,0.19552218982801656
AGA,0.09809559181137867
AGC,1.217158780509169
AGG,1.5750388137452809
AGU,1.5530914678674965
AUA,0.35155750453768786
AUC,0.3917340676031382
AUG,0.440955686272835
AUU,0.19158762477141816
CAA,0.46673222255057395
CAC,0.5322634645712906
CAG,0.6432919197622902
CAU,0.7855869168791888
CCA,0.3463109696067437
CCC,2.193001554717795
CCG,0.44793666842051666
CCU,1.6256367937866145
CGA,0.5115219852962397
CGC,0.6323810421040427
CGG,2.2012064666190194
CGU,0.39385330810648606
CUA,1.3766265308717263
CUC,1.1998932682815093
CUG,1.466876623589618
CUU,4.446178737769451
GAA,0.3044361270466341
GAC,0.2803549772193966
GAG,0.465740478091322
GAU,0.5086825275806814
GCA,0.31851147157995363
GCC,0.3699889414618151
GCG,0.8520013394924759
GCU,0.25509587660432254
GGA,1.0166915709852975
GGC,0.1706790948712383
GGG,0.687213992223895
GGU,0.38724246416322594
GUA,0.40563735433383047
GUC,0.5129822240564617
GUG,0.9940001322232236
GUU,0.2732736312521429
UAC,0.3705001519822239
UAU,0.6072398957036828
UCA,0.373292197534683
UCC,0.5361953640642091
UCG,0.6456023500115923
UCU,0.2455291055595744
UGC,0.5144947404484561
UGG,0.21380153919286463
UGU,0.7665245404292114
UUA,0.5208637662340174
UUC,0.3008490580280328
UUG,0.21269858858573987
UUU,0.530127714699439
