codon,average_decoding_time
AAA,0.3971126813306178
AAC,0.32614401505813645
AAG,0.20772502431130016
AAU,0.5620733386019962
ACA,0.33745280780180104
ACC,0.4128078553317053
ACG,0.5697257957677113
ACU,0.2109305975920641
AGA,0.09812007746765264
AGC,1.2250255290160343
AGG,0.28731674045523686
AGU,1.544281303934783
AUA,0.3512660165340748
AUC,0.37614230769950446
AUG,0.3741671077760347
AUU,0.20520126836140898
CAA,0.2995870246228085
CAC,0.370385967797804
CAG,0.5729905168260297
CAU,0.6076169149711302
CCA,0.3377075206011766
CCC,1.8098984462227794
CCG,0.38659696532405863
CCU,1.7584617626164714
CGA,0.48158275489192914
CGC,0.5098646104696057
CGG,2.0863255279437065
CGU,0.28299173236863845
CUA,1.246208218917545
CUC,3.4210828061540264
CUG,1.1609739944543807
CUU,1.1619519690031888
GAA,0.30262911600113207
GAC,0.27689691549378004
GAG,0.46526288349075146
GAU,0.5057249666213738
GCA,0.3188567050283016
GCC,0.48150121811929353
GCG,0.8538879800242742
GCU,0.22680635193474755
GGA,1.0268938336949844
GGC,0.1715227304168522
GGG,0.6852890480118006
GGU,0.3862238609819308
GUA,0.4053140161375059
GUC,0.49990586264500164
GUG,0.9921751942402225
GUU,0.2848858602654955
UAC,0.5327974776609824
UAU,0.7904799568694357
UCA,0.3780135070756909
UCC,0.5068151539879341
UCG,0.7903553190391618
UCU,0.3114343712618259
UGC,0.7062184395479794
UGG,0.35491118246516834
UGU,0.9802882854549096
UUA,0.5795811455986895
UUC,0.34113411716892983
UUG,0.3262388602352883
UUU,0.5809131587958897
