codon,average_decoding_time
AAA,0.39821945452363855
AAC,0.32764448779045036
AAG,0.12691040567993978
AAU,0.5573308331232313
ACA,0.33778886949773057
ACC,0.3635555356503184
ACG,0.56581436728315
ACU,0.21082486365636008
AGA,0.09783066898220061
AGC,1.2164855262719605
AGG,0.2864263386172486
AGU,1.555303567845853
AUA,0.3524807408528827
AUC,0.39132231157171926
AUG,0.3440724594527771
AUU,0.20509705169398
CAA,0.4635730739945203
CAC,0.5330269029742087
CAG,3.445177412889437
CAU,0.7917303554299787
CCA,0.34491882309256544
CCC,2.2098406501420254
CCG,0.4495293662155552
CCU,1.7854586408712234
CGA,0.511260165632379
CGC,0.6353392821028025
CGG,2.1973306323733897
CGU,0.39413772377394146
CUA,1.3686657152518318
CUC,1.2112170957691804
CUG,1.4043613164731772
CUU,1.2850485270747036
GAA,0.3036117144880016
GAC,0.2786581631827826
GAG,2.1607660080612665
GAU,0.5079080721798523
GCA,0.31814582969174027
GCC,0.3708230436227636
GCG,0.8487553995830979
GCU,0.22547456661631368
GGA,1.017909034585012
GGC,0.1715254061305242
GGG,0.6835347808282088
GGU,0.3849533163723294
GUA,0.4048931905928483
GUC,0.5134914481075675
GUG,2.067889779632924
GUU,0.28483738040558265
UAC,0.5327325256989995
UAU,0.7896887886262293
UCA,0.376035794476664
UCC,0.5410600739336412
UCG,0.7862718451175043
UCU,0.3105177491839468
UGC,0.7057177649243084
UGG,0.3528261097712742
UGU,0.9793913971190571
UUA,0.5818887956234329
UUC,0.3443132644856949
UUG,0.3081503629558248
UUU,0.5762533028745092
