codon,average_decoding_time
AAA,0.4023492223920349
AAC,0.32767272805150033
AAG,0.12749025440577993
AAU,0.5608996509422525
ACA,0.33847130658030866
ACC,0.36274996434575035
ACG,0.4144069048587973
ACU,0.19636732402945511
AGA,0.09847614254202346
AGC,1.219758399743307
AGG,0.27138368685767167
AGU,1.5573850623288465
AUA,0.35242080800463266
AUC,0.39039804693134306
AUG,0.3716006452676012
AUU,0.1916149260488939
CAA,0.4643261172122431
CAC,0.5348711628185324
CAG,3.4558320089761323
CAU,0.7866070561540579
CCA,0.34367380256975316
CCC,2.1945194595295643
CCG,1.8457881084805885
CCU,1.6279443430016467
CGA,0.507752495772188
CGC,0.6330127069193074
CGG,2.0275992402306082
CGU,0.3917959353481593
CUA,1.3727088022834801
CUC,1.2047123190811404
CUG,1.4631130969595714
CUU,4.4590493090600685
GAA,0.30318687812011524
GAC,0.28110344655246766
GAG,2.1546674064401934
GAU,0.5067201059244713
GCA,0.31752211271807745
GCC,0.3701883208350873
GCG,0.7429102660699028
GCU,0.25664251281253103
GGA,1.0248256960665776
GGC,0.17075414279495138
GGG,1.362565822758839
GGU,0.38755861544372766
GUA,0.40566040317724195
GUC,0.5129121227483102
GUG,0.992376667931695
GUU,0.27326568621265085
UAC,0.3706380090530073
UAU,0.6084178454092355
UCA,0.3741509240151188
UCC,0.5354410155657883
UCG,2.308274211755692
UCU,0.24548622296554076
UGC,0.5108858440987929
UGG,0.3038318913534872
UGU,0.7689948461207949
UUA,0.5217460179229833
UUC,0.29808444350306496
UUG,0.23203401675569763
UUU,0.5278138990936393
