codon,average_decoding_time
AAA,0.3998983749791226
AAC,0.3268968892915207
AAG,0.20619015081039632
AAU,0.5572137238911316
ACA,0.3391513597966826
ACC,0.41404262722498103
ACG,0.5494065641773347
ACU,0.21036205160237775
AGA,0.09813616742830364
AGC,1.2232118779864682
AGG,1.5755427401008992
AGU,1.555802163435445
AUA,0.35167003581631345
AUC,0.37678458311799934
AUG,0.37439682314464934
AUU,0.20489071142908177
CAA,0.3014858824364673
CAC,0.3711117572511121
CAG,0.5732921995188317
CAU,0.6069928466984056
CCA,0.3388209146673381
CCC,1.8022415284505784
CCG,0.4321795888082822
CCU,1.768785361528396
CGA,0.4812466265654637
CGC,0.5106006728475138
CGG,1.4074431784851515
CGU,0.2837887829913948
CUA,1.233012087941168
CUC,3.3893244157855165
CUG,1.1199870502110778
CUU,1.1587876410424627
GAA,0.27260515573304384
GAC,0.279264800768985
GAG,0.4324745572606933
GAU,0.5065189232249363
GCA,0.3166266498184576
GCC,0.4524178877226885
GCG,0.7097890914740763
GCU,0.20701625729682033
GGA,0.828152114289702
GGC,0.14879513101993527
GGG,0.6333990640212512
GGU,0.361323857270727
GUA,0.3243440630595291
GUC,0.4179732238610627
GUG,0.7679271627068344
GUU,0.21199565915856128
UAC,0.5321231604277024
UAU,0.7909221971585654
UCA,0.3764380974776903
UCC,0.505572207176602
UCG,0.7838875214081384
UCU,0.31083256133864823
UGC,0.7032461381237581
UGG,0.3515871998232017
UGU,0.9790494785968289
UUA,0.5774651628356828
UUC,0.34185988761112035
UUG,0.3259550418654046
UUU,0.579941119990533
