codon,average_decoding_time
AAA,0.39933553392176857
AAC,0.32656223215269004
AAG,0.12664058685385218
AAU,0.562449010879864
ACA,0.33869960140463756
ACC,0.36118889626840467
ACG,0.568722866070905
ACU,0.21062566396995078
AGA,0.09840386541747771
AGC,1.223733002766216
AGG,1.5752552539481086
AGU,1.5589010205222178
AUA,0.3525096325648266
AUC,0.3906223787949893
AUG,0.4458738379501847
AUU,0.2065955183399506
CAA,0.4651724658924266
CAC,0.5349336438754947
CAG,3.45997552925823
CAU,0.7900912256437853
CCA,0.34515272529889013
CCC,2.185789758139859
CCG,0.4480180328169521
CCU,1.7859757845854463
CGA,0.5105055638544169
CGC,0.6327152767415242
CGG,2.196202661147094
CGU,0.3926097608229026
CUA,1.3741967336875753
CUC,1.2070015926435522
CUG,1.4673141666487663
CUU,1.2907869790153983
GAA,0.304628693505929
GAC,0.2797970259151284
GAG,2.1593392431553116
GAU,0.5054492359794889
GCA,0.31848663234069247
GCC,0.3700590532683555
GCG,0.8515716329023181
GCU,0.22644247239502344
GGA,1.017026962196686
GGC,0.17092680010959815
GGG,0.6861663753351066
GGU,0.3870422873837617
GUA,0.4048721883758415
GUC,0.5130083168923177
GUG,0.9935799450479016
GUU,0.2852137774388996
UAC,0.5325473745036163
UAU,0.7848136315983504
UCA,0.3772402573309707
UCC,0.5407840388110948
UCG,0.7869997454319361
UCU,0.31017510668462217
UGC,0.7055386480106859
UGG,0.3528260475004781
UGU,0.9803697313799964
UUA,0.5780653838896931
UUC,0.3414808880733805
UUG,0.2649924837954217
UUU,0.5780523534827646
