codon,average_decoding_time
AAA,0.40060139176567733
AAC,0.32525198753578727
AAG,0.1269442886379281
AAU,0.5620213471872691
ACA,0.33748214502816815
ACC,0.4142524204497195
ACG,0.568511122789207
ACU,0.20959741859765094
AGA,0.0985703778541386
AGC,1.216463470260076
AGG,1.5723620497052322
AGU,1.549667200447089
AUA,0.3506306065956824
AUC,0.3760521645682885
AUG,0.44023206772705126
AUU,0.20481526303470193
CAA,0.2981478068377621
CAC,0.3694363565458285
CAG,2.4176058458035397
CAU,0.6067393181146937
CCA,0.3381475176881014
CCC,1.805650406637095
CCG,0.3885762274206282
CCU,1.7580287307089657
CGA,0.4826950443859303
CGC,0.5106883769264247
CGG,1.4015807320750995
CGU,0.2810177979931098
CUA,1.242307428732257
CUC,3.4057405379285473
CUG,1.1618261055315402
CUU,1.1616477307169584
GAA,0.3043121701374567
GAC,0.27835646094768257
GAG,2.160598995562644
GAU,0.5070574263807974
GCA,0.3189138045448904
GCC,0.48289141933736807
GCG,0.8560348517108978
GCU,0.22590010037819036
GGA,1.018727382364501
GGC,0.17083546919321518
GGG,0.6794044702535837
GGU,0.3864860183529918
GUA,0.4052532198707427
GUC,0.49813467436906717
GUG,0.998378029995603
GUU,0.2842098085663346
UAC,0.5321665438754501
UAU,0.786516688253822
UCA,0.3786573277500622
UCC,0.5049238757706738
UCG,0.788122736358409
UCU,0.3105725056550478
UGC,0.7049549108604665
UGG,0.35548905807406556
UGU,0.9816912785637699
UUA,0.5802696979726676
UUC,0.3430724621998118
UUG,0.2645698068225665
UUU,0.577329145078023
