codon,average_decoding_time
AAA,0.397820900497275
AAC,0.3264156705108256
AAG,0.20799074671586434
AAU,0.559180342448695
ACA,0.33840066186261536
ACC,0.4150890253138337
ACG,0.4150663494462416
ACU,0.19679960340089553
AGA,0.09814926473071194
AGC,1.2156886744993616
AGG,0.27153433967868235
AGU,1.5557619078305245
AUA,0.3511302818981684
AUC,0.3778348064413925
AUG,0.34496733244073197
AUU,0.19210893138669843
CAA,0.29986115792876383
CAC,0.3685697908143127
CAG,0.572498392266798
CAU,0.6066312602562787
CCA,0.33730307011694394
CCC,1.8082087348912965
CCG,1.4806039376415339
CCU,1.4507072801846035
CGA,0.4795880112389444
CGC,0.5082735883797781
CGG,1.9120796519851093
CGU,0.28401864191633647
CUA,1.2365411111971698
CUC,3.4010382591944572
CUG,1.0956586361415686
CUU,3.99487248179888
GAA,0.30331465275160896
GAC,0.27791035341302367
GAG,0.46658560212932354
GAU,0.5060096950270024
GCA,0.3188300426282566
GCC,0.4822731875635095
GCG,0.7438525472401163
GCU,0.2561266943817973
GGA,1.0228181775865968
GGC,0.17140972794904427
GGG,1.3589182845523389
GGU,0.38819914339371264
GUA,0.4057636591520087
GUC,0.49972986771449446
GUG,2.073434227704697
GUU,0.2718965651800184
UAC,0.37058737501552474
UAU,0.6084902307610552
UCA,0.37147936050727975
UCC,0.46839750109915
UCG,2.3236920220675703
UCU,0.2457346483902019
UGC,0.5138990189075473
UGG,0.3049775870874893
UGU,0.7676735658665712
UUA,0.5172311173940122
UUC,0.3028249500688677
UUG,0.22593868386643107
UUU,0.5304809966676024
