codon,average_decoding_time
AAA,0.40013008888204726
AAC,0.32672264079584085
AAG,0.20732173792016653
AAU,0.5584816315984745
ACA,0.33783724824754785
ACC,0.3610364435161126
ACG,0.4169963148096346
ACU,0.21073494180950125
AGA,0.09819944190924487
AGC,1.2283072726298778
AGG,0.2714853231493728
AGU,1.5506525939801528
AUA,0.35232489112330884
AUC,0.3901034129664719
AUG,0.41354306251463807
AUU,0.20624872578766956
CAA,0.4619089234307596
CAC,0.5347134323320557
CAG,0.6472581626942062
CAU,0.7904943113860678
CCA,0.34647097405231725
CCC,2.182095875331325
CCG,1.842684986664159
CCU,1.789669039519122
CGA,0.5127123114948611
CGC,0.633955708907573
CGG,2.023138586587618
CGU,0.3911504591090092
CUA,1.3748606435825728
CUC,1.2141258580995005
CUG,1.4000623531011356
CUU,1.2837830671675636
GAA,0.3050141721635374
GAC,0.2780538131662166
GAG,0.4631427506685382
GAU,0.5061113769669349
GCA,0.31902588488755357
GCC,0.3699006293123908
GCG,0.7420878117217335
GCU,0.22581438105546392
GGA,1.0235106972040948
GGC,0.1714159999185337
GGG,1.3726928285006492
GGU,0.3877040347555834
GUA,0.40532249617792865
GUC,0.5143343853401173
GUG,2.0787239990305406
GUU,0.28478986092842884
UAC,0.5328966397715469
UAU,0.7899319647123272
UCA,0.3784265206255337
UCC,0.5419526557083821
UCG,2.9231441163283116
UCU,0.3094402719369451
UGC,0.7076912936134095
UGG,0.3236346719538727
UGU,0.9785964781036408
UUA,0.5744001239961537
UUC,0.3433716689952589
UUG,0.25320941575334405
UUU,0.5761850988462157
