codon,average_decoding_time
AAA,0.39953392851863084
AAC,0.32941920430357857
AAG,0.12615895787112955
AAU,0.560062717491698
ACA,0.3379475989383428
ACC,0.4155314967855904
ACG,0.41467134314575216
ACU,0.21019469259097304
AGA,0.09821928453665475
AGC,1.2167657549716244
AGG,0.27098183294180966
AGU,1.5534760586313316
AUA,0.3516732352489532
AUC,0.37620917657964614
AUG,0.3728589920550758
AUU,0.20583376341058734
CAA,0.29869446468373984
CAC,0.369538647907531
CAG,2.406027954885359
CAU,0.6078704233894479
CCA,0.33961690162538916
CCC,1.8109130237246704
CCG,1.4906027906026298
CCU,1.7655513858407208
CGA,0.4806626144874907
CGC,0.5086811950786789
CGG,1.9108630105293556
CGU,0.28155894184132574
CUA,1.2374275715664944
CUC,3.39791038614196
CUG,1.1218993246709086
CUU,1.1668487691792813
GAA,0.30300181171645185
GAC,0.27945163200486
GAG,2.1637786700917094
GAU,0.5071780122427989
GCA,0.31894917540469936
GCC,0.4824331982727305
GCG,0.7438152301409644
GCU,0.22756216978317315
GGA,1.0246692349723934
GGC,0.17046454605305134
GGG,1.371547472304476
GGU,0.38728735061291314
GUA,0.4065527587973576
GUC,0.5008593071120696
GUG,0.9920743900568505
GUU,0.28400873586461717
UAC,0.5330687306773552
UAU,0.7918518973368596
UCA,0.37837899676948933
UCC,0.5058505751219329
UCG,2.9124857564067144
UCU,0.31039266942226434
UGC,0.7055812301763198
UGG,0.321499344132104
UGU,0.9835107750782314
UUA,0.5779159946659919
UUC,0.3432061782080524
UUG,0.3249795390421779
UUU,0.5770909739616582
