codon,average_decoding_time
AAA,0.39823462192666337
AAC,0.325995879961845
AAG,0.1266501945825065
AAU,0.5577293390354334
ACA,0.3377161316315504
ACC,0.3608644627453664
ACG,0.5472395331011078
ACU,0.21123696019340532
AGA,0.09827257404629794
AGC,1.2231094391191075
AGG,0.2873984739472419
AGU,1.5523282701924856
AUA,0.35023558553278644
AUC,0.39178292099068646
AUG,0.3440564593249658
AUU,0.2048017594591392
CAA,0.4646995102697438
CAC,0.5339394883913748
CAG,3.4615863332935066
CAU,0.7866394157545992
CCA,0.3459795637117197
CCC,2.1820038377842934
CCG,0.5049320930880272
CCU,1.793105946143193
CGA,0.5098363689543867
CGC,0.634704891184041
CGG,2.1906635607255494
CGU,0.3950781106794152
CUA,1.3746732048238046
CUC,1.2016200568580566
CUG,1.4005632968116388
CUU,1.2872781482230307
GAA,0.2718473542717014
GAC,0.27885385960635756
GAG,1.932198116280973
GAU,0.5060132285154578
GCA,0.31572142666077374
GCC,0.3502385418693292
GCG,0.7119319318441503
GCU,0.20708885082168846
GGA,0.8235460964761868
GGC,0.14816753149507525
GGG,0.6314782518713837
GGU,0.36148540064573265
GUA,0.3241410039872485
GUC,0.43297925655803454
GUG,1.5598142638774042
GUU,0.21257603259666585
UAC,0.5339196503759203
UAU,0.787128727227233
UCA,0.3778017036610488
UCC,0.5421074408926552
UCG,0.7921066152723057
UCU,0.31048650134190664
UGC,0.7076877568553303
UGG,0.353677595313606
UGU,0.9812197794843036
UUA,0.5752055620832909
UUC,0.34410404995018695
UUG,0.30963416246303255
UUU,0.5781199707586583
