codon,average_decoding_time
AAA,0.40137772406548616
AAC,0.3267672398442513
AAG,0.12775430780270775
AAU,0.5614109807084174
ACA,0.33691996295170995
ACC,0.4154695218734093
ACG,0.5465205219988064
ACU,0.19760998477309213
AGA,0.09827940443697766
AGC,1.2252960282849032
AGG,1.5741721198016891
AGU,1.5590733762799442
AUA,0.3511824470104257
AUC,0.37744764098113237
AUG,0.37356155763251053
AUU,0.19250276878481737
CAA,0.2999573480389555
CAC,0.37301723183210533
CAG,2.419279847119278
CAU,0.6102798135663008
CCA,0.3373906845155017
CCC,1.810674333700319
CCG,0.43215601403491843
CCU,1.4542916056745925
CGA,0.48243858293278485
CGC,0.5102983649643802
CGG,1.4085018191607779
CGU,0.2816770434555409
CUA,1.24031887543355
CUC,3.3846839972502525
CUG,1.1159968467074612
CUU,3.9608977140600135
GAA,0.27239390727166846
GAC,0.27890748285018496
GAG,1.9285444991697642
GAU,0.5057923832350361
GCA,0.31549945040205335
GCC,0.4513307887811014
GCG,0.7136880169622837
GCU,0.22847987106711418
GGA,0.8313691764436012
GGC,0.14926255288303394
GGG,0.6338569835245265
GGU,0.36222142983332756
GUA,0.3239236564520198
GUC,0.41782337540366626
GUG,0.7712434241818651
GUU,0.199633179069704
UAC,0.37221486060407655
UAU,0.6088180567731769
UCA,0.37397247936291117
UCC,0.4693047736573961
UCG,0.647072486437961
UCU,0.2454980464041086
UGC,0.516567574043887
UGG,0.21363359279891966
UGU,0.7680026507106061
UUA,0.5176097548699711
UUC,0.3014611963227521
UUG,0.22957622340649728
UUU,0.5306683899226481
