codon,average_decoding_time
AAA,0.39816050173240297
AAC,0.32745406001292077
AAG,0.12687277282979234
AAU,0.5594566913525627
ACA,0.3387467656718929
ACC,0.41476545982710666
ACG,0.5685123584742938
ACU,0.211634076623426
AGA,0.09802736251018168
AGC,1.2225845523354042
AGG,0.2870945564501408
AGU,1.5489373679878748
AUA,0.3514447724460735
AUC,0.3773014791806738
AUG,0.4139366802917081
AUU,0.20571085021990312
CAA,0.29912228168420163
CAC,0.3686720315573888
CAG,2.429430660638713
CAU,0.6095237187725523
CCA,0.3398532902488491
CCC,1.8140027168370845
CCG,0.3892874104707777
CCU,1.7653151115070482
CGA,0.4798963956480557
CGC,0.5096211422910355
CGG,2.0932745553482803
CGU,0.282080952288885
CUA,1.2415461477413712
CUC,3.4026478870944956
CUG,1.0885525525376958
CUU,1.160343575661824
GAA,0.3035794877757701
GAC,0.27945036634838377
GAG,2.167503604276658
GAU,0.5068646724856729
GCA,0.3196525806894966
GCC,0.4825196880964572
GCG,0.8602631276277732
GCU,0.22643972420916222
GGA,1.0230672022937992
GGC,0.17002014688057512
GGG,0.6841528289589027
GGU,0.3858894453670473
GUA,0.4035432532153342
GUC,0.49997189204413633
GUG,2.077023963976935
GUU,0.28492302059165014
UAC,0.5309813279710756
UAU,0.7896897537489884
UCA,0.37736116815334725
UCC,0.5035101994222096
UCG,0.7880957938463813
UCU,0.3096076914725737
UGC,0.7030225250231797
UGG,0.35395725044912457
UGU,0.9833406593362175
UUA,0.5793755973012666
UUC,0.343921690672388
UUG,0.2537336811976933
UUU,0.5769013865185109
