codon,average_decoding_time
AAA,0.4010181339890317
AAC,0.3261584491370278
AAG,0.2071348511195613
AAU,0.5593451195724376
ACA,0.3371050010257833
ACC,0.36154196988403337
ACG,0.5653828194947306
ACU,0.2098293318006031
AGA,0.09799615489903732
AGC,1.2267887169632623
AGG,1.5754017434579664
AGU,1.554593895314709
AUA,0.3518001220822056
AUC,0.39082235314245867
AUG,0.4127208267551703
AUU,0.20687134724040465
CAA,0.466559231107645
CAC,0.5302721832270764
CAG,0.6443760657221465
CAU,0.7929754450400365
CCA,0.3439455550394322
CCC,2.1946401495898153
CCG,0.4462456900154034
CCU,1.7983174066748306
CGA,0.5097935104400616
CGC,0.6310632094920242
CGG,2.1898974252471923
CGU,0.3916465926578132
CUA,1.366282829404964
CUC,1.207025077286681
CUG,1.4020552900440089
CUU,1.2875738772000629
GAA,0.3037330809825223
GAC,0.27957125950138184
GAG,0.4641928582101372
GAU,0.5068089941787709
GCA,0.31859445134714853
GCC,0.3700515873088581
GCG,0.8514137374216404
GCU,0.2261288413886803
GGA,1.0218708804030796
GGC,0.17138855742100917
GGG,0.6825034659710237
GGU,0.3849620149009482
GUA,0.4060886629841003
GUC,0.5141878802046351
GUG,2.075127870152102
GUU,0.28516493292307665
UAC,0.5308016066631073
UAU,0.7889081763849833
UCA,0.37871481213073604
UCC,0.5421619439693166
UCG,0.7940760089646324
UCU,0.3099717504291605
UGC,0.7086023190000581
UGG,0.3517543159527238
UGU,0.9832962808127002
UUA,0.5784255952168925
UUC,0.34285330081862814
UUG,0.2533467524569638
UUU,0.5756070665707226
