codon,average_decoding_time
AAA,0.3997825761364951
AAC,0.32726999365332193
AAG,0.12689304564472983
AAU,0.5607099857930502
ACA,0.3373067948629887
ACC,0.4145947572537428
ACG,0.5488640018675988
ACU,0.2109851149038178
AGA,0.09778819280788992
AGC,1.2241729623149118
AGG,1.5799778627314391
AGU,1.5515702878758746
AUA,0.3531702793484113
AUC,0.37674576581120545
AUG,0.44270264553510924
AUU,0.20444925433122477
CAA,0.3014551994251404
CAC,0.36947035713930976
CAG,2.439771581615171
CAU,0.6066407336160882
CCA,0.3377966060988757
CCC,1.807881670579678
CCG,0.43386439170870794
CCU,1.77585788455819
CGA,0.48217222139842497
CGC,0.5071730230342283
CGG,1.402176329849431
CGU,0.28224586827706455
CUA,1.2346548102418617
CUC,3.406979902879233
CUG,1.1244182760288814
CUU,1.1560392328115245
GAA,0.27174289763034687
GAC,0.28003985839578793
GAG,1.93056445357204
GAU,0.5065758389651929
GCA,0.3162854485646309
GCC,0.45122420243393646
GCG,0.7076558454785806
GCU,0.20789181972322562
GGA,0.8310459416647735
GGC,0.14849321743019164
GGG,0.6355450185794435
GGU,0.36110082304742963
GUA,0.3250337229488515
GUC,0.41690636854488183
GUG,0.8570973596691712
GUU,0.21223484543055132
UAC,0.5320241956694933
UAU,0.789971256180993
UCA,0.37778703429465366
UCC,0.5055527985461254
UCG,0.7860701542604854
UCU,0.3109340346687759
UGC,0.7047251666828526
UGG,0.35452409449921957
UGU,0.9865599630353165
UUA,0.5741209718339957
UUC,0.34527201682644104
UUG,0.262203028108282
UUU,0.5815253685072819
