codon,average_decoding_time
AAA,0.3999467203978221
AAC,0.326944945547069
AAG,0.1275392697924274
AAU,0.559924408334418
ACA,0.33750827998525795
ACC,0.3620541356414812
ACG,0.5693103320494002
ACU,0.2103212076028678
AGA,0.09808117900360958
AGC,1.2225342627432376
AGG,1.5695399661657143
AGU,1.5475867749817163
AUA,0.35200883066880034
AUC,0.3926774814347744
AUG,0.34306246080240504
AUU,0.20566980850902397
CAA,0.4647187312730348
CAC,0.53629541014399
CAG,3.4571492656519967
CAU,0.790963554012019
CCA,0.3453185776507377
CCC,2.1845441772329885
CCG,0.4479346119182407
CCU,1.7991109088454733
CGA,0.5104561736677062
CGC,0.6331413489850788
CGG,2.182412427409509
CGU,0.3934647281764436
CUA,1.364247191119318
CUC,1.209559850227644
CUG,1.3979104942661797
CUU,1.2861674462372326
GAA,0.30388120645764594
GAC,0.2792062063841146
GAG,2.1470831737628115
GAU,0.5056481915442235
GCA,0.31796026064003585
GCC,0.3700292911191065
GCG,0.85073366804587
GCU,0.2257613099449689
GGA,1.0256191286616485
GGC,0.17111668842058878
GGG,0.6856977074616487
GGU,0.3881573500161577
GUA,0.4060378870231373
GUC,0.5149554812405726
GUG,2.068645950430128
GUU,0.2848725850111915
UAC,0.5349205024786893
UAU,0.7873092630868954
UCA,0.37818228168880336
UCC,0.5414599570279607
UCG,0.7890617601486842
UCU,0.3111837962439462
UGC,0.702002638013614
UGG,0.35319217862585306
UGU,0.9778542592825122
UUA,0.5773805487837944
UUC,0.3423695199537565
UUG,0.3088551593691818
UUU,0.5790581759449762
