codon,average_decoding_time
AAA,0.3991696827762474
AAC,0.32569749428327033
AAG,0.1269778054502507
AAU,0.5584239544885489
ACA,0.3380353512431998
ACC,0.36014937919553364
ACG,0.4171947229032644
ACU,0.2103601713861991
AGA,0.09745696712508839
AGC,1.2149490908932452
AGG,1.398921609798936
AGU,1.5602242511862414
AUA,0.35229697127799225
AUC,0.39038705309140576
AUG,0.41256548163824774
AUU,0.2056825583447239
CAA,0.4650541374806425
CAC,0.5354533150613753
CAG,3.4569939194686756
CAU,0.7916356793982113
CCA,0.34529915660319743
CCC,2.196834323160933
CCG,1.8504025817811336
CCU,1.7938814521647566
CGA,0.5096055158043541
CGC,0.6313022860501789
CGG,2.0279048327770868
CGU,0.3930037703139877
CUA,1.360993667207419
CUC,1.213222373583186
CUG,1.396496726925692
CUU,1.297554473722261
GAA,0.30448099974732346
GAC,0.28157709860863245
GAG,2.1561511723766724
GAU,0.5069726802748172
GCA,0.31806745695838445
GCC,0.3709672322334255
GCG,0.7449191170856078
GCU,0.2265699071583838
GGA,1.0179537636519933
GGC,0.17096067633825493
GGG,1.3687133141264651
GGU,0.38633012922823773
GUA,0.4047046083609619
GUC,0.5163131292654759
GUG,2.069284880136627
GUU,0.2859325095530182
UAC,0.5307898648297166
UAU,0.7882577864033113
UCA,0.3762784523979115
UCC,0.5392573225298403
UCG,2.928865728279314
UCU,0.312100645312226
UGC,0.7001980458077727
UGG,0.32120310298974014
UGU,0.9790187028492537
UUA,0.5770693756337542
UUC,0.34534657485897224
UUG,0.2525826409155859
UUU,0.5789150768979259
