codon,average_decoding_time
AAA,0.39627624469417605
AAC,0.32601621122917224
AAG,0.12740418112069324
AAU,0.5597619794136995
ACA,0.3377393005096138
ACC,0.41407266381332947
ACG,0.5661858233500779
ACU,0.21091578585514514
AGA,0.09817063281700968
AGC,1.223124930357283
AGG,0.2878673850932174
AGU,1.5575693313854326
AUA,0.35224176270901386
AUC,0.3779466393166083
AUG,0.4430304532426688
AUU,0.20551264021521096
CAA,0.300804993160528
CAC,0.3699920106881726
CAG,2.4126077322754504
CAU,0.6076149173802704
CCA,0.33778840565254875
CCC,1.8068320819932757
CCG,0.38899876045717147
CCU,1.7741834644973864
CGA,0.4815004055603956
CGC,0.5093510810667974
CGG,2.0808369254422416
CGU,0.2835615047441061
CUA,1.238976726926582
CUC,3.4183895311907975
CUG,1.1613766169461655
CUU,1.1609469696549142
GAA,0.304251543128907
GAC,0.2785769621516677
GAG,2.1641313846758305
GAU,0.5088951538569382
GCA,0.31775494453623926
GCC,0.4799814964487577
GCG,0.8550732084568846
GCU,0.2258097307808573
GGA,1.0269014354955173
GGC,0.1717996224820026
GGG,0.6820190433859993
GGU,0.3870482619299061
GUA,0.40583621881826437
GUC,0.49760000921084196
GUG,0.9955354182403419
GUU,0.28592803489518465
UAC,0.5310282537166149
UAU,0.7908467769139487
UCA,0.37657844219619996
UCC,0.5062455620713593
UCG,0.787811130898758
UCU,0.3115238899959947
UGC,0.7034174509434281
UGG,0.35391121712632834
UGU,0.9852310210783093
UUA,0.5782734333885527
UUC,0.3423035707917638
UUG,0.2634631332587582
UUU,0.576579269604814
