codon,average_decoding_time
AAA,0.3990280518381088
AAC,0.32580487305815026
AAG,0.1274056547201548
AAU,0.5621098204831929
ACA,0.33897659809654057
ACC,0.4128498764047622
ACG,0.41624828887166243
ACU,0.1973261505270759
AGA,0.09840229817035254
AGC,1.2194773237578433
AGG,1.4095925235848765
AGU,1.5588745136526547
AUA,0.35266061096865653
AUC,0.37620662191176185
AUG,0.44339266911791764
AUU,0.1927589058561839
CAA,0.2988511905660473
CAC,0.3691291788361278
CAG,2.4233826984377242
CAU,0.6099316082643313
CCA,0.33752322996991985
CCC,1.8052232054018211
CCG,1.490595269510955
CCU,1.4564119850866828
CGA,0.4801858910618499
CGC,0.510046277295726
CGG,1.2283632764807682
CGU,0.2842716661737405
CUA,1.2433677796948948
CUC,3.4117480607955986
CUG,1.1185564465426878
CUU,3.9948919709672044
GAA,0.30194489126379426
GAC,0.279918082625696
GAG,2.153295343860016
GAU,0.5053612878580075
GCA,0.3194895310505824
GCC,0.4807052912722927
GCG,0.744736308162766
GCU,0.2559825393310322
GGA,1.0244768076649742
GGC,0.17025951613785317
GGG,1.3617080905683487
GGU,0.38750503569964584
GUA,0.4068290854572349
GUC,0.4993495298415172
GUG,0.998791889789963
GUU,0.2722136655429849
UAC,0.36893732630678117
UAU,0.6079818810610843
UCA,0.37303836004610114
UCC,0.47058575865203656
UCG,2.3082099838278034
UCU,0.24504235507762318
UGC,0.5114484581445335
UGG,0.1833695174404181
UGU,0.7640092347238262
UUA,0.5196367309611004
UUC,0.299120087309852
UUG,0.2056406059015335
UUU,0.5300938752632877
