codon,average_decoding_time
AAA,0.3986196214664773
AAC,0.3267777805929636
AAG,0.20705760686729072
AAU,0.5608945903973679
ACA,0.3367920172299564
ACC,0.36126087635801424
ACG,0.4169111241968051
ACU,0.2100753060297808
AGA,0.09807640083179243
AGC,1.2251540126912128
AGG,0.27216097581933796
AGU,1.5549406080114032
AUA,0.35212831618444546
AUC,0.3917269098391488
AUG,0.343823828530297
AUU,0.20414483006987913
CAA,0.46426631557647596
CAC,0.5356394535214394
CAG,0.6470259948275995
CAU,0.7913063908971661
CCA,0.3446951118794119
CCC,2.191884797824262
CCG,1.8386248042697937
CCU,1.790964511354022
CGA,0.5107684147102315
CGC,0.6338634083157655
CGG,2.017676934811378
CGU,0.3958202111802436
CUA,1.3642349531905682
CUC,1.1983180293496176
CUG,1.393972316615784
CUU,1.2932781908095352
GAA,0.3020980969860395
GAC,0.27788617676453586
GAG,0.4661514285489125
GAU,0.5085244220737476
GCA,0.31840908659497524
GCC,0.37057418982193996
GCG,0.7391566310832801
GCU,0.22649448411082357
GGA,1.0257742012375273
GGC,0.17098068273619832
GGG,1.36565469095204
GGU,0.38703631129557353
GUA,0.4057288461468525
GUC,0.5142145592563294
GUG,2.0759789595702
GUU,0.2840577575360485
UAC,0.5285341261119434
UAU,0.7900322434660415
UCA,0.3770410490216734
UCC,0.5430770436632317
UCG,2.9043848764761067
UCU,0.3106638555613476
UGC,0.7039727631393484
UGG,0.32495739679179064
UGU,0.981777192691401
UUA,0.5760819293782571
UUC,0.3445516766841832
UUG,0.3079949382022481
UUU,0.5773790897524668
