codon,average_decoding_time
AAA,0.4001036058788402
AAC,0.32693136284961943
AAG,0.20810390185831207
AAU,0.5587675854924375
ACA,0.3386027967853869
ACC,0.41555317709232115
ACG,0.5699519161437104
ACU,0.19622112266262598
AGA,0.09816510226137254
AGC,1.2232792720597754
AGG,1.5738876602622907
AGU,1.5644773050389649
AUA,0.35079609611169593
AUC,0.37757473848554524
AUG,0.34344292432176105
AUU,0.19197791359202176
CAA,0.3010462852300837
CAC,0.3711562304315158
CAG,0.5718224749754992
CAU,0.6067624549717098
CCA,0.33815572810479455
CCC,1.8055154841219974
CCG,0.38829102997310233
CCU,1.4414408688673
CGA,0.4819917375242804
CGC,0.5128555252134288
CGG,1.4020617520509422
CGU,0.282996195372111
CUA,1.2353102451659361
CUC,3.3805076080630236
CUG,1.0551770906887463
CUU,3.971893061588665
GAA,0.3032764132718574
GAC,0.2787983908285605
GAG,0.4650579013008083
GAU,0.5039825424415687
GCA,0.318711903143624
GCC,0.4808973522134603
GCG,0.8504096059856926
GCU,0.2576859291258158
GGA,1.0280191823377938
GGC,0.16995747346555531
GGG,0.6872513642086604
GGU,0.3872501137373321
GUA,0.4023941324011413
GUC,0.49985491666561094
GUG,2.0770608027173476
GUU,0.271699555361202
UAC,0.3667442995467081
UAU,0.6078696190859549
UCA,0.3716349639743395
UCC,0.4696052197806622
UCG,0.6468701399160818
UCU,0.2472061227827406
UGC,0.5117235864740429
UGG,0.21316449238761778
UGU,0.7675392496471641
UUA,0.5177615701421293
UUC,0.2996245151821363
UUG,0.21330007189731917
UUU,0.530789119572695
