codon,average_decoding_time
AAA,0.39848519423757733
AAC,0.3255671029381232
AAG,0.1273908177960287
AAU,0.5589140359285135
ACA,0.338586695720395
ACC,0.41579672600440487
ACG,0.5481491550770033
ACU,0.19707766693583265
AGA,0.09803512591108415
AGC,1.2182102128204852
AGG,1.5661605329513546
AGU,1.5658111836472302
AUA,0.3516890468654207
AUC,0.37611107286642487
AUG,0.4424668037295034
AUU,0.19294713489409737
CAA,0.30015747496584516
CAC,0.3684461029473606
CAG,2.423106981476999
CAU,0.6053863582856931
CCA,0.3370851518317847
CCC,1.8120513996670322
CCG,0.43190659640600837
CCU,1.4542288532566725
CGA,0.4820156749212416
CGC,0.5097137274091322
CGG,1.3984327650512836
CGU,0.2820200679955015
CUA,1.2348177629452526
CUC,3.4003243131570144
CUG,1.1602091043030012
CUU,3.9745027010625478
GAA,0.2703967039711725
GAC,0.27837320140683675
GAG,1.9307279254101077
GAU,0.5058893333306618
GCA,0.31515653724538845
GCC,0.4503034948058677
GCG,0.7127053123693589
GCU,0.2294357987327564
GGA,0.8272562997118196
GGC,0.148562056416526
GGG,0.6325338846177591
GGU,0.36212874851826493
GUA,0.32496227660940696
GUC,0.41667435619309345
GUG,0.860411395708359
GUU,0.20017747831988317
UAC,0.37193690929775364
UAU,0.6074205899676695
UCA,0.3741794549719623
UCC,0.46835125792597404
UCG,0.6477609804624103
UCU,0.24526149874746658
UGC,0.5149441024765766
UGG,0.2140249761209405
UGU,0.7712769202264438
UUA,0.5184515492028671
UUC,0.29967037741705027
UUG,0.21120994753495076
UUU,0.5301055332637185
