codon,average_decoding_time
AAA,0.4001797709429985
AAC,0.32693895570896253
AAG,0.1263738483378451
AAU,0.5600654014620666
ACA,0.33762321941773926
ACC,0.41484427488147985
ACG,0.5466280537649052
ACU,0.2092110573885617
AGA,0.09754320398452111
AGC,1.2211524714394688
AGG,0.2860002491284479
AGU,1.5618726723920706
AUA,0.3504507562225225
AUC,0.3769908638301321
AUG,0.4445393740585433
AUU,0.20629492401517302
CAA,0.2990295685601651
CAC,0.3710913878263276
CAG,2.428345372860966
CAU,0.6087973732747487
CCA,0.3386514362809836
CCC,1.8084274885345766
CCG,0.4344254249057531
CCU,1.771200018567651
CGA,0.48251962525363357
CGC,0.5111965381383822
CGG,2.0840908267758427
CGU,0.2813578776888424
CUA,1.2350139346695974
CUC,3.4084982975780043
CUG,1.123457842717633
CUU,1.1577683417426263
GAA,0.2715801776876742
GAC,0.28005133913570646
GAG,1.931480923910065
GAU,0.504518575264071
GCA,0.3151340209125946
GCC,0.45344131137219224
GCG,0.7106342860655224
GCU,0.20754948590043798
GGA,0.8289186078959001
GGC,0.1493274524995715
GGG,0.6345345931424796
GGU,0.36183324552941337
GUA,0.32488196650266205
GUC,0.4155452592741489
GUG,0.8591316123791786
GUU,0.21248948637134513
UAC,0.5361857813719096
UAU,0.790042435918086
UCA,0.37596006969992685
UCC,0.5060065371393735
UCG,0.7855913329222282
UCU,0.3112657741579795
UGC,0.7030976409159205
UGG,0.3554350130365463
UGU,0.975843562881308
UUA,0.580245567065979
UUC,0.3439577413164001
UUG,0.26308778041126313
UUU,0.5787730549048599
