codon,average_decoding_time
AAA,0.4021271547585826
AAC,0.3250348380247413
AAG,0.12670685455888864
AAU,0.560676004654113
ACA,0.33742168864895206
ACC,0.36146968305099925
ACG,0.5686628901142448
ACU,0.21139582575672458
AGA,0.09814296200064122
AGC,1.2262430842113818
AGG,1.5752929474460138
AGU,1.5538897749278953
AUA,0.3511999133265722
AUC,0.3918580147646644
AUG,0.34367921030792253
AUU,0.2046659551930718
CAA,0.4622732362981485
CAC,0.5356009166557418
CAG,3.45114697536233
CAU,0.789631460678419
CCA,0.34434265353032323
CCC,2.194992779942313
CCG,0.4493812562828305
CCU,1.7836739521654286
CGA,0.5110500567468346
CGC,0.6323207236815347
CGG,2.2066211729615315
CGU,0.3908957078155382
CUA,1.3748691187685649
CUC,1.2054343202144413
CUG,1.3980961179520277
CUU,1.2863588076002865
GAA,0.30459442862085756
GAC,0.2798804642131801
GAG,2.1534137544773535
GAU,0.5073067655071843
GCA,0.318363540482965
GCC,0.36970627512857146
GCG,0.8547847858186466
GCU,0.22638016555723756
GGA,1.021953944687765
GGC,0.1718900157404702
GGG,0.6839741551404916
GGU,0.3861928981196003
GUA,0.40336991278856693
GUC,0.5121503525155232
GUG,2.078941129145286
GUU,0.2844483574309988
UAC,0.5335797361389178
UAU,0.7920669495143173
UCA,0.37705691233722677
UCC,0.5421693661693205
UCG,0.7897897295722462
UCU,0.3100917257136204
UGC,0.7031178941097218
UGG,0.35255117181616463
UGU,0.9840176569607381
UUA,0.5772216789681475
UUC,0.3428462391653468
UUG,0.3093376870874738
UUU,0.5762945272579307
