codon,average_decoding_time
AAA,0.39882022868310524
AAC,0.3252263333614983
AAG,0.1272009970539437
AAU,0.558959270861484
ACA,0.3389173719919032
ACC,0.36033239281506935
ACG,0.5456066146390441
ACU,0.19807222536282068
AGA,0.09820068689908147
AGC,1.220083066001206
AGG,1.5760482588242262
AGU,1.5577634280424524
AUA,0.35265399800972475
AUC,0.39312844950805853
AUG,0.3732873099590075
AUU,0.19247311540041367
CAA,0.46351492223807533
CAC,0.5331627675814044
CAG,3.4518555802377824
CAU,0.789661970316296
CCA,0.34632961224927783
CCC,2.1877664029602255
CCG,0.5056504425858576
CCU,1.6193875791064516
CGA,0.5090364162835562
CGC,0.6303997286145275
CGG,2.1864042791012284
CGU,0.39079649342232387
CUA,1.3745047332266551
CUC,1.2076113466398288
CUG,1.4581202761147398
CUU,4.4221038951584735
GAA,0.2727451264392529
GAC,0.27951099731959705
GAG,1.9292967427151921
GAU,0.5077519100085766
GCA,0.31558422470505226
GCC,0.350391681908002
GCG,0.7132125791738172
GCU,0.22802578145416394
GGA,0.8312423613565789
GGC,0.14849395950437516
GGG,0.6326755946674121
GGU,0.3618726646754923
GUA,0.3248280597705554
GUC,0.43198344455685933
GUG,0.7697725469663428
GUU,0.19904803445399527
UAC,0.371450497397656
UAU,0.6097936473810212
UCA,0.37420763854287137
UCC,0.5362228422738141
UCG,0.6453105179909238
UCU,0.2455025458102559
UGC,0.5105675297461015
UGG,0.21479677949008644
UGU,0.7690312343260028
UUA,0.5219982535195501
UUC,0.2983883828751243
UUG,0.2307060071267664
UUU,0.5289307822334628
