codon,average_decoding_time
AAA,0.39989829513525454
AAC,0.3258846808377709
AAG,0.20712508135493485
AAU,0.5580788801712847
ACA,0.3395230752888943
ACC,0.4150831227776497
ACG,0.5457000464034827
ACU,0.21039394304499326
AGA,0.09841343491039652
AGC,1.2223589246100088
AGG,0.2860564542299455
AGU,1.558845160066836
AUA,0.35095225773474725
AUC,0.37829964823334317
AUG,0.3743866293981631
AUU,0.20490692108319247
CAA,0.29871206482535156
CAC,0.3697378056763199
CAG,0.5719799745126576
CAU,0.6088494284566812
CCA,0.33739714104364255
CCC,1.8175117833689058
CCG,0.4326442152933361
CCU,1.764547664867683
CGA,0.4809601759990066
CGC,0.5106270747084797
CGG,2.085264720757408
CGU,0.28207757282601326
CUA,1.2396367114363966
CUC,3.4370722237742646
CUG,1.1660287185222216
CUU,1.1577434555808683
GAA,0.2719049484082527
GAC,0.2805041544498113
GAG,0.43502244854938604
GAU,0.5086570487514663
GCA,0.3158406896470466
GCC,0.4507524331225631
GCG,0.7139431409202412
GCU,0.2080149750786396
GGA,0.8269754956886951
GGC,0.1490702992263719
GGG,0.6322260573781995
GGU,0.3623980852507299
GUA,0.32534354418556805
GUC,0.41808769624177616
GUG,0.7711068167393083
GUU,0.21263209980133815
UAC,0.5342705775185207
UAU,0.7915214859882005
UCA,0.37807303156586464
UCC,0.5036790031709131
UCG,0.7890168633018481
UCU,0.3112760745810446
UGC,0.7027793560821253
UGG,0.3542000363736567
UGU,0.9836085817180865
UUA,0.578812956872653
UUC,0.3424983013606491
UUG,0.3262015465458493
UUU,0.5739625167202618
