codon,average_decoding_time
AAA,0.3992358072634189
AAC,0.3278456543537728
AAG,0.20801503678759262
AAU,0.5590121350039096
ACA,0.3385965242390243
ACC,0.3614471617381773
ACG,0.5468230366012617
ACU,0.19696129007607605
AGA,0.0987411122454138
AGC,1.2186730278326894
AGG,1.5798042328796547
AGU,1.5491863288612102
AUA,0.35237616373691605
AUC,0.3905878297833368
AUG,0.44151410791971646
AUU,0.19310152843681436
CAA,0.46565183313874026
CAC,0.5333699598639337
CAG,0.6433025754931027
CAU,0.7902414877158972
CCA,0.3457135051613581
CCC,2.183435542641902
CCG,0.5048431575455529
CCU,1.625261029808277
CGA,0.5080764601381196
CGC,0.6322781025160853
CGG,2.1818771965463295
CGU,0.39193158660520955
CUA,1.3750677420066337
CUC,1.2063750865342613
CUG,1.468806257610658
CUU,4.445594212421531
GAA,0.273289751210965
GAC,0.2801649702338749
GAG,0.4350025752951484
GAU,0.5070050816166631
GCA,0.3157376771436585
GCC,0.34981975030240137
GCG,0.7098421032694637
GCU,0.22843272607071838
GGA,0.8257039719664737
GGC,0.14836600944052603
GGG,0.6320368110194133
GGU,0.3601336300600613
GUA,0.32463955102829417
GUC,0.4344730422669325
GUG,0.856733567663607
GUU,0.19948894906410197
UAC,0.3697938178937744
UAU,0.6065864488995912
UCA,0.37212368836319
UCC,0.5362309528322111
UCG,0.6482668406221475
UCU,0.24617077040786867
UGC,0.5149713024035583
UGG,0.2146963849970887
UGU,0.7666056273965369
UUA,0.5190959061167532
UUC,0.2991474809598093
UUG,0.20609062621524743
UUU,0.5299020972072486
