codon,average_decoding_time
AAA,0.40184380074671977
AAC,0.3277684819025027
AAG,0.20655948348727357
AAU,0.5596780295926428
ACA,0.33786762166535655
ACC,0.35929797929282375
ACG,0.547501387039905
ACU,0.19548732471327762
AGA,0.09799700365199691
AGC,1.2258015153749315
AGG,1.5775338306639177
AGU,1.5519211811292433
AUA,0.3499067077331703
AUC,0.3932960034395582
AUG,0.3440615352131144
AUU,0.1919508605766712
CAA,0.4647591096405074
CAC,0.5316302929653441
CAG,0.6464099468930324
CAU,0.7895180326628783
CCA,0.34425022890278734
CCC,2.186966420963464
CCG,0.5052063158553254
CCU,1.6184357167069063
CGA,0.5088925394758598
CGC,0.6328505793947143
CGG,2.200489355665864
CGU,0.3927335015398241
CUA,1.3672011423756523
CUC,1.208214282651558
CUG,1.4016748933146372
CUU,4.455209450429214
GAA,0.27215603655758064
GAC,0.2794236233653853
GAG,0.43514357472747406
GAU,0.506749043869961
GCA,0.31525758885106886
GCC,0.3491367460639563
GCG,0.71404972657982
GCU,0.2298017317977861
GGA,0.8309275670854444
GGC,0.1493869815568965
GGG,0.6339196478369624
GGU,0.36160313422969165
GUA,0.3247764777500237
GUC,0.43227567045135196
GUG,1.5690596970660287
GUU,0.19956997249602876
UAC,0.3708717796888338
UAU,0.6065788763819367
UCA,0.3731209924963006
UCC,0.536276527085375
UCG,0.6469900709726543
UCU,0.24568412306118434
UGC,0.514471660929941
UGG,0.21373437537984416
UGU,0.7664855621429477
UUA,0.52270468410638
UUC,0.29914335899375827
UUG,0.2128883208598575
UUU,0.5313171535267984
