codon,average_decoding_time
AAA,0.39939430192116127
AAC,0.32722238969948053
AAG,0.12753591801261432
AAU,0.5603712533450964
ACA,0.3373720633550502
ACC,0.3618309191365361
ACG,0.41659531300743563
ACU,0.19764812973293275
AGA,0.09830968916317454
AGC,1.216481609325893
AGG,1.3989443267482047
AGU,1.5551185367834055
AUA,0.35280428280039255
AUC,0.39149595766453194
AUG,0.4125759449906276
AUU,0.19269920403194155
CAA,0.46524199552647266
CAC,0.533921254946633
CAG,3.4830173466833805
CAU,0.7909069195509127
CCA,0.3430306943635319
CCC,2.1878774263558913
CCG,1.8398602445215013
CCU,1.6178711786014022
CGA,0.5094223710950456
CGC,0.6357377399623108
CGG,2.0309543925059472
CGU,0.39330813509927176
CUA,1.3683306245698164
CUC,1.203047324989027
CUG,1.3953304101388173
CUU,4.435656803878873
GAA,0.30535216760394474
GAC,0.2808452530946807
GAG,2.150445236409675
GAU,0.5077551107639343
GCA,0.3184198741525497
GCC,0.36921207308792814
GCG,0.7411990734958751
GCU,0.25715818938541235
GGA,1.0206525629701335
GGC,0.17095689978115464
GGG,1.365810139892737
GGU,0.38493919834506773
GUA,0.4050013952942738
GUC,0.51432974064566
GUG,2.0728324975977857
GUU,0.2710019478642148
UAC,0.369860652966453
UAU,0.6112711535252765
UCA,0.37292321794188005
UCC,0.5377674452509976
UCG,2.3056490456716436
UCU,0.2450557962054534
UGC,0.516326747015611
UGG,0.18408754015110523
UGU,0.7668459289821901
UUA,0.5193325840490132
UUC,0.2977720700669018
UUG,0.19445458484402248
UUU,0.5298773736163559
