codon,average_decoding_time
AAA,0.39829321768712594
AAC,0.3264649796163038
AAG,0.12711195735418138
AAU,0.5596869368976273
ACA,0.3372171586148874
ACC,0.35993397464763277
ACG,0.414997034266038
ACU,0.20893254566875402
AGA,0.09824888299138715
AGC,1.2175761798758336
AGG,0.2718134254348183
AGU,1.5570108723463403
AUA,0.35441046137613164
AUC,0.3923872568804589
AUG,0.37500571232906565
AUU,0.20557986656034138
CAA,0.4649583743715709
CAC,0.5354653250363147
CAG,3.447254640835075
CAU,0.7894963616857301
CCA,0.3451628021159175
CCC,2.191568622805033
CCG,1.8379384147103712
CCU,1.7982184848323284
CGA,0.5104124687506154
CGC,0.6322293457634499
CGG,2.0409014167192163
CGU,0.39217679128832605
CUA,1.3682899521185128
CUC,1.203885816213462
CUG,1.466759134429597
CUU,1.2904181576365075
GAA,0.30334116525676963
GAC,0.2771454697299008
GAG,2.169905687325997
GAU,0.5090755671402504
GCA,0.31796988082375505
GCC,0.3681136389363078
GCG,0.7438635644068144
GCU,0.2271246934484283
GGA,1.0268711756824533
GGC,0.17149293206296784
GGG,1.361385129436677
GGU,0.3862426787894013
GUA,0.4042463911605336
GUC,0.5121571710340229
GUG,0.9955245842923994
GUU,0.2851721004092408
UAC,0.5319964087156622
UAU,0.7917875165086588
UCA,0.3772178960251283
UCC,0.540098854516852
UCG,2.930517662118841
UCU,0.3104466697869852
UGC,0.7092730357701655
UGG,0.3242978522709136
UGU,0.9776595048155973
UUA,0.5812439850790325
UUC,0.3417088604350591
UUG,0.325854437082077
UUU,0.5783818183897844
