codon,average_decoding_time
AAA,0.398703049041719
AAC,0.32560138540477235
AAG,0.2065869535990303
AAU,0.5607471588466957
ACA,0.3388497539946535
ACC,0.4143703572519254
ACG,0.5471733548413354
ACU,0.19663713029251173
AGA,0.09866906275656458
AGC,1.2185905886418584
AGG,0.2864870728674981
AGU,1.5523510709523756
AUA,0.35075022378350523
AUC,0.376509743401351
AUG,0.41094650507871344
AUU,0.19264215658916367
CAA,0.29982352322952655
CAC,0.37025055278838837
CAG,0.572614738772976
CAU,0.6059680396585051
CCA,0.3371589748887341
CCC,1.8058217087165063
CCG,0.4322358495889434
CCU,1.4456310770209722
CGA,0.48230324122224894
CGC,0.5092313107619629
CGG,2.0906980201155525
CGU,0.28121765524887354
CUA,1.2403039881550202
CUC,3.410261670448937
CUG,1.095946171857488
CUU,3.9788841379111908
GAA,0.27331844778126596
GAC,0.28061274393681856
GAG,0.43605262129483485
GAU,0.5067134067454053
GCA,0.316605876220201
GCC,0.4532412593819399
GCG,0.7112260357359902
GCU,0.2286545188382112
GGA,0.8330878839441662
GGC,0.14878963108323048
GGG,0.6350478673153127
GGU,0.36153784100032876
GUA,0.3244232389611659
GUC,0.4193207997925277
GUG,1.764929406772918
GUU,0.20054199614431628
UAC,0.36983801634734814
UAU,0.6089708796427499
UCA,0.3719759896602515
UCC,0.4701017853496807
UCG,0.6452134003443561
UCU,0.24610435794455962
UGC,0.511793461366516
UGG,0.33293744651034285
UGU,0.7678504185458165
UUA,0.5188189325349352
UUC,0.30139147845455777
UUG,0.20133673990441672
UUU,0.5297270600603418
