codon,average_decoding_time
AAA,0.3999492538082584
AAC,0.32722315448335454
AAG,0.12778633354336402
AAU,0.559752431909303
ACA,0.3388408871850535
ACC,0.4138786322684786
ACG,0.5690209589665655
ACU,0.20961596014527345
AGA,0.09846843742228724
AGC,1.2244515574618955
AGG,1.57618940087977
AGU,1.552025819016941
AUA,0.3516603762747369
AUC,0.3765095743435606
AUG,0.34457203446469553
AUU,0.20558480974755183
CAA,0.30026525839759916
CAC,0.3695902928321825
CAG,2.4189293485473
CAU,0.6108772697306531
CCA,0.33711598788268815
CCC,1.8029665244143087
CCG,0.38781483948528395
CCU,1.7614605971143982
CGA,0.4801023675280034
CGC,0.5099149344786765
CGG,1.4037482756409605
CGU,0.28204192063210626
CUA,1.2336288568301466
CUC,3.4068526424565517
CUG,1.0545963991148422
CUU,1.1566475791038582
GAA,0.30333484619818063
GAC,0.2794929949679509
GAG,2.1532170679221143
GAU,0.5078797415215454
GCA,0.31754629994857697
GCC,0.4814818706713579
GCG,0.856022420109847
GCU,0.22623759256526485
GGA,1.0192822409605224
GGC,0.17239801740877847
GGG,0.6825442711403036
GGU,0.38722773736369903
GUA,0.4056692503356043
GUC,0.4997108877747042
GUG,2.082727543357138
GUU,0.28566182622144626
UAC,0.5321339025321549
UAU,0.7867113983333375
UCA,0.3761426283194153
UCC,0.5059943371319883
UCG,0.7859525025533441
UCU,0.31058605514564747
UGC,0.7081775908540936
UGG,0.35279656033285833
UGU,0.9799991555440879
UUA,0.5814702064656294
UUC,0.34523275251299673
UUG,0.30834415493461476
UUU,0.5778976730858072
