codon,average_decoding_time
AAA,0.39872897077486136
AAC,0.3275461913492964
AAG,0.2072278722991731
AAU,0.5572749129110828
ACA,0.3382195621070097
ACC,0.41467445245336343
ACG,0.54660080859148
ACU,0.21096722171534543
AGA,0.09763756550795541
AGC,1.218248341738759
AGG,1.5783662018454787
AGU,1.5465316856394806
AUA,0.3533442728342295
AUC,0.3781898546343389
AUG,0.41319302093048244
AUU,0.20523171403004684
CAA,0.29954210530929415
CAC,0.36828238475413927
CAG,0.5721035810027384
CAU,0.6080235117675095
CCA,0.3385998998983142
CCC,1.814322682798994
CCG,0.43298721141389235
CCU,1.7649264854476903
CGA,0.4816109608990945
CGC,0.5096548723190624
CGG,1.4046675567858988
CGU,0.28231115938571116
CUA,1.2376565742643058
CUC,3.396229561240613
CUG,1.0965134699801937
CUU,1.1624777353366502
GAA,0.27119116983785
GAC,0.27811732602405126
GAG,0.4349119885407152
GAU,0.507290482913639
GCA,0.3151504147354113
GCC,0.45134689281666024
GCG,0.7094671514549779
GCU,0.2076383042218856
GGA,0.8270230738569042
GGC,0.14876390423096686
GGG,0.6326140299077204
GGU,0.3615533500910853
GUA,0.3249140612459838
GUC,0.4183960247997129
GUG,1.758440740718483
GUU,0.21393244597462235
UAC,0.5346307378380096
UAU,0.7886635745021545
UCA,0.37929853237327427
UCC,0.5033690497309229
UCG,0.7867818911907362
UCU,0.3109459534808286
UGC,0.7080775455655056
UGG,0.354095271297649
UGU,0.980234418088133
UUA,0.5757114321251876
UUC,0.34166484374218636
UUG,0.25325160286002907
UUU,0.5786614605190764
