codon,average_decoding_time
AAA,0.39906682243613023
AAC,0.32740919931759116
AAG,0.1267356950549235
AAU,0.5606689408842939
ACA,0.3362942734257612
ACC,0.41510931406531004
ACG,0.5660465988874939
ACU,0.19610244655457942
AGA,0.09797846162845221
AGC,1.2228442378821045
AGG,0.2871506040110387
AGU,1.5555519143563672
AUA,0.3524252884426614
AUC,0.37855534662659956
AUG,0.342456991105755
AUU,0.19184138895377842
CAA,0.2994412862204167
CAC,0.3711642011504495
CAG,2.4110418001894565
CAU,0.6080415384678625
CCA,0.3408214712708335
CCC,1.8064628522593982
CCG,0.3877298441953957
CCU,1.4503828265481253
CGA,0.4804493941305956
CGC,0.5094714135305232
CGG,2.0953647239429727
CGU,0.2808948932794098
CUA,1.236057514552093
CUC,3.380725973933357
CUG,1.093891588884248
CUU,3.974812810367416
GAA,0.302277212537073
GAC,0.2797720707990979
GAG,2.1584167218774395
GAU,0.5097751454045918
GCA,0.31923244349794067
GCC,0.48238700857275585
GCG,0.8522558626180279
GCU,0.25543194698482113
GGA,1.0181861345563965
GGC,0.17077978036098582
GGG,0.6839262816344299
GGU,0.38614986900354825
GUA,0.4035454792153344
GUC,0.49928975403474674
GUG,2.0745189104790844
GUU,0.27142530423383504
UAC,0.36948714190472587
UAU,0.607354785900494
UCA,0.37182309853895507
UCC,0.4702627214937472
UCG,0.6468240946416554
UCU,0.2458983816126505
UGC,0.5098040922744698
UGG,0.33298698305958324
UGU,0.7681379315001634
UUA,0.5202760235067883
UUC,0.2996802398658507
UUG,0.22447419307122352
UUU,0.5293617426735419
