codon,average_decoding_time
AAA,0.3995359028353485
AAC,0.3261944179323116
AAG,0.12746521711194952
AAU,0.5604677238566801
ACA,0.3379520356576033
ACC,0.36131668831135816
ACG,0.5468912715226947
ACU,0.2113833071717126
AGA,0.09780364359413868
AGC,1.2232943747152982
AGG,0.28673602610089377
AGU,1.558219080555806
AUA,0.3532739342425875
AUC,0.39158544469601786
AUG,0.4421809035293806
AUU,0.20390047087914995
CAA,0.4620030268487384
CAC,0.5345422927739394
CAG,3.4560643847032653
CAU,0.7890048618991289
CCA,0.34454505235603816
CCC,2.185215317898191
CCG,0.5068982327814364
CCU,1.782951133609105
CGA,0.5107594419031327
CGC,0.6319234544106812
CGG,2.198629579746072
CGU,0.3934892591799999
CUA,1.374076934643893
CUC,1.2066854785305439
CUG,1.4599789491606323
CUU,1.2896313865359628
GAA,0.27206532382923154
GAC,0.28103390023878183
GAG,1.9365321996218683
GAU,0.5071202529178206
GCA,0.3168655574019287
GCC,0.3487866442681477
GCG,0.7086265238302933
GCU,0.20646950714427967
GGA,0.8330283387260128
GGC,0.1487274985192502
GGG,0.6298956485104941
GGU,0.36127383681923353
GUA,0.3243015805488063
GUC,0.4312238469000615
GUG,0.8529233344463275
GUU,0.21402991674352234
UAC,0.5303392183537124
UAU,0.7912265976917572
UCA,0.3774615714364375
UCC,0.5413623871495776
UCG,0.7893816878205858
UCU,0.3105896208218755
UGC,0.7026194946992642
UGG,0.3545401327255955
UGU,0.9811999887970889
UUA,0.5760837429091483
UUC,0.34366766716826586
UUG,0.26426775717766665
UUU,0.5778227196508215
