codon,average_decoding_time
AAA,0.4010564074452832
AAC,0.32607938707833545
AAG,0.12743691720123826
AAU,0.5588283096501271
ACA,0.3375871735229349
ACC,0.3598897937536911
ACG,0.5673087936979571
ACU,0.2106347939526054
AGA,0.09865352637922865
AGC,1.2207400057268492
AGG,0.2872511153335591
AGU,1.553154370392776
AUA,0.3521971924408986
AUC,0.391146592817208
AUG,0.44271312968306475
AUU,0.2048319016384096
CAA,0.4672954835242424
CAC,0.5351770829928666
CAG,3.451973856953061
CAU,0.7888256877924998
CCA,0.3455754035103302
CCC,2.1900131570345454
CCG,0.44830538695405603
CCU,1.7844451212124957
CGA,0.5100507752922295
CGC,0.6338166525101376
CGG,2.2032544109096124
CGU,0.39164475599236104
CUA,1.3685548268037528
CUC,1.2155995091054255
CUG,1.4612075035829897
CUU,1.2914855008576274
GAA,0.3030558973942073
GAC,0.2792200792018455
GAG,2.1513076552590706
GAU,0.5057428902735996
GCA,0.3168275360178446
GCC,0.3692123822267981
GCG,0.8502594802654568
GCU,0.22685092077203325
GGA,1.0173404292014616
GGC,0.17128079578390557
GGG,0.6855536878253665
GGU,0.3862108393563729
GUA,0.4032132313595154
GUC,0.5131109585601549
GUG,0.9991483831760021
GUU,0.28446302808611945
UAC,0.5302327685884535
UAU,0.7866142773575254
UCA,0.37740373472746286
UCC,0.5424420506930417
UCG,0.7880750686573803
UCU,0.31117565877933273
UGC,0.7081311686812088
UGG,0.3530369759653364
UGU,0.9817190611782937
UUA,0.5780081371483464
UUC,0.34324967313045684
UUG,0.263359861013956
UUU,0.5760617357956012
