codon,average_decoding_time
AAA,0.39946524001294875
AAC,0.32627733325246927
AAG,0.20740013640854993
AAU,0.5582234351632119
ACA,0.3391964515797006
ACC,0.415493107070425
ACG,0.5486168582989699
ACU,0.21123030492216566
AGA,0.09812830107548155
AGC,1.2162862113958073
AGG,0.28707538813274763
AGU,1.5585946020831365
AUA,0.35198223411556895
AUC,0.3785167488186828
AUG,0.37121955847764526
AUU,0.205573954891216
CAA,0.29925422853207007
CAC,0.3706326476262544
CAG,0.5707383747604148
CAU,0.6079682426358921
CCA,0.33844160534034484
CCC,1.8143475290033317
CCG,0.4343221953640203
CCU,1.7612761483877548
CGA,0.4808093887602916
CGC,0.5114139412578067
CGG,2.0856336891318916
CGU,0.28221309850123105
CUA,1.2322413722513619
CUC,3.4137619129526464
CUG,1.1199703509656385
CUU,1.1602086127304483
GAA,0.2732285997334679
GAC,0.2776308140944714
GAG,0.4353404259153115
GAU,0.5069322725967774
GCA,0.3152092300581851
GCC,0.45290544649198156
GCG,0.7095754338088849
GCU,0.2070664143059279
GGA,0.8293833882988256
GGC,0.1477832747019325
GGG,0.6325160621558863
GGU,0.36113708559768815
GUA,0.3253241921495434
GUC,0.41977094668148085
GUG,0.7673456932092445
GUU,0.2134482582924899
UAC,0.5339052543156789
UAU,0.788638465437122
UCA,0.37787119550555187
UCC,0.504572306529419
UCG,0.7896291332444244
UCU,0.3102884069114866
UGC,0.7039748749835213
UGG,0.3522522401936008
UGU,0.980939180485001
UUA,0.5804128884473551
UUC,0.342192830611917
UUG,0.325115466162571
UUU,0.5770323691888258
