codon,average_decoding_time
AAA,0.3979678414151227
AAC,0.3260341924684562
AAG,0.20618765115459126
AAU,0.5615902077835843
ACA,0.3383370577394895
ACC,0.4122818541986077
ACG,0.5696713944140736
ACU,0.20955128752169866
AGA,0.09776099352680989
AGC,1.216569911067253
AGG,0.28647004797798115
AGU,1.5480069844327198
AUA,0.3516693559715847
AUC,0.3774739550310216
AUG,0.37195393853398306
AUU,0.20608196967830977
CAA,0.3001163529592274
CAC,0.3712376980904322
CAG,0.5725595605463056
CAU,0.6108416131217552
CCA,0.338926435151912
CCC,1.8158060700651888
CCG,0.38916053620280416
CCU,1.7665436180113265
CGA,0.4819688424904567
CGC,0.5109126496097507
CGG,2.082947008333657
CGU,0.2810725875912819
CUA,1.2355442492692075
CUC,3.4201669690894803
CUG,1.1682139785088776
CUU,1.1578602486838694
GAA,0.3007698583445765
GAC,0.27945896271596443
GAG,0.4650370790905364
GAU,0.5068573374271349
GCA,0.31853256411600944
GCC,0.4805338955832227
GCG,0.85762168717682
GCU,0.22719462619220435
GGA,1.0228064672778294
GGC,0.17150485448759656
GGG,0.6852199880880255
GGU,0.38698588366467246
GUA,0.405115613354501
GUC,0.498680000621195
GUG,0.9927417165129931
GUU,0.28414021060734757
UAC,0.5342119543890096
UAU,0.790700108708598
UCA,0.3767466562786279
UCC,0.5057220768478367
UCG,0.7906091614405097
UCU,0.3108860197273963
UGC,0.7056815882517908
UGG,0.355079591996964
UGU,0.9786807358330735
UUA,0.5807199435587341
UUC,0.3424481758378218
UUG,0.3264307671367569
UUU,0.5785052326333138
