codon,average_decoding_time
AAA,0.4003043100163722
AAC,0.3263833955810385
AAG,0.20728587921858943
AAU,0.5589865941346165
ACA,0.33838529375290544
ACC,0.360812151958522
ACG,0.41505800020576333
ACU,0.1976823748829387
AGA,0.09830075977191251
AGC,1.2216029222134988
AGG,0.27120036137706177
AGU,1.554147954731006
AUA,0.35021990637243633
AUC,0.3915615213921146
AUG,0.37370048598743016
AUU,0.19195611124573347
CAA,0.46463540624133415
CAC,0.5301239642654337
CAG,0.6466401427820478
CAU,0.7939247009618576
CCA,0.34489219172327945
CCC,2.1883356421539975
CCG,1.8407591070595166
CCU,1.6175944017756032
CGA,0.5105815083928511
CGC,0.6356475826261799
CGG,2.0143495624855285
CGU,0.39209775255423224
CUA,1.37322886993383
CUC,1.2114602132678667
CUG,1.4635725750489033
CUU,4.460117269058691
GAA,0.30526804880007863
GAC,0.28070748271354873
GAG,0.4645377743042783
GAU,0.5075815716282993
GCA,0.31763951369729443
GCC,0.3690603821511412
GCG,0.7431783236851354
GCU,0.25748721470453173
GGA,1.02150169830286
GGC,0.1717246341078239
GGG,1.3650187420252928
GGU,0.3860986656327506
GUA,0.40569768137458856
GUC,0.5117438155097757
GUG,0.9959148477049751
GUU,0.2717955148713444
UAC,0.3709979123719269
UAU,0.6099146095927236
UCA,0.3733988467084028
UCC,0.5347256103283785
UCG,2.3301904514373324
UCU,0.24519613307153285
UGC,0.5135768020745846
UGG,0.30399181082824556
UGU,0.7693792563543039
UUA,0.5209818694478341
UUC,0.29961162903763233
UUG,0.24335172819197132
UUU,0.5305176315793769
