codon,average_decoding_time
AAA,0.40031304844297294
AAC,0.3274753618850169
AAG,0.12702889489061686
AAU,0.5568990942787165
ACA,0.33707941708194783
ACC,0.3627066128669322
ACG,0.5680027227045551
ACU,0.19648236717689876
AGA,0.09851710902767816
AGC,1.2168130385139369
AGG,0.28683421213464827
AGU,1.5500308453429492
AUA,0.3511125938035235
AUC,0.391838528886886
AUG,0.41218562472900916
AUU,0.19257739905323026
CAA,0.4655758759956075
CAC,0.5345854787231856
CAG,3.473997839333911
CAU,0.7888339253425857
CCA,0.3462116220710003
CCC,2.191966885357796
CCG,0.45028554110110636
CCU,1.6223150173280245
CGA,0.5129378685711603
CGC,0.6320533436121603
CGG,2.1996675517234787
CGU,0.3912065807642059
CUA,1.3701305666781085
CUC,1.2037113215975648
CUG,1.4043113052541625
CUU,4.448450460622359
GAA,0.30391532566735574
GAC,0.27912224793284834
GAG,2.1776138116955712
GAU,0.5059062444641221
GCA,0.31824747734109987
GCC,0.3683006071751156
GCG,0.8582046902528263
GCU,0.2562937660211971
GGA,1.022420583547839
GGC,0.17103583311858933
GGG,0.6803698269641437
GGU,0.3854647425262595
GUA,0.4053265392283942
GUC,0.512738518673854
GUG,2.0742817445959902
GUU,0.27232360522303983
UAC,0.3692820496082261
UAU,0.6098483792416299
UCA,0.3721673684594578
UCC,0.5349585403836196
UCG,0.647816016068026
UCU,0.2447467449646783
UGC,0.5125682551053042
UGG,0.3325438271349434
UGU,0.7678439209418634
UUA,0.5219625201806488
UUC,0.30048951329974627
UUG,0.19421258389011645
UUU,0.5330196303561103
