codon,average_decoding_time
AAA,0.398802577319136
AAC,0.325682150538232
AAG,0.1278967791769389
AAU,0.5626768578907887
ACA,0.33825833086599894
ACC,0.3605928508757958
ACG,0.416016495354895
ACU,0.19700297067270311
AGA,0.0985528914320516
AGC,1.216512570110229
AGG,1.4107448483221279
AGU,1.5571468977268994
AUA,0.35079903085405617
AUC,0.3909251905027842
AUG,0.4112638786988074
AUU,0.19133988540668306
CAA,0.4638457617095157
CAC,0.5324286314800136
CAG,3.4657313055996277
CAU,0.791065233547654
CCA,0.345244546140438
CCC,2.1952243453485925
CCG,1.8367116340233642
CCU,1.618573829831717
CGA,0.5111081008101804
CGC,0.6312542693005002
CGG,2.0377954147885182
CGU,0.3924546504980623
CUA,1.3700677365765173
CUC,1.20901221197456
CUG,1.3916085312048325
CUU,4.445053668297669
GAA,0.3040393441080213
GAC,0.28155259965721996
GAG,2.1537704380546883
GAU,0.5084379109842991
GCA,0.31804029925506283
GCC,0.3711200540293948
GCG,0.7451999245040469
GCU,0.25593565351181513
GGA,1.0243603346999988
GGC,0.17209482073678128
GGG,1.3593873201760562
GGU,0.3853443004288729
GUA,0.40268555764366465
GUC,0.5129305954980232
GUG,2.087682215542043
GUU,0.2717090471679082
UAC,0.3688985904253759
UAU,0.6106150466849642
UCA,0.3738043116024456
UCC,0.5364809024520774
UCG,2.3011622127465228
UCU,0.2451928261586898
UGC,0.5126163169771982
UGG,0.18494617792875107
UGU,0.765929380495323
UUA,0.5176277801027133
UUC,0.3015227261635324
UUG,0.19394143292255667
UUU,0.527989362179446
