codon,average_decoding_time
AAA,0.40367540505442207
AAC,0.32679909916036226
AAG,0.20773443793219082
AAU,0.5588422142351784
ACA,0.3373109318785337
ACC,0.4130771140171035
ACG,0.4156322414801392
ACU,0.1964541728327927
AGA,0.09848923457161282
AGC,1.2202783633967595
AGG,0.2719109937223782
AGU,1.551520749336721
AUA,0.35217498155774557
AUC,0.3765849149927489
AUG,0.44042087359877913
AUU,0.19368656790772812
CAA,0.2999310210084844
CAC,0.369051313988949
CAG,0.5767680535735271
CAU,0.6071811431461083
CCA,0.33819349870859544
CCC,1.809082017332273
CCG,1.4898299568470736
CCU,1.4617805131509036
CGA,0.48012922010314973
CGC,0.5100506589308753
CGG,1.9106956733963478
CGU,0.2809236357085536
CUA,1.2356979087678923
CUC,3.4042111526719143
CUG,1.128657103426893
CUU,3.9763270034968907
GAA,0.3042103963614207
GAC,0.28030680557497106
GAG,0.4646728845359271
GAU,0.5078001186960842
GCA,0.31795215857396086
GCC,0.4823102209710007
GCG,0.7428756830244247
GCU,0.2552105077103131
GGA,1.026448691815703
GGC,0.17141262938092128
GGG,1.367017554971663
GGU,0.38686036854238015
GUA,0.40552482928547545
GUC,0.49853020784623425
GUG,0.9908996573724423
GUU,0.2728954733854814
UAC,0.3677566609105438
UAU,0.6052401250666175
UCA,0.37391698782687266
UCC,0.4681060824422142
UCG,2.308126057791833
UCU,0.24477355438648526
UGC,0.511983152232822
UGG,0.30447380942097957
UGU,0.7659156389173015
UUA,0.5197122717870639
UUC,0.2987459362434529
UUG,0.20549703895696578
UUU,0.5310748449527003
