codon,average_decoding_time
AAA,0.4010906021912317
AAC,0.32875215945906894
AAG,0.20629244260934188
AAU,0.5588516486294144
ACA,0.3374807769132109
ACC,0.3595722250594179
ACG,0.41542121660245546
ACU,0.20969782815744106
AGA,0.09853492549547334
AGC,1.2195465543518627
AGG,0.271375507342112
AGU,1.5495935612226117
AUA,0.35143076726903544
AUC,0.3931880195415416
AUG,0.34315620615068576
AUU,0.20561012226790581
CAA,0.46367941327963896
CAC,0.5308578220322361
CAG,0.6453078131047691
CAU,0.7850932910193547
CCA,0.34440434982903717
CCC,2.1882048672938414
CCG,1.8395332165901
CCU,1.8016903903086516
CGA,0.5095269560883263
CGC,0.6327520806859949
CGG,2.025014179683223
CGU,0.3919194168699514
CUA,1.3789615961762562
CUC,1.2047460240915464
CUG,1.3929346664082969
CUU,1.2830405461561543
GAA,0.3029004050532847
GAC,0.27893656072246154
GAG,0.46458458732832225
GAU,0.506460981896584
GCA,0.31848267207378733
GCC,0.36941865404731167
GCG,0.7450632531287091
GCU,0.22621964245159293
GGA,1.0238052553836743
GGC,0.17224383861128575
GGG,1.364222984757178
GGU,0.38629265269911484
GUA,0.4041766044424017
GUC,0.5136420282274052
GUG,2.0743258649993948
GUU,0.2848409624873361
UAC,0.5313672029177955
UAU,0.7876093132640566
UCA,0.3767243988961877
UCC,0.5392037678413464
UCG,2.925591483691079
UCU,0.3102582067921324
UGC,0.7033211278732103
UGG,0.32323769482794656
UGU,0.9847058586761723
UUA,0.5759393038682805
UUC,0.34431912655396285
UUG,0.308029636899857
UUU,0.5787000214532837
