codon,average_decoding_time
AAA,0.39827546799712704
AAC,0.32748015730324664
AAG,0.20739876377087832
AAU,0.5599553472978928
ACA,0.3385621917448387
ACC,0.3627825906303656
ACG,0.5459974135680052
ACU,0.2094233741064957
AGA,0.09823320603293977
AGC,1.2174231586862403
AGG,0.28765554338692273
AGU,1.5539571389532296
AUA,0.3522784820045507
AUC,0.3916879012746607
AUG,0.4157285173499778
AUU,0.2045621561931592
CAA,0.46613965044223193
CAC,0.5314216499521714
CAG,0.6409200737879996
CAU,0.7902217986381921
CCA,0.34354763781867076
CCC,2.2082871492007574
CCG,0.5080246410327186
CCU,1.7970393018418238
CGA,0.5084743783343748
CGC,0.634518400175574
CGG,2.1932601444230415
CGU,0.3918718942139846
CUA,1.3722391701154886
CUC,1.2154738992759644
CUG,1.3945208943350873
CUU,1.2893068644047565
GAA,0.2714150523358763
GAC,0.2804444929013758
GAG,0.4336441059289683
GAU,0.5065052679395595
GCA,0.31389723337177916
GCC,0.3490287706718385
GCG,0.7093634403771854
GCU,0.2081355489830977
GGA,0.8326797939210638
GGC,0.14824196463789358
GGG,0.6313171821645813
GGU,0.3624589084484308
GUA,0.3224524836372088
GUC,0.4310384962477902
GUG,1.7715455309608101
GUU,0.21111210464476987
UAC,0.5348842029893105
UAU,0.7882134040556652
UCA,0.3771411364911902
UCC,0.5417676977986717
UCG,0.7838623959736067
UCU,0.3114968249371862
UGC,0.7065138191822039
UGG,0.35311730413648323
UGU,0.9783938227474495
UUA,0.5798729501497181
UUC,0.3430896326522932
UUG,0.25325139340106084
UUU,0.577353378990475
