codon,average_decoding_time
AAA,0.39945720803799944
AAC,0.3273908834887932
AAG,0.12713934859557263
AAU,0.5568432396302965
ACA,0.3371109664475172
ACC,0.41403969344516073
ACG,0.5483261812770317
ACU,0.1974108279021538
AGA,0.09823068915311078
AGC,1.2193265650788718
AGG,0.2861910948450199
AGU,1.5471524295289865
AUA,0.3520952691467738
AUC,0.3780148638077234
AUG,0.4128465393496072
AUU,0.19309700419875603
CAA,0.29958903398974185
CAC,0.3717819573809697
CAG,2.4335123711582702
CAU,0.6090928101403539
CCA,0.33772352512208936
CCC,1.8063463907763724
CCG,0.4331663516655654
CCU,1.4498431483524177
CGA,0.4836644480184851
CGC,0.5083238104859115
CGG,2.0943868429804025
CGU,0.2808052890317432
CUA,1.2358493024565829
CUC,3.4054848046847903
CUG,1.0962466789777807
CUU,3.9675598649447883
GAA,0.27217995920078164
GAC,0.2793884916029773
GAG,1.9416315919417417
GAU,0.5077475825983757
GCA,0.31499148880652006
GCC,0.45105398759513887
GCG,0.7121158262248338
GCU,0.2287409637101055
GGA,0.8301279242614827
GGC,0.1488682639265467
GGG,0.6326834752156507
GGU,0.36034667012473287
GUA,0.3229808560504238
GUC,0.4173104480931254
GUG,1.7639234107757893
GUU,0.19896154224294857
UAC,0.369768518557668
UAU,0.6078214576284591
UCA,0.37278309928375486
UCC,0.4685949954776153
UCG,0.6459102865789547
UCU,0.24481350472957011
UGC,0.5119364994333825
UGG,0.33281222297385105
UGU,0.7653088669830613
UUA,0.5164605338531539
UUC,0.299779482781235
UUG,0.20129000290838975
UUU,0.5271673334545707
