codon,average_decoding_time
AAA,0.39956886863626206
AAC,0.3278418892886654
AAG,0.1265879012765317
AAU,0.560610722013458
ACA,0.3369947422815142
ACC,0.4144684536899801
ACG,0.5677586600125127
ACU,0.19749118680680972
AGA,0.09826779859166614
AGC,1.2234479764595863
AGG,0.2873588612547931
AGU,1.555331772224731
AUA,0.35303259081371835
AUC,0.37771212217180966
AUG,0.34472077619684516
AUU,0.19308873233242907
CAA,0.3005169954334431
CAC,0.36764942345738455
CAG,2.427827978274267
CAU,0.608646178357059
CCA,0.3365782088737649
CCC,1.8066996853269777
CCG,0.3890571758149458
CCU,1.4523761652189036
CGA,0.4795582275450691
CGC,0.5105510104494514
CGG,2.094196119129
CGU,0.2813613324448124
CUA,1.2441394432964168
CUC,3.391305138639274
CUG,1.0970154460598713
CUU,3.962326210366239
GAA,0.3049138909443601
GAC,0.2798130997994195
GAG,2.1540638509129875
GAU,0.5069373083351889
GCA,0.3182821134515387
GCC,0.48235299402555143
GCG,0.8523435643123918
GCU,0.25568048606641547
GGA,1.0174095057760142
GGC,0.1717372375827565
GGG,0.6851651562305539
GGU,0.38644613062972016
GUA,0.40533843747974874
GUC,0.5007878063453854
GUG,2.0796022517886374
GUU,0.27093615241683205
UAC,0.37215084324827347
UAU,0.6088514747299474
UCA,0.37152041767819305
UCC,0.46672946282049316
UCG,0.646915790782299
UCU,0.2442274203611162
UGC,0.5142948043851708
UGG,0.3342244688653815
UGU,0.7702726197655628
UUA,0.517645889739729
UUC,0.2998446362598684
UUG,0.2232703589143038
UUU,0.5270550771253744
