codon,average_decoding_time
AAA,0.39915638107014173
AAC,0.32565053509521974
AAG,0.20789394063712183
AAU,0.5590479864234427
ACA,0.33719960691514195
ACC,0.41399719550597414
ACG,0.41703739768616493
ACU,0.1979026590299014
AGA,0.09863737832060347
AGC,1.2248672642028682
AGG,0.2711697488225157
AGU,1.5530927792710578
AUA,0.35348138625110936
AUC,0.3761242314892945
AUG,0.4416992940727962
AUU,0.19229646957387234
CAA,0.3007162609183721
CAC,0.3688762764089577
CAG,0.5727372747837005
CAU,0.607072260217812
CCA,0.3369828576560723
CCC,1.8095227327699233
CCG,1.4948181449815374
CCU,1.4441029980948035
CGA,0.4798384734181469
CGC,0.5091632500264095
CGG,1.9198022582889565
CGU,0.2828721706644903
CUA,1.2452090965612495
CUC,3.399796437508676
CUG,1.158496229821195
CUU,3.988208537224642
GAA,0.3049948057492187
GAC,0.27847458048275514
GAG,0.4664388208709898
GAU,0.5083221212012679
GCA,0.3188745673467549
GCC,0.4813554266435955
GCG,0.7440996999967352
GCU,0.2564547162881033
GGA,1.031403314461337
GGC,0.17105160204501094
GGG,1.3571844488756617
GGU,0.3856894204149644
GUA,0.40449150738225437
GUC,0.49790275714266574
GUG,0.9990406982948395
GUU,0.2710132979699672
UAC,0.3692847002530626
UAU,0.608878926632186
UCA,0.372368888234526
UCC,0.4692532539756226
UCG,2.3188222687736793
UCU,0.24617456181639272
UGC,0.5126900966541184
UGG,0.30347975374242053
UGU,0.7669238786096018
UUA,0.5185177554927226
UUC,0.3003675390250146
UUG,0.21173325544002675
UUU,0.5296531937369463
