codon,average_decoding_time
AAA,0.40067601141013415
AAC,0.3276492500294634
AAG,0.12669259584965561
AAU,0.5581398160927339
ACA,0.33825718321004317
ACC,0.3621162595124937
ACG,0.5694713613021916
ACU,0.19755377661414733
AGA,0.09824542818729695
AGC,1.222948818359717
AGG,0.2859955769752765
AGU,1.555840177613639
AUA,0.35078599175713554
AUC,0.390899012352224
AUG,0.3421180241840309
AUU,0.19174344154138148
CAA,0.46423315614863475
CAC,0.5359531393978184
CAG,3.4420271947245498
CAU,0.7877190819221789
CCA,0.3431140331355922
CCC,2.1894872866169206
CCG,0.45053103128266747
CCU,1.622960634950848
CGA,0.5073187188879297
CGC,0.6352554031304793
CGG,2.199913031187032
CGU,0.39381658020308097
CUA,1.3668294395775273
CUC,1.207939379989953
CUG,1.402720427952278
CUU,4.434875091564547
GAA,0.3038617265049405
GAC,0.28058707481233536
GAG,2.1665486943661594
GAU,0.5059545735899603
GCA,0.31704867823232047
GCC,0.3700074516121829
GCG,0.852090714753921
GCU,0.2574025514781407
GGA,1.0229872450803064
GGC,0.17212198563843137
GGG,0.6831235919275153
GGU,0.3871235574479266
GUA,0.4051420239596274
GUC,0.5121483197047252
GUG,2.089036524993258
GUU,0.2707767498744593
UAC,0.37028921943333865
UAU,0.6075203885017534
UCA,0.37225458121839655
UCC,0.5343057162096663
UCG,0.6498075552391933
UCU,0.2447004418544377
UGC,0.513568863993761
UGG,0.33432859697124623
UGU,0.7684406980985994
UUA,0.5169398275849412
UUC,0.30087101762020085
UUG,0.21172222737549534
UUU,0.5288420999356122
