codon,average_decoding_time
AAA,0.4009461806205837
AAC,0.3291181641463437
AAG,0.12629768454119195
AAU,0.5605408131290472
ACA,0.33793086169707537
ACC,0.36112297316606057
ACG,0.5678812054317829
ACU,0.19639891627092643
AGA,0.09824324427634955
AGC,1.2236118674313263
AGG,1.5750402622415098
AGU,1.5479454606544159
AUA,0.35175409097528165
AUC,0.390704166763891
AUG,0.4446560908982406
AUU,0.19188482310100677
CAA,0.46517960180274415
CAC,0.5303638505076828
CAG,3.4688560037540364
CAU,0.7908965289222165
CCA,0.34390160510308143
CCC,2.1891929680940274
CCG,0.44822375980350604
CCU,1.6135073807930536
CGA,0.5097801460202116
CGC,0.6320609204107407
CGG,2.2016535464393026
CGU,0.3930034080818578
CUA,1.370734840476135
CUC,1.2083724484053115
CUG,1.4586940592937683
CUU,4.415953676104137
GAA,0.30376291963020685
GAC,0.2792884696718156
GAG,2.1577599498662345
GAU,0.5046477073861426
GCA,0.31960590851049275
GCC,0.36900000322429427
GCG,0.8526878548868573
GCU,0.25645418915432155
GGA,1.0175336699119248
GGC,0.1714773884795803
GGG,0.6846847396754794
GGU,0.3865508099156377
GUA,0.40589728562819904
GUC,0.5114946029166723
GUG,0.9986647546953363
GUU,0.2728965885496275
UAC,0.370047214744179
UAU,0.6056043649781543
UCA,0.37281493401820087
UCC,0.5343034443261059
UCG,0.647890375259267
UCU,0.24619451606316653
UGC,0.5113586542506531
UGG,0.2142944335546326
UGU,0.7680306849557634
UUA,0.521356524858724
UUC,0.2988162050096172
UUG,0.21262519562498525
UUU,0.5308182552871388
