codon,average_decoding_time
AAA,0.4012324649703338
AAC,0.3262360310797298
AAG,0.2075759822221423
AAU,0.5602034346132062
ACA,0.3380766591017387
ACC,0.4147731227354384
ACG,0.41717180820072397
ACU,0.21163072125982446
AGA,0.09812374327325074
AGC,1.2136682800776393
AGG,1.4067423113247106
AGU,1.5526942889266024
AUA,0.3512560334364755
AUC,0.37817060436239663
AUG,0.4120679055403058
AUU,0.2055077579208992
CAA,0.2999318277148306
CAC,0.36907044320577215
CAG,0.5722530182285769
CAU,0.6085711909764752
CCA,0.3370156276866243
CCC,1.8158378602212002
CCG,1.4910894103583947
CCU,1.7638712677828883
CGA,0.4808362883435439
CGC,0.5121042855699881
CGG,1.2287784521355813
CGU,0.28300059875362465
CUA,1.233453483294575
CUC,3.4138721630231315
CUG,1.0517987896938368
CUU,1.161503975572078
GAA,0.30357296294976016
GAC,0.278239875490673
GAG,0.46712166354131623
GAU,0.5074489173619552
GCA,0.31812014029195856
GCC,0.4834223995666942
GCG,0.7462863141242763
GCU,0.22502358043690218
GGA,1.0322553418580755
GGC,0.1708769357317023
GGG,1.3648390805568855
GGU,0.38866022983231346
GUA,0.40471813190439077
GUC,0.49771148352872085
GUG,2.0739462793831787
GUU,0.28665202809404244
UAC,0.5336157170359457
UAU,0.7885671589232024
UCA,0.37814509845413957
UCC,0.5054113510976779
UCG,2.919216168880537
UCU,0.3101120146701075
UGC,0.7074846591818078
UGG,0.3214434969106431
UGU,0.9804147453024896
UUA,0.5767379551225916
UUC,0.3441225529771312
UUG,0.2517581667678009
UUU,0.5799043899171326
