codon,average_decoding_time
AAA,0.40007990551556394
AAC,0.3275986016066621
AAG,0.12733997834898886
AAU,0.5602711369866393
ACA,0.3386940422502166
ACC,0.3625690861547126
ACG,0.5704264655919354
ACU,0.19630694521098052
AGA,0.09801355200480008
AGC,1.2250652926507124
AGG,1.5696892854162126
AGU,1.5464530681063142
AUA,0.3505049958234019
AUC,0.3917690625007511
AUG,0.3444836776628792
AUU,0.19272957449726047
CAA,0.4627768961499597
CAC,0.5327944315389721
CAG,3.4635913866191053
CAU,0.7897625858100619
CCA,0.34362099492897685
CCC,2.1921650463747864
CCG,0.44903649989365074
CCU,1.6119499942664497
CGA,0.5095830114938845
CGC,0.6338037198831433
CGG,2.196679701176973
CGU,0.39268749967464023
CUA,1.3672898763315093
CUC,1.2116611180506531
CUG,1.3971313325617338
CUU,4.445332213407918
GAA,0.3054541084887779
GAC,0.27986649759190557
GAG,2.151604913766046
GAU,0.5074907909330313
GCA,0.3192226203210903
GCC,0.36814798733537224
GCG,0.8562427649477806
GCU,0.2568385859746259
GGA,1.0182542132854688
GGC,0.17113754622006166
GGG,0.6804211592605185
GGU,0.38662042132518526
GUA,0.40419794728631525
GUC,0.5141860997911113
GUG,2.0749784188265585
GUU,0.27228300447429804
UAC,0.3702536086279147
UAU,0.6077532873887795
UCA,0.37235518645028454
UCC,0.537055429044491
UCG,0.649333905108355
UCU,0.2458974116822707
UGC,0.5137898350102338
UGG,0.2135006486472474
UGU,0.7672452722183297
UUA,0.5167234621686473
UUC,0.2994943069938508
UUG,0.21364262443349422
UUU,0.5323322250666809
