codon,average_decoding_time
AAA,0.4011257236406523
AAC,0.32559949793798815
AAG,0.2089986654837868
AAU,0.5597115665881653
ACA,0.3392748215406246
ACC,0.36109334634057516
ACG,0.41604852035771966
ACU,0.21091280481906433
AGA,0.09863266155809602
AGC,1.2212126893066135
AGG,1.4085043340649668
AGU,1.5553081160462892
AUA,0.3509511533904635
AUC,0.39060453575090726
AUG,0.3417609904561468
AUU,0.2047561937889864
CAA,0.4633420772151453
CAC,0.5347096871370055
CAG,0.6457105014946197
CAU,0.7861974439324579
CCA,0.34493838584474584
CCC,2.1807639846064153
CCG,1.8396777901337051
CCU,1.7912672969876469
CGA,0.51126658989434
CGC,0.6332009961625176
CGG,2.0285175316987005
CGU,0.3924765270389365
CUA,1.3683315441261175
CUC,1.2055269456340498
CUG,1.3983257450917026
CUU,1.295188756358526
GAA,0.3025513507028406
GAC,0.2786780241950395
GAG,0.46603844682586326
GAU,0.5075625514844053
GCA,0.31765187658860106
GCC,0.3692620403786712
GCG,0.7443211918193914
GCU,0.22606155776484047
GGA,1.0246862329556339
GGC,0.17140871532563925
GGG,1.367208908865949
GGU,0.38638365597173935
GUA,0.4063398442298895
GUC,0.5116287193547837
GUG,2.081568508506793
GUU,0.28575189463863376
UAC,0.5297833440222185
UAU,0.7921881496361972
UCA,0.3777366555317524
UCC,0.5410805531554788
UCG,2.910959309516249
UCU,0.31021686219986105
UGC,0.7038771069723485
UGG,0.3241963018374356
UGU,0.981455174590983
UUA,0.5809309274331695
UUC,0.34339105068030207
UUG,0.31171640819847246
UUU,0.5793922288179855
