codon,average_decoding_time
AAA,0.4008834436017475
AAC,0.32663418034076525
AAG,0.12763678044098556
AAU,0.5607537232414218
ACA,0.3385167671923736
ACC,0.3621351047777948
ACG,0.5684643370414958
ACU,0.20993372597050425
AGA,0.09756791210557667
AGC,1.2248770496837476
AGG,0.2874492330057411
AGU,1.5605693021692935
AUA,0.3522531637028166
AUC,0.3909854321437822
AUG,0.3743431399469811
AUU,0.20525512656988842
CAA,0.465011840798742
CAC,0.5303179408336897
CAG,3.44890441878521
CAU,0.7896868055881535
CCA,0.3447128309647979
CCC,2.191525984719414
CCG,0.44860940844367064
CCU,1.7980802117431565
CGA,0.5116560722242636
CGC,0.6337580862533945
CGG,2.195764943804079
CGU,0.39070513074129326
CUA,1.3730493272353086
CUC,1.2038801369522312
CUG,1.4677847549038383
CUU,1.2954218513358091
GAA,0.303240676841002
GAC,0.2794957974020258
GAG,2.1570844038377586
GAU,0.5075478279841938
GCA,0.31957445020254494
GCC,0.3683591092089649
GCG,0.854689694817667
GCU,0.22603731748513864
GGA,1.0219831831736395
GGC,0.17137016072269687
GGG,0.6820134654663245
GGU,0.38629539142470004
GUA,0.40708455242427716
GUC,0.5116708727010518
GUG,0.9973236906735532
GUU,0.2849691852641792
UAC,0.5330783368846544
UAU,0.7889811575970074
UCA,0.37691013101719384
UCC,0.5398242590968966
UCG,0.7899283000012677
UCU,0.3112653282491459
UGC,0.7059212632071173
UGG,0.35281408204800324
UGU,0.9851766757882402
UUA,0.5793335580193185
UUC,0.34343196294146444
UUG,0.32632411972231923
UUU,0.5777269372293095
