codon,average_decoding_time
AAA,0.3989743986407118
AAC,0.32635796202826894
AAG,0.1274988274907256
AAU,0.5590228518333611
ACA,0.3378705291739075
ACC,0.4151477331667588
ACG,0.567118917059163
ACU,0.20970564006516335
AGA,0.0978564623889739
AGC,1.214150058502109
AGG,0.28712601374900265
AGU,1.5562926708799671
AUA,0.3518868254655833
AUC,0.37597843932740177
AUG,0.3457040200707545
AUU,0.20448919767911716
CAA,0.2978494732233425
CAC,0.3702625423522217
CAG,2.422750561278676
CAU,0.6091075102931265
CCA,0.3375468718328728
CCC,1.8187633293247374
CCG,0.38937623476253214
CCU,1.7669245005588827
CGA,0.4839457467267297
CGC,0.5111309232491107
CGG,2.0839297255256026
CGU,0.28185826817931364
CUA,1.2309671120474548
CUC,3.4115721837469883
CUG,1.09884328390436
CUU,1.1607566169733923
GAA,0.30387952059990386
GAC,0.2793249487844414
GAG,2.156734741229302
GAU,0.5082749643654976
GCA,0.3186648552777343
GCC,0.48045863472677874
GCG,0.8561893759022854
GCU,0.2267774701940189
GGA,1.0255922547556962
GGC,0.1710026494561226
GGG,0.6805319488222406
GGU,0.3862174201294294
GUA,0.40419283868136296
GUC,0.5003916227314573
GUG,2.0724788504145844
GUU,0.28650566677552125
UAC,0.5342304993297317
UAU,0.786323456575771
UCA,0.37703744934521555
UCC,0.5051681971790231
UCG,0.7885319559938171
UCU,0.30964407336558175
UGC,0.7014945970615604
UGG,0.3528530136221055
UGU,0.9841163888911874
UUA,0.5768944462999126
UUC,0.341136037178646
UUG,0.3097631706893929
UUU,0.5780528081615836
