codon,average_decoding_time
AAA,0.39831892272848124
AAC,0.32822618894204125
AAG,0.2071163659120119
AAU,0.5598396924279303
ACA,0.33792188035516424
ACC,0.36281359163315113
ACG,0.5703630868268594
ACU,0.21072824502715293
AGA,0.09799093362648414
AGC,1.2193782293406255
AGG,0.28648274832495024
AGU,1.5450431319924318
AUA,0.35002379555398394
AUC,0.38990616744025713
AUG,0.44061427405521475
AUU,0.20583701785642544
CAA,0.46784745729101124
CAC,0.532580080096619
CAG,0.6445623016147666
CAU,0.787510261528716
CCA,0.34448132370223067
CCC,2.1963834691297266
CCG,0.4485144375858524
CCU,1.7929594582962864
CGA,0.5084269403809585
CGC,0.6329172257271399
CGG,2.1749890823819964
CGU,0.39131557297687525
CUA,1.3701087525147395
CUC,1.2065209976946172
CUG,1.4665304479128811
CUU,1.2929256444308468
GAA,0.3037156769062954
GAC,0.2792210271710725
GAG,0.4650697052263105
GAU,0.5056044274333473
GCA,0.3185803903671555
GCC,0.3695859412858942
GCG,0.8514612512863251
GCU,0.22550616543585983
GGA,1.0224352810908959
GGC,0.1706395634384614
GGG,0.6842183496814607
GGU,0.3864375052511722
GUA,0.4054050836865035
GUC,0.5115391044717877
GUG,0.9960074552929523
GUU,0.28498477389318255
UAC,0.5330123314554103
UAU,0.7847577717763214
UCA,0.37580350499512033
UCC,0.5420597652340824
UCG,0.7891467513853603
UCU,0.31067128622756096
UGC,0.7065899010020734
UGG,0.3533118689804732
UGU,0.9826063145646294
UUA,0.5789074560027868
UUC,0.3429224744890971
UUG,0.2639617800243449
UUU,0.5789777748084455
