codon,average_decoding_time
AAA,0.3979929348325963
AAC,0.3265922361738218
AAG,0.1282268458233548
AAU,0.5592486504944182
ACA,0.33836931212146665
ACC,0.41602176269016505
ACG,0.5651545265484313
ACU,0.2113350019899486
AGA,0.09829517022659323
AGC,1.224143485501013
AGG,0.28608978399602275
AGU,1.5552692784229785
AUA,0.35184357718748166
AUC,0.37893746967242403
AUG,0.41264698294554863
AUU,0.20528084056941368
CAA,0.2995913156318129
CAC,0.37085071546266724
CAG,2.421011886543531
CAU,0.6100994387379164
CCA,0.3386113582439931
CCC,1.8112207774384896
CCG,0.388321267450663
CCU,1.763286718817937
CGA,0.48241784190824083
CGC,0.5106674985835331
CGG,2.0823885892459364
CGU,0.280552794824113
CUA,1.2351087614346103
CUC,3.3965090870389067
CUG,1.0516870266395357
CUU,1.1604743901023746
GAA,0.303202899806424
GAC,0.27998623855818355
GAG,2.1663006076634272
GAU,0.5081566774111412
GCA,0.3196533518548182
GCC,0.4823349092722783
GCG,0.8566928245591413
GCU,0.22676284691163587
GGA,1.0190548553626442
GGC,0.17145850887941022
GGG,0.6865192227245251
GGU,0.38649043313757603
GUA,0.4055552215602336
GUC,0.49791027328473864
GUG,2.0777020660893912
GUU,0.2847487284701987
UAC,0.5347710883927396
UAU,0.7863668012976868
UCA,0.37753543223617625
UCC,0.5050386347075883
UCG,0.7908882520665569
UCU,0.3103066144759752
UGC,0.7100733363534492
UGG,0.3557124994365115
UGU,0.9798056424246661
UUA,0.5788642610986932
UUC,0.34161640496655427
UUG,0.2541024718447459
UUU,0.5764589178676883
