codon,average_decoding_time
AAA,0.39762364158819097
AAC,0.32459385782354894
AAG,0.12680912739623612
AAU,0.5615663530693845
ACA,0.338418724290592
ACC,0.36165497080490006
ACG,0.5482221893865065
ACU,0.2101723135169442
AGA,0.09822725387035176
AGC,1.2207944621397282
AGG,1.5714025366518518
AGU,1.5524077046077327
AUA,0.35129709432618156
AUC,0.39304423850747894
AUG,0.4417428968788465
AUU,0.20495006934593504
CAA,0.46518641397705096
CAC,0.53284891116123
CAG,3.4751261892110987
CAU,0.7901908443641696
CCA,0.3446024445228493
CCC,2.1774144866470153
CCG,0.5081511183399676
CCU,1.7935936871572071
CGA,0.5085081194506669
CGC,0.6341312705785581
CGG,2.2127967233964267
CGU,0.39219532085914094
CUA,1.3713596534939774
CUC,1.2052438174732625
CUG,1.4603655446805688
CUU,1.296836436618798
GAA,0.2715856888492791
GAC,0.27884486083337034
GAG,1.9317802334156389
GAU,0.5086448043501863
GCA,0.3150301254243773
GCC,0.34991400778262066
GCG,0.7119453384077483
GCU,0.20691956031912087
GGA,0.8272694462351061
GGC,0.14861556184423344
GGG,0.6312569735101986
GGU,0.3611212714177811
GUA,0.3247328271082275
GUC,0.43124391068698803
GUG,0.8601716211174593
GUU,0.21252191480304614
UAC,0.5326304526692914
UAU,0.7893725772657743
UCA,0.3771926399366541
UCC,0.5403878905280903
UCG,0.7883156476478586
UCU,0.3106471951477478
UGC,0.7022107870203439
UGG,0.3523017895118344
UGU,0.9787800734955394
UUA,0.5758348835518864
UUC,0.342584440716691
UUG,0.26484564757797224
UUU,0.5789076960036408
