codon,average_decoding_time
AAA,0.39928715332751374
AAC,0.32749254763251795
AAG,0.12722866980974618
AAU,0.5588177520917009
ACA,0.3380959766872448
ACC,0.36209620667629067
ACG,0.4168015117225996
ACU,0.1976437450494312
AGA,0.09848197868191816
AGC,1.2235409471546281
AGG,0.2722456093834089
AGU,1.5607345213738832
AUA,0.35260817611199463
AUC,0.3914979209937122
AUG,0.4117270590960844
AUU,0.19271101241908153
CAA,0.466244662041944
CAC,0.5331985777620142
CAG,3.4552420360319
CAU,0.7875058059476282
CCA,0.3455834459382241
CCC,2.18888813777392
CCG,1.8373414149348488
CCU,1.625417212828176
CGA,0.5104873460294072
CGC,0.6326549827849345
CGG,2.0315358209792413
CGU,0.3913896565481397
CUA,1.3745227453687543
CUC,1.2110474656200583
CUG,1.4053313159172596
CUU,4.442956679353164
GAA,0.3044726749887209
GAC,0.2779389544585834
GAG,2.159093878130007
GAU,0.5049415768376374
GCA,0.3179267464883607
GCC,0.370005878715817
GCG,0.7426293674346772
GCU,0.2548839631786288
GGA,1.0252350053381951
GGC,0.17142117856628988
GGG,1.3686254172474415
GGU,0.3861789665788043
GUA,0.4059033093845715
GUC,0.5127723392552008
GUG,2.0714083074886185
GUU,0.27399167575571715
UAC,0.36965960242430684
UAU,0.6061862965795977
UCA,0.3711746612111362
UCC,0.5353611742598698
UCG,2.3201172350669075
UCU,0.24638946812790077
UGC,0.5135773117952317
UGG,0.30371650219040214
UGU,0.7709208859681608
UUA,0.5201570991050143
UUC,0.3001507752652494
UUG,0.20132962629566625
UUU,0.5291306221289163
