codon,average_decoding_time
AAA,0.4005230677576812
AAC,0.326888487836094
AAG,0.20643682163583132
AAU,0.5600004255915829
ACA,0.3368763090721662
ACC,0.41622155146649625
ACG,0.5686101594058661
ACU,0.1967149190135127
AGA,0.09854783811337221
AGC,1.2209149408986275
AGG,0.2860113054215351
AGU,1.5490063058857084
AUA,0.35161952633382754
AUC,0.37887653993685083
AUG,0.41358457433461066
AUU,0.19272614369740781
CAA,0.3009592948905707
CAC,0.3704173468853709
CAG,0.5719356182863589
CAU,0.6091527211055834
CCA,0.3395955353145547
CCC,1.8082500443181844
CCG,0.38909128792391035
CCU,1.4531158193166354
CGA,0.48045646144270177
CGC,0.5087343510765215
CGG,2.095539942991935
CGU,0.2828046612875713
CUA,1.2372130362749607
CUC,3.413831267144254
CUG,1.0971941395653795
CUU,3.9813186401581433
GAA,0.3041860633483018
GAC,0.28055500635851777
GAG,0.46601524122995086
GAU,0.507518061267173
GCA,0.31923405812989664
GCC,0.479974555577101
GCG,0.8551975210157804
GCU,0.2554082245022014
GGA,1.0214817519501214
GGC,0.17151971980104944
GGG,0.6823786487899975
GGU,0.38686599923454074
GUA,0.4050440482638728
GUC,0.49680702473518074
GUG,2.0795268676449266
GUU,0.27191569702375035
UAC,0.37253847108817684
UAU,0.6075178862032456
UCA,0.3735292568895392
UCC,0.47130480907954125
UCG,0.645982910726642
UCU,0.24671021489301231
UGC,0.5161800798755439
UGG,0.3340530703536691
UGU,0.7669591812913669
UUA,0.519483688616114
UUC,0.29955101944322315
UUG,0.20148509790610675
UUU,0.5296279602724958
