codon,average_decoding_time
AAA,0.396389615963186
AAC,0.32750185945091237
AAG,0.12699097277793323
AAU,0.5583892744019794
ACA,0.33768643192638975
ACC,0.36099910712386657
ACG,0.5714402301901803
ACU,0.19728959206118873
AGA,0.0980159325509741
AGC,1.2183131934358717
AGG,1.582939744784998
AGU,1.551367039163993
AUA,0.35175425102413516
AUC,0.3929678629162336
AUG,0.44232186914515553
AUU,0.192841088773806
CAA,0.4637928574565956
CAC,0.5300955021733871
CAG,3.470492272747989
CAU,0.7909839212011549
CCA,0.34366453726176255
CCC,2.189035435123296
CCG,0.44994960920483346
CCU,1.616486713228709
CGA,0.5104146556738972
CGC,0.634447750954172
CGG,2.1913323366048343
CGU,0.3935313368098599
CUA,1.3675127368358853
CUC,1.2020828058259043
CUG,1.455660455149417
CUU,4.437567289010252
GAA,0.3030903470323161
GAC,0.28169329308648544
GAG,2.1619995593558934
GAU,0.5046561000673011
GCA,0.3178770120990341
GCC,0.36804030057882386
GCG,0.8528007981753569
GCU,0.25587386539792495
GGA,1.0279647634024707
GGC,0.17035385069214254
GGG,0.6843136022197795
GGU,0.3855004615326872
GUA,0.4056667174281513
GUC,0.5134776656689669
GUG,0.996370919375226
GUU,0.27179046642334
UAC,0.36850936385312677
UAU,0.6071207294260746
UCA,0.37291343162790674
UCC,0.5349604899912352
UCG,0.6446954744786819
UCU,0.2455477612212514
UGC,0.5170227079474173
UGG,0.2136809020675783
UGU,0.7706209925880111
UUA,0.5174024339807375
UUC,0.29857838065123066
UUG,0.21284300338965498
UUU,0.5323243464407273
