codon,average_decoding_time
AAA,0.40044749227167137
AAC,0.32861932093133056
AAG,0.12781679039097024
AAU,0.5620454488404593
ACA,0.33748694950474134
ACC,0.4144365214031138
ACG,0.5455460998733042
ACU,0.21102036547460662
AGA,0.09843335584205216
AGC,1.2201140157894081
AGG,1.5723242850766113
AGU,1.549326534469942
AUA,0.35122713823825163
AUC,0.37816882035624466
AUG,0.3736139309355176
AUU,0.203882221135084
CAA,0.29865648332786765
CAC,0.37032572699347927
CAG,2.4253407906070557
CAU,0.6074429464915856
CCA,0.33700933651141474
CCC,1.8059407426233107
CCG,0.4326446626921152
CCU,1.758701759530386
CGA,0.4797753340668498
CGC,0.5099413321602538
CGG,1.3943520763742678
CGU,0.2812414222506606
CUA,1.235632619325932
CUC,3.410815626455362
CUG,1.1189819027642707
CUU,1.1577736745815999
GAA,0.2720705123703021
GAC,0.27914279505198863
GAG,1.9480571554752517
GAU,0.5071868606104398
GCA,0.31546294165323685
GCC,0.45010950997822663
GCG,0.7121601130694656
GCU,0.20779988380478617
GGA,0.8266071054035076
GGC,0.14822481538282326
GGG,0.6302621170268393
GGU,0.3621523410587719
GUA,0.3259333711696608
GUC,0.4191722015286433
GUG,0.7735870028072015
GUU,0.212869242284893
UAC,0.5327809597742449
UAU,0.7929178756540186
UCA,0.3770485052655311
UCC,0.5036141489078344
UCG,0.7885707039307558
UCU,0.310259324867435
UGC,0.702032196305139
UGG,0.3523446820815503
UGU,0.984654466943699
UUA,0.5798463224272665
UUC,0.34375114198728524
UUG,0.32891035441628025
UUU,0.5776136527987028
