codon,average_decoding_time
AAA,0.40023076969297705
AAC,0.32835694118264086
AAG,0.20692015624453416
AAU,0.562647871020921
ACA,0.3372975025718788
ACC,0.41542841317437684
ACG,0.4182447579122623
ACU,0.20990566713940476
AGA,0.09786990185464549
AGC,1.2267065658112324
AGG,0.27223753666075556
AGU,1.5563441020141475
AUA,0.3510441588676715
AUC,0.3777700631757173
AUG,0.3433542795013777
AUU,0.2040132718378683
CAA,0.2979317107398451
CAC,0.3688346103798545
CAG,0.5722523261672323
CAU,0.6075434224737418
CCA,0.33850940339708485
CCC,1.8170962965376407
CCG,1.4934524413426755
CCU,1.758418555722702
CGA,0.481626765080628
CGC,0.5105180147100357
CGG,1.9150562171035357
CGU,0.2830670922796086
CUA,1.2337158982640644
CUC,3.3972576736503135
CUG,1.0940517414586244
CUU,1.1608545888228758
GAA,0.30268637686262073
GAC,0.2790819514333852
GAG,0.46459921145163074
GAU,0.5061001817964776
GCA,0.3181701700766187
GCC,0.48313527681209095
GCG,0.7470567728599808
GCU,0.2258803539047851
GGA,1.021113732860888
GGC,0.17153184195106816
GGG,1.3604690959370576
GGU,0.38516023107563097
GUA,0.4044273199498071
GUC,0.49872050386198086
GUG,2.08193911222877
GUU,0.28597452498881976
UAC,0.5324306415850683
UAU,0.7899728364821795
UCA,0.3770989907537221
UCC,0.5043154873922835
UCG,2.924474517342659
UCU,0.30987594749565406
UGC,0.7032167322848965
UGG,0.32280700405022245
UGU,0.9779959909140672
UUA,0.5767960195799945
UUC,0.3436349804914694
UUG,0.30753573635670056
UUU,0.5775802484624575
