codon,average_decoding_time
AAA,0.3999611857389128
AAC,0.3273720860973527
AAG,0.20621198970202398
AAU,0.5610536324146838
ACA,0.33759739760323654
ACC,0.3600820399697422
ACG,0.4162210321814536
ACU,0.2106844186440596
AGA,0.09813536718251524
AGC,1.2217870155483164
AGG,1.4045186484409542
AGU,1.5518344367077446
AUA,0.35257143718222905
AUC,0.3920615364323666
AUG,0.4131118256617913
AUU,0.20465030985171426
CAA,0.4616972191226783
CAC,0.5319179153146305
CAG,0.6442688799721044
CAU,0.7906042126653765
CCA,0.34388553956580714
CCC,2.1935312894859593
CCG,1.8443752419596195
CCU,1.8019684987069076
CGA,0.5105589619074133
CGC,0.6319738810253595
CGG,2.0286449639448207
CGU,0.3928614136843087
CUA,1.3741105001968543
CUC,1.2134609867647355
CUG,1.3946031998221724
CUU,1.291706085314593
GAA,0.3055261439969611
GAC,0.27919704444062415
GAG,0.46525053878583916
GAU,0.5072042054662509
GCA,0.3181769625555792
GCC,0.36994977179802574
GCG,0.7433274098048243
GCU,0.22528341966955842
GGA,1.0253864675723066
GGC,0.1719172934059436
GGG,1.362654247590337
GGU,0.3872289427421023
GUA,0.40442353272651194
GUC,0.5124212014487313
GUG,2.0553163176556364
GUU,0.2836076560355961
UAC,0.5340221610156894
UAU,0.7887679416973816
UCA,0.37772467263922116
UCC,0.5445714045899059
UCG,2.913891675727907
UCU,0.31029161427287805
UGC,0.7084281424922755
UGG,0.32304049859529554
UGU,0.984919857640947
UUA,0.5770908211985873
UUC,0.3447125855775051
UUG,0.2527840766028665
UUU,0.5810457248908087
