codon,average_decoding_time
AAA,0.4010986178211159
AAC,0.329373328305618
AAG,0.1275994036954168
AAU,0.5594288226119476
ACA,0.33713983526042374
ACC,0.416240837463482
ACG,0.41557736870051354
ACU,0.19647842289505116
AGA,0.09859506080373154
AGC,1.2229047875333177
AGG,1.404218529953282
AGU,1.5533921407826126
AUA,0.3513026628229484
AUC,0.3764094282115154
AUG,0.41345398456945864
AUU,0.19147477059815657
CAA,0.3003558268617698
CAC,0.3694617966065098
CAG,2.4172184484532733
CAU,0.6083469830441753
CCA,0.3378809520021266
CCC,1.8119247544679764
CCG,1.491181854999295
CCU,1.4443936167362126
CGA,0.48029024043022117
CGC,0.5120931333781361
CGG,1.22935340514093
CGU,0.28261840449987996
CUA,1.2241917446313502
CUC,3.3922095910101855
CUG,1.097815666604681
CUU,3.9739417601953417
GAA,0.30321849313904864
GAC,0.28027916719164203
GAG,2.1668203142062525
GAU,0.5035441869616384
GCA,0.3171468480927666
GCC,0.48010471087222983
GCG,0.7452576977420673
GCU,0.2560600672711168
GGA,1.018346296642795
GGC,0.17132034456140735
GGG,1.3643367941712963
GGU,0.38686152639362265
GUA,0.4033042297320204
GUC,0.49908420247018753
GUG,2.0680177662838988
GUU,0.2713069578446521
UAC,0.3689827856028595
UAU,0.6077676767399296
UCA,0.37285928023795983
UCC,0.46872831688567074
UCG,2.307362636378485
UCU,0.2465774584975068
UGC,0.5132074382964971
UGG,0.18486247738200565
UGU,0.7710618341780596
UUA,0.522334411701957
UUC,0.3015454409554927
UUG,0.20145447464573107
UUU,0.5286799061288887
