codon,average_decoding_time
AAA,0.39913877627784966
AAC,0.32675033351959143
AAG,0.20782085741447356
AAU,0.5605800248666313
ACA,0.3365959592556624
ACC,0.41427915595598475
ACG,0.5657043885030026
ACU,0.1974117708667608
AGA,0.09864498706287492
AGC,1.219337130624791
AGG,0.28661104034821144
AGU,1.5595321778500686
AUA,0.3509240940453494
AUC,0.3778040315952217
AUG,0.3441677695053076
AUU,0.19264943424340422
CAA,0.30127540827104615
CAC,0.37084682979364153
CAG,0.5738890940902663
CAU,0.607676253064848
CCA,0.33810862681036097
CCC,1.8064665884104183
CCG,0.3884799680009755
CCU,1.4519114589072724
CGA,0.47982382797554646
CGC,0.5114065772363074
CGG,2.0744276591779034
CGU,0.2824065899170918
CUA,1.228332612428751
CUC,3.4160895640234172
CUG,1.0939029159662066
CUU,3.951709267391262
GAA,0.30381812997920754
GAC,0.27892174446781287
GAG,0.4648713711582609
GAU,0.5065388005482516
GCA,0.31924236463819344
GCC,0.4819645198215153
GCG,0.8539614682088084
GCU,0.25489701810522236
GGA,1.0308924950744116
GGC,0.17138843274121085
GGG,0.6832080159841494
GGU,0.38668396881663675
GUA,0.40218997690057867
GUC,0.4986112527451936
GUG,2.0793551240083286
GUU,0.27171732388225484
UAC,0.36929856298562336
UAU,0.6074642232665702
UCA,0.3732516719321835
UCC,0.4704281160996491
UCG,0.6418444443562549
UCU,0.24692059484054782
UGC,0.5136317944414541
UGG,0.33399254561085273
UGU,0.7687226457691887
UUA,0.5206864575924461
UUC,0.2986700096691574
UUG,0.226785362371111
UUU,0.5293708571729796
