codon,average_decoding_time
AAA,0.39890091586979926
AAC,0.3243169807300411
AAG,0.1276159479630812
AAU,0.5584671164222674
ACA,0.33909540517813247
ACC,0.41590978122377104
ACG,0.5699852305018379
ACU,0.2089523371763265
AGA,0.09897082531033533
AGC,1.2263720144672516
AGG,1.5662473353923083
AGU,1.5514138569912108
AUA,0.35336006711991597
AUC,0.37688909996236863
AUG,0.41113483881671964
AUU,0.20424369138939405
CAA,0.3011926230201358
CAC,0.37051747947206015
CAG,2.4221286832922018
CAU,0.6083835527925174
CCA,0.3397597501264483
CCC,1.81754425890762
CCG,0.38714947429198443
CCU,1.7788569665618508
CGA,0.48331802143921326
CGC,0.5096592597187171
CGG,1.399246541924911
CGU,0.2821942054990817
CUA,1.2417203327126332
CUC,3.4056630465847304
CUG,1.095992680501918
CUU,1.1557977064291847
GAA,0.3028543427964925
GAC,0.2789927998992453
GAG,2.1722496879604556
GAU,0.5051564004522181
GCA,0.3195701995603889
GCC,0.4832341393102829
GCG,0.8506493239173835
GCU,0.22495033252787808
GGA,1.0211118533405277
GGC,0.17171349308832293
GGG,0.6815002155266282
GGU,0.3865781364336206
GUA,0.4052009480178403
GUC,0.49749977369594045
GUG,2.0788982186964837
GUU,0.2864939997202022
UAC,0.5344470148785553
UAU,0.7896603828393962
UCA,0.3775216848692609
UCC,0.5055385250699073
UCG,0.787936672939389
UCU,0.30958700994419747
UGC,0.7048330590904646
UGG,0.3530533272500924
UGU,0.9805130917826492
UUA,0.5784286516807269
UUC,0.3417444780089805
UUG,0.25233926606162316
UUU,0.5771940881955847
