codon,average_decoding_time
AAA,0.39846527837884316
AAC,0.3269485364181928
AAG,0.12641982852522243
AAU,0.5578530285215402
ACA,0.3368365215769528
ACC,0.4134386255263433
ACG,0.5459493808138465
ACU,0.1960391396056281
AGA,0.09810482977367765
AGC,1.2209132236665075
AGG,0.28626692002975035
AGU,1.553320470630571
AUA,0.3507284126492199
AUC,0.3785378714250748
AUG,0.3736929747391164
AUU,0.19308429912500072
CAA,0.299237328939008
CAC,0.3700110929819929
CAG,2.422258619955912
CAU,0.6098723242855852
CCA,0.33657228688576424
CCC,1.809933907196382
CCG,0.4335423823186028
CCU,1.4519076764895642
CGA,0.4799027664848255
CGC,0.5090154642581597
CGG,2.0831065562087594
CGU,0.28151338089392125
CUA,1.2365334317970857
CUC,3.4177280617849295
CUG,1.1200885744215887
CUU,3.9883787366436785
GAA,0.2730048140290106
GAC,0.2795036666740974
GAG,1.93495134278934
GAU,0.5067303237954908
GCA,0.3144658524523629
GCC,0.45111251710914096
GCG,0.7105023435912909
GCU,0.23021352043742851
GGA,0.829817591507623
GGC,0.14839779137631617
GGG,0.6307620816830869
GGU,0.36172010580211716
GUA,0.32464323606212003
GUC,0.41961580580502916
GUG,0.7702755124213521
GUU,0.19937904561667816
UAC,0.3689575900870926
UAU,0.6082098331127702
UCA,0.3733115701212659
UCC,0.4687269516554461
UCG,0.6493099099671252
UCU,0.24698043958270657
UGC,0.511218829893774
UGG,0.334850984392043
UGU,0.7697267708449863
UUA,0.5183940517620556
UUC,0.3003264396420668
UUG,0.23232754539941386
UUU,0.530380492457882
