codon,average_decoding_time
AAA,0.400267599342879
AAC,0.3281834742876594
AAG,0.12699285898594978
AAU,0.5587146571717028
ACA,0.33678613830116155
ACC,0.36108197638345046
ACG,0.41502560104354985
ACU,0.2101099934068639
AGA,0.09828608666809692
AGC,1.2249527151722954
AGG,1.3950757464490462
AGU,1.5498863104892533
AUA,0.3543085995123753
AUC,0.3914463565204218
AUG,0.4102802256917725
AUU,0.2049707676355851
CAA,0.46455097301168297
CAC,0.5318770002486146
CAG,3.4704586455939554
CAU,0.7870755100529523
CCA,0.3462149650292915
CCC,2.190911470503308
CCG,1.8336109895977908
CCU,1.7920925235628826
CGA,0.5082868502682983
CGC,0.6333556778871998
CGG,2.029732313032141
CGU,0.39256248765716634
CUA,1.3730121933218438
CUC,1.2084859101219565
CUG,1.4018651569464573
CUU,1.2982114722443614
GAA,0.30531478706591675
GAC,0.27959915711362887
GAG,2.172418984345754
GAU,0.50669359706521
GCA,0.3170946612653644
GCC,0.36916983256130276
GCG,0.7474098016611006
GCU,0.22588114329437
GGA,1.0273471806033818
GGC,0.17075379250653208
GGG,1.3650669360082948
GGU,0.38574900364075426
GUA,0.40284395376307514
GUC,0.5125048486084985
GUG,2.076429395294955
GUU,0.28454697815674584
UAC,0.5335230080852084
UAU,0.7901527972023703
UCA,0.3790382940153573
UCC,0.5395419753836341
UCG,2.9095014067687974
UCU,0.31020341840833193
UGC,0.7054712702032797
UGG,0.3219997114525156
UGU,0.9815090672639196
UUA,0.5820670400093741
UUC,0.34408709261655407
UUG,0.2533317541028277
UUU,0.5766386771503431
