codon,average_decoding_time
AAA,0.3980443766648872
AAC,0.32689161207518075
AAG,0.2076143010897388
AAU,0.5592913517894759
ACA,0.33742766546237885
ACC,0.3613703707479079
ACG,0.5661333220436463
ACU,0.2105362697241867
AGA,0.09800184841999499
AGC,1.217512546086038
AGG,1.5746745696802624
AGU,1.554616980642328
AUA,0.35058189099212467
AUC,0.39077400938908785
AUG,0.4424649027988299
AUU,0.20651690842514595
CAA,0.4624905246594408
CAC,0.530294572999974
CAG,0.6446734625796393
CAU,0.7899261777331674
CCA,0.3445141948979097
CCC,2.1907289897814755
CCG,0.44948726601859373
CCU,1.7857460633563433
CGA,0.5102423811816585
CGC,0.6344531096078764
CGG,2.1895016082255614
CGU,0.3920378086658352
CUA,1.3761663947369778
CUC,1.2056240634876705
CUG,1.4636784318719533
CUU,1.2956818748177803
GAA,0.30391572099438285
GAC,0.2792633880340215
GAG,0.4656943899481612
GAU,0.5070352584201634
GCA,0.31901356227278477
GCC,0.3691356674190103
GCG,0.8539648941196284
GCU,0.22576699450927107
GGA,1.0220201022020805
GGC,0.17119353212686478
GGG,0.6830061862196597
GGU,0.38658822499492007
GUA,0.4039328170816839
GUC,0.5134140154514688
GUG,0.9937778196347836
GUU,0.28344906962616684
UAC,0.5335074275843447
UAU,0.7920885039690513
UCA,0.376536984256357
UCC,0.5420098564351062
UCG,0.7868160647068559
UCU,0.3119339814947182
UGC,0.7075282937151237
UGG,0.3540415595918217
UGU,0.9843178082232292
UUA,0.5767689663066637
UUC,0.34534289605969803
UUG,0.26333138721492155
UUU,0.5777899408668008
