codon,average_decoding_time
AAA,0.40238855031919935
AAC,0.3268874514163332
AAG,0.20720097046431118
AAU,0.5601918080342064
ACA,0.3380537420666131
ACC,0.4140776931228201
ACG,0.5684884426764117
ACU,0.1960015720951133
AGA,0.09770999691686595
AGC,1.2168817405349437
AGG,1.5773735921896337
AGU,1.5562031013950377
AUA,0.3512545450136365
AUC,0.3763736645317643
AUG,0.41496479377018114
AUU,0.19273133865948813
CAA,0.30000422565384494
CAC,0.3723573800283001
CAG,0.5718133237271986
CAU,0.6086411213593899
CCA,0.3386353510636734
CCC,1.8059209922893826
CCG,0.3876108152098394
CCU,1.453590480856494
CGA,0.48148608850448815
CGC,0.5088907146439328
CGG,1.4046599288487367
CGU,0.2827241078410297
CUA,1.2373753865298085
CUC,3.410865807540856
CUG,1.06077364708179
CUU,3.953712551012008
GAA,0.3041339657897696
GAC,0.2788655805016638
GAG,0.4655514171430348
GAU,0.5082482413402712
GCA,0.3182698951211585
GCC,0.4801046109970077
GCG,0.8555680586837182
GCU,0.2562925590097946
GGA,1.0174751615718096
GGC,0.1711626631670117
GGG,0.6856364473048616
GGU,0.38712039720523955
GUA,0.40332261308402034
GUC,0.49874493538250186
GUG,2.0736028148640684
GUU,0.27231849379966167
UAC,0.37140757311603934
UAU,0.6079729466843815
UCA,0.37247255782241145
UCC,0.46968364892345604
UCG,0.6451079455456991
UCU,0.24509614957780032
UGC,0.5177012256221911
UGG,0.21469038781227656
UGU,0.7672994113518705
UUA,0.5214215276914852
UUC,0.30137143919702447
UUG,0.19495377869963448
UUU,0.5293810506713418
