codon,average_decoding_time
AAA,0.4013658305811652
AAC,0.3270201588251824
AAG,0.20700317640105503
AAU,0.558500331797174
ACA,0.33927189077134884
ACC,0.4169380328217787
ACG,0.41493194416372275
ACU,0.2101636432914843
AGA,0.09780742835072365
AGC,1.2151772349206391
AGG,0.2705941637874572
AGU,1.5496643277738829
AUA,0.3516537607980871
AUC,0.37940798772254775
AUG,0.44245271736000374
AUU,0.205901114651065
CAA,0.29934451035317144
CAC,0.3698420578529522
CAG,0.5739972878967028
CAU,0.6069196694019008
CCA,0.33721753255164005
CCC,1.8134622432204255
CCG,1.4889522640411075
CCU,1.7584350340916108
CGA,0.4803963864822742
CGC,0.5118935560597165
CGG,1.9225039318056847
CGU,0.2844756416780225
CUA,1.2385272210882283
CUC,3.395522082466242
CUG,1.162791770375099
CUU,1.156830552365572
GAA,0.3036339307729698
GAC,0.279284739971773
GAG,0.4632109957647656
GAU,0.5070009512066769
GCA,0.31908551515033545
GCC,0.48069203673552124
GCG,0.7468054115572458
GCU,0.22533349387919138
GGA,1.0243928711725163
GGC,0.17153144643984936
GGG,1.3626162108540865
GGU,0.38734863206389636
GUA,0.40386232170622777
GUC,0.4981350623828877
GUG,0.9941209520273149
GUU,0.2842007953176277
UAC,0.5309442438897173
UAU,0.7926936895463655
UCA,0.37652982951044817
UCC,0.5055074865824266
UCG,2.929542875591358
UCU,0.3111230963021678
UGC,0.705951734734127
UGG,0.32373259067449384
UGU,0.98858300732247
UUA,0.5812269248281938
UUC,0.34358222263855015
UUG,0.26392515618058
UUU,0.5765999028510277
