codon,average_decoding_time
AAA,0.4002786215062219
AAC,0.3269677021043902
AAG,0.1269297857607246
AAU,0.5594258869983363
ACA,0.33780695279476597
ACC,0.35979268025988603
ACG,0.41550943846692223
ACU,0.21070462609205354
AGA,0.09817459069797825
AGC,1.2198355670302672
AGG,0.27107276021635573
AGU,1.5542058716998584
AUA,0.35246181172757274
AUC,0.3924470146452856
AUG,0.44090595116823866
AUU,0.2040802792288675
CAA,0.4666020515518688
CAC,0.5330317664231579
CAG,3.4668978841852134
CAU,0.7916098791608398
CCA,0.3436074053897893
CCC,2.1868360765745103
CCG,1.849910642905413
CCU,1.7997405649496374
CGA,0.5099934259041953
CGC,0.6333583714576475
CGG,2.029329433583696
CGU,0.3926409803771033
CUA,1.3660596952740975
CUC,1.2082965058945068
CUG,1.4656573955817565
CUU,1.2916411696832193
GAA,0.30310018386382503
GAC,0.2793461448495523
GAG,2.172111266881265
GAU,0.506740274686209
GCA,0.3183200601783152
GCC,0.3703945508375301
GCG,0.7461553517058345
GCU,0.225104168149468
GGA,1.0144484446148505
GGC,0.1712066327058743
GGG,1.3609351329842925
GGU,0.38629576568390045
GUA,0.40502448166564625
GUC,0.5123207413576433
GUG,0.9965409008531049
GUU,0.28558282994751
UAC,0.535164654582878
UAU,0.7868820504249318
UCA,0.3773464293498501
UCC,0.5429664656054677
UCG,2.913813206861797
UCU,0.31172896480446
UGC,0.7049976387485073
UGG,0.3242665497386985
UGU,0.9828225157049141
UUA,0.574870042135324
UUC,0.34275597795059476
UUG,0.263775532229012
UUU,0.5774279944066224
