codon,average_decoding_time
AAA,0.39982852296882637
AAC,0.3261294903537328
AAG,0.12784676469502837
AAU,0.5596824885679045
ACA,0.33793374345652294
ACC,0.3615275707575795
ACG,0.5460795332146188
ACU,0.19675129371854022
AGA,0.0976310836441509
AGC,1.2225414206168792
AGG,1.5718703046232454
AGU,1.5566621355360826
AUA,0.35316442549181
AUC,0.39131283251454646
AUG,0.3731312862267812
AUU,0.19255406217638135
CAA,0.4665716054332952
CAC,0.5324774877177233
CAG,3.4503580395121
CAU,0.7921750878498115
CCA,0.3450452221002388
CCC,2.187620057418636
CCG,0.5054466716272304
CCU,1.6199138186676887
CGA,0.5092496391945753
CGC,0.6305677995255411
CGG,2.197261718824109
CGU,0.3935813848503001
CUA,1.370882654990587
CUC,1.2082505686341898
CUG,1.4658957320599384
CUU,4.462625465406142
GAA,0.27114739058253656
GAC,0.2789730618928432
GAG,1.9317826498323434
GAU,0.5060567870824786
GCA,0.3162605388595084
GCC,0.350096948293077
GCG,0.7126139993051758
GCU,0.22921485471748257
GGA,0.8289463555823711
GGC,0.1488568736390376
GGG,0.6302582808436115
GGU,0.3601919452234712
GUA,0.32348691189539075
GUC,0.4306315075635426
GUG,0.7717640262425096
GUU,0.20009502473485202
UAC,0.36997394651209936
UAU,0.6088517354099502
UCA,0.37206181075892025
UCC,0.5374830718597979
UCG,0.6441080118715536
UCU,0.24565009067314608
UGC,0.5125860932451763
UGG,0.21404570081089325
UGU,0.7674305420151712
UUA,0.5185376332473361
UUC,0.30049042253081415
UUG,0.23176194093524027
UUU,0.5300574959327287
