codon,average_decoding_time
AAA,0.39974438334099466
AAC,0.32817896556903375
AAG,0.2065377387099751
AAU,0.5636184613546501
ACA,0.3385126301628528
ACC,0.36336737108434936
ACG,0.5671532605696001
ACU,0.21012770265353095
AGA,0.09808205583054225
AGC,1.2243418090693952
AGG,0.28680496796035704
AGU,1.54692839249916
AUA,0.35158448562440336
AUC,0.39130888740323827
AUG,0.4427014309674972
AUU,0.20656185798685506
CAA,0.46509608296887994
CAC,0.5365619138531005
CAG,0.6454053462126356
CAU,0.7903708745881349
CCA,0.34320895665066264
CCC,2.1940426271212967
CCG,0.4484545392243976
CCU,1.7921768182975624
CGA,0.5119205673328582
CGC,0.6329115441663039
CGG,2.2122544745615262
CGU,0.39261651853737783
CUA,1.3725210820132026
CUC,1.2096496454141974
CUG,1.4676026387224372
CUU,1.2920106715038369
GAA,0.30465732605461987
GAC,0.2788676877758742
GAG,0.463608036954799
GAU,0.5079922932734687
GCA,0.3188468204357265
GCC,0.3705295324661986
GCG,0.8513001340339569
GCU,0.22600628409049864
GGA,1.0238820033810418
GGC,0.1712058821691948
GGG,0.6859436062058706
GGU,0.38628867487254914
GUA,0.4039000805705615
GUC,0.5138103747716549
GUG,0.9907649785866726
GUU,0.28487415133519595
UAC,0.5345089479382832
UAU,0.789386540912813
UCA,0.3756547994319022
UCC,0.5403973075391131
UCG,0.786947502219051
UCU,0.309954730115045
UGC,0.7053346811345896
UGG,0.35299706537867886
UGU,0.9786492318817649
UUA,0.5780696394505106
UUC,0.34478882596625604
UUG,0.26277428202538905
UUU,0.5772662214880404
