codon,average_decoding_time
AAA,0.40000381891222336
AAC,0.324468640143054
AAG,0.2079414587038118
AAU,0.5623526440330593
ACA,0.3384913880042871
ACC,0.36069451563437427
ACG,0.4179232445793382
ACU,0.19639748398108367
AGA,0.09801525206189404
AGC,1.2215031802449643
AGG,0.2721076270274511
AGU,1.5522984498814167
AUA,0.3542496262732786
AUC,0.38989466203901835
AUG,0.3444020675776393
AUU,0.19285781113236625
CAA,0.46541760856591907
CAC,0.5333013795771119
CAG,0.6465164438359826
CAU,0.7952633452876183
CCA,0.3445301607414635
CCC,2.1787819811723788
CCG,1.848142491511484
CCU,1.628904462088334
CGA,0.5110909405948297
CGC,0.6341437667457025
CGG,2.0291647452668644
CGU,0.39082593143077093
CUA,1.380165032423731
CUC,1.1989548577662426
CUG,1.4001295427522877
CUU,4.443141062404131
GAA,0.30353103255535097
GAC,0.2803583969294387
GAG,0.46503812794185817
GAU,0.5098153893280086
GCA,0.31810185032679733
GCC,0.3699942983747353
GCG,0.7429129751975119
GCU,0.25617982089719277
GGA,1.023304642056117
GGC,0.17179627932182345
GGG,1.3675416609455255
GGU,0.3864352107222712
GUA,0.40524370764266127
GUC,0.5139737237348327
GUG,2.085473314753648
GUU,0.27074142589962313
UAC,0.37224288814786977
UAU,0.6067852056936308
UCA,0.37324721283111323
UCC,0.5360501002057204
UCG,2.3007131715181792
UCU,0.24406412224290605
UGC,0.5116630781888023
UGG,0.3031920795373079
UGU,0.7696830835394717
UUA,0.5201092079734233
UUC,0.2987125650848018
UUG,0.21257414482090586
UUU,0.5282024289201254
