codon,average_decoding_time
AAA,0.399372308903892
AAC,0.32714479937626983
AAG,0.1273334376729558
AAU,0.5582360599233221
ACA,0.33610817159307116
ACC,0.4159428216627317
ACG,0.5459214088818329
ACU,0.19603128301681522
AGA,0.09825083120325413
AGC,1.2242495753116982
AGG,1.577730165258809
AGU,1.5549444466913471
AUA,0.3502750023949866
AUC,0.37759545820740137
AUG,0.41433772811384134
AUU,0.1931252828504916
CAA,0.29758265246938825
CAC,0.3701053121120795
CAG,2.4314138383751343
CAU,0.6071568481041022
CCA,0.337522296718139
CCC,1.808313527900193
CCG,0.4327356561812517
CCU,1.4526480327373685
CGA,0.48335709411847055
CGC,0.508763582362298
CGG,1.4026827465410285
CGU,0.28205713393943277
CUA,1.2405096909317832
CUC,3.3997976988140595
CUG,1.0544254950324616
CUU,3.973642794038584
GAA,0.27117574143683254
GAC,0.2787056913465517
GAG,1.9419101769294371
GAU,0.5084273677259553
GCA,0.31411020403903145
GCC,0.4506041529121649
GCG,0.7108161529140375
GCU,0.22954123639355906
GGA,0.8308387050924124
GGC,0.149313967598799
GGG,0.6310042784191439
GGU,0.36067597280096597
GUA,0.32387904851995375
GUC,0.41944282879491696
GUG,1.7567058017946975
GUU,0.19850083698116275
UAC,0.3701186734717127
UAU,0.6064551315710968
UCA,0.3723768975404076
UCC,0.46983278067795464
UCG,0.6471796025626619
UCU,0.24577432743312144
UGC,0.515282955976094
UGG,0.21473609528134166
UGU,0.7670134894001283
UUA,0.5205973723922538
UUC,0.30093086444326095
UUG,0.19412217660308462
UUU,0.5298909721024692
