codon,average_decoding_time
AAA,0.40104886757393354
AAC,0.3277824411151832
AAG,0.12619309828017233
AAU,0.5609439453146363
ACA,0.3387251414652204
ACC,0.415957422382704
ACG,0.5670345366517614
ACU,0.21016992380894972
AGA,0.09808772273218905
AGC,1.2177763449326675
AGG,1.573930788370396
AGU,1.5529283457446483
AUA,0.3520061751120814
AUC,0.37631134464875116
AUG,0.41205888386462813
AUU,0.20513066011639977
CAA,0.2994476086973157
CAC,0.3697703245288016
CAG,2.4233173083284134
CAU,0.6059630059699009
CCA,0.3394312736785495
CCC,1.8105991358061926
CCG,0.38777859451990004
CCU,1.7608558071052218
CGA,0.48247810769735056
CGC,0.5107604774872735
CGG,1.40091727339251
CGU,0.284270165319861
CUA,1.2298800345655168
CUC,3.3965431031204814
CUG,1.0494849398734192
CUU,1.1665144782146006
GAA,0.30624063661439194
GAC,0.27962453172868124
GAG,2.1733223536620496
GAU,0.5102671419619813
GCA,0.31840907405584623
GCC,0.47976430818616106
GCG,0.8540978909514715
GCU,0.22540419955904464
GGA,1.0308259134210183
GGC,0.1714926142402691
GGG,0.6822163850573179
GGU,0.3859737955889868
GUA,0.40452870771366056
GUC,0.4999098212857432
GUG,2.082261842831787
GUU,0.2861204817036082
UAC,0.5321685327693031
UAU,0.7900571800069259
UCA,0.3781508086412398
UCC,0.5063672028173488
UCG,0.7877275553311294
UCU,0.3105122926636405
UGC,0.70492723484268
UGG,0.3536340740146084
UGU,0.9815993163587687
UUA,0.5780255149007273
UUC,0.34382746373188783
UUG,0.2519133365781764
UUU,0.5756496385342148
