codon,average_decoding_time
AAA,0.39795970496210464
AAC,0.3269906531167233
AAG,0.20683276032712683
AAU,0.5588945147595561
ACA,0.33841082216601753
ACC,0.36259375346786793
ACG,0.5473715344838386
ACU,0.2106098605249934
AGA,0.09789634194129912
AGC,1.2205709875635162
AGG,1.5811960015977706
AGU,1.5550046454898858
AUA,0.35365080980792524
AUC,0.39136826874528835
AUG,0.34350684716878505
AUU,0.20495817412855474
CAA,0.46257373608125546
CAC,0.5316286148446366
CAG,0.645531730960195
CAU,0.7908846421998796
CCA,0.3444961710366646
CCC,2.205970027508452
CCG,0.506204046437081
CCU,1.7970066880243434
CGA,0.5108558078771419
CGC,0.6324612410116339
CGG,2.194317759329165
CGU,0.3921194438998153
CUA,1.3739707100180354
CUC,1.2122385235672348
CUG,1.3955240577188146
CUU,1.2949163783463618
GAA,0.272432071192355
GAC,0.2810398137384075
GAG,0.4351359623106406
GAU,0.5067927689614212
GCA,0.31420438635279213
GCC,0.34904435244813137
GCG,0.7140883304118719
GCU,0.2078424099264754
GGA,0.8288134686939357
GGC,0.14832573349522019
GGG,0.6358575352836235
GGU,0.36134750352394696
GUA,0.32385953072991064
GUC,0.43255487367732487
GUG,1.5623330844173662
GUU,0.21277955226149747
UAC,0.5336198321459784
UAU,0.7918485124242157
UCA,0.3772301928314238
UCC,0.5432688237693519
UCG,0.7886125693564852
UCU,0.3098108457544347
UGC,0.7066638865419741
UGG,0.3550970641252276
UGU,0.9806131725581565
UUA,0.5775362544735285
UUC,0.342685220768979
UUG,0.3095152108783322
UUU,0.5784014767798468
