codon,average_decoding_time
AAA,0.3975343842310267
AAC,0.32648118311092156
AAG,0.12783876303655742
AAU,0.5579221657360572
ACA,0.3376622655491353
ACC,0.3609599931719023
ACG,0.5468712772023171
ACU,0.19731049525383404
AGA,0.09775473269153498
AGC,1.2150687641294093
AGG,0.2867458278258425
AGU,1.5489365502224868
AUA,0.35225117227124153
AUC,0.3924449857714834
AUG,0.3721078346340521
AUU,0.1935605854272683
CAA,0.4642072754167458
CAC,0.5300149447050279
CAG,3.4759681607618345
CAU,0.7875937236849627
CCA,0.34215632013353053
CCC,2.1879097754000534
CCG,0.5075516887828557
CCU,1.6210276811261428
CGA,0.5111138617241998
CGC,0.6354004242330142
CGG,2.2000271899606365
CGU,0.39258889110034056
CUA,1.364998959162468
CUC,1.2054269860277425
CUG,1.4580414057997821
CUU,4.460089495984182
GAA,0.27165087485001366
GAC,0.27814144497061105
GAG,1.9432789708719993
GAU,0.5047709121516314
GCA,0.31504689730368823
GCC,0.348634794056993
GCG,0.7084854109285155
GCU,0.2299304248255482
GGA,0.8261805836391909
GGC,0.14867306476562087
GGG,0.6337022911592163
GGU,0.36077487676835496
GUA,0.3247071957198945
GUC,0.4320267258946353
GUG,0.7696066929569799
GUU,0.1994374083859296
UAC,0.3712376639786911
UAU,0.6061266980740327
UCA,0.3722086274841765
UCC,0.5331879495642243
UCG,0.6464838860574039
UCU,0.2446083010503999
UGC,0.5128633246234771
UGG,0.3341861281628222
UGU,0.7678640842829616
UUA,0.521105423475602
UUC,0.2973041052734998
UUG,0.24302500735798782
UUU,0.5311826556067255
