codon,average_decoding_time
AAA,0.39881086845358404
AAC,0.32538632975065596
AAG,0.2073065500329448
AAU,0.5636483784328379
ACA,0.33736727769830016
ACC,0.36307291219062116
ACG,0.5460241241847682
ACU,0.21005198677356213
AGA,0.0982989250514219
AGC,1.2225828331041664
AGG,1.570918764944952
AGU,1.5566760417808494
AUA,0.34986178966414305
AUC,0.39125514516674487
AUG,0.3445263810090082
AUU,0.20553347006513403
CAA,0.4621127200681861
CAC,0.5309669236485642
CAG,0.6443959064306912
CAU,0.7888359366728925
CCA,0.3436550598959631
CCC,2.1866032204235455
CCG,0.5063581141150777
CCU,1.8006184343079736
CGA,0.5087598074276865
CGC,0.6333511504386147
CGG,2.1900126298802207
CGU,0.3939196701571437
CUA,1.374726161740456
CUC,1.203243392233259
CUG,1.399314344738751
CUU,1.287982024541337
GAA,0.2713216991950799
GAC,0.2782564804131761
GAG,0.43412041543161395
GAU,0.5079614312046463
GCA,0.314025403920454
GCC,0.3499515510309929
GCG,0.7093060923029472
GCU,0.20778172329321296
GGA,0.8284819909277117
GGC,0.14865815946452557
GGG,0.6356113183916743
GGU,0.3619126312639729
GUA,0.32399564851942814
GUC,0.431773385108058
GUG,1.5758993763285278
GUU,0.21301567976226754
UAC,0.5333008507618286
UAU,0.7881335943804341
UCA,0.37678561326982507
UCC,0.5408069430466613
UCG,0.7911902479174516
UCU,0.3097427399038677
UGC,0.7074559120172795
UGG,0.35272808991428445
UGU,0.9834947657666946
UUA,0.5785869499667637
UUC,0.34053663234746157
UUG,0.3084126850322588
UUU,0.5767408992624472
