codon,average_decoding_time
AAA,0.4000587785314406
AAC,0.32734581229845555
AAG,0.20751557763037445
AAU,0.5600304869552722
ACA,0.33927359637227994
ACC,0.4145414322886081
ACG,0.4155971343098189
ACU,0.20998497927205814
AGA,0.09840327822601858
AGC,1.221649098564509
AGG,1.3970723168416743
AGU,1.5566249754994872
AUA,0.3515984125431258
AUC,0.3763909771626071
AUG,0.4449239342334502
AUU,0.20500171307898934
CAA,0.298878092478015
CAC,0.3699212499633886
CAG,0.573967756239235
CAU,0.6079026217766293
CCA,0.3395078025679357
CCC,1.8079878530666607
CCG,1.490534262471141
CCU,1.7620475006785057
CGA,0.48090219305200554
CGC,0.5131040520970611
CGG,1.2271077709187403
CGU,0.28369555519972245
CUA,1.2373865032891898
CUC,3.4176004550284724
CUG,1.1652566696690723
CUU,1.1640735764686572
GAA,0.3047576718322944
GAC,0.2804669600486444
GAG,0.4660408116901751
GAU,0.5057938812650647
GCA,0.31936393012979636
GCC,0.48279718503496144
GCG,0.742583030816176
GCU,0.22647334436843125
GGA,1.0210528174506754
GGC,0.1720729195997065
GGG,1.3644108426545576
GGU,0.3861213927771254
GUA,0.4046931078150058
GUC,0.4992841375390778
GUG,0.9939802717773418
GUU,0.28452435464952414
UAC,0.5334821167942735
UAU,0.790351715391427
UCA,0.37824773105294157
UCC,0.5061702494437422
UCG,2.9271172928959555
UCU,0.3110021015761311
UGC,0.7036978682209073
UGG,0.3240703240911174
UGU,0.9774138439218819
UUA,0.5771788948205545
UUC,0.34209817785975943
UUG,0.2639127559186122
UUU,0.5778797713383642
