codon,average_decoding_time
AAA,0.40010244565338304
AAC,0.32666879015326133
AAG,0.20682042205309356
AAU,0.5606391173834008
ACA,0.3373170253443978
ACC,0.3622462351975245
ACG,0.569822371853524
ACU,0.19785239460449547
AGA,0.09770539693068937
AGC,1.2130884577802548
AGG,0.2864332142869532
AGU,1.5506218309419122
AUA,0.3520989561235226
AUC,0.39266895988078715
AUG,0.43916207059939955
AUU,0.19123417160085843
CAA,0.46290391342819553
CAC,0.5312245633647072
CAG,0.6452815893085454
CAU,0.7898650402396632
CCA,0.3434886556284661
CCC,2.1843675196462486
CCG,0.44990155459688513
CCU,1.6140079820380366
CGA,0.5100250802369017
CGC,0.6343170825413121
CGG,2.2105160156881634
CGU,0.3916874172040938
CUA,1.3625649940108373
CUC,1.2061910153388269
CUG,1.4700437000075681
CUU,4.444588233646765
GAA,0.3020071921255091
GAC,0.2811959518486922
GAG,0.465967911118663
GAU,0.5061572489972294
GCA,0.31925663465349324
GCC,0.370539527843648
GCG,0.8546389625363395
GCU,0.2587730846876254
GGA,1.0231723788438616
GGC,0.17218153803715647
GGG,0.6856508137011549
GGU,0.3852513837402346
GUA,0.4058411957564155
GUC,0.5136707270453099
GUG,0.996718243093505
GUU,0.2726158271934197
UAC,0.37100771814068806
UAU,0.6078865501197094
UCA,0.3730064747891021
UCC,0.5358072102288332
UCG,0.6470629625603566
UCU,0.24643373642406946
UGC,0.5099281814292099
UGG,0.3331349326762574
UGU,0.7667136284621966
UUA,0.5189686793986453
UUC,0.30108291835985307
UUG,0.20553405767251443
UUU,0.5299806009445126
