codon,average_decoding_time
AAA,0.40076631606528385
AAC,0.3256605749139765
AAG,0.12676965003360044
AAU,0.5602392258542601
ACA,0.3389787146550153
ACC,0.36181634307520055
ACG,0.5662241993900348
ACU,0.20939727564691468
AGA,0.09771318168558886
AGC,1.2168071783648917
AGG,1.577712989844145
AGU,1.552707729828833
AUA,0.3529811395950157
AUC,0.3904602252720902
AUG,0.37281083628230705
AUU,0.20595521392421312
CAA,0.464476634146395
CAC,0.5317885729440649
CAG,3.452965844383852
CAU,0.7862366562343343
CCA,0.3448611333091215
CCC,2.194855206924109
CCG,0.44998832697532753
CCU,1.7818002007990068
CGA,0.5084377319423548
CGC,0.6317814723904598
CGG,2.1867564718367114
CGU,0.39406250873793514
CUA,1.3638930669281553
CUC,1.210691166316023
CUG,1.4672553314331929
CUU,1.290463033359511
GAA,0.30399287536897407
GAC,0.2795357834522552
GAG,2.163925359327025
GAU,0.5080046959825001
GCA,0.3190672787087049
GCC,0.36845389866550365
GCG,0.8507345154172464
GCU,0.22470299141909833
GGA,1.0235667956348116
GGC,0.17224391607006811
GGG,0.6818682659601203
GGU,0.3860818355223565
GUA,0.40558519121449355
GUC,0.5131396737175293
GUG,0.9959929608951217
GUU,0.28632859070725925
UAC,0.5328071425762114
UAU,0.789058995253593
UCA,0.3762828664058057
UCC,0.5428980413763158
UCG,0.7893537387271192
UCU,0.30918294411591324
UGC,0.7049787419156668
UGG,0.35426380533788876
UGU,0.9851694172118252
UUA,0.5829920668589518
UUC,0.3437665273286522
UUG,0.32531933716598915
UUU,0.5769886932546122
