codon,average_decoding_time
AAA,0.40048221861802996
AAC,0.32610863427920833
AAG,0.12695739507137896
AAU,0.5583561159803992
ACA,0.33856482954534045
ACC,0.3612948736929126
ACG,0.568693732799929
ACU,0.20944597245968657
AGA,0.0983876053060381
AGC,1.2182196518143877
AGG,0.28611503128406757
AGU,1.5535776176188176
AUA,0.3525878521527679
AUC,0.3919282630025941
AUG,0.37258264256227935
AUU,0.2054835988241833
CAA,0.4624958615886669
CAC,0.5295809531320704
CAG,3.4785599858482175
CAU,0.7886448080201117
CCA,0.34459692711179307
CCC,2.191879125553033
CCG,0.44957755060788324
CCU,1.7977178632989663
CGA,0.5127935677234359
CGC,0.6315303041683513
CGG,2.195603922082238
CGU,0.39053445245675283
CUA,1.3705980545239163
CUC,1.2079421904933236
CUG,1.4574289329956331
CUU,1.2881079450697663
GAA,0.30481783705639776
GAC,0.2807015712549792
GAG,2.1615686166210932
GAU,0.5036104455149681
GCA,0.3189901871574396
GCC,0.36905966523869443
GCG,0.8513382525178208
GCU,0.225320204304783
GGA,1.0321197744353756
GGC,0.17103535499306233
GGG,0.6815617623588521
GGU,0.3863993588341772
GUA,0.4038364307074786
GUC,0.5133276874825192
GUG,0.9985883872213286
GUU,0.28410283665717534
UAC,0.5354903394156754
UAU,0.7858588172226114
UCA,0.37681277810382385
UCC,0.5440584193462892
UCG,0.7909417606537166
UCU,0.30845435210280203
UGC,0.7083919448705832
UGG,0.353202334003606
UGU,0.9766924408239308
UUA,0.5769162342440216
UUC,0.34368618303516635
UUG,0.3265154409138699
UUU,0.5798102596797561
