codon,average_decoding_time
AAA,0.39779280376898407
AAC,0.3274538501650612
AAG,0.1275673672808874
AAU,0.5611333828788831
ACA,0.33651539775123873
ACC,0.4144613195946466
ACG,0.563825396603976
ACU,0.196403302734172
AGA,0.09805165131372742
AGC,1.2272758061391897
AGG,1.570701799440054
AGU,1.5509941233222375
AUA,0.3525599054349659
AUC,0.3764056864319494
AUG,0.374122667789593
AUU,0.1921334218411679
CAA,0.30049537154411227
CAC,0.36988854924703446
CAG,2.4080825909885206
CAU,0.6086534149552905
CCA,0.338631888498409
CCC,1.8091337466326387
CCG,0.3865548877500369
CCU,1.4481300218761861
CGA,0.4798613685863671
CGC,0.509989443235582
CGG,1.4016643363563417
CGU,0.28212262046655623
CUA,1.2293435311466543
CUC,3.4039939211996475
CUG,1.1182619497638897
CUU,3.9610815898091496
GAA,0.3043596181762292
GAC,0.28071055179022497
GAG,2.151134981862679
GAU,0.5059338471195812
GCA,0.3192286991371154
GCC,0.4820082530102258
GCG,0.8524788620579357
GCU,0.25680674582478613
GGA,1.0187463756696145
GGC,0.17146500014947483
GGG,0.6839393928973395
GGU,0.3857045910063255
GUA,0.40481874278398494
GUC,0.49982930501820605
GUG,0.9982209847616522
GUU,0.27277186736286996
UAC,0.37012923282093796
UAU,0.6084408710590777
UCA,0.3737890168430008
UCC,0.469203218542331
UCG,0.6458660486560139
UCU,0.2456872172009233
UGC,0.5156963131793727
UGG,0.2149597020333063
UGU,0.7661599567800168
UUA,0.5201210333728347
UUC,0.2995382475050272
UUG,0.2314943413899593
UUU,0.5290936845239964
