codon,average_decoding_time
AAA,0.40024989643382186
AAC,0.32595280402886445
AAG,0.20695682133045742
AAU,0.5584932798057421
ACA,0.33723979237815976
ACC,0.36198384720688054
ACG,0.41720901601372096
ACU,0.2119571938641055
AGA,0.09770729297533814
AGC,1.223162856834366
AGG,0.27112898229357435
AGU,1.5476345361729138
AUA,0.35132169117842127
AUC,0.3913537330988386
AUG,0.4124319538396991
AUU,0.20691691918011249
CAA,0.46511930493122056
CAC,0.5346621645846904
CAG,0.6446291859056733
CAU,0.788900575176629
CCA,0.3429824133580027
CCC,2.172692376557251
CCG,1.8346416598031063
CCU,1.8095561200444281
CGA,0.509892624877343
CGC,0.6359922281074741
CGG,2.027562937327766
CGU,0.3934881878375468
CUA,1.3696623597708137
CUC,1.2067055805787152
CUG,1.395641173594202
CUU,1.2871544613855634
GAA,0.3031955943545518
GAC,0.2801911999633314
GAG,0.4655394221371417
GAU,0.5081259382134159
GCA,0.3195815934140596
GCC,0.3697977483470071
GCG,0.740950601528443
GCU,0.22655324167455354
GGA,1.0209988865972335
GGC,0.16991062705573717
GGG,1.3612954444147347
GGU,0.38646572831401643
GUA,0.4049305397064268
GUC,0.5129074827063327
GUG,2.0664850566347486
GUU,0.2852634787578334
UAC,0.5300217938985832
UAU,0.7919503420487003
UCA,0.37759554974084925
UCC,0.5424190272380498
UCG,2.9188283306235694
UCU,0.31002989795548735
UGC,0.7117510468501218
UGG,0.32227223646072345
UGU,0.9790134243575198
UUA,0.5796403266992154
UUC,0.34380066309937773
UUG,0.251512608485642
UUU,0.5780136290399285
