codon,average_decoding_time
AAA,0.39872643788449097
AAC,0.3274212260421168
AAG,0.20652808462813402
AAU,0.5606111069023588
ACA,0.3366296477973903
ACC,0.4164904149155188
ACG,0.5471038259604849
ACU,0.20920220503859407
AGA,0.09777895253030887
AGC,1.2187136396047766
AGG,0.28695129930564217
AGU,1.55002482326135
AUA,0.3518079334969004
AUC,0.37609106504080686
AUG,0.37478848801342907
AUU,0.2052810642115409
CAA,0.2992606470371454
CAC,0.36924521209902855
CAG,0.571646753063711
CAU,0.6076121354567651
CCA,0.33847139514284097
CCC,1.8198585754596381
CCG,0.43480897384370343
CCU,1.765252503463972
CGA,0.4815673561026209
CGC,0.5102450274178746
CGG,2.0879909733213684
CGU,0.28223536861842574
CUA,1.227678759508713
CUC,3.4212634465551
CUG,1.1611486867842629
CUU,1.156287666606614
GAA,0.2716722532537381
GAC,0.27982200113955674
GAG,0.4325278301615952
GAU,0.5074403937015449
GCA,0.31569902517006926
GCC,0.45115897547338907
GCG,0.7114303035674951
GCU,0.20849267577992392
GGA,0.827346928088594
GGC,0.14827530676831827
GGG,0.6344229342727794
GGU,0.3617966559174218
GUA,0.3242109469341217
GUC,0.41787235825041913
GUG,0.7724456944992101
GUU,0.21255614263341074
UAC,0.5301504998493812
UAU,0.7846476683664355
UCA,0.3783635452693954
UCC,0.5042317262209429
UCG,0.7902980018730671
UCU,0.3115416827056313
UGC,0.7059220867068542
UGG,0.35548253611622377
UGU,0.979349822572984
UUA,0.580495506475562
UUC,0.344012376619554
UUG,0.3269415480588003
UUU,0.5804143765129506
