codon,average_decoding_time
AAA,0.40051023248214934
AAC,0.32711299750538997
AAG,0.12715340247074297
AAU,0.5593122101388927
ACA,0.33718017697770425
ACC,0.3606905272299366
ACG,0.41575072251159756
ACU,0.20972359129885904
AGA,0.09825232677168602
AGC,1.2212298611959425
AGG,1.4029796052749943
AGU,1.5567826619431562
AUA,0.35226497802773343
AUC,0.39145469957533824
AUG,0.4424170160449049
AUU,0.20645491021962836
CAA,0.46552838939777247
CAC,0.534652032981863
CAG,3.447763987557465
CAU,0.794431252459662
CCA,0.34388970995649426
CCC,2.1836387516144278
CCG,1.8485715696339102
CCU,1.7888967607106183
CGA,0.5072022138377271
CGC,0.6300102187403519
CGG,2.029581731944515
CGU,0.3928279403467475
CUA,1.3738064404863215
CUC,1.2072199489384319
CUG,1.4661315595842555
CUU,1.2922583055395802
GAA,0.30451078334733744
GAC,0.2803973084275516
GAG,2.1472277614547806
GAU,0.508645093526035
GCA,0.3185869702079887
GCC,0.36976787363431596
GCG,0.7423769194013011
GCU,0.22642393321470813
GGA,1.0226491112577052
GGC,0.17142839907656796
GGG,1.3582143503996948
GGU,0.3866283177557565
GUA,0.4041258402187316
GUC,0.5139675931398985
GUG,0.9950033350643511
GUU,0.28567549518381924
UAC,0.5352037930306961
UAU,0.7906251839745216
UCA,0.37896464747773106
UCC,0.5407891579144303
UCG,2.913464416654411
UCU,0.31020386637274
UGC,0.7027913330292344
UGG,0.3245405633894932
UGU,0.982179602910714
UUA,0.5801774213951904
UUC,0.3431350856197041
UUG,0.26336071325229327
UUU,0.5779618635474206
