codon,average_decoding_time
AAA,0.3982267106577552
AAC,0.3263255919182108
AAG,0.20700753906543526
AAU,0.5570116888666721
ACA,0.33959456270998545
ACC,0.41528607889100344
ACG,0.4150282943536977
ACU,0.19659893675402063
AGA,0.09850143273204705
AGC,1.2183560161543106
AGG,0.2707020857117447
AGU,1.5543434591386842
AUA,0.35245506809543514
AUC,0.3778208028032141
AUG,0.4152198808886689
AUU,0.19260117194141047
CAA,0.3019656405402233
CAC,0.3699971649683819
CAG,0.5754415580998432
CAU,0.6095189320320842
CCA,0.3370850843861835
CCC,1.8085103688143354
CCG,1.4870152460014987
CCU,1.4557333100831726
CGA,0.4808697211759885
CGC,0.5103485854803056
CGG,1.919216105572358
CGU,0.2822292247229262
CUA,1.23869405730556
CUC,3.405278020028031
CUG,1.0951980027845785
CUU,3.9858321397840974
GAA,0.30450420206102335
GAC,0.28011679700031583
GAG,0.46486994210797145
GAU,0.5068914319946676
GCA,0.3193195399896589
GCC,0.48279508203492993
GCG,0.7447013604908677
GCU,0.2547380834493942
GGA,1.0248331198788725
GGC,0.17026164599180488
GGG,1.3704514027400974
GGU,0.3865906248484391
GUA,0.40469469231474753
GUC,0.4973409120851663
GUG,2.0705028136936967
GUU,0.2729759854467321
UAC,0.36801734169982336
UAU,0.6076627993449892
UCA,0.3735664397731108
UCC,0.4725047502786236
UCG,2.2994611213718956
UCU,0.24577325960887786
UGC,0.5108542521679892
UGG,0.30366862749088186
UGU,0.760781440542555
UUA,0.5201622779197967
UUC,0.29943343225038516
UUG,0.20168393426650952
UUU,0.5277853081558397
