codon,average_decoding_time
AAA,0.3990937424875786
AAC,0.32575408778081827
AAG,0.20757737463925002
AAU,0.560574151236577
ACA,0.3391252415900935
ACC,0.3613580622000147
ACG,0.4172534325790852
ACU,0.1969607754651744
AGA,0.09814583948887116
AGC,1.220767866820761
AGG,1.401296093000824
AGU,1.5657746778514334
AUA,0.3516079064474597
AUC,0.3913142252546167
AUG,0.37585331335552696
AUU,0.19287670774345372
CAA,0.4663043209468577
CAC,0.5357752546958655
CAG,0.6454343961493044
CAU,0.7880412511090555
CCA,0.3456697173806488
CCC,2.1850350957565707
CCG,1.8431794614871795
CCU,1.623299542961017
CGA,0.5103271667201356
CGC,0.6349797589060941
CGG,2.0235413846292576
CGU,0.39163554099015435
CUA,1.3622420399245836
CUC,1.2031296297482421
CUG,1.4595576605131018
CUU,4.4502590471685695
GAA,0.3034334841285986
GAC,0.278879302518277
GAG,0.4647583271733077
GAU,0.5069806441869998
GCA,0.31668705838295347
GCC,0.3702049210758348
GCG,0.7414530728623546
GCU,0.2550121105636834
GGA,1.0233813729875487
GGC,0.17176376988597825
GGG,1.366639109985522
GGU,0.3869538942992286
GUA,0.4060442164142983
GUC,0.5135248465480251
GUG,0.9985178080493925
GUU,0.27309063199603467
UAC,0.3672270448193853
UAU,0.6066653640339122
UCA,0.3728991362366412
UCC,0.5362158324426376
UCG,2.2985095307604735
UCU,0.24623600184483332
UGC,0.5118389449644491
UGG,0.18476077874834912
UGU,0.7644173121356721
UUA,0.5198432844803782
UUC,0.30014367857023666
UUG,0.24342953811835902
UUU,0.5284841365798839
