codon,average_decoding_time
AAA,0.40136355462911905
AAC,0.3274807002933146
AAG,0.12780348604341038
AAU,0.5587370858549388
ACA,0.33879888813278974
ACC,0.4135078898080827
ACG,0.41572201205867726
ACU,0.1969714383287866
AGA,0.09757246080575525
AGC,1.2239542447349088
AGG,1.3994881321057862
AGU,1.5555728180480561
AUA,0.3537169513039919
AUC,0.3774312119828423
AUG,0.43805356518011007
AUU,0.19203268318514474
CAA,0.29889564064407115
CAC,0.3690521162349405
CAG,2.419572833997464
CAU,0.6076336818079355
CCA,0.338837198277484
CCC,1.8014689958566252
CCG,1.4933182065346697
CCU,1.4459177011059032
CGA,0.48095260570801057
CGC,0.5103281896202592
CGG,1.2303000708146572
CGU,0.2821711215258185
CUA,1.2385256242362919
CUC,3.4079978117470118
CUG,1.1684383304519503
CUU,3.995558456058393
GAA,0.3050388443106114
GAC,0.2789967127594548
GAG,2.153119927486074
GAU,0.5080734167392952
GCA,0.3200447476933038
GCC,0.4804887819719974
GCG,0.7436659618771044
GCU,0.2562903752271639
GGA,1.0251217355061129
GGC,0.17145399878580342
GGG,1.3617030030266346
GGU,0.3866605998620787
GUA,0.40629801701906393
GUC,0.4997814994865569
GUG,0.9969107782810663
GUU,0.2724780801957338
UAC,0.3700813243443059
UAU,0.6096875691220347
UCA,0.37248473642660895
UCC,0.4686901045538677
UCG,2.30562294696497
UCU,0.2463154138458879
UGC,0.5105585257543662
UGG,0.18447071963009684
UGU,0.7699127913294036
UUA,0.5163997085224915
UUC,0.2992606221215273
UUG,0.21190751815762057
UUU,0.5298431024291688
