codon,average_decoding_time
AAA,0.39895820699048645
AAC,0.3269424867731136
AAG,0.12676117614483218
AAU,0.5607039706274586
ACA,0.337517135081688
ACC,0.3617985423078576
ACG,0.5438024581518256
ACU,0.19491586837762245
AGA,0.09792607805958539
AGC,1.2183568173393613
AGG,0.2855766188415866
AGU,1.5573359300213705
AUA,0.3526922104077853
AUC,0.3908391857726114
AUG,0.34188983924515165
AUU,0.1915742378304265
CAA,0.46483024997308814
CAC,0.5350849867817824
CAG,3.455167992420555
CAU,0.7901081445332113
CCA,0.3441290981219161
CCC,2.195741634888064
CCG,0.5049637946678058
CCU,1.6219707880496481
CGA,0.5098711686897761
CGC,0.6336331915035911
CGG,2.1962205192362787
CGU,0.394027599465815
CUA,1.371028390942539
CUC,1.2104040726732923
CUG,1.397911166312827
CUU,4.428749932300287
GAA,0.27277309817737755
GAC,0.28228381963142224
GAG,1.9331100425638983
GAU,0.5099376028893535
GCA,0.3131061031299262
GCC,0.35013075739899485
GCG,0.7124556868306771
GCU,0.23034349477297011
GGA,0.8283290851928891
GGC,0.14907496992644031
GGG,0.6334036888574385
GGU,0.3610741311899822
GUA,0.3231825810456816
GUC,0.43244549422187323
GUG,1.5708694571668829
GUU,0.19987694892796418
UAC,0.370397893359549
UAU,0.606271279459963
UCA,0.3718578705605029
UCC,0.5340165088671494
UCG,0.6483976624416774
UCU,0.24602679380832637
UGC,0.5157491835463949
UGG,0.3342727027115533
UGU,0.7683368433035291
UUA,0.5185392090924692
UUC,0.2998609350181717
UUG,0.22519156137379437
UUU,0.5280949041272442
