codon,average_decoding_time
AAA,0.400878407286119
AAC,0.3271866927949766
AAG,0.12684614967068752
AAU,0.5590028641493242
ACA,0.33604299183534536
ACC,0.4135780277118207
ACG,0.5672846367023788
ACU,0.19724648015750113
AGA,0.09782461407772199
AGC,1.2225412171191756
AGG,1.5750338541272357
AGU,1.5544722343872435
AUA,0.351958356657991
AUC,0.3765195539751381
AUG,0.3446085464809378
AUU,0.1924648193197307
CAA,0.2963826560542495
CAC,0.3713701584868726
CAG,2.425167167538704
CAU,0.6079269967098094
CCA,0.33782789698354243
CCC,1.81367284037007
CCG,0.3890062596849921
CCU,1.4430374389972125
CGA,0.4847528868377907
CGC,0.5092975457329793
CGG,1.4012553523900084
CGU,0.2810866803207741
CUA,1.2296956828479384
CUC,3.3971324310221487
CUG,1.052096234800709
CUU,3.977799415813237
GAA,0.3034693023688993
GAC,0.27766144163825374
GAG,2.1509980838890277
GAU,0.5068421293361774
GCA,0.31977452420206154
GCC,0.48000088942761787
GCG,0.8541197161403258
GCU,0.25479115042970285
GGA,1.0245446071059736
GGC,0.17040120334857478
GGG,0.6854451967269756
GGU,0.38693871542855907
GUA,0.40638376961993244
GUC,0.49883357243396464
GUG,2.072907555917047
GUU,0.2716826521530561
UAC,0.3719059650706474
UAU,0.6093846437717948
UCA,0.3738025217933405
UCC,0.46912958586292336
UCG,0.6459746311361553
UCU,0.2459372688921462
UGC,0.5118843465550569
UGG,0.2150003020842287
UGU,0.771100819789519
UUA,0.5205064186256385
UUC,0.30020041085768573
UUG,0.21501638673516404
UUU,0.5304583287857207
