codon,average_decoding_time
AAA,0.39818964638675175
AAC,0.32634085446506556
AAG,0.20761990151537488
AAU,0.5603795341799844
ACA,0.3371301897518785
ACC,0.36160282601021987
ACG,0.5696462618048046
ACU,0.21119280390179396
AGA,0.09739618600357833
AGC,1.2264482758564466
AGG,1.5787532947078773
AGU,1.5584123419127036
AUA,0.35258124517879535
AUC,0.39209382925694153
AUG,0.41414563615693106
AUU,0.20421529762225163
CAA,0.46564675193282756
CAC,0.5326585496449397
CAG,0.6464390342345959
CAU,0.7893963778233185
CCA,0.3453107665691508
CCC,2.19474451570698
CCG,0.44841951281322573
CCU,1.7869605725205269
CGA,0.5103140131337526
CGC,0.6321266598840269
CGG,2.20734304165479
CGU,0.3900481560964917
CUA,1.3750391277942309
CUC,1.2068267671716604
CUG,1.3927904391142842
CUU,1.2892342654995168
GAA,0.30303776863619586
GAC,0.2797340651602895
GAG,0.46571102085310595
GAU,0.504424343416458
GCA,0.32003651268232647
GCC,0.36891658791882037
GCG,0.8530101129272136
GCU,0.22526052707028565
GGA,1.0263659737090476
GGC,0.17091047873873066
GGG,0.6818064278598817
GGU,0.38730759252790253
GUA,0.4059926558357064
GUC,0.5129104205422923
GUG,2.076426300719219
GUU,0.28500743120305
UAC,0.5330441559829351
UAU,0.787501315748574
UCA,0.3761874102480295
UCC,0.5425526368634239
UCG,0.7872935658657862
UCU,0.31184208841563377
UGC,0.7050066688767472
UGG,0.35335200203330286
UGU,0.9802190403819547
UUA,0.582885749527398
UUC,0.34337683733387064
UUG,0.25135321363334084
UUU,0.5784908612437312
