codon,average_decoding_time
AAA,0.40048171135886323
AAC,0.3249967762802183
AAG,0.12675886509980366
AAU,0.5583937969446943
ACA,0.34008647326032126
ACC,0.3619801072593799
ACG,0.5681620108084257
ACU,0.21098491262397953
AGA,0.0974911194198247
AGC,1.2185050460383202
AGG,0.2879801285194064
AGU,1.5414121344319538
AUA,0.3511581344122517
AUC,0.3914430913315098
AUG,0.3449265957556147
AUU,0.20467004589067272
CAA,0.46507758161826657
CAC,0.5335824121579134
CAG,3.4641792399156883
CAU,0.7899379835971932
CCA,0.3444005424548932
CCC,2.1908863056612558
CCG,0.45064485826183415
CCU,1.7929467858220998
CGA,0.5103267339759593
CGC,0.6306614557880967
CGG,2.210178844644775
CGU,0.39090506299524197
CUA,1.3732494619379667
CUC,1.206062630437018
CUG,1.4002759757495713
CUU,1.2908444786082092
GAA,0.30339836368257284
GAC,0.27849260147257393
GAG,2.1586414622930965
GAU,0.5074447996890782
GCA,0.3180602658638771
GCC,0.3696345382794999
GCG,0.8522011688049518
GCU,0.2264756826714184
GGA,1.024143868184793
GGC,0.1723034485368536
GGG,0.685012110347977
GGU,0.38655906310680105
GUA,0.405660546862503
GUC,0.5147941668407494
GUG,2.065207355085601
GUU,0.2848691288989548
UAC,0.5331715456349505
UAU,0.7902519469827447
UCA,0.37640867166063663
UCC,0.5425704543416325
UCG,0.7879971773780258
UCU,0.3085273103295917
UGC,0.7063800964211645
UGG,0.3533963966547087
UGU,0.9819077046423459
UUA,0.580730054586189
UUC,0.34326346487531517
UUG,0.30780895782707673
UUU,0.5761144686674842
