codon,average_decoding_time
AAA,0.39818317858965624
AAC,0.32803576401451245
AAG,0.20747838091644258
AAU,0.559267852787957
ACA,0.33855375206764393
ACC,0.4146071135323329
ACG,0.5471537294001102
ACU,0.1960838115507097
AGA,0.09769921203351697
AGC,1.2225970274867133
AGG,0.2861291224876836
AGU,1.5542375355603404
AUA,0.3503863631899968
AUC,0.3794534543283043
AUG,0.41334058382183253
AUU,0.19176183903522193
CAA,0.30000418213995494
CAC,0.3689921935620876
CAG,0.5743286012060321
CAU,0.6079967984384452
CCA,0.33728707708266137
CCC,1.8178307193833199
CCG,0.4358387989849463
CCU,1.4542930836475367
CGA,0.4806747086298711
CGC,0.5103128682172674
CGG,2.0820172410704743
CGU,0.282820065723853
CUA,1.2376196060366813
CUC,3.413952061513282
CUG,1.0549359150363833
CUU,3.9739776756001275
GAA,0.27257296555819654
GAC,0.27930474704586056
GAG,0.43372304979589554
GAU,0.5057803128982395
GCA,0.31443709712885726
GCC,0.4504643375288319
GCG,0.7127757949753047
GCU,0.22875762966347069
GGA,0.8316300676241376
GGC,0.1489360790487075
GGG,0.6315574229473254
GGU,0.36117798010437546
GUA,0.3254407076405064
GUC,0.4191731637374033
GUG,1.7536612195019752
GUU,0.19918177540450133
UAC,0.3664554560970906
UAU,0.6076473217026448
UCA,0.3735164534194622
UCC,0.46923523358698965
UCG,0.6443213773895047
UCU,0.2466942556084461
UGC,0.5134755671559944
UGG,0.335825956463649
UGU,0.7686266316415793
UUA,0.5212955122478184
UUC,0.3007714197708012
UUG,0.19384949238890645
UUU,0.5302807699813226
