codon,average_decoding_time
AAA,0.3998018460269201
AAC,0.3291324595245853
AAG,0.12713349493847043
AAU,0.556743598228529
ACA,0.33936664016697576
ACC,0.3621709637697003
ACG,0.4146479720959816
ACU,0.21049477514733456
AGA,0.09801467619704561
AGC,1.2209781540434577
AGG,0.2715093151568623
AGU,1.5498192040413141
AUA,0.35244971930858504
AUC,0.39340788019538775
AUG,0.4113623306776365
AUU,0.20542278478232565
CAA,0.463257578825832
CAC,0.5311244179683984
CAG,3.457979313815693
CAU,0.7899907545306646
CCA,0.34498373537652255
CCC,2.1909443224261715
CCG,1.8352044715326092
CCU,1.7889459140304171
CGA,0.509809779300625
CGC,0.6333631235843268
CGG,2.031359860079771
CGU,0.3928872360494213
CUA,1.3698326016313476
CUC,1.206660632665871
CUG,1.4026917006955304
CUU,1.285779133564219
GAA,0.30365067580594807
GAC,0.2779607201871353
GAG,2.152521860430274
GAU,0.5071853616657763
GCA,0.31856466653422083
GCC,0.3688197452451662
GCG,0.745593530579743
GCU,0.22441334450862035
GGA,1.014720402369954
GGC,0.1721412101077156
GGG,1.3681897813554114
GGU,0.3864475523432915
GUA,0.4054834613062362
GUC,0.5119763228140807
GUG,2.0771388583045534
GUU,0.28381672303478694
UAC,0.5311446759312188
UAU,0.7886026355510027
UCA,0.377244293952471
UCC,0.5420301148177278
UCG,2.916358324277449
UCU,0.3096558224573804
UGC,0.7073002281619303
UGG,0.32534095313739997
UGU,0.9768113553052952
UUA,0.5798889839226615
UUC,0.3412522221798161
UUG,0.25446708883120306
UUU,0.5764113258118587
