codon,average_decoding_time
AAA,0.39963322223455156
AAC,0.32387698151868866
AAG,0.20813675537690193
AAU,0.5591576371014733
ACA,0.3389816304952439
ACC,0.4142009049932217
ACG,0.5687600304468886
ACU,0.19652214317838462
AGA,0.09827343353690414
AGC,1.223258629087268
AGG,0.28804014921061594
AGU,1.5703386609387415
AUA,0.35201313172351556
AUC,0.3763662832988724
AUG,0.3711963680672626
AUU,0.1921451141068446
CAA,0.29923032779156467
CAC,0.3695167952799587
CAG,0.572980861158329
CAU,0.6086036866142717
CCA,0.3384869008850267
CCC,1.8063059535107646
CCG,0.3869889444507079
CCU,1.4499030162568993
CGA,0.48198937288150273
CGC,0.5113837082677133
CGG,2.088756281543991
CGU,0.283026080983403
CUA,1.240188858133344
CUC,3.3959488083026024
CUG,1.161229968263956
CUU,3.972797740660245
GAA,0.30437253796184877
GAC,0.2791812967002744
GAG,0.46464937985309507
GAU,0.5053980647440046
GCA,0.318272578863851
GCC,0.47984694400334904
GCG,0.8493120087328513
GCU,0.25567237153891437
GGA,1.0208456950524103
GGC,0.17204080787063838
GGG,0.6848209387708069
GGU,0.3870091092919591
GUA,0.4059829727124327
GUC,0.49960971350001476
GUG,0.9926081711829883
GUU,0.27098219249313715
UAC,0.36806542814062543
UAU,0.6072677397128813
UCA,0.3733638247619697
UCC,0.46907291557091846
UCG,0.6448458259182233
UCU,0.24489780205962444
UGC,0.512751458767054
UGG,0.33517319379029975
UGU,0.7649479410997119
UUA,0.5187084326968082
UUC,0.3009347944182068
UUG,0.24306222221937598
UUU,0.5318567005994842
