codon,average_decoding_time
AAA,0.40044500615592327
AAC,0.32653448649238676
AAG,0.20745788457187803
AAU,0.5586784410626012
ACA,0.33737860904350964
ACC,0.41538569756924065
ACG,0.4163060319231458
ACU,0.20915428230915925
AGA,0.09796999959421052
AGC,1.2138852067343635
AGG,1.4092487104901714
AGU,1.5568816401651449
AUA,0.35065211149860487
AUC,0.3776148475307492
AUG,0.4413665018207715
AUU,0.20596486914469023
CAA,0.29887075704990174
CAC,0.3703917555856301
CAG,0.5751834583219805
CAU,0.6075594306378553
CCA,0.3366322517501662
CCC,1.8094211103170403
CCG,1.4913564640036971
CCU,1.758927818510389
CGA,0.48057206971608935
CGC,0.5127215131165123
CGG,1.2336661876155017
CGU,0.28266836700823905
CUA,1.226200194057331
CUC,3.398925160959129
CUG,1.1581524003170443
CUU,1.1542880268602365
GAA,0.3052088709361746
GAC,0.27954515873045704
GAG,0.46432842687573345
GAU,0.5076672075078669
GCA,0.31958231711062357
GCC,0.481232569421037
GCG,0.741769355301608
GCU,0.2265976289518026
GGA,1.0259411036305404
GGC,0.1705276608627544
GGG,1.3642971598909304
GGU,0.38683174300597706
GUA,0.40587194846150326
GUC,0.4977108305208148
GUG,0.9965766776623485
GUU,0.2850931508628529
UAC,0.5350514494579495
UAU,0.7887668543572732
UCA,0.3759183826857413
UCC,0.5051479424962777
UCG,2.91678072901851
UCU,0.3107004341725616
UGC,0.7032242646489355
UGG,0.3233569319067962
UGU,0.9814458604758475
UUA,0.5821274343918944
UUC,0.3430612847759737
UUG,0.26290851377171
UUU,0.5798794339730072
