codon,average_decoding_time
AAA,0.40033319603242834
AAC,0.3288245037133308
AAG,0.20695078602697087
AAU,0.5619545795985454
ACA,0.3383253451259141
ACC,0.3625505206934977
ACG,0.5463598107165525
ACU,0.19646655577983027
AGA,0.0987713292959524
AGC,1.2239139930464689
AGG,0.28651787995340494
AGU,1.5551809793915308
AUA,0.35351116446083797
AUC,0.39157375474888567
AUG,0.37151442826809294
AUU,0.19224044765143156
CAA,0.4640131875022332
CAC,0.5330918784917094
CAG,0.644812614600803
CAU,0.7875193242993362
CCA,0.34324598111955223
CCC,2.177378973191306
CCG,0.5046848539626032
CCU,1.630024431684693
CGA,0.5091449395536101
CGC,0.634641837067161
CGG,2.192611444294843
CGU,0.39404898288844675
CUA,1.378916089600772
CUC,1.2055503287264464
CUG,1.4622079890486892
CUU,4.423785361330256
GAA,0.2721800823632372
GAC,0.28058992459163606
GAG,0.433481587493151
GAU,0.5059034689260355
GCA,0.3145042124593585
GCC,0.3513892004233771
GCG,0.7074329120835826
GCU,0.2314242588970351
GGA,0.8329429372248915
GGC,0.1489746055434651
GGG,0.6329837378178865
GGU,0.36138633201972536
GUA,0.32412853714084866
GUC,0.43177138413522176
GUG,0.7764444943570977
GUU,0.19903715505721428
UAC,0.36891968959918925
UAU,0.6080586773733575
UCA,0.3741849196236026
UCC,0.5378186722507697
UCG,0.6443112153986635
UCU,0.2467750882334875
UGC,0.51194755756471
UGG,0.3345169347975021
UGU,0.7696124275214734
UUA,0.5198466298918739
UUC,0.2992000174473587
UUG,0.24400438203453909
UUU,0.5310441399899897
