codon,average_decoding_time
AAA,0.39930658793480805
AAC,0.32885530131794766
AAG,0.12674218606817186
AAU,0.5597984602805821
ACA,0.3378142735185651
ACC,0.36126273081962923
ACG,0.41479923452735357
ACU,0.19658031641054358
AGA,0.09803468307187861
AGC,1.216306044423594
AGG,0.2703561415278977
AGU,1.5482166993262407
AUA,0.3520449585299077
AUC,0.3919875245929482
AUG,0.4147337800291552
AUU,0.19132474588218876
CAA,0.4662608298187885
CAC,0.5340711435805764
CAG,3.463138492683336
CAU,0.7874611625630755
CCA,0.34437161543264017
CCC,2.1878643672023577
CCG,1.8478092710694651
CCU,1.6180175461205357
CGA,0.5110207496313592
CGC,0.6346730749126636
CGG,2.030239209652206
CGU,0.39173056509442705
CUA,1.3702296938833805
CUC,1.2051801500406911
CUG,1.4003854991097393
CUU,4.452902175452364
GAA,0.304933102327129
GAC,0.2802714819426923
GAG,2.164174569286284
GAU,0.5067970038727897
GCA,0.31856624163548086
GCC,0.36959940183204687
GCG,0.7435361947665357
GCU,0.2570296316021049
GGA,1.02323163781416
GGC,0.1716323380243164
GGG,1.3586131561394184
GGU,0.3866128230000469
GUA,0.40283470970409146
GUC,0.5153392596109403
GUG,2.08293102224654
GUU,0.27176615683151273
UAC,0.36988048472453855
UAU,0.6079229709414933
UCA,0.3714065393721496
UCC,0.5343157366346795
UCG,2.314238842055469
UCU,0.24623267959585232
UGC,0.5141416733907281
UGG,0.30443326802844306
UGU,0.7683204225593704
UUA,0.5199605235567569
UUC,0.298908044449072
UUG,0.20263295923302102
UUU,0.5286526340529274
