codon,average_decoding_time
AAA,0.4009893787704209
AAC,0.325861985106271
AAG,0.20689699555166652
AAU,0.5597515401690326
ACA,0.3390697923142233
ACC,0.3615728010191364
ACG,0.5689911090111875
ACU,0.20896119358037005
AGA,0.09843195953335826
AGC,1.222687762257272
AGG,0.2871022906344861
AGU,1.5614554050576226
AUA,0.35270164357911254
AUC,0.39227356816457976
AUG,0.41362019064048405
AUU,0.20446578719545938
CAA,0.46623913613723184
CAC,0.5356680432697271
CAG,0.6466272578743378
CAU,0.7887154508630893
CCA,0.3429824201179813
CCC,2.196882542674161
CCG,0.4497804261669459
CCU,1.8060266424786056
CGA,0.5103207091995671
CGC,0.6338736937615702
CGG,2.182949131433831
CGU,0.3934476713633262
CUA,1.3706227058991138
CUC,1.206392188528877
CUG,1.398662410529888
CUU,1.2912262661017375
GAA,0.30221616869383394
GAC,0.280466367727307
GAG,0.4647029837033341
GAU,0.5072165266278724
GCA,0.3203340262584143
GCC,0.3699603873101181
GCG,0.8538858456364568
GCU,0.22582787140728672
GGA,1.0256500295936661
GGC,0.17145560106235785
GGG,0.6824428395848123
GGU,0.3868067444127708
GUA,0.40512612453074237
GUC,0.5110403049269109
GUG,2.079734161565362
GUU,0.2869041501805521
UAC,0.5343011767425063
UAU,0.789605007664456
UCA,0.3787654857387756
UCC,0.5433960195191084
UCG,0.7885085817999998
UCU,0.30852013348908464
UGC,0.7042974841044974
UGG,0.35140947799977235
UGU,0.9808366106777783
UUA,0.5788889219818557
UUC,0.34250486796122925
UUG,0.2531575537003326
UUU,0.5789014212021434
