codon,average_decoding_time
AAA,0.3988335130518762
AAC,0.32588146943922086
AAG,0.12740893699242942
AAU,0.5606795573059423
ACA,0.3380899511816441
ACC,0.35982015474638007
ACG,0.5666013421391612
ACU,0.1971069997493751
AGA,0.09774091551153127
AGC,1.2151484135747566
AGG,0.28646118561483236
AGU,1.5454262202304627
AUA,0.3514660866924104
AUC,0.3926208918519953
AUG,0.4138775316596042
AUU,0.1915555590149138
CAA,0.46591567450546933
CAC,0.5317690871414815
CAG,3.4671453807442876
CAU,0.7886056515696765
CCA,0.34444815920572136
CCC,2.1929639836674757
CCG,0.4510910398935718
CCU,1.6167702810055957
CGA,0.5100235288759036
CGC,0.6341085682032699
CGG,2.203916602450501
CGU,0.3900766278051003
CUA,1.374121630047276
CUC,1.2054944976054056
CUG,1.3921525817336518
CUU,4.449022721639145
GAA,0.3063391061928886
GAC,0.28028830105811364
GAG,2.158524765149548
GAU,0.5058303256067728
GCA,0.3177446433254171
GCC,0.36872079979243594
GCG,0.8545018613853916
GCU,0.25541038512668357
GGA,1.0232688374047352
GGC,0.17131331109148312
GGG,0.6833398234120389
GGU,0.38623531515338677
GUA,0.40444523706287705
GUC,0.5160459208646746
GUG,2.0873222858452865
GUU,0.2703887243150944
UAC,0.3689812693047959
UAU,0.6049115929881504
UCA,0.37234448471795034
UCC,0.5378118575458277
UCG,0.6415728957658718
UCU,0.24492675644389078
UGC,0.5151691949259463
UGG,0.33413977392755506
UGU,0.7633514782738463
UUA,0.5203382041904278
UUC,0.2996784747998184
UUG,0.2021532356928489
UUU,0.5283487414803403
