codon,average_decoding_time
AAA,0.39904458796325265
AAC,0.3272478087440113
AAG,0.12759528890021313
AAU,0.5600978033347116
ACA,0.3375116972524178
ACC,0.4158050660925736
ACG,0.41588916738825327
ACU,0.19638200045107057
AGA,0.09849456491891052
AGC,1.2180667349084617
AGG,1.4050375091907554
AGU,1.55411629008385
AUA,0.3529512990774207
AUC,0.3767086421676913
AUG,0.3749340824159128
AUU,0.19187425105114395
CAA,0.2996243667038661
CAC,0.3697502999482262
CAG,2.4233113201675995
CAU,0.6072876579345879
CCA,0.33812189062302395
CCC,1.8202729231179764
CCG,1.4903513182794959
CCU,1.4453247758675787
CGA,0.48008929308132
CGC,0.5131487545363416
CGG,1.2265324300002072
CGU,0.2813813144436346
CUA,1.2411138419191832
CUC,3.4146728235112813
CUG,1.1187341144566967
CUU,3.979298298638653
GAA,0.3036217687032445
GAC,0.27962108806219554
GAG,2.1588103190188446
GAU,0.5069090675353976
GCA,0.3187307718857287
GCC,0.48221975988533994
GCG,0.7436081263378628
GCU,0.25677980787312255
GGA,1.0292913712808778
GGC,0.17177752887611078
GGG,1.3614126862361964
GGU,0.38492279353941056
GUA,0.40461323353320366
GUC,0.498219200149616
GUG,0.9971375058963811
GUU,0.27254316892840585
UAC,0.3695284150301461
UAU,0.6085936591795468
UCA,0.37438156681080875
UCC,0.46799556027530753
UCG,2.31233901046744
UCU,0.24556255887931436
UGC,0.516175503322808
UGG,0.18389020831631334
UGU,0.7693563915967206
UUA,0.5194480118803676
UUC,0.29943919987002016
UUG,0.2308266588417317
UUU,0.5300693451478907
