codon,average_decoding_time
AAA,0.4003087946678884
AAC,0.327917347880737
AAG,0.1273113671324421
AAU,0.5636221941031008
ACA,0.3364989649736686
ACC,0.4141419432565992
ACG,0.41763361255686027
ACU,0.21019890580333908
AGA,0.09798714205149475
AGC,1.2223666304115526
AGG,0.27144742205463773
AGU,1.5600661087604866
AUA,0.3532260417447868
AUC,0.3791233310024785
AUG,0.34245082081590406
AUU,0.20591461507953707
CAA,0.3001388671614861
CAC,0.3680167147700637
CAG,2.420966640449228
CAU,0.6054692070201422
CCA,0.33843009205794466
CCC,1.8169598442773451
CCG,1.499310444490958
CCU,1.7617123131639447
CGA,0.4814539466116224
CGC,0.5112216919163385
CGG,1.9242944544242673
CGU,0.2811732093251313
CUA,1.2385940242740119
CUC,3.3877606748860774
CUG,1.0498511531588972
CUU,1.1577930231103315
GAA,0.30320786405140154
GAC,0.27821519074257334
GAG,2.1476790428980217
GAU,0.5064268814416985
GCA,0.3182471117397506
GCC,0.48289865354058137
GCG,0.7453645727795547
GCU,0.22634568082112513
GGA,1.0253200562278983
GGC,0.17195210917328982
GGG,1.3646105302182283
GGU,0.3877646291679691
GUA,0.40520002976817554
GUC,0.49755994142858523
GUG,2.066162029025999
GUU,0.2845311999859339
UAC,0.5340144948963639
UAU,0.7860910754904826
UCA,0.3765945338246979
UCC,0.5058581233882367
UCG,2.9119455980423115
UCU,0.3108268515497577
UGC,0.7030619470423064
UGG,0.3244256847236591
UGU,0.9821924808580754
UUA,0.5804239661760848
UUC,0.3423484492478257
UUG,0.3060347321900637
UUU,0.5775461249190862
