codon,average_decoding_time
AAA,0.3979358786992345
AAC,0.3263794514637203
AAG,0.20643524186598447
AAU,0.5613860782025732
ACA,0.33865578728292456
ACC,0.3609461870153725
ACG,0.41570851228251865
ACU,0.1966495267960087
AGA,0.09852437156615591
AGC,1.2277968349578208
AGG,1.4011841760622183
AGU,1.5520915137120028
AUA,0.35131085265201445
AUC,0.39109818263631
AUG,0.44320264512858687
AUU,0.1926325293383091
CAA,0.4642761674679229
CAC,0.5323610957138027
CAG,0.6463375738402909
CAU,0.7904156787333697
CCA,0.3439713030450484
CCC,2.1896533218551957
CCG,1.835951490112397
CCU,1.619616971754958
CGA,0.5120057162392022
CGC,0.6328182248166601
CGG,2.0222696730712406
CGU,0.3912038085052844
CUA,1.3774646883332673
CUC,1.2084386170416639
CUG,1.4684199786720866
CUU,4.460914474289437
GAA,0.3025702300274414
GAC,0.27823076041779793
GAG,0.4636301378756641
GAU,0.5079140570497046
GCA,0.31904765573739496
GCC,0.3689006386456096
GCG,0.742451230517317
GCU,0.2554083843300546
GGA,1.0226217227886638
GGC,0.170772558278226
GGG,1.3564164569208523
GGU,0.38672790673866303
GUA,0.404290468074577
GUC,0.5135450415258425
GUG,0.9945707505717901
GUU,0.2722845775955381
UAC,0.37135512576863017
UAU,0.6079579580691358
UCA,0.3743383666524617
UCC,0.5358919148028175
UCG,2.306922641669031
UCU,0.24439729266190613
UGC,0.5133493142164208
UGG,0.18455262906041356
UGU,0.7704122609388555
UUA,0.5207278053723415
UUC,0.2991042981963031
UUG,0.2133806980727934
UUU,0.5286074019273596
