codon,average_decoding_time
AAA,0.39933151279948853
AAC,0.32812122857525644
AAG,0.12760307757629458
AAU,0.5573133076400243
ACA,0.3382648610900112
ACC,0.3625200756494623
ACG,0.5686777354596974
ACU,0.19774768415417224
AGA,0.09820279947806623
AGC,1.2222593816366638
AGG,0.28685326377078624
AGU,1.5550961365860094
AUA,0.35214569438456567
AUC,0.39070741178964724
AUG,0.3723949760598909
AUU,0.19236180066565844
CAA,0.46600775963664115
CAC,0.5347196232556575
CAG,3.4621263482953415
CAU,0.7899251471021265
CCA,0.34223282720071135
CCC,2.1849766006556424
CCG,0.44939626758032214
CCU,1.632551090535327
CGA,0.5087553670175017
CGC,0.6351713951125647
CGG,2.2012542440917033
CGU,0.39133640083382015
CUA,1.3724690283680685
CUC,1.2090873095466186
CUG,1.4630460568942945
CUU,4.444136357088318
GAA,0.30324450322901914
GAC,0.27969237380466816
GAG,2.165086493475167
GAU,0.5063640015725027
GCA,0.31861333008015813
GCC,0.36884798786647977
GCG,0.8518031409515675
GCU,0.256654189761262
GGA,1.0225974174350598
GGC,0.1720565242501762
GGG,0.6840416448270323
GGU,0.38648045439506096
GUA,0.40465119050579496
GUC,0.5135121244275288
GUG,0.9973307393011757
GUU,0.2736017435942476
UAC,0.37142018629895884
UAU,0.6099359277214756
UCA,0.37555271583068506
UCC,0.535756877158566
UCG,0.6459220002980234
UCU,0.24564034362384884
UGC,0.5129834389599414
UGG,0.33387420146801566
UGU,0.7697149402458865
UUA,0.5215754063073651
UUC,0.29910961630958377
UUG,0.2316365016483792
UUU,0.5289635612402624
