codon,average_decoding_time
AAA,0.3990639684536896
AAC,0.3263395623345239
AAG,0.1269426042516073
AAU,0.5610628430043766
ACA,0.33877381747116553
ACC,0.41397539500243896
ACG,0.41526928648895434
ACU,0.21049292832564137
AGA,0.09835602887163901
AGC,1.2156004910479628
AGG,1.4042485196122863
AGU,1.5480692506829985
AUA,0.3520641192040181
AUC,0.3774782039903173
AUG,0.34475980714637733
AUU,0.20413121165916032
CAA,0.2982514622736856
CAC,0.3702434504466217
CAG,2.417447259430999
CAU,0.6092634283583045
CCA,0.3387314868796095
CCC,1.8136666737893579
CCG,1.4850672382933443
CCU,1.762412754657156
CGA,0.4808827413657229
CGC,0.5116404875423539
CGG,1.2313069631326792
CGU,0.28145375576691867
CUA,1.2380976837272906
CUC,3.4163955380830138
CUG,1.0559628552635638
CUU,1.1634579962565128
GAA,0.3024105242003924
GAC,0.2769886849339007
GAG,2.1563114090559576
GAU,0.5059323375329574
GCA,0.31834424003958944
GCC,0.4802833775792129
GCG,0.7408249145084144
GCU,0.22671205170084854
GGA,1.0268431285821111
GGC,0.1720214476168613
GGG,1.3593142862223864
GGU,0.3871785574698499
GUA,0.4051764689378094
GUC,0.4997912692087598
GUG,2.080629651895522
GUU,0.286401674346343
UAC,0.5350122652583755
UAU,0.7853918805130389
UCA,0.37734394372910224
UCC,0.5028558974370609
UCG,2.9145980692710465
UCU,0.31010685565328205
UGC,0.7072800125380501
UGG,0.32413339792636814
UGU,0.9811596326864354
UUA,0.576944460168449
UUC,0.3416466667806542
UUG,0.30759962829690807
UUU,0.5776735553305237
