codon,average_decoding_time
AAA,0.40135362052644735
AAC,0.3278212773819928
AAG,0.1265736925246241
AAU,0.5607609159518199
ACA,0.33706637842882614
ACC,0.41411831262578536
ACG,0.5473898004431765
ACU,0.2104026530030151
AGA,0.09829183892332292
AGC,1.2211013724843098
AGG,1.5784521454075668
AGU,1.5486983968287602
AUA,0.35312211342644173
AUC,0.37682946975572956
AUG,0.4126320683729999
AUU,0.20405255567589087
CAA,0.29956789835938724
CAC,0.36786225820041596
CAG,2.4289979483487834
CAU,0.6099708079479471
CCA,0.3364015024543384
CCC,1.8041786810977938
CCG,0.43391168684235754
CCU,1.7637411558006448
CGA,0.4825090800041262
CGC,0.5100676097336677
CGG,1.4086006101455857
CGU,0.2821310867433892
CUA,1.2408492271844263
CUC,3.4038872236952327
CUG,1.096741827906565
CUU,1.1559783904293937
GAA,0.27148925195095874
GAC,0.28001497015017807
GAG,1.9360947144885128
GAU,0.5075365882228775
GCA,0.31454464030150964
GCC,0.44971605933619757
GCG,0.7106129567239534
GCU,0.20700720536380554
GGA,0.8299066750728253
GGC,0.14890293054238687
GGG,0.6322320224071931
GGU,0.36192450388873726
GUA,0.3257137688292138
GUC,0.4195575982934471
GUG,1.7605346888959001
GUU,0.21198639884714685
UAC,0.5313527368835245
UAU,0.7917053124083185
UCA,0.3763441723068292
UCC,0.5067531604762139
UCG,0.786275895644158
UCU,0.30894993995390196
UGC,0.7060494501016865
UGG,0.3557990559382336
UGU,0.9809179485841975
UUA,0.5806388258863261
UUC,0.3424197226806547
UUG,0.251919692550555
UUU,0.5773201973677857
