codon,average_decoding_time
AAA,0.40049022766502707
AAC,0.3278293474697022
AAG,0.12748569173461038
AAU,0.558731633311802
ACA,0.3385072226088621
ACC,0.4147383195086672
ACG,0.5664289466250368
ACU,0.19697021173225537
AGA,0.09806329185982753
AGC,1.2196045981109167
AGG,0.2874837181186075
AGU,1.55542321463503
AUA,0.3523853727348286
AUC,0.37666935414013997
AUG,0.34522888086629494
AUU,0.19228609156526516
CAA,0.2996349696034119
CAC,0.36933007547366614
CAG,2.409849640690243
CAU,0.6082977530226639
CCA,0.3390547162274765
CCC,1.8210469422428246
CCG,0.38863081770198615
CCU,1.4560742805948048
CGA,0.4821061420764911
CGC,0.5090397393124687
CGG,2.081792073369661
CGU,0.2817291242612382
CUA,1.2328262982555762
CUC,3.401181477735996
CUG,1.0508733246764022
CUU,3.9626627198642335
GAA,0.30385586693019084
GAC,0.2796000860205609
GAG,2.1487640040697653
GAU,0.508513902067321
GCA,0.3184914706066168
GCC,0.4835641360944267
GCG,0.851169147332161
GCU,0.2568582439510537
GGA,1.020944457796749
GGC,0.17202943296891982
GGG,0.6830790890585042
GGU,0.38792210777508823
GUA,0.40428209119385233
GUC,0.49829776352261784
GUG,2.068164785574338
GUU,0.27129627525170225
UAC,0.36888227929992407
UAU,0.6081401927340366
UCA,0.3737221960769058
UCC,0.46673998565581554
UCG,0.6464351370495379
UCU,0.2464378523796452
UGC,0.5110215592439982
UGG,0.3340024312360115
UGU,0.7689860398186263
UUA,0.5200389191288523
UUC,0.29985157967970794
UUG,0.21369247884650347
UUU,0.5297912437629567
