codon,average_decoding_time
AAA,0.3995827623438007
AAC,0.32722939451224375
AAG,0.12681619007078485
AAU,0.5585650172791551
ACA,0.33805245540787304
ACC,0.3610318196710107
ACG,0.5484942508085013
ACU,0.21125053070688463
AGA,0.09757658914298334
AGC,1.2221676102179533
AGG,0.2856342966087635
AGU,1.5528198868022236
AUA,0.3519928242669138
AUC,0.39307247324656236
AUG,0.3735944608091102
AUU,0.20550058182502026
CAA,0.4642287667447439
CAC,0.5363392983810953
CAG,3.444048145961261
CAU,0.7872343609780792
CCA,0.34269575914513845
CCC,2.195781579707147
CCG,0.5052439276960757
CCU,1.7968279582656839
CGA,0.5110640840282482
CGC,0.6348056482252841
CGG,2.1935868786156787
CGU,0.39301197690604
CUA,1.3706968300124478
CUC,1.208017622150358
CUG,1.4666660242816494
CUU,1.2893515374895865
GAA,0.27336299373646916
GAC,0.28032258473405886
GAG,1.9439755817251778
GAU,0.5087571956145364
GCA,0.314498724024446
GCC,0.35124835612864047
GCG,0.7161759570412597
GCU,0.20784403909698387
GGA,0.8280698712418045
GGC,0.14959698645988592
GGG,0.6318394188853014
GGU,0.36212731069391163
GUA,0.3219566270688721
GUC,0.43171515782932207
GUG,0.7710390012292062
GUU,0.2126122830452601
UAC,0.5296228368971925
UAU,0.7892039140278926
UCA,0.3772456293647705
UCC,0.5381438450542058
UCG,0.7861419176395374
UCU,0.3083742966347662
UGC,0.7044205340399752
UGG,0.353974074654554
UGU,0.9835748539611553
UUA,0.5829487416926727
UUC,0.3425820266898983
UUG,0.3281490182752424
UUU,0.5790635717423683
