codon,average_decoding_time
AAA,0.3990107219826906
AAC,0.3248636897046082
AAG,0.20655526418875902
AAU,0.5608494286867729
ACA,0.33777896249535305
ACC,0.36004851220041256
ACG,0.5661725198273755
ACU,0.19674124786222408
AGA,0.0978383426436741
AGC,1.2152495711733926
AGG,1.5761917517628616
AGU,1.5600706336123313
AUA,0.3528270833267593
AUC,0.39040693208281474
AUG,0.344566188680006
AUU,0.19095503463838243
CAA,0.46407109820260756
CAC,0.5364458290638988
CAG,0.6447358088430504
CAU,0.7932793239022515
CCA,0.3432387930699497
CCC,2.1900663011242125
CCG,0.4514713080771442
CCU,1.6302507064083254
CGA,0.5102707377366257
CGC,0.6338206515307796
CGG,2.1946712855070456
CGU,0.39349995817227895
CUA,1.3737095574962592
CUC,1.2005386210029918
CUG,1.4025700597900004
CUU,4.458009794523914
GAA,0.3045481645419214
GAC,0.2798530682707492
GAG,0.466616409420765
GAU,0.5083607670428109
GCA,0.3185218340963568
GCC,0.369611625394606
GCG,0.8547049838137107
GCU,0.2567001003037138
GGA,1.0206193009075324
GGC,0.17154087241221538
GGG,0.6834724866247702
GGU,0.3868612644015882
GUA,0.40643322751394917
GUC,0.5109165962877056
GUG,2.0800630731330183
GUU,0.2724137873029547
UAC,0.36874780906209126
UAU,0.6113250100880959
UCA,0.37436075195466045
UCC,0.5339325955541381
UCG,0.647930524574978
UCU,0.2469718354027145
UGC,0.5108310260332645
UGG,0.21458872522222097
UGU,0.76807229944374
UUA,0.5155791956147296
UUC,0.29944670722333644
UUG,0.2130984698117834
UUU,0.529620620316671
