codon,average_decoding_time
AAA,0.4034367227758698
AAC,0.3262547132363255
AAG,0.2085341449671724
AAU,0.5592264757731945
ACA,0.33785252627178075
ACC,0.41483244030628535
ACG,0.5480702430573201
ACU,0.19605456838682683
AGA,0.09817239878000147
AGC,1.2156934116187756
AGG,1.571571472059433
AGU,1.5549993346837714
AUA,0.35351095599290033
AUC,0.37663777869188453
AUG,0.44208552085314345
AUU,0.19166740110867345
CAA,0.30059017590193066
CAC,0.3704020494234119
CAG,0.574284986950445
CAU,0.6087448068524929
CCA,0.3372238146160983
CCC,1.8164178173348058
CCG,0.43271241853758746
CCU,1.4492002000355582
CGA,0.4811927833241161
CGC,0.511094119765944
CGG,1.4081211343573365
CGU,0.2807244363002677
CUA,1.2388047465621577
CUC,3.4119896210765304
CUG,1.1594836318594466
CUU,3.9648377840688913
GAA,0.2726651544015175
GAC,0.27975005439225
GAG,0.4343490615276361
GAU,0.507945425721947
GCA,0.3141547215510299
GCC,0.45301622676535386
GCG,0.7111587136114204
GCU,0.2292748225448837
GGA,0.8265762787946263
GGC,0.14968586333243245
GGG,0.6332919882311359
GGU,0.3610661906652085
GUA,0.32426818848684286
GUC,0.41842966956869343
GUG,0.8600743066141284
GUU,0.1993982522276096
UAC,0.36794583924466506
UAU,0.6079565741088158
UCA,0.3733138570235562
UCC,0.46930098557481337
UCG,0.6457672757581988
UCU,0.2439769225009185
UGC,0.5145098982647346
UGG,0.21312673293410228
UGU,0.7701285645355852
UUA,0.5173681646130246
UUC,0.3008500136790637
UUG,0.2129189669790485
UUU,0.5310569184926652
