codon,average_decoding_time
AAA,0.39984728587085616
AAC,0.3287179070204041
AAG,0.20667266564743986
AAU,0.5602605480844871
ACA,0.33898747201604434
ACC,0.3611660082994316
ACG,0.567269067155109
ACU,0.19643954914364167
AGA,0.09800960139575068
AGC,1.2232182032901417
AGG,0.2869116589327412
AGU,1.5461931203220727
AUA,0.35227398781646424
AUC,0.39257766567158964
AUG,0.37252185117219955
AUU,0.1933454462094566
CAA,0.4645302839029221
CAC,0.5360590236118553
CAG,0.6455705811708953
CAU,0.7927302850015351
CCA,0.34420352508182955
CCC,2.191588556486582
CCG,0.4504771530578074
CCU,1.622917950582413
CGA,0.5104293917690087
CGC,0.6312649695689023
CGG,2.2149474232297273
CGU,0.3946147066857091
CUA,1.375216544442549
CUC,1.2071747203691745
CUG,1.4689657443028663
CUU,4.429565934527774
GAA,0.30170209924003727
GAC,0.2790757778937232
GAG,0.4650987312100706
GAU,0.5075070524183367
GCA,0.31882559616834355
GCC,0.36856977239459154
GCG,0.8547706059143316
GCU,0.2578572940168122
GGA,1.0270674306047867
GGC,0.1717420633432745
GGG,0.6832130791105416
GGU,0.3870334041036021
GUA,0.40808856776471475
GUC,0.513986563699917
GUG,0.992498213544682
GUU,0.27257992717495194
UAC,0.3711578626814956
UAU,0.6090935766113216
UCA,0.3746746872756458
UCC,0.537594932506778
UCG,0.6441473844954699
UCU,0.2468325001042794
UGC,0.5151614761363632
UGG,0.3357246000826418
UGU,0.7686292362339919
UUA,0.5180541451875903
UUC,0.29858692118284225
UUG,0.24421395588505695
UUU,0.5295167910940898
