codon,average_decoding_time
AAA,0.39973601818000787
AAC,0.32516914186799595
AAG,0.12744125572643447
AAU,0.560323932944932
ACA,0.33872862574268414
ACC,0.36083327356053524
ACG,0.5689852963138915
ACU,0.19613806937613376
AGA,0.0982707565572892
AGC,1.2155959817221014
AGG,0.28673867545597
AGU,1.5508579501141302
AUA,0.3515577006468931
AUC,0.39062273069290293
AUG,0.37261516967747726
AUU,0.1916168842379664
CAA,0.46406486042762823
CAC,0.5342777322121588
CAG,3.453732956956487
CAU,0.7895631231451656
CCA,0.34552944381712475
CCC,2.1950188928625787
CCG,0.44874154472067557
CCU,1.617522887205409
CGA,0.512066854555153
CGC,0.6324441719028314
CGG,2.193676599189413
CGU,0.39241677421503474
CUA,1.3660676633388904
CUC,1.2117228032488536
CUG,1.4626138968835611
CUU,4.444892630668542
GAA,0.30264395633620605
GAC,0.2806169971657176
GAG,2.1570470228118563
GAU,0.506283302388454
GCA,0.31851605829756907
GCC,0.3701403203921034
GCG,0.8550802843376114
GCU,0.2560162538171131
GGA,1.027507762434455
GGC,0.17114383926646903
GGG,0.685113166635658
GGU,0.38582070159953963
GUA,0.4060964374545205
GUC,0.513294185095885
GUG,0.9964081657909506
GUU,0.271553453642585
UAC,0.3720679180255806
UAU,0.6101863526472067
UCA,0.3740748321518973
UCC,0.5364242759890256
UCG,0.6459237166517036
UCU,0.24686887490998718
UGC,0.5153758894616794
UGG,0.33059584578829626
UGU,0.7666357481551531
UUA,0.5218401970348132
UUC,0.2999653832975909
UUG,0.24301676043544135
UUU,0.5301694712544401
