codon,average_decoding_time
AAA,0.4002313981926843
AAC,0.32473246606072986
AAG,0.20665182854728023
AAU,0.5592664535309189
ACA,0.3378154563846552
ACC,0.4141128360801648
ACG,0.5683285867097176
ACU,0.19625703795640198
AGA,0.09857422497017096
AGC,1.2223659030271905
AGG,0.28563681460462437
AGU,1.544675722319212
AUA,0.3517182069320672
AUC,0.3769548149810218
AUG,0.3456091721846176
AUU,0.19152529949532035
CAA,0.29829844454157833
CAC,0.36995737808052326
CAG,0.5717496025933402
CAU,0.6072521606112805
CCA,0.33612247054432753
CCC,1.8174113321891128
CCG,0.3889283356117814
CCU,1.4527847046649502
CGA,0.4800437176540509
CGC,0.5118809043508937
CGG,2.0804953008373506
CGU,0.280718160783066
CUA,1.236663942156143
CUC,3.406592996120681
CUG,1.094919760501309
CUU,3.9782063817982003
GAA,0.30344218307829235
GAC,0.28013051951998247
GAG,0.46401776998599203
GAU,0.5070651136683124
GCA,0.318267929537372
GCC,0.48347651362061467
GCG,0.8542599526351758
GCU,0.25481192777212647
GGA,1.0271972325840466
GGC,0.1711195014695135
GGG,0.6865473023655174
GGU,0.38583740505456865
GUA,0.4059259756082671
GUC,0.49693714628136876
GUG,2.078936709611192
GUU,0.27407382704094385
UAC,0.36990569473011237
UAU,0.606804264244251
UCA,0.37300777567316146
UCC,0.4698499044611189
UCG,0.6444498243316398
UCU,0.2444334221978754
UGC,0.5129307991212563
UGG,0.3348861358590755
UGU,0.7688260538915567
UUA,0.5192548286597353
UUC,0.2993238620984781
UUG,0.22504480920625516
UUU,0.5327643525794198
