codon,average_decoding_time
AAA,0.39828848897474883
AAC,0.32683190378809746
AAG,0.12672345711574418
AAU,0.5605891880757512
ACA,0.33813474268466126
ACC,0.36210384982974875
ACG,0.5461520158428672
ACU,0.19710384187445973
AGA,0.09864653472984111
AGC,1.220915787757253
AGG,1.582179775622421
AGU,1.5574962059602728
AUA,0.3527855439338031
AUC,0.3914024275178888
AUG,0.343453437463594
AUU,0.19309137593993056
CAA,0.46373259143918055
CAC,0.5339045908256155
CAG,3.4652323771022924
CAU,0.7888237298165133
CCA,0.34556890326520884
CCC,2.202060564923929
CCG,0.5047058938647484
CCU,1.627970036496208
CGA,0.5099928570002858
CGC,0.6333252345172933
CGG,2.2068212949316424
CGU,0.39500667670462875
CUA,1.3693355633667006
CUC,1.2070102020471483
CUG,1.4013557734055835
CUU,4.446349380397612
GAA,0.2725585330074292
GAC,0.27931051614809577
GAG,1.9361066002266065
GAU,0.5069867745449846
GCA,0.31607832770964195
GCC,0.3499385251002715
GCG,0.710602039575972
GCU,0.23040147310952933
GGA,0.829789392847402
GGC,0.14856764716174387
GGG,0.6337069191936395
GGU,0.36216141726012263
GUA,0.323027116532077
GUC,0.4323598878344806
GUG,1.5673089171571282
GUU,0.20023911968841077
UAC,0.3706470629197925
UAU,0.6101075316432112
UCA,0.3723428229630249
UCC,0.5333833065535625
UCG,0.6459415855389196
UCU,0.24563726687867848
UGC,0.5162006732003959
UGG,0.21385611394019724
UGU,0.7659974716177237
UUA,0.5213676618057033
UUC,0.29884882595297835
UUG,0.22472032413856854
UUU,0.5293162016425853
