codon,average_decoding_time
AAA,0.4002257215491988
AAC,0.326080736311929
AAG,0.2079573931841711
AAU,0.5592476292182276
ACA,0.33999617035752533
ACC,0.41463929443965913
ACG,0.5472747194966207
ACU,0.19546363291009472
AGA,0.0977141655990893
AGC,1.2202616207324768
AGG,1.5813127734855723
AGU,1.5534357046991745
AUA,0.3524298561299658
AUC,0.37697881533241473
AUG,0.37374433171592386
AUU,0.1929590762953533
CAA,0.29903149562028214
CAC,0.369099429699838
CAG,0.5728570980266181
CAU,0.6068413590054066
CCA,0.33884986611722206
CCC,1.8069299929335165
CCG,0.4324157534537502
CCU,1.4498924974156695
CGA,0.48073144568976023
CGC,0.514297933337772
CGG,1.4033461951183581
CGU,0.28240376630615893
CUA,1.2329511919837044
CUC,3.4041196955721813
CUG,1.1667140466137593
CUU,3.9809361427299335
GAA,0.2735047261220924
GAC,0.2790320559821185
GAG,0.4326058005837793
GAU,0.5061247348324657
GCA,0.31448397712458975
GCC,0.4510006373535244
GCG,0.7118999254336754
GCU,0.22858533233488346
GGA,0.8277501569674818
GGC,0.14957684530908225
GGG,0.6352020634394724
GGU,0.3605246211733018
GUA,0.3251185098858384
GUC,0.4184892045168981
GUG,0.7700780444028854
GUU,0.20020931274958995
UAC,0.3708942803419412
UAU,0.6068210378102693
UCA,0.371849783757231
UCC,0.4689602000219374
UCG,0.6446293800624839
UCU,0.24779548755287775
UGC,0.5150140498522503
UGG,0.21376142015779143
UGU,0.7669489648603364
UUA,0.5192197583354469
UUC,0.2997056423714729
UUG,0.242766516400644
UUU,0.5298642702303928
