codon,average_decoding_time
AAA,0.39945017009504025
AAC,0.32611014467906785
AAG,0.2080181503747805
AAU,0.5583384485034426
ACA,0.33933160682984526
ACC,0.36205415274351044
ACG,0.5466767850837918
ACU,0.21088484149367392
AGA,0.098316124322213
AGC,1.224935609363911
AGG,0.2866996065456572
AGU,1.5550240598881984
AUA,0.3527025428252585
AUC,0.39266302668784886
AUG,0.4114854371057905
AUU,0.20519802642964233
CAA,0.462727948183855
CAC,0.5357287938732155
CAG,0.6435673393609365
CAU,0.789880883807051
CCA,0.3427497829359548
CCC,2.2044081739022525
CCG,0.5065597002470429
CCU,1.7906650750558002
CGA,0.5110144416388704
CGC,0.6346866697343893
CGG,2.1955409825991348
CGU,0.39504365394241153
CUA,1.3758671263247315
CUC,1.204498469569259
CUG,1.3988584878980148
CUU,1.2918118729079884
GAA,0.2724374228588317
GAC,0.2787942227052209
GAG,0.43538791757525874
GAU,0.5076829889491636
GCA,0.3141921517428955
GCC,0.34872580712687945
GCG,0.7103262682572132
GCU,0.208476575919702
GGA,0.834630122384801
GGC,0.14951974258321282
GGG,0.6321225339029385
GGU,0.36242586221391127
GUA,0.32352042578017487
GUC,0.4312360816635404
GUG,1.77198942092085
GUU,0.21148123172405628
UAC,0.5330673320771626
UAU,0.7898467624456197
UCA,0.3782040861261838
UCC,0.5421792194603278
UCG,0.7883278685958458
UCU,0.3118021461274997
UGC,0.7023843093143564
UGG,0.35371117743816016
UGU,0.9785445292674353
UUA,0.5807015088178005
UUC,0.34347149053223175
UUG,0.25234340302197555
UUU,0.5794884066734072
