codon,average_decoding_time
AAA,0.4006977845206619
AAC,0.3270580788956576
AAG,0.12654945903765108
AAU,0.5574876490453446
ACA,0.3362293786161361
ACC,0.4162592371592435
ACG,0.4147645452676293
ACU,0.19727447787343616
AGA,0.09793631231481768
AGC,1.22219789834193
AGG,0.2718615374572904
AGU,1.5564807441497566
AUA,0.35118188061765104
AUC,0.37618812028651943
AUG,0.37404713790647826
AUU,0.1926921600325369
CAA,0.29985323219334453
CAC,0.3691604569197327
CAG,2.4188044405201246
CAU,0.6079159725111271
CCA,0.3399271572929193
CCC,1.802659438292124
CCG,1.4942513153175252
CCU,1.4437020484146648
CGA,0.48156104094354907
CGC,0.5113116811711192
CGG,1.9257354642511624
CGU,0.28064527497016756
CUA,1.2339170527221517
CUC,3.4006714901221784
CUG,1.1670446230611504
CUU,3.9548961593643908
GAA,0.3023387843394976
GAC,0.27939224964916987
GAG,2.1666066535247395
GAU,0.50540393346508
GCA,0.3187354713536853
GCC,0.4817401743672102
GCG,0.7392331888725819
GCU,0.25529375259079656
GGA,1.020009946766971
GGC,0.17205521127731568
GGG,1.3627641467136218
GGU,0.3849790020641411
GUA,0.4056007133591285
GUC,0.49666692573825777
GUG,0.9942606167626783
GUU,0.2726327550585479
UAC,0.36973845079478407
UAU,0.6086864336474683
UCA,0.3734937380513655
UCC,0.4678583270195518
UCG,2.3052291184149256
UCU,0.24548995096352472
UGC,0.5116839765232432
UGG,0.3034980952050048
UGU,0.7694625418033759
UUA,0.5220498422079036
UUC,0.2995870622058434
UUG,0.24354364201095782
UUU,0.5304770990637167
