codon,average_decoding_time
AAA,0.39888151805503064
AAC,0.325011513953014
AAG,0.12662380766921405
AAU,0.55844259942261
ACA,0.33794933635604263
ACC,0.41402152488788546
ACG,0.5683982770114189
ACU,0.19609170400765394
AGA,0.09826019738897078
AGC,1.2260663651483077
AGG,1.5782366424764604
AGU,1.5540929105147536
AUA,0.35268809865725154
AUC,0.3782492123537825
AUG,0.34551235412126835
AUU,0.19141725102070742
CAA,0.2969665390578338
CAC,0.36986873820726907
CAG,2.4301346022467776
CAU,0.6095489823651922
CCA,0.3355464564159115
CCC,1.800639041419516
CCG,0.38917407477338517
CCU,1.4407602430135336
CGA,0.4842948066419453
CGC,0.5107643119673382
CGG,1.4028149600368485
CGU,0.2847381807402079
CUA,1.2394464359008
CUC,3.4188550241778173
CUG,1.099264374714681
CUU,3.9839877613219774
GAA,0.30365011059176206
GAC,0.27978771993822815
GAG,2.150969241024288
GAU,0.5060583594832608
GCA,0.31894791162901254
GCC,0.4798783961139706
GCG,0.8506338490051395
GCU,0.2576105364668204
GGA,1.0191805150043274
GGC,0.17087996768670183
GGG,0.6856831333734178
GGU,0.38709353436307653
GUA,0.4043776741908014
GUC,0.5000604834023666
GUG,2.083050386356143
GUU,0.2720782301613179
UAC,0.37159621291318495
UAU,0.6091296448144655
UCA,0.372789647171248
UCC,0.46719225610277
UCG,0.6461364662632
UCU,0.24578621309994458
UGC,0.5140253170945597
UGG,0.21386620433352183
UGU,0.7668406846312205
UUA,0.5185537702131634
UUC,0.2994119037159029
UUG,0.22486136794456382
UUU,0.5309093074158301
