codon,average_decoding_time
AAA,0.39864959090721996
AAC,0.32608838091565273
AAG,0.20676943036749804
AAU,0.5579386471259752
ACA,0.3372200953287464
ACC,0.3612183627299376
ACG,0.5498990464773057
ACU,0.21046830067383882
AGA,0.09764000979277129
AGC,1.221882749144749
AGG,0.2865406204467017
AGU,1.5509552266264737
AUA,0.35211320813821806
AUC,0.3893717376991305
AUG,0.41363770695029306
AUU,0.20574670552311167
CAA,0.4654240100422717
CAC,0.5330178269531008
CAG,0.644512267086446
CAU,0.7884856696466399
CCA,0.3438286716770883
CCC,2.1852569784202807
CCG,0.508363554528779
CCU,1.7915768524953848
CGA,0.509481618107387
CGC,0.6349276601854666
CGG,2.20374981929917
CGU,0.3950975433410152
CUA,1.3720746530228007
CUC,1.2081024464698549
CUG,1.3946761150516322
CUU,1.2943403672574745
GAA,0.27181082072768276
GAC,0.2790471238514317
GAG,0.4347663701524256
GAU,0.5064657577756787
GCA,0.31459188528267407
GCC,0.35060941044900107
GCG,0.7111469253157154
GCU,0.20826809638007668
GGA,0.8265547991132798
GGC,0.14883163833804386
GGG,0.6347379581459403
GGU,0.3620661201404154
GUA,0.32445935428121114
GUC,0.43281058032935105
GUG,1.758059781034345
GUU,0.21209134602148028
UAC,0.5350403051866028
UAU,0.7902014885299101
UCA,0.3766924017073361
UCC,0.5423766170814924
UCG,0.7852058310447526
UCU,0.31177236955393395
UGC,0.7051715856644484
UGG,0.3528375313491728
UGU,0.9765792530041836
UUA,0.5784187597575176
UUC,0.3429986823692654
UUG,0.2518881217601935
UUU,0.578145144004042
