codon,average_decoding_time
AAA,0.40236272804008144
AAC,0.3258346488215161
AAG,0.12758711054969857
AAU,0.5591551423447565
ACA,0.33810397804870096
ACC,0.36066561396082886
ACG,0.5675457889061167
ACU,0.19683621649711922
AGA,0.09825827183604142
AGC,1.2168813923331727
AGG,0.2877875662067145
AGU,1.562286313214613
AUA,0.3513201871937099
AUC,0.39139694369001204
AUG,0.3434762554516561
AUU,0.19194648415320623
CAA,0.467190065249862
CAC,0.5357270450389846
CAG,3.465206901517612
CAU,0.7891625042777686
CCA,0.34467526691497563
CCC,2.188732109265449
CCG,0.4495255717056143
CCU,1.6246743036298996
CGA,0.5099124579501279
CGC,0.6307038354435163
CGG,2.2090897740086315
CGU,0.3912969732419443
CUA,1.370037333271608
CUC,1.2100118246911784
CUG,1.397940128069405
CUU,4.452564633500876
GAA,0.3047863190052134
GAC,0.2801729614184646
GAG,2.1587645968909612
GAU,0.5079068885803046
GCA,0.31821926914349374
GCC,0.37038708242870866
GCG,0.8519499909160952
GCU,0.25595888867341704
GGA,1.0209581298572146
GGC,0.1719455535113505
GGG,0.6828925140162796
GGU,0.3864225265056996
GUA,0.40401293596128474
GUC,0.5127495121821328
GUG,2.0675881519801536
GUU,0.27184690067673994
UAC,0.3696884978154207
UAU,0.609333011058682
UCA,0.3735383809399224
UCC,0.5340619765107354
UCG,0.6468743252323835
UCU,0.2461871964101247
UGC,0.5160799557275033
UGG,0.3347587353844425
UGU,0.7631979373714125
UUA,0.5208726794009179
UUC,0.3025122721947078
UUG,0.21439023220009326
UUU,0.5296184827725835
