codon,average_decoding_time
AAA,0.3990002433195372
AAC,0.3263880745019091
AAG,0.20739650163508533
AAU,0.55990944992355
ACA,0.33628506645621825
ACC,0.36284100787430146
ACG,0.41581585669902876
ACU,0.19670817328820608
AGA,0.09750697147164933
AGC,1.2133318102875295
AGG,0.272191369379387
AGU,1.5536363764374226
AUA,0.35284480907619886
AUC,0.39152259269165596
AUG,0.37284938433921705
AUU,0.1919380917198532
CAA,0.4658994490606152
CAC,0.5299215880112315
CAG,0.6417067429967038
CAU,0.7907600700799754
CCA,0.34565772715728177
CCC,2.1853377334307864
CCG,1.8479282930925873
CCU,1.6231376501293242
CGA,0.5119299053578451
CGC,0.6332188334665305
CGG,2.034158460905817
CGU,0.392604859974557
CUA,1.3686814643864353
CUC,1.2051179281168436
CUG,1.4640284840340347
CUU,4.460510012295721
GAA,0.3029910327158581
GAC,0.2787923458709248
GAG,0.462665358067496
GAU,0.5075231599793256
GCA,0.31829511015603235
GCC,0.36647529993562333
GCG,0.744081482094792
GCU,0.25640241311289524
GGA,1.0202007350799382
GGC,0.17074499703458856
GGG,1.3667373891789842
GGU,0.38695265130861745
GUA,0.40473281643470954
GUC,0.5127295798671871
GUG,0.9896084866495801
GUU,0.27154252832294085
UAC,0.36915973886970016
UAU,0.611681399208803
UCA,0.37288094474296957
UCC,0.5357440808111052
UCG,2.310873378322449
UCU,0.24542981013721835
UGC,0.5144686061274559
UGG,0.3045309389155305
UGU,0.7682469356388174
UUA,0.5222844896436207
UUC,0.29895135335781514
UUG,0.23178811832840518
UUU,0.5271007738298423
