codon,average_decoding_time
AAA,0.40009860605068004
AAC,0.32673943758030544
AAG,0.1270050692435394
AAU,0.55998680557601
ACA,0.3381155138148227
ACC,0.41646049855080086
ACG,0.5428420729471003
ACU,0.19778521612006192
AGA,0.09828259661667917
AGC,1.216317617683432
AGG,0.2855838067953542
AGU,1.5448950294862758
AUA,0.3521849367702851
AUC,0.3773367346778987
AUG,0.44307747092394006
AUU,0.19231299096776452
CAA,0.30011535421774804
CAC,0.3701130288028039
CAG,2.4177566731932574
CAU,0.6084880002647579
CCA,0.33832546734448044
CCC,1.804099315003452
CCG,0.4333049639194036
CCU,1.4475267986139835
CGA,0.4824341843719634
CGC,0.5091431892945191
CGG,2.0811301549608268
CGU,0.28251765113027866
CUA,1.2387965163450332
CUC,3.408058495400811
CUG,1.1146040448432502
CUU,3.950392709918467
GAA,0.2726678435985477
GAC,0.2781022674100331
GAG,1.9374742500567361
GAU,0.5065898985070982
GCA,0.3167026796039406
GCC,0.450218412969663
GCG,0.7151205762220944
GCU,0.2289238441696802
GGA,0.8286361734334784
GGC,0.1494532746201609
GGG,0.6356526658634853
GGU,0.36088653369898477
GUA,0.32438545235015415
GUC,0.4191548659310704
GUG,0.8550682744794961
GUU,0.19963943151673513
UAC,0.3693033587855257
UAU,0.6089253380031074
UCA,0.3740216507787533
UCC,0.46966757381530083
UCG,0.6428706001212701
UCU,0.24675461693080938
UGC,0.5129397641889805
UGG,0.3314794905875593
UGU,0.7671712707127306
UUA,0.5208485915488866
UUC,0.3009235700532835
UUG,0.20636407309355437
UUU,0.5311742110511617
