codon,average_decoding_time
AAA,0.40028444144660186
AAC,0.327167588542877
AAG,0.20707776424007376
AAU,0.5609452078891407
ACA,0.33576024035756497
ACC,0.4140545489581001
ACG,0.5469299826732973
ACU,0.19594513238758496
AGA,0.09805219369782152
AGC,1.216812129857408
AGG,0.2870436729883833
AGU,1.5491838643433755
AUA,0.3513120213103108
AUC,0.3774801474726256
AUG,0.3428096766024987
AUU,0.1924314218271522
CAA,0.2999247120791506
CAC,0.37020457549967223
CAG,0.5732325871156557
CAU,0.6096210111913885
CCA,0.3359372292119415
CCC,1.8100169144711715
CCG,0.43054511043475174
CCU,1.450724651222253
CGA,0.48034381036536433
CGC,0.5088743217914227
CGG,2.0878073989309325
CGU,0.28157582245594825
CUA,1.235407881781281
CUC,3.400822315286163
CUG,1.0509704115996632
CUU,3.9652079095152137
GAA,0.27260064297799924
GAC,0.2797316015462993
GAG,0.4342132496615969
GAU,0.5087179823557878
GCA,0.31467960238689363
GCC,0.45080908164525224
GCG,0.7099130339112054
GCU,0.22848052450063214
GGA,0.8348743880429236
GGC,0.1491834585377743
GGG,0.6320363057686964
GGU,0.363087192270207
GUA,0.3249541156102239
GUC,0.4177607039022431
GUG,1.556730958375041
GUU,0.19958907587217017
UAC,0.3707888523023783
UAU,0.6101508548059795
UCA,0.373130587920152
UCC,0.4703254203195509
UCG,0.6495702779362319
UCU,0.2458646657180374
UGC,0.5148595955715707
UGG,0.33588979389622453
UGU,0.7687297013815697
UUA,0.5181843891191035
UUC,0.299575315097615
UUG,0.21296480976231566
UUU,0.5300657275138166
