codon,average_decoding_time
AAA,0.4008429114985233
AAC,0.3269683287797821
AAG,0.20771160570505948
AAU,0.5606266961190508
ACA,0.33718464150356114
ACC,0.3617445147375877
ACG,0.5669745651065919
ACU,0.2104761267393013
AGA,0.09854468260728619
AGC,1.2148412059452998
AGG,1.5807040200821605
AGU,1.5529152714872543
AUA,0.352079677847209
AUC,0.3920602498833313
AUG,0.41504076369032916
AUU,0.20536343906185622
CAA,0.4645249321146168
CAC,0.5331508582460813
CAG,0.6482494538227956
CAU,0.7881107511691995
CCA,0.34301616346804426
CCC,2.185222616593208
CCG,0.44907685449484075
CCU,1.798512943576356
CGA,0.5131696408603443
CGC,0.6337151440267343
CGG,2.1861170781457924
CGU,0.39224363166747295
CUA,1.372937675957085
CUC,1.2109170703937864
CUG,1.399786752864083
CUU,1.2911520352049874
GAA,0.30161795363255167
GAC,0.2802110757225797
GAG,0.4669304825961139
GAU,0.5053946370973317
GCA,0.3197608970526265
GCC,0.3701913143721882
GCG,0.8498117658009979
GCU,0.22584450264422834
GGA,1.0269767978827886
GGC,0.1702193567573771
GGG,0.681386310739383
GGU,0.3865926112870921
GUA,0.40608495324364047
GUC,0.513856197537558
GUG,2.0817219831969767
GUU,0.2850680711129599
UAC,0.5328315213819868
UAU,0.7903788843578212
UCA,0.3782431974905482
UCC,0.5408810520616275
UCG,0.7867985340076837
UCU,0.30954589689182144
UGC,0.7029671064529721
UGG,0.35335809031040744
UGU,0.9819413561082089
UUA,0.577360619944999
UUC,0.3415489335614771
UUG,0.2529138893842988
UUU,0.5784083081821907
