codon,average_decoding_time
AAA,0.4017148582057369
AAC,0.3284335060571818
AAG,0.2076736594791344
AAU,0.5573358310902945
ACA,0.3377950920092071
ACC,0.3592403587399695
ACG,0.5667453516601004
ACU,0.20977691888071634
AGA,0.09872417310247891
AGC,1.2171176334739966
AGG,0.2863223030875541
AGU,1.549538450307971
AUA,0.3520139450922193
AUC,0.39188853590538086
AUG,0.34475290327492075
AUU,0.20534289546485898
CAA,0.467016983754931
CAC,0.5333948658296818
CAG,0.6446371505525738
CAU,0.78865742767283
CCA,0.34393637905582
CCC,2.17759923839738
CCG,0.4505711112992554
CCU,1.8005185709102534
CGA,0.5114477149827076
CGC,0.6352858793074525
CGG,2.1993133436312857
CGU,0.3926914570746946
CUA,1.3675040118138924
CUC,1.203408674605307
CUG,1.3961430163221002
CUU,1.29856766567046
GAA,0.3027245628404378
GAC,0.2801741389382951
GAG,0.4651028004598088
GAU,0.5070588201631301
GCA,0.318718576989275
GCC,0.370020808603723
GCG,0.8529947288457546
GCU,0.22716256406553906
GGA,1.0270120086843795
GGC,0.1718111517217913
GGG,0.6820191116193568
GGU,0.38647461682558865
GUA,0.4053358484040502
GUC,0.5145269710178435
GUG,2.0601594855459893
GUU,0.2850289419953104
UAC,0.5339986110580679
UAU,0.7901399607181377
UCA,0.3765451241093942
UCC,0.5423945244558206
UCG,0.7883320334836182
UCU,0.31205590825175317
UGC,0.7063174477835491
UGG,0.353056971750183
UGU,0.9785757828042196
UUA,0.5820730192543672
UUC,0.3440199239731615
UUG,0.3087358878167104
UUU,0.5797006869575956
