codon,average_decoding_time
AAA,0.3983862828288955
AAC,0.32799024776122004
AAG,0.12729116470256147
AAU,0.5602316196897655
ACA,0.3380122861312119
ACC,0.3620388640704605
ACG,0.5452182021654275
ACU,0.19554545858933042
AGA,0.09859627399196967
AGC,1.2162064454132397
AGG,1.5762377415784123
AGU,1.5529178487371436
AUA,0.35221652261777175
AUC,0.3920439284661063
AUG,0.44329538821286113
AUU,0.19134678464672342
CAA,0.4621331430115433
CAC,0.5331030105537569
CAG,3.4564839530001774
CAU,0.7904825110342814
CCA,0.3427608683967988
CCC,2.187016722176855
CCG,0.5054359306434434
CCU,1.6229155902594243
CGA,0.5115306846538876
CGC,0.6336415679551862
CGG,2.193680610926547
CGU,0.3916055516501394
CUA,1.3745556415730589
CUC,1.2073695522344157
CUG,1.472198888989588
CUU,4.425866886620783
GAA,0.27057711206138857
GAC,0.2779600398350637
GAG,1.934300703286331
GAU,0.5086790681216723
GCA,0.3157216634113274
GCC,0.34980703327359974
GCG,0.7087283513251346
GCU,0.22901432619531303
GGA,0.8304013554223068
GGC,0.14772602265634208
GGG,0.6307126889001111
GGU,0.3618239917271048
GUA,0.3248346217019601
GUC,0.43234410229256764
GUG,0.8576153856819961
GUU,0.20070867465793998
UAC,0.3729722402022536
UAU,0.6095270657745292
UCA,0.37424068195406923
UCC,0.5356325045072575
UCG,0.6456437391795735
UCU,0.2459724757485462
UGC,0.5135297639562747
UGG,0.21352995808920955
UGU,0.7667013768836288
UUA,0.52046393489411
UUC,0.2987662690622355
UUG,0.20444111876835508
UUU,0.529026072029736
