codon,average_decoding_time
AAA,0.39905056641890746
AAC,0.3263835927319625
AAG,0.20791451089867863
AAU,0.5601403049643591
ACA,0.33748703329539187
ACC,0.41618399467650785
ACG,0.5671582075443362
ACU,0.19716758217926522
AGA,0.09762246586171441
AGC,1.2202541156360456
AGG,0.2867548919259758
AGU,1.5536142247605413
AUA,0.35203620378896977
AUC,0.377398077039994
AUG,0.37502556211501736
AUU,0.19156549951476542
CAA,0.3010238806824179
CAC,0.36859990760521133
CAG,0.575929915715926
CAU,0.609368233441538
CCA,0.3377184364371994
CCC,1.8212290838769447
CCG,0.38784264093991355
CCU,1.4521607589337795
CGA,0.47865301353283196
CGC,0.5089747702293789
CGG,2.078838951555761
CGU,0.2829740276301519
CUA,1.2435743504518482
CUC,3.4162400137654494
CUG,1.117078173132696
CUU,3.955627587902166
GAA,0.3033252514907408
GAC,0.2796051353659241
GAG,0.4652922201747678
GAU,0.5069835881314587
GCA,0.31571187320098726
GCC,0.4818187040926886
GCG,0.853887262678429
GCU,0.2559155514833099
GGA,1.0175220036204349
GGC,0.17077114072368849
GGG,0.683659515377824
GGU,0.38686593850165213
GUA,0.4061736515726073
GUC,0.5015917673920343
GUG,0.9956468008214496
GUU,0.271391774195195
UAC,0.3694597429354715
UAU,0.6093540003899311
UCA,0.3737465013518175
UCC,0.4699505241284257
UCG,0.6467790872696003
UCU,0.24549671510306267
UGC,0.5125154587046952
UGG,0.33101894178180397
UGU,0.7651600181326669
UUA,0.5190549981300115
UUC,0.30023982299236857
UUG,0.23108247901008047
UUU,0.5295199314533172
