codon,average_decoding_time
AAA,0.39794063205423313
AAC,0.32574641612816524
AAG,0.20686407745604876
AAU,0.5591831333639797
ACA,0.339156385001026
ACC,0.4161571467585258
ACG,0.5672881433244163
ACU,0.2102572770355217
AGA,0.09826111686184706
AGC,1.2194231243147873
AGG,1.5747398321416612
AGU,1.5562451940011304
AUA,0.3520014859927952
AUC,0.37593585409166785
AUG,0.3439887113164946
AUU,0.20586500798014662
CAA,0.3002012694620383
CAC,0.36953916818802385
CAG,0.5711420106763059
CAU,0.6057074283879303
CCA,0.3399406540478057
CCC,1.820415610591318
CCG,0.38752397025176216
CCU,1.7576411901238091
CGA,0.48047364231111656
CGC,0.5119965342132325
CGG,1.4084140895903223
CGU,0.2825831989581783
CUA,1.2394368241538283
CUC,3.411969142012009
CUG,1.0545745733530134
CUU,1.1559205688345522
GAA,0.3050034966451526
GAC,0.27826262276863817
GAG,0.4658369674628985
GAU,0.5076833894105759
GCA,0.3191227340183096
GCC,0.48183288580965133
GCG,0.8514326675021373
GCU,0.22608679125719125
GGA,1.026302324846219
GGC,0.17100023103616852
GGG,0.6822848594844797
GGU,0.38619771025927513
GUA,0.40604690282407696
GUC,0.500604543016007
GUG,2.0747693519580657
GUU,0.2841118619126869
UAC,0.5333262952141078
UAU,0.7928601153017065
UCA,0.3796096871867382
UCC,0.5061234386126138
UCG,0.7899457554019084
UCU,0.3106865163193071
UGC,0.7016509765184448
UGG,0.35521864134297576
UGU,0.9798765359308541
UUA,0.5813221922497402
UUC,0.34292596872747483
UUG,0.3084538205464637
UUU,0.5761917869285561
