codon,average_decoding_time
AAA,0.398022264455037
AAC,0.3273893083442662
AAG,0.20741789179036335
AAU,0.5598790415359914
ACA,0.3386395579921412
ACC,0.41442772708706166
ACG,0.5475017542836979
ACU,0.2109672177895171
AGA,0.0986941808793978
AGC,1.2241068527034484
AGG,1.5807681334815151
AGU,1.5559319853727502
AUA,0.351669200039474
AUC,0.37762448965846596
AUG,0.372361768517318
AUU,0.2067757272123517
CAA,0.29827208634068997
CAC,0.3697480358479357
CAG,0.5721084426764773
CAU,0.6107354092812003
CCA,0.3377885652454993
CCC,1.805179248862551
CCG,0.43322310560580385
CCU,1.7639292688775816
CGA,0.48003427571622653
CGC,0.5100880169216317
CGG,1.4059999656271207
CGU,0.2835380229816774
CUA,1.2317865497242897
CUC,3.4036364446976473
CUG,1.1649348609032488
CUU,1.1609617917805077
GAA,0.27046981737431297
GAC,0.27852690386308326
GAG,0.4351004826952741
GAU,0.5065235478265014
GCA,0.31463807763019247
GCC,0.4518426798012886
GCG,0.7082671333103728
GCU,0.20773708655416484
GGA,0.8282823956308045
GGC,0.14902717593029782
GGG,0.6312949943001244
GGU,0.36191218709574513
GUA,0.32579117870515706
GUC,0.41680180125791577
GUG,0.7714328054984395
GUU,0.21333010066019212
UAC,0.5389949579494424
UAU,0.7873153840080543
UCA,0.37634488903059826
UCC,0.504227289923414
UCG,0.7926430420070588
UCU,0.30994664792042137
UGC,0.7035453723162268
UGG,0.35519513341934
UGU,0.9845340392914566
UUA,0.5807862662212983
UUC,0.34396810268558026
UUG,0.3263757200821391
UUU,0.5786931660318431
