codon,average_decoding_time
AAA,0.39922811286195103
AAC,0.3291826265477033
AAG,0.20720387484584862
AAU,0.5589148206303848
ACA,0.33845608089690854
ACC,0.41342622640805865
ACG,0.41657501784336903
ACU,0.20925332334326402
AGA,0.09832824939952674
AGC,1.219814420307329
AGG,0.271485730871622
AGU,1.5473921642663346
AUA,0.3516676951140393
AUC,0.37803686806891507
AUG,0.44567173906348423
AUU,0.2060306373232312
CAA,0.29934172339401754
CAC,0.3706654554140514
CAG,0.5736236941110601
CAU,0.6075887882431963
CCA,0.33805698394306305
CCC,1.8168254159955208
CCG,1.4908086221143952
CCU,1.7612133528406406
CGA,0.48148644199909485
CGC,0.5095018677470936
CGG,1.9083703078647192
CGU,0.2816536527348893
CUA,1.236656024767039
CUC,3.410552048224914
CUG,1.161933500907073
CUU,1.162122183034867
GAA,0.30241618776096124
GAC,0.28015484182561523
GAG,0.4658789478511623
GAU,0.508762163730017
GCA,0.3180038611531585
GCC,0.4814564867805537
GCG,0.7428843361633549
GCU,0.2272169384710595
GGA,1.0239857618889765
GGC,0.17169318631596067
GGG,1.3643419733544055
GGU,0.38618120640084186
GUA,0.4058410449930945
GUC,0.49833708811509625
GUG,0.9954281295751339
GUU,0.2851245066348488
UAC,0.5360929712057296
UAU,0.7889516867529504
UCA,0.37524088491037844
UCC,0.5058142843521137
UCG,2.9163348719556925
UCU,0.3104364207966153
UGC,0.7049546119223582
UGG,0.3246287117169093
UGU,0.9814084835520757
UUA,0.5782681469102706
UUC,0.3423146763479569
UUG,0.2644393453095062
UUU,0.5802285157425942
