codon,average_decoding_time
AAA,0.39848205175014345
AAC,0.32757226785675847
AAG,0.12725568171304336
AAU,0.5576642407816707
ACA,0.3384004812159072
ACC,0.414659223983285
ACG,0.4140283061514842
ACU,0.2106535322189156
AGA,0.09816317720950181
AGC,1.224254879439846
AGG,0.2713608051739364
AGU,1.5598186051809602
AUA,0.35441164944609305
AUC,0.3783734767152799
AUG,0.4124041701360233
AUU,0.20470679389574886
CAA,0.3011111657066507
CAC,0.3694552277665612
CAG,2.417831153593209
CAU,0.608642071765242
CCA,0.338169401458442
CCC,1.8077718133190512
CCG,1.4906253221140489
CCU,1.7666363361619872
CGA,0.48240372100371876
CGC,0.5107895354072387
CGG,1.9187458530411516
CGU,0.2813201797969769
CUA,1.2438686190779464
CUC,3.4108437655424786
CUG,1.0509589999252127
CUU,1.1578703159365127
GAA,0.3032170321847567
GAC,0.2798137971033778
GAG,2.154928371374801
GAU,0.5059014249546836
GCA,0.3194440273438316
GCC,0.48285185672842046
GCG,0.7443797343071152
GCU,0.22514663213883304
GGA,1.0214678650665387
GGC,0.1699176485146374
GGG,1.3661757054856434
GGU,0.38585905495926026
GUA,0.40593093815018866
GUC,0.498647283997018
GUG,2.0756772081231385
GUU,0.2848774893823217
UAC,0.535013811239894
UAU,0.7877727363989968
UCA,0.3778305300705287
UCC,0.504320180303853
UCG,2.9174518936744755
UCU,0.30946131536185345
UGC,0.704018596530954
UGG,0.32340975958391
UGU,0.9802195957282986
UUA,0.5766377763840839
UUC,0.34359873396659446
UUG,0.2525442822874877
UUU,0.5778642796136205
