codon,average_decoding_time
AAA,0.40103552277536897
AAC,0.32517777521342817
AAG,0.20692813148991435
AAU,0.5603602356610119
ACA,0.33794028788496544
ACC,0.41548563856745846
ACG,0.5487962292729719
ACU,0.21031036481644863
AGA,0.09848483947672607
AGC,1.2182963780231306
AGG,0.286736666894077
AGU,1.5595747886280922
AUA,0.350553544366921
AUC,0.37749909654147035
AUG,0.37298246492462844
AUU,0.20578140563288175
CAA,0.30087381800451507
CAC,0.37107754635174695
CAG,0.571340413782272
CAU,0.6097224199306325
CCA,0.33934079877928824
CCC,1.8064653988606265
CCG,0.4313943241035225
CCU,1.7605356474709173
CGA,0.48196221367033926
CGC,0.5111793336888177
CGG,2.087255314179262
CGU,0.28315338110414706
CUA,1.2363867577535788
CUC,3.398954476139189
CUG,1.1228453247193355
CUU,1.1545368925429356
GAA,0.27204020921823935
GAC,0.279317480459817
GAG,0.43453150937016266
GAU,0.5072645825525969
GCA,0.3144727943696771
GCC,0.4505862653064396
GCG,0.7090652286240907
GCU,0.207680655568772
GGA,0.8238673175103604
GGC,0.14972869000267117
GGG,0.6342432091217883
GGU,0.3614300121551086
GUA,0.32536008646984227
GUC,0.4187049956832215
GUG,0.770483937369797
GUU,0.21088301361864872
UAC,0.5326715238723778
UAU,0.7893677310582656
UCA,0.379025167792518
UCC,0.506364127087049
UCG,0.7887627765187769
UCU,0.3089246717854013
UGC,0.7043198875879914
UGG,0.3528111197778539
UGU,0.9798867584799814
UUA,0.5803116719431703
UUC,0.3423195488463421
UUG,0.3279187892357534
UUU,0.5782702433982962
