codon,average_decoding_time
AAA,0.40268581933081543
AAC,0.32651183653849036
AAG,0.12679210824618206
AAU,0.5608683955610777
ACA,0.33702208181089627
ACC,0.3618237595065391
ACG,0.4152991482685654
ACU,0.21019136885852172
AGA,0.09833646799842216
AGC,1.2202870875768637
AGG,0.2723555100450554
AGU,1.5517451934092523
AUA,0.351313996606147
AUC,0.39218889408620994
AUG,0.41384427427455156
AUU,0.2047283858351867
CAA,0.4668683786697355
CAC,0.5320789599541341
CAG,3.443557987136279
CAU,0.7888269870092935
CCA,0.3442774790486562
CCC,2.1830419796887166
CCG,1.8380929512511752
CCU,1.7867568305462875
CGA,0.5107794522859633
CGC,0.6321596230653812
CGG,2.018359371357669
CGU,0.39334038542195193
CUA,1.3696474721398098
CUC,1.1995335703697536
CUG,1.3990255489398824
CUU,1.2860766532110883
GAA,0.3045399270503616
GAC,0.2803867545807709
GAG,2.1557456154379753
GAU,0.5052906715471979
GCA,0.31975718152768146
GCC,0.36921157082255496
GCG,0.7425407524618933
GCU,0.2263341097625219
GGA,1.0293785750176565
GGC,0.17132150959697418
GGG,1.3652904189262485
GGU,0.38709519857802427
GUA,0.40688402992150857
GUC,0.5138219176222742
GUG,2.086428050065195
GUU,0.2831602793257363
UAC,0.5350357288257609
UAU,0.7913917115799167
UCA,0.3785062758342488
UCC,0.5403415127089846
UCG,2.9107025289090753
UCU,0.3109895727886355
UGC,0.7059072330101848
UGG,0.322565888586324
UGU,0.978329621906774
UUA,0.5734442376133075
UUC,0.3425561417663597
UUG,0.2537463250759473
UUU,0.5762192509689674
