codon,average_decoding_time
AAA,0.3989581336587876
AAC,0.32801934377819664
AAG,0.20755477218118618
AAU,0.5592414030858426
ACA,0.3359005185957744
ACC,0.36106348010572603
ACG,0.5679450967971894
ACU,0.19627790882137364
AGA,0.09771924269201052
AGC,1.2188294856954611
AGG,1.5698812241150375
AGU,1.5538888348708282
AUA,0.35271953420672997
AUC,0.3917860530382322
AUG,0.4115866961888294
AUU,0.19217934046940768
CAA,0.4645268156058356
CAC,0.5328997174541212
CAG,0.6411083696983
CAU,0.7919319278765916
CCA,0.34322685153446747
CCC,2.194623872574936
CCG,0.449824928767749
CCU,1.6204575447089071
CGA,0.5109227805182424
CGC,0.6315856563140624
CGG,2.208106638571765
CGU,0.3924489139285777
CUA,1.3736983839214274
CUC,1.2013165979391753
CUG,1.402453414794468
CUU,4.434825924517466
GAA,0.30386934964095286
GAC,0.27885799042069165
GAG,0.4661811813272422
GAU,0.5069891687845643
GCA,0.31890789673677244
GCC,0.36954889634913524
GCG,0.8529998271164737
GCU,0.25638173723963303
GGA,1.0240621579084719
GGC,0.17014599012459972
GGG,0.685127318943798
GGU,0.38635620169181334
GUA,0.4048908816164202
GUC,0.5139860733628144
GUG,2.0759185749525297
GUU,0.2734891270630693
UAC,0.37032380732583725
UAU,0.6076381007977575
UCA,0.3745627626473001
UCC,0.5376652997396858
UCG,0.647160205709679
UCU,0.24564055088722828
UGC,0.5130915390450944
UGG,0.21359513810802763
UGU,0.7689998650526761
UUA,0.5204227502844152
UUC,0.3001938297123558
UUG,0.19390823107953775
UUU,0.5293550922792402
