codon,average_decoding_time
AAA,0.3992459392290292
AAC,0.3266214053750436
AAG,0.20695172321517005
AAU,0.5586821726446559
ACA,0.3379692717499443
ACC,0.36053800153881305
ACG,0.41516472864232756
ACU,0.19661672492368826
AGA,0.09779353004284908
AGC,1.214098419062658
AGG,1.4007544318079466
AGU,1.5525168852113027
AUA,0.3530159382185342
AUC,0.3919866770631215
AUG,0.4436515459541431
AUU,0.19235274408486475
CAA,0.4663161889691454
CAC,0.5313877437298007
CAG,0.6456297524816127
CAU,0.7856591381988456
CCA,0.3434563571085167
CCC,2.17770271280573
CCG,1.8411382824463427
CCU,1.6270658022705613
CGA,0.5097852676809947
CGC,0.6326426125425029
CGG,2.033217675916918
CGU,0.39217119139251777
CUA,1.3700822520173717
CUC,1.2075493321086161
CUG,1.461084307162872
CUU,4.458994697676984
GAA,0.30592940673232955
GAC,0.27905529148141306
GAG,0.46576439490071253
GAU,0.5075298575524533
GCA,0.31717581324183186
GCC,0.3697654587515114
GCG,0.7452221509654723
GCU,0.2557990952115852
GGA,1.0237716159433206
GGC,0.17065244396156248
GGG,1.3696217577094143
GGU,0.3851309207881124
GUA,0.4049548633904335
GUC,0.512883679678829
GUG,1.0002272325163872
GUU,0.27282065275728357
UAC,0.37102104200380326
UAU,0.6072727628037775
UCA,0.3721343046638095
UCC,0.5366241674421367
UCG,2.306124680511363
UCU,0.24486279722140156
UGC,0.5145984173314627
UGG,0.1837474824800296
UGU,0.7682237980762355
UUA,0.519201527557138
UUC,0.2996836754367523
UUG,0.20470219455567515
UUU,0.527633602934098
