codon,average_decoding_time
AAA,0.4005260994035099
AAC,0.32723899887392066
AAG,0.20831721634301678
AAU,0.5607987626951778
ACA,0.3374919817225235
ACC,0.3607417821864783
ACG,0.5685206238793474
ACU,0.21101471690792165
AGA,0.09855820263337399
AGC,1.2196969375610232
AGG,0.28641952388040703
AGU,1.557134542809078
AUA,0.3510707942876981
AUC,0.39144166139049574
AUG,0.4130062068670089
AUU,0.20485090875224007
CAA,0.46365834057517213
CAC,0.5328940063515581
CAG,0.6465894657219005
CAU,0.7867301474310917
CCA,0.34443512252835606
CCC,2.1777923234331102
CCG,0.4497209411275345
CCU,1.7891422106575454
CGA,0.5105987879058139
CGC,0.6334953799302886
CGG,2.204935218267455
CGU,0.3956263190361449
CUA,1.3662663157946342
CUC,1.2058655806879985
CUG,1.401114026402655
CUU,1.291143557562447
GAA,0.30464980117203017
GAC,0.2800606992700839
GAG,0.46529516224494194
GAU,0.5063111473282821
GCA,0.3178567868910457
GCC,0.3694256914660905
GCG,0.8540311641704831
GCU,0.22682341331876868
GGA,1.0225520099574164
GGC,0.17209381926063114
GGG,0.681722701779277
GGU,0.38751963213182694
GUA,0.40336423688762896
GUC,0.5146594366633059
GUG,2.084617848956314
GUU,0.2855409750367287
UAC,0.5344981232582159
UAU,0.7888959055498015
UCA,0.37874941706376364
UCC,0.5421460269452479
UCG,0.7896148427576727
UCU,0.309508458223613
UGC,0.7096437063256117
UGG,0.3542441110402236
UGU,0.9794939838284941
UUA,0.5782002334148412
UUC,0.34130011567937385
UUG,0.25378765847070134
UUU,0.5794237977404183
