codon,average_decoding_time
AAA,0.3976493487423195
AAC,0.3252808931369461
AAG,0.12690142663595524
AAU,0.5605708734003918
ACA,0.339702136015823
ACC,0.36185599889064823
ACG,0.4166329731311631
ACU,0.19619729513626874
AGA,0.09795353122683924
AGC,1.2244838794848338
AGG,1.403928426109043
AGU,1.5457465269066504
AUA,0.35126881658891906
AUC,0.39130863880704725
AUG,0.3443920571390754
AUU,0.19194793211793545
CAA,0.4668360802301798
CAC,0.5331143074752946
CAG,3.4737482735643885
CAU,0.7883565084802262
CCA,0.3422349307684534
CCC,2.1869061789502657
CCG,1.844015229283644
CCU,1.6219523507481113
CGA,0.5112320541126216
CGC,0.6304313777124879
CGG,2.033811718309511
CGU,0.3923632654407814
CUA,1.3725064852602686
CUC,1.2010411702439536
CUG,1.406240128459532
CUU,4.452431595736938
GAA,0.3052583003743962
GAC,0.2792086773404973
GAG,2.150738048908251
GAU,0.5069046426967114
GCA,0.31869931446526417
GCC,0.36911357735175776
GCG,0.7429913836769478
GCU,0.2568632299081563
GGA,1.0225170342892216
GGC,0.17140116611296335
GGG,1.36014190812339
GGU,0.38596594757431607
GUA,0.405218166631542
GUC,0.5129681991394861
GUG,2.0885472403080176
GUU,0.27284701886290785
UAC,0.3694120775628204
UAU,0.6079953410352259
UCA,0.37379270984723983
UCC,0.5337626308763125
UCG,2.29980075356075
UCU,0.2454635200079364
UGC,0.5142237202231134
UGG,0.1841324259430572
UGU,0.7679901702854374
UUA,0.5221326216259824
UUC,0.29997164666138754
UUG,0.2248023502469454
UUU,0.5309653669996061
