codon,average_decoding_time
AAA,0.39898831758588954
AAC,0.3274133504928367
AAG,0.12723720503239674
AAU,0.5586632643562791
ACA,0.33705512382098385
ACC,0.3603862813071979
ACG,0.415334571183669
ACU,0.2099251393296579
AGA,0.09847440559586568
AGC,1.2191358527790015
AGG,1.3967602215546353
AGU,1.5489538435529282
AUA,0.35135696175480063
AUC,0.39384053105902844
AUG,0.4399116258012025
AUU,0.20427479306437996
CAA,0.46306472000259796
CAC,0.5352189412862288
CAG,3.460253711270764
CAU,0.7919622121813308
CCA,0.34362808484805335
CCC,2.1833332536202628
CCG,1.8406597488804792
CCU,1.7968803112792207
CGA,0.5107801178077142
CGC,0.6319708222518937
CGG,2.0372430909814856
CGU,0.39040506421783955
CUA,1.3653030741578118
CUC,1.2101299821297726
CUG,1.4584049869104807
CUU,1.2889393635586612
GAA,0.3029290911743053
GAC,0.28046739934712966
GAG,2.1570452906476993
GAU,0.5061493347541508
GCA,0.3190630331053867
GCC,0.36819414187397187
GCG,0.7479265127217235
GCU,0.22662778883286464
GGA,1.0165166953060216
GGC,0.17146424471453203
GGG,1.3692877588938712
GGU,0.38722754177956986
GUA,0.40404662689095866
GUC,0.5133368276326447
GUG,0.9941531930504368
GUU,0.28655820813748606
UAC,0.5332967877989193
UAU,0.7840015977929532
UCA,0.37623824661484695
UCC,0.5422016146825639
UCG,2.9328301997909114
UCU,0.30950825068109816
UGC,0.7052393998768208
UGG,0.32369441588564163
UGU,0.9803890998650867
UUA,0.5812317173791973
UUC,0.3433010359321108
UUG,0.2637602583348989
UUU,0.5779690651853254
