codon,average_decoding_time
AAA,0.39836648629453975
AAC,0.3281713723247307
AAG,0.20760142287475153
AAU,0.5586330079570905
ACA,0.3380585475616493
ACC,0.41423167478966794
ACG,0.4157421002747498
ACU,0.19622503712888353
AGA,0.0977504472696515
AGC,1.2146228971780957
AGG,1.4050836231477055
AGU,1.5598014661260784
AUA,0.351659350732823
AUC,0.3778354423884388
AUG,0.3434389541131623
AUU,0.19243284512931733
CAA,0.29894049694735736
CAC,0.37020064691723314
CAG,0.571744344675462
CAU,0.605166780698058
CCA,0.3360152011695804
CCC,1.812868773121106
CCG,1.4885062812208398
CCU,1.4538041814143627
CGA,0.4808583185320006
CGC,0.5096158600294487
CGG,1.223640743962053
CGU,0.28102998421884945
CUA,1.23414247420878
CUC,3.4144095028000203
CUG,1.0493301402636337
CUU,3.959542388890522
GAA,0.3048379444717973
GAC,0.2795682630836462
GAG,0.4632906499826631
GAU,0.5079141226133683
GCA,0.3192179033618673
GCC,0.4779339987746376
GCG,0.744384147800668
GCU,0.2556665099133928
GGA,1.0258875428904353
GGC,0.1716622519507679
GGG,1.3713049625903677
GGU,0.3857118191054273
GUA,0.4059720948722504
GUC,0.49939084000511713
GUG,2.078492691398987
GUU,0.27225319788238866
UAC,0.3695393279870766
UAU,0.6096470679112282
UCA,0.3726822874115108
UCC,0.469156006176509
UCG,2.3025954436863825
UCU,0.24628563161179126
UGC,0.5106790307504565
UGG,0.18579190176396662
UGU,0.7660769383825409
UUA,0.5208814253868166
UUC,0.30038615289227494
UUG,0.21424035564054728
UUU,0.5304090871462344
