codon,average_decoding_time
AAA,0.39856680615911255
AAC,0.3262040010620238
AAG,0.20799083945636176
AAU,0.5589779227472198
ACA,0.3377285220574336
ACC,0.360949084002794
ACG,0.5705477127608003
ACU,0.21050556578662571
AGA,0.09799505550592263
AGC,1.2217648503944918
AGG,1.5776022686849211
AGU,1.5574706018646967
AUA,0.3514291137262461
AUC,0.39221098660264647
AUG,0.44227832314356214
AUU,0.20667097937654205
CAA,0.4665630307334271
CAC,0.5337070866836257
CAG,0.64414981357913
CAU,0.7894994718908632
CCA,0.3445187914441852
CCC,2.1878096729515466
CCG,0.44867973752358614
CCU,1.799160755190395
CGA,0.5114798366077986
CGC,0.6343417604300181
CGG,2.190663536263718
CGU,0.3929941577442555
CUA,1.3661889596736405
CUC,1.2068858453728677
CUG,1.4685096768094412
CUU,1.2897307754336262
GAA,0.3036032987506634
GAC,0.27963921674500813
GAG,0.4659552013653025
GAU,0.5057068229579034
GCA,0.3197738300687033
GCC,0.3681270468316412
GCG,0.8587517086122874
GCU,0.22698819287887906
GGA,1.023412031488104
GGC,0.17100282234892697
GGG,0.682329996813185
GGU,0.38592289054938783
GUA,0.40467826905811305
GUC,0.5141205146876971
GUG,0.9995438208247572
GUU,0.28432518052283745
UAC,0.5341071612457311
UAU,0.7901905522637215
UCA,0.3786043247511144
UCC,0.5405587764499492
UCG,0.789249583367467
UCU,0.31061867117897474
UGC,0.7079836881258498
UGG,0.3546863936374626
UGU,0.9808570108806173
UUA,0.5783901172618817
UUC,0.3425340957648501
UUG,0.2635785997743914
UUU,0.5766424995426311
