codon,average_decoding_time
AAA,0.39716793046018944
AAC,0.3277474172426318
AAG,0.12792748636536827
AAU,0.5581185953731299
ACA,0.3378309957345289
ACC,0.41548535425249344
ACG,0.41883951204038944
ACU,0.21077013139436404
AGA,0.09787193100167865
AGC,1.2189558993218377
AGG,1.4097032652439532
AGU,1.5462317040064226
AUA,0.3516786799309684
AUC,0.3772635407403926
AUG,0.3429417220371897
AUU,0.2058805588152842
CAA,0.2997520280145591
CAC,0.37156854829534697
CAG,2.4229149198877624
CAU,0.6076112040285497
CCA,0.33845621945284593
CCC,1.8171112248310293
CCG,1.4857512225848504
CCU,1.7698238066946528
CGA,0.48204355279989075
CGC,0.5087845567273159
CGG,1.2309904323759948
CGU,0.28278776397543953
CUA,1.2314382291772628
CUC,3.413288387508901
CUG,1.0940909383371573
CUU,1.1594669037175687
GAA,0.30552122116449704
GAC,0.2798132779919648
GAG,2.1549251753788745
GAU,0.5091651652581675
GCA,0.32030535398872517
GCC,0.48183999132267263
GCG,0.7408484560952873
GCU,0.2253449969418524
GGA,1.0237894116247566
GGC,0.17052920143088304
GGG,1.368160449622964
GGU,0.3851267980865618
GUA,0.4047644168466006
GUC,0.49672153554829696
GUG,2.0815523259374524
GUU,0.28526061016514104
UAC,0.5313356633737276
UAU,0.7901588995120303
UCA,0.3766550245985513
UCC,0.50404900580163
UCG,2.9255934035629116
UCU,0.3115450948760638
UGC,0.7059985521011164
UGG,0.32348613615521493
UGU,0.9839336028564656
UUA,0.5794084446484683
UUC,0.34413176138883567
UUG,0.30741878655284016
UUU,0.5771979307586099
