codon,average_decoding_time
AAA,0.39805257310743525
AAC,0.3247062422565979
AAG,0.12765400393173534
AAU,0.5571468632411308
ACA,0.33811367920396757
ACC,0.41448827478451034
ACG,0.5480160391471208
ACU,0.2098459396040502
AGA,0.09755314065314005
AGC,1.2233074334387146
AGG,0.2869482888454572
AGU,1.5536523671939602
AUA,0.35277240586715664
AUC,0.37892218033821967
AUG,0.3448258241402566
AUU,0.2052793142023664
CAA,0.2985962729544796
CAC,0.3713889945931773
CAG,2.419519558332253
CAU,0.6056331765531036
CCA,0.33816361642305276
CCC,1.7938025274878435
CCG,0.4342421074749848
CCU,1.7639054158192986
CGA,0.4816451302833234
CGC,0.5097748433200718
CGG,2.0873871147825613
CGU,0.28233614918278477
CUA,1.2354247947396575
CUC,3.404001135780287
CUG,1.0994989896085143
CUU,1.1606781540887372
GAA,0.2725466124632451
GAC,0.2784191060273766
GAG,1.9218465486972258
GAU,0.5082559450356919
GCA,0.31444176053250306
GCC,0.45143432507103337
GCG,0.7105221088830426
GCU,0.20733883492192007
GGA,0.8261374330589868
GGC,0.14894201785627556
GGG,0.6297249881739275
GGU,0.36211522510839816
GUA,0.32427773478613015
GUC,0.41874458791664415
GUG,1.551772584783278
GUU,0.2127906497214545
UAC,0.5285692401995177
UAU,0.7898549945914847
UCA,0.376727104321365
UCC,0.5044246052747072
UCG,0.7868108927621312
UCU,0.3122295195564166
UGC,0.7031118442782162
UGG,0.3532764720334327
UGU,0.9815413376590678
UUA,0.5798141445569515
UUC,0.3432646352892125
UUG,0.30754656673555325
UUU,0.5803419053274387
