codon,average_decoding_time
AAA,0.39971542023501805
AAC,0.3273847978374111
AAG,0.20627775080678656
AAU,0.5585124757665834
ACA,0.3375787715251091
ACC,0.36173212768025514
ACG,0.41644129644588174
ACU,0.20994399094694594
AGA,0.09799090905978608
AGC,1.2192511980042786
AGG,0.27162872464739873
AGU,1.5582920381713796
AUA,0.3516505704140562
AUC,0.391542994892507
AUG,0.37372469779263595
AUU,0.2055790778489537
CAA,0.4672561095327478
CAC,0.5326929730149221
CAG,0.6482308286032349
CAU,0.7867081220400048
CCA,0.344944539962671
CCC,2.185366095643142
CCG,1.8491245328065247
CCU,1.7957517748880072
CGA,0.5097096163175538
CGC,0.6334619682649056
CGG,2.0300145252419917
CGU,0.3921325778935744
CUA,1.3701587332828773
CUC,1.2072819955909124
CUG,1.4640743112186578
CUU,1.291902703208433
GAA,0.3047798448300769
GAC,0.2802189701980377
GAG,0.4629918587097633
GAU,0.5088482979523705
GCA,0.31935113844725366
GCC,0.3677993233238253
GCG,0.7409121191649525
GCU,0.22609102970403713
GGA,1.0234819776009674
GGC,0.17135106078478882
GGG,1.3622204995747733
GGU,0.3868870849201699
GUA,0.40407809407114015
GUC,0.5118269882804373
GUG,0.9948085698962494
GUU,0.2848193825017779
UAC,0.5304859092140211
UAU,0.7885578466388895
UCA,0.37637536413796185
UCC,0.5433803984441392
UCG,2.9115105278683258
UCU,0.3098253805762049
UGC,0.7035138926519158
UGG,0.3227646179895768
UGU,0.9825436252034538
UUA,0.5777391116130389
UUC,0.3448544224080316
UUG,0.3242434917529688
UUU,0.5783152524899317
