codon,average_decoding_time
AAA,0.3977212668779314
AAC,0.32589761283172214
AAG,0.20646819868627445
AAU,0.5624005175485026
ACA,0.33840222844769324
ACC,0.41749693104697494
ACG,0.41571627988065424
ACU,0.19575477759647045
AGA,0.09844474314430629
AGC,1.2183402960240508
AGG,1.401589279121269
AGU,1.557366169173528
AUA,0.35220731729712185
AUC,0.3772107719077242
AUG,0.3736277463354279
AUU,0.19371312905725685
CAA,0.3008586840307229
CAC,0.371946733458408
CAG,0.5706504297680544
CAU,0.6058200675301838
CCA,0.34010421769177845
CCC,1.8114784395169237
CCG,1.4868607739466588
CCU,1.455565409102134
CGA,0.48273895821323554
CGC,0.5107453506001817
CGG,1.232009240223737
CGU,0.28081118511940645
CUA,1.2389290054227893
CUC,3.414734124164739
CUG,1.1238976567416243
CUU,3.9848252782362543
GAA,0.3049903515231215
GAC,0.27945473464702225
GAG,0.46629279903932025
GAU,0.5069432922703347
GCA,0.31863321272323236
GCC,0.4813563234790955
GCG,0.7461182769936884
GCU,0.25682584900943684
GGA,1.023754421365168
GGC,0.17130214510672326
GGG,1.3665595668611603
GGU,0.38847429417729157
GUA,0.4051934922408437
GUC,0.49894300502947597
GUG,0.9945945415832885
GUU,0.2732222007103473
UAC,0.36941047382573255
UAU,0.606378810390618
UCA,0.37144896307710734
UCC,0.4686015977305572
UCG,2.3058949409540257
UCU,0.24536516912133335
UGC,0.5150844987519693
UGG,0.18390486800419964
UGU,0.7698233225571148
UUA,0.5194917654231588
UUC,0.2994226454487171
UUG,0.23134512655228787
UUU,0.5291114990600801
