codon,average_decoding_time
AAA,0.39932516259559203
AAC,0.3260095576007424
AAG,0.12754915445900727
AAU,0.5582618063252166
ACA,0.33766361469413003
ACC,0.3620358991786497
ACG,0.5667463564227362
ACU,0.19763893673525124
AGA,0.0986924937781657
AGC,1.2273528143223529
AGG,1.5794392824554717
AGU,1.5522634219801605
AUA,0.3522585411161048
AUC,0.3916217991443562
AUG,0.4440930820897511
AUU,0.19264971153189303
CAA,0.46819388510543175
CAC,0.5334223157531449
CAG,3.492555999055968
CAU,0.7921473017820295
CCA,0.3450644692357936
CCC,2.190825819875169
CCG,0.4490179225140757
CCU,1.6251110837769138
CGA,0.5098946281517264
CGC,0.6330239750293071
CGG,2.203991502097027
CGU,0.39316854024556097
CUA,1.370875563305643
CUC,1.2037936759510635
CUG,1.466803549476924
CUU,4.418808033902921
GAA,0.30448209813126026
GAC,0.27887439666150626
GAG,2.1553514598584247
GAU,0.5049174436256444
GCA,0.31868870664828786
GCC,0.3704345188741109
GCG,0.8560465408961095
GCU,0.2571707907739612
GGA,1.020850645816563
GGC,0.17095428919756955
GGG,0.6870076497964707
GGU,0.38708433439206913
GUA,0.4054768401156564
GUC,0.5124181722348592
GUG,1.0001281183324304
GUU,0.2712274141829641
UAC,0.3667536356564378
UAU,0.6102072434729652
UCA,0.37318811178612576
UCC,0.536501523085839
UCG,0.6486468322824147
UCU,0.24470920416686212
UGC,0.5099970496349804
UGG,0.21460762257809998
UGU,0.7680823785976123
UUA,0.5197490125501145
UUC,0.3004501310887307
UUG,0.20439216285409106
UUU,0.5307205940446232
