codon,average_decoding_time
AAA,0.3980148455415278
AAC,0.32683044258891414
AAG,0.12623548215870498
AAU,0.5597799555497063
ACA,0.33854749514292043
ACC,0.36074211884244634
ACG,0.5467137329382444
ACU,0.21096685945956625
AGA,0.09763522787802117
AGC,1.2165694682142671
AGG,1.5746104122321847
AGU,1.5550660007729546
AUA,0.3532041789116154
AUC,0.39067045105948206
AUG,0.34282902095826245
AUU,0.2050272302825765
CAA,0.4629972418691944
CAC,0.5347332294211602
CAG,3.4689057057290817
CAU,0.7889336618331657
CCA,0.3427661082298506
CCC,2.1916675733531763
CCG,0.5056118181324885
CCU,1.7887903724274778
CGA,0.5085214580616495
CGC,0.6330799329645728
CGG,2.1854421883303345
CGU,0.3914848194137117
CUA,1.3757957840023771
CUC,1.210801701562804
CUG,1.402362873055722
CUU,1.2901647446899525
GAA,0.27248833682142537
GAC,0.2797237104803752
GAG,1.9358326049076384
GAU,0.5052892488770823
GCA,0.31385194620920115
GCC,0.35012530680121373
GCG,0.7091555780546329
GCU,0.2084624953657677
GGA,0.8321485068049466
GGC,0.14840718549516288
GGG,0.6310791586259102
GGU,0.36030205241771374
GUA,0.32529978510031804
GUC,0.43117669859345487
GUG,1.5573759070783153
GUU,0.2130279693202399
UAC,0.5311599008543862
UAU,0.7894701644279821
UCA,0.37710179760857526
UCC,0.5417514432994056
UCG,0.7861128872753221
UCU,0.3106742117310475
UGC,0.700026705838786
UGG,0.3531857950076963
UGU,0.9869522990782281
UUA,0.5770951896008681
UUC,0.3431470031854068
UUG,0.30784719074452177
UUU,0.5772502987581251
