codon,average_decoding_time
AAA,0.4016580532836543
AAC,0.3254687635575483
AAG,0.20747238464208875
AAU,0.5570574151730913
ACA,0.33930330233426576
ACC,0.4136648726728884
ACG,0.5475510937053168
ACU,0.19681591168295828
AGA,0.0978296796389296
AGC,1.2251627220560586
AGG,1.5728535179696967
AGU,1.5624754814712563
AUA,0.35176315627341326
AUC,0.3779614585459804
AUG,0.4123439960560019
AUU,0.190948960320061
CAA,0.30001549681716566
CAC,0.37193512236756754
CAG,0.5726124512721912
CAU,0.6091277515805611
CCA,0.33900022957896037
CCC,1.806744811625474
CCG,0.43275805612707186
CCU,1.4524294570256377
CGA,0.48007673225812614
CGC,0.5109210878393531
CGG,1.3952190187595406
CGU,0.2821555060653901
CUA,1.2329305225548632
CUC,3.411319034317761
CUG,1.0570681137813756
CUU,3.971004140700511
GAA,0.2720523319435377
GAC,0.2802068079128201
GAG,0.43293707633090833
GAU,0.5073678234496883
GCA,0.3133304615716366
GCC,0.4499190750808293
GCG,0.7125886929936592
GCU,0.22855342742510748
GGA,0.8233053778994552
GGC,0.14793031265696333
GGG,0.6360347716366731
GGU,0.36151664279251255
GUA,0.32391513551359147
GUC,0.41792770293295667
GUG,1.7701003092547218
GUU,0.19941886862983593
UAC,0.3686598966171343
UAU,0.6069060173845785
UCA,0.3729293085920117
UCC,0.46843962943300926
UCG,0.6469383128108825
UCU,0.24580495331534438
UGC,0.5154713505886848
UGG,0.21489500953060697
UGU,0.7694596333571266
UUA,0.5209660736274028
UUC,0.3001042948741462
UUG,0.19316034153039538
UUU,0.530002425611829
