codon,average_decoding_time
AAA,0.3990178247405619
AAC,0.3265296635790812
AAG,0.1271543643557779
AAU,0.558637196603798
ACA,0.3384488811420802
ACC,0.36041686980830295
ACG,0.546962679650658
ACU,0.2093468982504508
AGA,0.09808946219807005
AGC,1.2262047045612539
AGG,1.5746113678276696
AGU,1.5590674206719748
AUA,0.3537048415827231
AUC,0.390760891780245
AUG,0.4136462921455283
AUU,0.20416140276027903
CAA,0.4639842498044657
CAC,0.5332561415207082
CAG,3.4549031694705614
CAU,0.7889506564342327
CCA,0.34470608785415896
CCC,2.193158074199775
CCG,0.5055493815213385
CCU,1.794769493897363
CGA,0.5093815132813143
CGC,0.632470991932599
CGG,2.206899447633914
CGU,0.39139421508072747
CUA,1.3700128086654157
CUC,1.205747961835726
CUG,1.4029482420685968
CUU,1.29079347823606
GAA,0.27165185555535654
GAC,0.27995407263926586
GAG,1.9319846937222287
GAU,0.5072152440591713
GCA,0.3149044117598809
GCC,0.35008898415315076
GCG,0.7123613663676583
GCU,0.20558574121306955
GGA,0.83190338636837
GGC,0.14878789687230456
GGG,0.6312301343794521
GGU,0.36281333069961397
GUA,0.3252614182762157
GUC,0.43129440641139877
GUG,1.77269986632101
GUU,0.21234892780048525
UAC,0.5314496711206618
UAU,0.7870741554269212
UCA,0.37841861903845064
UCC,0.5400462206852628
UCG,0.788006228237899
UCU,0.3114270345769872
UGC,0.7064813755428487
UGG,0.35321631780315876
UGU,0.982697818124024
UUA,0.5792045942123241
UUC,0.34277143588243075
UUG,0.2538176486866649
UUU,0.577982869472942
