codon,average_decoding_time
AAA,0.4002077719682931
AAC,0.32727117897114294
AAG,0.2073542840339877
AAU,0.5587765223625667
ACA,0.33837671580758616
ACC,0.3610650891475891
ACG,0.5685763088905198
ACU,0.1966002937268226
AGA,0.09820551504236602
AGC,1.2219610086558763
AGG,1.5690561709127104
AGU,1.557187432418764
AUA,0.35106281306277115
AUC,0.39043569241856285
AUG,0.41313642191842587
AUU,0.1932783122733634
CAA,0.46381916331230166
CAC,0.5343945788806316
CAG,0.6488084899895695
CAU,0.7922976378016193
CCA,0.3440219365504861
CCC,2.205117442353682
CCG,0.44984402677553115
CCU,1.6214494388794218
CGA,0.5080380499443493
CGC,0.6322248125609282
CGG,2.188559985080521
CGU,0.39229906864917086
CUA,1.3811254628313792
CUC,1.2083949720968084
CUG,1.411353410038218
CUU,4.43838579692034
GAA,0.3050439704119751
GAC,0.28084319770333327
GAG,0.4656868500443553
GAU,0.5090082959485913
GCA,0.3185675060832591
GCC,0.3701800155425388
GCG,0.8513965677350521
GCU,0.25565890903005
GGA,1.0240641973354527
GGC,0.1711205489349548
GGG,0.6809992890143574
GGU,0.3874532060545463
GUA,0.40448993112304343
GUC,0.5147888015304886
GUG,2.067971469528087
GUU,0.27194333323400915
UAC,0.3721814423147712
UAU,0.6079435303396821
UCA,0.37534196142825954
UCC,0.5354402179823821
UCG,0.6458796925262438
UCU,0.24568551682405199
UGC,0.5118280845710999
UGG,0.21304509397816956
UGU,0.7675619417857774
UUA,0.520139594241965
UUC,0.29872134504344006
UUG,0.2014175403027819
UUU,0.530101037821172
