codon,average_decoding_time
AAA,0.40143954716585917
AAC,0.32753468093173016
AAG,0.12723015816706243
AAU,0.560675249790078
ACA,0.3381970045716349
ACC,0.3623691711671409
ACG,0.5493738869112132
ACU,0.20997654991284115
AGA,0.09862481346162838
AGC,1.2291582704278678
AGG,0.28671207747116334
AGU,1.5476170975688737
AUA,0.35075258283569805
AUC,0.39098892589062373
AUG,0.3446324989221355
AUU,0.20488538021230754
CAA,0.46692268827570677
CAC,0.5324538448221774
CAG,3.4523194140673668
CAU,0.7898036347518641
CCA,0.34500024949265035
CCC,2.194115077508264
CCG,0.5056678665571213
CCU,1.789634818024236
CGA,0.5080964523710134
CGC,0.6328718818818176
CGG,2.191973273866636
CGU,0.39024406672052503
CUA,1.3687610769684082
CUC,1.2050616572726782
CUG,1.3980585962639047
CUU,1.2920903757469144
GAA,0.27179416843884463
GAC,0.28009237924843533
GAG,1.9373740908787636
GAU,0.5062432899588931
GCA,0.3145116855104204
GCC,0.3498460046613491
GCG,0.7101149780384166
GCU,0.20784255431585774
GGA,0.8299889992384953
GGC,0.14848795671658263
GGG,0.6333569829659549
GGU,0.3607256793387746
GUA,0.32370052483847217
GUC,0.4319735003149136
GUG,1.5574801865234846
GUU,0.210500627200887
UAC,0.5349951491430852
UAU,0.7902902209972162
UCA,0.3773645341489753
UCC,0.5426013886224941
UCG,0.7906463789153383
UCU,0.3114230582717878
UGC,0.7054158049788783
UGG,0.3542390690831319
UGU,0.9780375306343232
UUA,0.5796877439710731
UUC,0.3439596284581803
UUG,0.3071066392327913
UUU,0.5756262083201195
