codon,average_decoding_time
AAA,0.3999537600454268
AAC,0.3257842545125473
AAG,0.20709079539286263
AAU,0.560646857277353
ACA,0.33768206690498265
ACC,0.3613254791277733
ACG,0.5694014181248825
ACU,0.21057760871885403
AGA,0.09766438133027426
AGC,1.2214740133709872
AGG,1.581953765477757
AGU,1.549022356313486
AUA,0.3519217219458581
AUC,0.3910680963650813
AUG,0.37312932809554017
AUU,0.20447335467165528
CAA,0.463853110341737
CAC,0.5342472877135671
CAG,0.645489166821231
CAU,0.7914713380217765
CCA,0.34342528461810334
CCC,2.1993287508491393
CCG,0.45210709394290177
CCU,1.7932773384561864
CGA,0.510663014967508
CGC,0.6297113442734527
CGG,2.1883378405212337
CGU,0.39187469356222987
CUA,1.3747895423334306
CUC,1.2063804893944825
CUG,1.4653974274966715
CUU,1.2955128731997116
GAA,0.3033709379825944
GAC,0.28088787541166216
GAG,0.4645773973382035
GAU,0.5071346978379331
GCA,0.3195106007977009
GCC,0.36848367750389954
GCG,0.8553766109361834
GCU,0.22643719033736973
GGA,1.0266790199354536
GGC,0.17140537127828112
GGG,0.685747426642431
GGU,0.38616330136136484
GUA,0.40473116864609315
GUC,0.5126158596310261
GUG,0.9967579002663248
GUU,0.2853964166695057
UAC,0.5332538826159435
UAU,0.790651170147366
UCA,0.37804733482278136
UCC,0.5391472519650623
UCG,0.7878616036753153
UCU,0.3127901229776856
UGC,0.7058625960628537
UGG,0.3532340031887672
UGU,0.9801020850770209
UUA,0.5801559445337373
UUC,0.34521954253001647
UUG,0.3270995391498499
UUU,0.5748957653022874
