codon,average_decoding_time
AAA,0.4009978319870995
AAC,0.3274428636135718
AAG,0.20531509732033423
AAU,0.5601601974045789
ACA,0.33824046851151396
ACC,0.41438296304079486
ACG,0.5493060858835664
ACU,0.20924746638513964
AGA,0.09808895162721976
AGC,1.2143562856229164
AGG,1.5810307108575397
AGU,1.553834533789514
AUA,0.3514623485428431
AUC,0.37806147950116326
AUG,0.3410834081515285
AUU,0.20493392440257138
CAA,0.2979901946414183
CAC,0.3701460238693362
CAG,0.5702366846576735
CAU,0.6092251889705738
CCA,0.3397596380872936
CCC,1.8056145955796823
CCG,0.43244835582094726
CCU,1.7632723063600693
CGA,0.48289957979134734
CGC,0.5085347428029129
CGG,1.4036650265690576
CGU,0.28139560093800214
CUA,1.2308966467471867
CUC,3.4119106886625072
CUG,1.0956347286048926
CUU,1.1604866755078795
GAA,0.2718373941768963
GAC,0.27933746089999195
GAG,0.4322408047982853
GAU,0.5049969198546308
GCA,0.31476885287319045
GCC,0.4536035386467846
GCG,0.7127340593838615
GCU,0.2083947291570243
GGA,0.8268894999946781
GGC,0.14913430943562692
GGG,0.6368884740435488
GGU,0.36131117312753225
GUA,0.323719793347505
GUC,0.4184870874141862
GUG,1.5616795913742316
GUU,0.2127314654414409
UAC,0.5322357051088289
UAU,0.7932795540476116
UCA,0.3766394569153856
UCC,0.5061999142999066
UCG,0.7876915413973998
UCU,0.3093625301264636
UGC,0.7032367079535454
UGG,0.35616873562688467
UGU,0.9824376558136215
UUA,0.5783324728073218
UUC,0.343407913718149
UUG,0.3089947332453457
UUU,0.5761734358684854
