codon,average_decoding_time
AAA,0.39990448362292746
AAC,0.32744196612573473
AAG,0.12690924556096522
AAU,0.5606442677423338
ACA,0.33825208196413603
ACC,0.3613777039717962
ACG,0.41617857880476883
ACU,0.1969697840508839
AGA,0.0981724265543417
AGC,1.219058120336119
AGG,0.2710551363404433
AGU,1.5530496861224263
AUA,0.3502119224676427
AUC,0.3894624025755351
AUG,0.3433197542933005
AUU,0.1924122729597908
CAA,0.46539119045718197
CAC,0.5347882685818737
CAG,3.460988247016563
CAU,0.7900945631352985
CCA,0.3432275854040017
CCC,2.192792704333415
CCG,1.8430270615242383
CCU,1.6278044127756555
CGA,0.5118088611647943
CGC,0.6339122016230935
CGG,2.035546538156793
CGU,0.3924291348983558
CUA,1.3695729140863808
CUC,1.2018860429291387
CUG,1.3956834317334161
CUU,4.4267872745110015
GAA,0.30354340965234444
GAC,0.2781169676119999
GAG,2.1701017427231117
GAU,0.5072261658748628
GCA,0.3184704273686226
GCC,0.3706662502343146
GCG,0.7415691101128588
GCU,0.2574907982080103
GGA,1.0265421418685314
GGC,0.1720504974797896
GGG,1.362348738015902
GGU,0.3874851250715787
GUA,0.4057065178827099
GUC,0.5108791729286709
GUG,2.0711466816813098
GUU,0.27351386391710203
UAC,0.3696465319846031
UAU,0.6070724635801461
UCA,0.3727899760676448
UCC,0.5345767548535723
UCG,2.313589138940004
UCU,0.24613878839142878
UGC,0.5112737305901283
UGG,0.30471609431628055
UGU,0.7707034333541991
UUA,0.5179543056477256
UUC,0.30045188341102685
UUG,0.22548323124748848
UUU,0.5297634007717859
