codon,average_decoding_time
AAA,0.3984728546675245
AAC,0.3268032920350582
AAG,0.20773441035755927
AAU,0.561499556078596
ACA,0.337944541774074
ACC,0.36233909786527846
ACG,0.4175406568841954
ACU,0.2104855678428919
AGA,0.09783822619158979
AGC,1.219708249103689
AGG,1.3990724713778258
AGU,1.5606564407245735
AUA,0.34999180357600945
AUC,0.3912916681602411
AUG,0.44262017172306206
AUU,0.20427761844248868
CAA,0.46415875541600377
CAC,0.5343134440270565
CAG,0.6483487983016074
CAU,0.7907072698606155
CCA,0.343922922453592
CCC,2.18529998634022
CCG,1.8346457163572445
CCU,1.7866556350915708
CGA,0.509860891886198
CGC,0.6329516216723307
CGG,2.035394738324358
CGU,0.39237569964987146
CUA,1.3644870829003295
CUC,1.2039897861174642
CUG,1.4680296423631083
CUU,1.2901210650290897
GAA,0.3050582680016447
GAC,0.279675205747337
GAG,0.4657388914529882
GAU,0.5081946632733706
GCA,0.3195490218043904
GCC,0.3684590466471015
GCG,0.7440004646083496
GCU,0.2253503724396592
GGA,1.0216749002629704
GGC,0.17200808477395468
GGG,1.3655742501620751
GGU,0.3864396141902029
GUA,0.4048432126766708
GUC,0.5145069987933563
GUG,0.9921848194502396
GUU,0.28408090663666224
UAC,0.5332689014943316
UAU,0.7872981405679068
UCA,0.3756330728870531
UCC,0.5389717682637878
UCG,2.910714606534256
UCU,0.3102858635541914
UGC,0.699711418161984
UGG,0.32464800538902744
UGU,0.9808993090380712
UUA,0.5815331820631862
UUC,0.3421525490878635
UUG,0.264732786543568
UUU,0.5779032467166344
