codon,average_decoding_time
AAA,0.3998868041052035
AAC,0.32613634425567684
AAG,0.12658952155571734
AAU,0.5605149838103166
ACA,0.33880660871309626
ACC,0.41556952890009496
ACG,0.41595041851425596
ACU,0.21031329963674544
AGA,0.09806822945043903
AGC,1.2201737897704579
AGG,1.4072077152596159
AGU,1.5442624673885665
AUA,0.35203199698975907
AUC,0.3780238551451756
AUG,0.4127167914031277
AUU,0.20571673573440954
CAA,0.2986132325666067
CAC,0.36885091791920344
CAG,2.4133543900282852
CAU,0.6051249595395096
CCA,0.3372329656512266
CCC,1.8145481084692423
CCG,1.4923289319236381
CCU,1.7700478842335032
CGA,0.47998715278577897
CGC,0.5102058851312001
CGG,1.237759248868457
CGU,0.28322872974225966
CUA,1.2327886046756151
CUC,3.401111328959792
CUG,1.0517827937353805
CUU,1.1576427224589234
GAA,0.30467799794448003
GAC,0.2795108556793375
GAG,2.165533181868587
GAU,0.5072156749931696
GCA,0.31774071245000673
GCC,0.4794980793398781
GCG,0.7423959477525517
GCU,0.22633707251999982
GGA,1.0253292385456234
GGC,0.17084195012734613
GGG,1.3653814783189695
GGU,0.38638316698083386
GUA,0.40514309556907996
GUC,0.49879206141079696
GUG,2.0829776281467525
GUU,0.286103951872941
UAC,0.5347021295022676
UAU,0.7901786311805417
UCA,0.3787039777005866
UCC,0.5049456404501077
UCG,2.925636885343233
UCU,0.30942661632825325
UGC,0.7093843013247109
UGG,0.3245853502779523
UGU,0.9793567850110829
UUA,0.5796656841386938
UUC,0.3432894302434716
UUG,0.2523754482960581
UUU,0.5770645554983167
