codon,average_decoding_time
AAA,0.39985133277037
AAC,0.3269750322583209
AAG,0.2086878229622911
AAU,0.5570968574336691
ACA,0.3378151593428573
ACC,0.4131383718003124
ACG,0.5683285102239922
ACU,0.1962287838611603
AGA,0.09751889939003332
AGC,1.2249378005085314
AGG,0.28700220065256504
AGU,1.5492608727425436
AUA,0.35134232000724563
AUC,0.37788690605541186
AUG,0.34571664291501036
AUU,0.19299622319908413
CAA,0.2971850612432116
CAC,0.3724014090734454
CAG,0.5706009394531303
CAU,0.6061386064254162
CCA,0.33812321152536867
CCC,1.7993917113012812
CCG,0.38814589207523503
CCU,1.4516427748744472
CGA,0.47894058269048445
CGC,0.5097960242622821
CGG,2.0826185386889438
CGU,0.28110168162458504
CUA,1.2402730863646203
CUC,3.4105403681095865
CUG,1.098296784533408
CUU,3.9650058815585076
GAA,0.3040356302953715
GAC,0.277635788000522
GAG,0.4655845335571114
GAU,0.5110820979105254
GCA,0.3180232354930003
GCC,0.481291509052679
GCG,0.8510275391777995
GCU,0.2570462679251312
GGA,1.0284739402043066
GGC,0.17207249019124116
GGG,0.6842805713617133
GGU,0.3882658801316785
GUA,0.40493209033030353
GUC,0.49763749752722614
GUG,2.0746667572079236
GUU,0.2732798772229034
UAC,0.37231695149476973
UAU,0.6063857618060929
UCA,0.37307363266437477
UCC,0.468126531764511
UCG,0.6435443855341605
UCU,0.2466572920498347
UGC,0.5119281747813358
UGG,0.3341502476026026
UGU,0.76698758437008
UUA,0.5190840039936921
UUC,0.29966179944234916
UUG,0.2249047932529955
UUU,0.5303374036972143
