codon,average_decoding_time
AAA,0.398815614607893
AAC,0.3259923285589482
AAG,0.2066573672283631
AAU,0.5583685462320892
ACA,0.3383877060194143
ACC,0.41501520609412973
ACG,0.547130658627732
ACU,0.2098835885732841
AGA,0.09837013668753145
AGC,1.218016904107872
AGG,1.5684899917078245
AGU,1.5586426879834463
AUA,0.3528514500503439
AUC,0.37763558854321794
AUG,0.37379940942231404
AUU,0.20395916415704243
CAA,0.29952453664354883
CAC,0.36928513885411407
CAG,0.573580040543342
CAU,0.6081308052368517
CCA,0.3380098385066478
CCC,1.806487413188267
CCG,0.4322873213115002
CCU,1.7690525493189648
CGA,0.48095539566404905
CGC,0.5090771734045816
CGG,1.3992499454958742
CGU,0.28164155051343115
CUA,1.2311688604285171
CUC,3.4006010598656373
CUG,1.1225889558189261
CUU,1.1602412562466633
GAA,0.27324557645573694
GAC,0.2782129758209404
GAG,0.4354285562781087
GAU,0.5076670157025446
GCA,0.3148150606841737
GCC,0.45075229979224707
GCG,0.7081292735152465
GCU,0.2083600847206087
GGA,0.8267478082950973
GGC,0.1487820180805181
GGG,0.634133965397768
GGU,0.36125718399858886
GUA,0.32443322699315985
GUC,0.418911548866252
GUG,0.7717881789824813
GUU,0.21300709270075194
UAC,0.5348878110887196
UAU,0.7890532278218878
UCA,0.37681476890542587
UCC,0.5059907669212549
UCG,0.7838121473490872
UCU,0.3114420782793021
UGC,0.7073363242269161
UGG,0.3530131075320339
UGU,0.9800034425049468
UUA,0.5807825101997867
UUC,0.34430903477843344
UUG,0.3277143373430043
UUU,0.5793495396863383
