codon,average_decoding_time
AAA,0.40209173795846015
AAC,0.32687840183930433
AAG,0.20720737799778985
AAU,0.5605777222353984
ACA,0.3367912198726012
ACC,0.360816918637817
ACG,0.5684042384551392
ACU,0.19738979415425886
AGA,0.09788775444468709
AGC,1.221532871465448
AGG,0.2873112122907072
AGU,1.554324980058699
AUA,0.35054047867768257
AUC,0.3903016456525689
AUG,0.41399013689546715
AUU,0.1931125018667697
CAA,0.46467333324276255
CAC,0.5319158206673923
CAG,0.6422919725919144
CAU,0.7878643012593439
CCA,0.34466256677916196
CCC,2.189250916976639
CCG,0.45104521954836885
CCU,1.618245656994376
CGA,0.5095764729983937
CGC,0.6317392993254621
CGG,2.2090229617836634
CGU,0.3910429647824863
CUA,1.3639915824413602
CUC,1.2088098665732978
CUG,1.4020701234888588
CUU,4.445055772669175
GAA,0.30347029278089244
GAC,0.28066236789835464
GAG,0.46532915108053485
GAU,0.5071434252691099
GCA,0.31846502602146926
GCC,0.36903558801635133
GCG,0.8513617028892384
GCU,0.2569038852571448
GGA,1.0264730708917658
GGC,0.17196417179408563
GGG,0.6845833804143038
GGU,0.385646032583749
GUA,0.40541901050591483
GUC,0.514896291547804
GUG,2.0612976300528096
GUU,0.27239772923645267
UAC,0.3702781703976478
UAU,0.6085492135143935
UCA,0.3742013569799093
UCC,0.533653544243934
UCG,0.6466104427342473
UCU,0.2448911930600039
UGC,0.5165274303034708
UGG,0.3350530662044122
UGU,0.7693281591878338
UUA,0.5188518923018047
UUC,0.3003187044265089
UUG,0.200330727631535
UUU,0.531459892335533
