codon,average_decoding_time
AAA,0.4005771544910943
AAC,0.3246823815503356
AAG,0.20830051611445993
AAU,0.5622579671310974
ACA,0.33999506186552264
ACC,0.41242978176420575
ACG,0.4160458704204303
ACU,0.1959610293982389
AGA,0.09813865703362058
AGC,1.216812903331129
AGG,0.27108360215402183
AGU,1.5497377208408143
AUA,0.3541589402499867
AUC,0.3777694464020959
AUG,0.4435155410132971
AUU,0.19321579828504207
CAA,0.29920850200891813
CAC,0.370316472078517
CAG,0.5720577572462219
CAU,0.6082103946844893
CCA,0.3401676565926414
CCC,1.808578528299809
CCG,1.4885109580555453
CCU,1.4485637566773457
CGA,0.48086445229705627
CGC,0.510089491933733
CGG,1.909998141996253
CGU,0.28282365404178295
CUA,1.234576376135864
CUC,3.423850695282566
CUG,1.1627907803547068
CUU,3.9815300677775425
GAA,0.30329478750960137
GAC,0.2805689910688926
GAG,0.4637056966515351
GAU,0.5073932095713858
GCA,0.3187848318471454
GCC,0.4821304367856435
GCG,0.7431469245828298
GCU,0.25546350926070716
GGA,1.0239834637143195
GGC,0.17123238125933077
GGG,1.3631695677478344
GGU,0.38789243044035204
GUA,0.4044292031088507
GUC,0.49873774596212533
GUG,0.9950628222601644
GUU,0.2716318957094625
UAC,0.3692607352746312
UAU,0.6067471356082553
UCA,0.37476566603033074
UCC,0.46876804800493976
UCG,2.3039214384966824
UCU,0.24478997678848494
UGC,0.5112139258434415
UGG,0.3039475700648169
UGU,0.7711682479008483
UUA,0.5202511081136647
UUC,0.3002519042561837
UUG,0.212019496495977
UUU,0.5284579661260518
