codon,average_decoding_time
AAA,0.3987959962858894
AAC,0.32543357828903335
AAG,0.20615181293908325
AAU,0.5592698575020518
ACA,0.3376794189029992
ACC,0.41512701440048566
ACG,0.5701242976912746
ACU,0.21100123790276498
AGA,0.09813289994218317
AGC,1.2231539177569424
AGG,1.5709860945957974
AGU,1.5450303924676454
AUA,0.353871286135475
AUC,0.37786800042654634
AUG,0.37306964677491344
AUU,0.20578408876158982
CAA,0.3009913128529096
CAC,0.3699351434944033
CAG,0.5721864403300368
CAU,0.606612186319886
CCA,0.33835507757342304
CCC,1.8068853696486458
CCG,0.3877274857471436
CCU,1.7640830244992367
CGA,0.4801207677608738
CGC,0.5081364009657973
CGG,1.3966790807746028
CGU,0.2809638819933592
CUA,1.2376375422908255
CUC,3.4103281386669906
CUG,1.1663396657191072
CUU,1.1537939226719114
GAA,0.30442591832032595
GAC,0.2801119894882847
GAG,0.4643519349936784
GAU,0.5051688885646298
GCA,0.31892074626119843
GCC,0.48247358638954546
GCG,0.8518517940057532
GCU,0.22722212202131872
GGA,1.0168128763934285
GGC,0.1712189282406683
GGG,0.6833906974784824
GGU,0.38695748932681906
GUA,0.40536715918001465
GUC,0.5012495326115036
GUG,0.999003804537081
GUU,0.28534359891213246
UAC,0.5363558750366368
UAU,0.7876154361266826
UCA,0.37535980783480977
UCC,0.5064304360501837
UCG,0.7862306731884415
UCU,0.30892477634281873
UGC,0.706878462163947
UGG,0.35484881982802763
UGU,0.9816861449070721
UUA,0.5774905472745563
UUC,0.3418250553766991
UUG,0.3280395685031124
UUU,0.5778973877374307
