codon,average_decoding_time
AAA,0.40114507484845074
AAC,0.32649785242488466
AAG,0.12627876917741157
AAU,0.5588829977029554
ACA,0.3384364907997405
ACC,0.3612599757672292
ACG,0.5641508386513512
ACU,0.21026770175324008
AGA,0.098111186411918
AGC,1.2218115855764087
AGG,0.28644947536333926
AGU,1.5535727831066688
AUA,0.3497864507905113
AUC,0.3910261319610085
AUG,0.342561922175447
AUU,0.20491454689820596
CAA,0.4640614575848486
CAC,0.5323547700807791
CAG,3.4702223431377712
CAU,0.7892018969824112
CCA,0.3446953396800546
CCC,2.1914845830960368
CCG,0.4496591285525924
CCU,1.7927192068972455
CGA,0.5099564570964509
CGC,0.630229357263033
CGG,2.1981830448629553
CGU,0.3929272074283819
CUA,1.3688088744444606
CUC,1.2015531552926915
CUG,1.4009776634895952
CUU,1.2833906473877537
GAA,0.3051663102830188
GAC,0.2808345254816917
GAG,2.1541360976390447
GAU,0.5073371646674689
GCA,0.319566196818491
GCC,0.3696294122009463
GCG,0.8528514747997618
GCU,0.22635778023461417
GGA,1.0218120738507044
GGC,0.17184698475528873
GGG,0.6792821776671404
GGU,0.3861679387167631
GUA,0.4068528734484382
GUC,0.5125338212317697
GUG,2.0801810279056827
GUU,0.2846350217811687
UAC,0.531858505322889
UAU,0.7910339567640597
UCA,0.37898683906394864
UCC,0.5410803682097575
UCG,0.7896280320413038
UCU,0.3105898907401571
UGC,0.7108596864004
UGG,0.3545150573225229
UGU,0.9820026830021119
UUA,0.5794587609560036
UUC,0.34402455879618005
UUG,0.30864887538280555
UUU,0.5771925749722021
