codon,average_decoding_time
AAA,0.3997889008697111
AAC,0.32562567924480984
AAG,0.2069903797000588
AAU,0.5591359554227661
ACA,0.336288810758933
ACC,0.3623522212897647
ACG,0.4171102428958666
ACU,0.19633809294039276
AGA,0.09820728606644054
AGC,1.2180340854969636
AGG,1.4084823027272557
AGU,1.5521247557560331
AUA,0.35184365006304835
AUC,0.39192698918657226
AUG,0.44134348166717063
AUU,0.19138147318835763
CAA,0.4644122518782296
CAC,0.5317475781232405
CAG,0.6437489520376011
CAU,0.7884728822706663
CCA,0.3436657342118586
CCC,2.1898691095964526
CCG,1.8423929990729602
CCU,1.6156985259100545
CGA,0.5113195599407713
CGC,0.6330393955775074
CGG,2.0294177824670476
CGU,0.39366121306845736
CUA,1.373967892609322
CUC,1.2032395431527838
CUG,1.4631702273390925
CUU,4.416085448750767
GAA,0.3028847959815345
GAC,0.28016596256989745
GAG,0.464185134802291
GAU,0.5078294721582451
GCA,0.3179449667690924
GCC,0.367752601437671
GCG,0.7474264950622479
GCU,0.25477331249916263
GGA,1.0253898572100608
GGC,0.171004302746528
GGG,1.3704619400892573
GGU,0.387897226323433
GUA,0.40448706996132316
GUC,0.5141025616165793
GUG,1.0015611726673215
GUU,0.2710269099054244
UAC,0.37012980073085294
UAU,0.6066956724232933
UCA,0.37316254701657364
UCC,0.5353133887347123
UCG,2.3109422053258157
UCU,0.24493570469260437
UGC,0.5160423654310794
UGG,0.18529688928718516
UGU,0.7659826581509808
UUA,0.5184371892543577
UUC,0.29981982979984517
UUG,0.20508494850294526
UUU,0.5305535769615025
