codon,average_decoding_time
AAA,0.3975967339470595
AAC,0.3266671788504582
AAG,0.12657474631079862
AAU,0.5616168097557939
ACA,0.33768702124751304
ACC,0.36019232926574385
ACG,0.41695308512237245
ACU,0.21007994923768902
AGA,0.09826720937772085
AGC,1.223510860562142
AGG,1.402018749848506
AGU,1.556524824246754
AUA,0.352175251787254
AUC,0.39183000692929193
AUG,0.3741912720692881
AUU,0.20461282616225582
CAA,0.4652645910149488
CAC,0.5340416149752281
CAG,3.4898250279543315
CAU,0.7888612380369975
CCA,0.34411148203488234
CCC,2.185826970373702
CCG,1.8425396640754255
CCU,1.792266910076569
CGA,0.5100588910385406
CGC,0.6319882749542614
CGG,2.0078917506297906
CGU,0.3927644834227063
CUA,1.36561088236116
CUC,1.2057239536513586
CUG,1.4611577542221736
CUU,1.291173273413253
GAA,0.3040824339695208
GAC,0.28113607850573413
GAG,2.1508524294644316
GAU,0.5078850101108111
GCA,0.32064737787302083
GCC,0.3690460266961945
GCG,0.7436576189103995
GCU,0.22528799235949606
GGA,1.027246927302963
GGC,0.1718584892222338
GGG,1.3657507217143574
GGU,0.3880815756167955
GUA,0.40534613858222546
GUC,0.5123584868641256
GUG,0.9991509503133156
GUU,0.28542527644875393
UAC,0.532117552546406
UAU,0.7902136187187567
UCA,0.37717134588971274
UCC,0.5407826966975791
UCG,2.9223116255963304
UCU,0.31037245259484947
UGC,0.706991062956404
UGG,0.32471774380983626
UGU,0.97957820670459
UUA,0.5823741042321868
UUC,0.34125470273101755
UUG,0.3270558324103679
UUU,0.579728401456288
