codon,average_decoding_time
AAA,0.4006263723726866
AAC,0.32565839909021504
AAG,0.2072443479948027
AAU,0.5574378434290533
ACA,0.33686146321711624
ACC,0.3621290487549493
ACG,0.5436141592103811
ACU,0.19637038520638864
AGA,0.09850743305137814
AGC,1.223249647277722
AGG,1.5682293980300517
AGU,1.562237390726469
AUA,0.3515291203896542
AUC,0.3913457227509695
AUG,0.34350905239772545
AUU,0.19234706280436673
CAA,0.46249717052920036
CAC,0.5327646842940846
CAG,0.6446494000555516
CAU,0.7875099972499183
CCA,0.3458935035943983
CCC,2.1841024549515407
CCG,0.5063027728784024
CCU,1.6210904454679407
CGA,0.5089686148556194
CGC,0.6337446962384975
CGG,2.1964402708921895
CGU,0.3944799653481339
CUA,1.3707170545601117
CUC,1.2040839096054343
CUG,1.397831936038497
CUU,4.4476173860251995
GAA,0.27273633294378896
GAC,0.27898976887832855
GAG,0.43603267029519743
GAU,0.5061492028347743
GCA,0.31448662328375654
GCC,0.34940944618818326
GCG,0.7127705830089611
GCU,0.22887729612116847
GGA,0.8272430487481147
GGC,0.14833158358087997
GGG,0.6347850348062289
GGU,0.3614415794137265
GUA,0.3244617372286509
GUC,0.4321434117845887
GUG,1.565718636336512
GUU,0.19951917540224173
UAC,0.3691003315516202
UAU,0.6063563001241107
UCA,0.37350404735931575
UCC,0.5356500064193309
UCG,0.646618156308836
UCU,0.24484750915495312
UGC,0.51454980713511
UGG,0.2139126906214278
UGU,0.7685077779860346
UUA,0.519077596301795
UUC,0.29819807150793076
UUG,0.21368921170455854
UUU,0.532181214818767
