codon,average_decoding_time
AAA,0.39920305886137036
AAC,0.3262775779879297
AAG,0.20663443561208794
AAU,0.5579951522333985
ACA,0.3386746386011881
ACC,0.36196773905987667
ACG,0.5700128397065405
ACU,0.20997665412043406
AGA,0.09767713729756689
AGC,1.2238328662473497
AGG,0.2867746430168378
AGU,1.5611693718031103
AUA,0.35229126381769815
AUC,0.3909163795752393
AUG,0.44310074683566664
AUU,0.2055959387077531
CAA,0.462044662157649
CAC,0.5333405858868302
CAG,0.6458803019117707
CAU,0.7907775864664691
CCA,0.3440101503361914
CCC,2.198468531269268
CCG,0.44863491140749734
CCU,1.7944113665105594
CGA,0.5107890259388569
CGC,0.6316136022552409
CGG,2.2096325626408024
CGU,0.39244525960772997
CUA,1.3738977751169712
CUC,1.2068955385275302
CUG,1.4619156999968845
CUU,1.2915190440580802
GAA,0.3030682097007586
GAC,0.27994544568271856
GAG,0.46633859601138183
GAU,0.507357542649349
GCA,0.31792291452509674
GCC,0.36850703280346736
GCG,0.8565102282517818
GCU,0.22664787984669227
GGA,1.021297228523681
GGC,0.17189250433271983
GGG,0.6859045018395142
GGU,0.38596188210119386
GUA,0.4076394723225823
GUC,0.5121810464116595
GUG,0.9957700579230943
GUU,0.2846311538559647
UAC,0.5348910165206995
UAU,0.7896308275763947
UCA,0.37798219911319486
UCC,0.5416269654395565
UCG,0.7886175679933052
UCU,0.30948037625870967
UGC,0.7041971561745928
UGG,0.3522066314723188
UGU,0.9814571541561922
UUA,0.580505391138836
UUC,0.342544709293802
UUG,0.26446112554073664
UUU,0.5750176979253143
