codon,average_decoding_time
AAA,0.39676447199017995
AAC,0.324228441623131
AAG,0.12742953773682972
AAU,0.5580479218792571
ACA,0.3392526572364744
ACC,0.3626489218601891
ACG,0.5677215029188285
ACU,0.1963464151918464
AGA,0.0979593427980153
AGC,1.2162737880309429
AGG,1.580379232733239
AGU,1.5591769108038884
AUA,0.352879806967397
AUC,0.3904989521263053
AUG,0.4138391940040793
AUU,0.19244115195144706
CAA,0.46422546193056985
CAC,0.5355541680705986
CAG,3.47035669796195
CAU,0.7882375023658472
CCA,0.3446121975280481
CCC,2.1960534767694835
CCG,0.45121395012438237
CCU,1.6297680806563002
CGA,0.5092805675277319
CGC,0.634217357512086
CGG,2.2044757819310545
CGU,0.3909336428719448
CUA,1.3646516939194921
CUC,1.2186569063194117
CUG,1.398727488437895
CUU,4.430997365958542
GAA,0.30550116255229376
GAC,0.27944741150921193
GAG,2.1504500465291487
GAU,0.5055444196177513
GCA,0.3185113202389762
GCC,0.36853335315896596
GCG,0.8506282127795355
GCU,0.25455061312430627
GGA,1.0276550584753104
GGC,0.17159885228936525
GGG,0.6835334304687342
GGU,0.3858923640268174
GUA,0.40505261850754015
GUC,0.5118045789489276
GUG,2.0803411186333305
GUU,0.270545708551597
UAC,0.3694217174000774
UAU,0.6064446976972231
UCA,0.37309135931357945
UCC,0.5378572588909087
UCG,0.6472422219241016
UCU,0.24600004264000544
UGC,0.5141469345052819
UGG,0.2145667925011694
UGU,0.7685480877902577
UUA,0.5188264495453976
UUC,0.29935374535028814
UUG,0.2012462362487417
UUU,0.5299224906586383
