codon,average_decoding_time
AAA,0.40045353784201165
AAC,0.3256277750327802
AAG,0.12686755352844017
AAU,0.5612069992614763
ACA,0.33655147386149825
ACC,0.41426761798114115
ACG,0.4161969234777132
ACU,0.19619812964811878
AGA,0.09788488113739827
AGC,1.2147620240842794
AGG,0.271455251609494
AGU,1.5449248320984685
AUA,0.3511217532749422
AUC,0.3749415733130589
AUG,0.414295456041086
AUU,0.1936752962313326
CAA,0.2999270737997167
CAC,0.37010437234675936
CAG,2.421313571834241
CAU,0.6090723072982811
CCA,0.3399038699408896
CCC,1.8121948604733193
CCG,1.4900885854915296
CCU,1.4469197941163392
CGA,0.4821661265772023
CGC,0.5093169714510848
CGG,1.9116721225948972
CGU,0.282768163692935
CUA,1.2367905965105863
CUC,3.41797534266357
CUG,1.0532943927728844
CUU,3.9581138858071134
GAA,0.30391955741174426
GAC,0.2796914999148581
GAG,2.1564648307123924
GAU,0.508088108953567
GCA,0.3173968820696765
GCC,0.48091121466271813
GCG,0.7452840597773823
GCU,0.2574396784795244
GGA,1.0302131197647377
GGC,0.17160368397658743
GGG,1.364286173777657
GGU,0.3855808457100293
GUA,0.40513216012416897
GUC,0.5012668343908421
GUG,2.07733257436669
GUU,0.274705811685886
UAC,0.37130335014778415
UAU,0.6084881322176698
UCA,0.3718724270410977
UCC,0.46991564230184946
UCG,2.303607211213604
UCU,0.2477695953302056
UGC,0.513909364937174
UGG,0.30421533816954893
UGU,0.7670180417959209
UUA,0.5193285252117018
UUC,0.3001811081788281
UUG,0.193640903285468
UUU,0.5283530156311751
