codon,average_decoding_time
AAA,0.4005158823790687
AAC,0.3266761037405161
AAG,0.12698324235903505
AAU,0.5604140989271325
ACA,0.3394100876711927
ACC,0.3610142799059576
ACG,0.5479187997011918
ACU,0.19685763176580637
AGA,0.09815451972813116
AGC,1.2199034432952958
AGG,0.2872922450381499
AGU,1.5563549679962683
AUA,0.35254290461261056
AUC,0.3916061376620935
AUG,0.3425061073985404
AUU,0.19186754108114615
CAA,0.46568693892057694
CAC,0.5346862807388723
CAG,3.467290203926674
CAU,0.7892149852653769
CCA,0.3452703598225463
CCC,2.1842302291909714
CCG,0.505804154301749
CCU,1.6207877785036888
CGA,0.5093749210926508
CGC,0.6349671377653251
CGG,2.191543504544197
CGU,0.39045240271561504
CUA,1.3717302399232953
CUC,1.203588478546428
CUG,1.4033881122255636
CUU,4.434152341321836
GAA,0.27263616726682327
GAC,0.27865662999603974
GAG,1.930404460832045
GAU,0.5081027486586976
GCA,0.3139171140009254
GCC,0.3508096258006178
GCG,0.7136646107386219
GCU,0.22950517179304913
GGA,0.830001176290902
GGC,0.1490835859315795
GGG,0.6355010602384916
GGU,0.3610752278341071
GUA,0.3236288080453961
GUC,0.4322631853671185
GUG,1.563166505811302
GUU,0.20068346193429995
UAC,0.36970519012735115
UAU,0.6079079881738362
UCA,0.37283270260025403
UCC,0.5346552517420845
UCG,0.6484713741417246
UCU,0.2453540224889601
UGC,0.5118015773679109
UGG,0.33362667285571784
UGU,0.7652304984563153
UUA,0.5206873668426311
UUC,0.29990297850159087
UUG,0.21384328512483156
UUU,0.5302594412801328
