codon,average_decoding_time
AAA,0.3980676305193606
AAC,0.3271068781143198
AAG,0.1274271202814759
AAU,0.5590901372003351
ACA,0.3376162322369336
ACC,0.36259956462724113
ACG,0.4164818164199579
ACU,0.1963525293108346
AGA,0.09828121767019683
AGC,1.2173351311262306
AGG,1.4020597155965446
AGU,1.5464311544940212
AUA,0.3531622069461499
AUC,0.3918133678618953
AUG,0.44291546214393546
AUU,0.19146443971252813
CAA,0.46578784346789115
CAC,0.5331865575564808
CAG,3.4465996679378916
CAU,0.7876229927649114
CCA,0.34397424148477185
CCC,2.1870473913131807
CCG,1.841371251632261
CCU,1.621431232877319
CGA,0.5088019331781768
CGC,0.6325874560074395
CGG,2.029096077028562
CGU,0.39209112935759394
CUA,1.3645664529819166
CUC,1.2104152869816287
CUG,1.4630000815255673
CUU,4.4575181890988675
GAA,0.30347190543421115
GAC,0.27734448176419646
GAG,2.158488511983803
GAU,0.5076456276531385
GCA,0.320129321237599
GCC,0.36958038543517097
GCG,0.7416723734867512
GCU,0.2580942623438465
GGA,1.0262648182117506
GGC,0.17029258297069721
GGG,1.3618950071239297
GGU,0.38559056232062017
GUA,0.40396046089912724
GUC,0.5135158262756091
GUG,0.9961560503858006
GUU,0.2724071606688834
UAC,0.37146248320105546
UAU,0.6082445622017155
UCA,0.37255117826690926
UCC,0.5388131474777421
UCG,2.3082826306245643
UCU,0.24466276082614818
UGC,0.5117208551840411
UGG,0.18490535057190752
UGU,0.7663538757503714
UUA,0.5236127833235407
UUC,0.3000764095973487
UUG,0.20430547989306524
UUU,0.5299493029655753
