codon,average_decoding_time
AAA,0.4004857138489673
AAC,0.3251244644099614
AAG,0.12758618396219862
AAU,0.5617824683837809
ACA,0.33709267283532524
ACC,0.41358747707343463
ACG,0.41628013950176124
ACU,0.2097782922033887
AGA,0.0982222785029823
AGC,1.2250268505077966
AGG,1.4045613959883543
AGU,1.5542535339471666
AUA,0.35226023365474773
AUC,0.3781014328170618
AUG,0.372023179097571
AUU,0.20508847233672672
CAA,0.3008859521754188
CAC,0.36966681641448534
CAG,2.430589124064421
CAU,0.604785958295366
CCA,0.3385491349259299
CCC,1.8111302777250844
CCG,1.4881508552260394
CCU,1.7632221950915927
CGA,0.4823190916774796
CGC,0.510663298683205
CGG,1.228322120772798
CGU,0.2810647909534844
CUA,1.238152609377722
CUC,3.4045171449020435
CUG,1.1595491875916393
CUU,1.1592979442031524
GAA,0.3043057777294461
GAC,0.2801086821349568
GAG,2.174927316525854
GAU,0.506639000506269
GCA,0.31852089028501435
GCC,0.48060093580035906
GCG,0.7426719841194154
GCU,0.22603220111255082
GGA,1.0250670018596983
GGC,0.1709471199133823
GGG,1.3580365872380789
GGU,0.3873133134742507
GUA,0.4045774587463424
GUC,0.49896372306592546
GUG,0.9942848256579273
GUU,0.2855300070911207
UAC,0.5342030301043333
UAU,0.78913090139318
UCA,0.37778519787019743
UCC,0.5072797736094777
UCG,2.9295149666917664
UCU,0.3098208424322537
UGC,0.7059724694235945
UGG,0.3242459911412076
UGU,0.9855635131756676
UUA,0.5796435739536276
UUC,0.343247866643495
UUG,0.32446707749707276
UUU,0.5780388000098746
