codon,average_decoding_time
AAA,0.3989354872848565
AAC,0.3288320854431906
AAG,0.1268487316048639
AAU,0.5583459329441014
ACA,0.33747286354429656
ACC,0.4139162339215386
ACG,0.5472906152016317
ACU,0.2108491445618973
AGA,0.0988273438259792
AGC,1.213317171283529
AGG,1.5732748036818154
AGU,1.5528888156686407
AUA,0.35111623825357513
AUC,0.378395938173493
AUG,0.4424196676922814
AUU,0.20636059346116747
CAA,0.3015588968166474
CAC,0.3682318313473283
CAG,2.4190063619584103
CAU,0.6076734061075169
CCA,0.33710845373872406
CCC,1.8100954938946874
CCG,0.4335961131513186
CCU,1.7713112898141405
CGA,0.4821521425714663
CGC,0.5107470294263327
CGG,1.4031399683441017
CGU,0.2845325099466522
CUA,1.2385909732531113
CUC,3.4118980911655146
CUG,1.1153805882384549
CUU,1.1609322793980221
GAA,0.2727228346124019
GAC,0.27944991105806083
GAG,1.9356615291542438
GAU,0.5068777716424231
GCA,0.3151623138964256
GCC,0.45093692581280614
GCG,0.7101676349037056
GCU,0.20721202145621678
GGA,0.8271317553955049
GGC,0.14882076485968113
GGG,0.6309612315921165
GGU,0.3617945037811785
GUA,0.3258355868059892
GUC,0.41850268187892586
GUG,0.8597376795962522
GUU,0.21307329994738633
UAC,0.5311708354232098
UAU,0.7863524707066382
UCA,0.37793558843934166
UCC,0.5054881235994394
UCG,0.7839880035174656
UCU,0.31262056688642337
UGC,0.7031700930676134
UGG,0.3532530999816116
UGU,0.9814740346524614
UUA,0.576806188490488
UUC,0.34216563109491277
UUG,0.2616310163688772
UUU,0.5784241130388785
