codon,average_decoding_time
AAA,0.4001547325242418
AAC,0.3256188008485418
AAG,0.12756221511153493
AAU,0.5580020505157296
ACA,0.3375600973302288
ACC,0.35982022132984864
ACG,0.5697160508246591
ACU,0.21046995187338874
AGA,0.09845325158474454
AGC,1.2184257933842266
AGG,0.2865885588447292
AGU,1.5618056505855176
AUA,0.353315856483262
AUC,0.3937060414981264
AUG,0.4150361297004647
AUU,0.2055821987099634
CAA,0.4653386022589443
CAC,0.533320176090864
CAG,3.4637732742480676
CAU,0.792923141067892
CCA,0.3458431837819058
CCC,2.1902732862982077
CCG,0.44961849856331676
CCU,1.797490706394184
CGA,0.5087214944310966
CGC,0.6326354306492098
CGG,2.202309192976466
CGU,0.39304113721152506
CUA,1.3710505385221776
CUC,1.2111618144059477
CUG,1.3957358877077188
CUU,1.294402774128414
GAA,0.30121213288579834
GAC,0.2790191965805319
GAG,2.159143671591082
GAU,0.5066357625791577
GCA,0.318696353887727
GCC,0.36988477277136567
GCG,0.8552451219123357
GCU,0.22623615180535392
GGA,1.0262272255712852
GGC,0.17064488157130275
GGG,0.6832800823867439
GGU,0.3871941659102294
GUA,0.406028268790127
GUC,0.5128303367207939
GUG,2.081978083390468
GUU,0.28568844089514206
UAC,0.5346680620504625
UAU,0.7879894930016548
UCA,0.3757432542544298
UCC,0.5400115094888739
UCG,0.7904532225909124
UCU,0.30859741799143964
UGC,0.7039424396476094
UGG,0.3534357546581421
UGU,0.9830399162530583
UUA,0.5768260556248067
UUC,0.34363640090137465
UUG,0.2521148878486135
UUU,0.5772350235835333
