codon,average_decoding_time
AAA,0.40069924477280183
AAC,0.32936697487792843
AAG,0.2066979003739077
AAU,0.5598862437047655
ACA,0.3383090944222592
ACC,0.4136660630580139
ACG,0.4175602476549832
ACU,0.1975092308066844
AGA,0.09868470872407542
AGC,1.224608739725991
AGG,0.27108510913740264
AGU,1.553286828607693
AUA,0.35358506950363416
AUC,0.3765477685717913
AUG,0.4133162190301509
AUU,0.19140076539774079
CAA,0.29859169363880106
CAC,0.36844100805036867
CAG,0.5747657833320573
CAU,0.6084797648792084
CCA,0.3381454480373974
CCC,1.8015028298597935
CCG,1.4848024566601417
CCU,1.44507171186134
CGA,0.4810558172529963
CGC,0.508771937078171
CGG,1.917504060001495
CGU,0.28088584057656024
CUA,1.2386804132712208
CUC,3.4018383296980566
CUG,1.0983402486859675
CUU,3.9729548256873297
GAA,0.3029105396737753
GAC,0.27896070674954554
GAG,0.4648964143900128
GAU,0.5079583797924567
GCA,0.3176916451030828
GCC,0.4820416356813338
GCG,0.7438054005985212
GCU,0.25677468424397887
GGA,1.0213697764550684
GGC,0.17132825841035795
GGG,1.35923444718174
GGU,0.38638743305669077
GUA,0.40744587207441946
GUC,0.49813989474208503
GUG,2.072892300060659
GUU,0.2730636148735523
UAC,0.37038416012492736
UAU,0.6101081429093483
UCA,0.37304450479105306
UCC,0.46974279416627673
UCG,2.297935566051607
UCU,0.24610217605454066
UGC,0.5163422384150499
UGG,0.30246382700370733
UGU,0.7654569525311886
UUA,0.5190797745050496
UUC,0.29880047052512276
UUG,0.20185817477776782
UUU,0.5313839072363858
