codon,average_decoding_time
AAA,0.397204462343363
AAC,0.32611212695824443
AAG,0.20688452169585933
AAU,0.5607682915897285
ACA,0.33844614979098236
ACC,0.4149807052152109
ACG,0.41605523714375175
ACU,0.21087984472301738
AGA,0.09741666054116765
AGC,1.2204091081626869
AGG,1.4005982043020853
AGU,1.5601276978312208
AUA,0.35190548510359526
AUC,0.37767806413682853
AUG,0.34369612183082543
AUU,0.20513170787755972
CAA,0.30018278153703826
CAC,0.37174977382540697
CAG,0.5716850276551934
CAU,0.6080264661658016
CCA,0.3393725042162843
CCC,1.8156201401020278
CCG,1.485749457448034
CCU,1.7620413081402495
CGA,0.48141665194601707
CGC,0.5115945145073301
CGG,1.235284830144011
CGU,0.2848133814033934
CUA,1.2410775891272536
CUC,3.4084501159843184
CUG,1.0557808177665027
CUU,1.1614092659118496
GAA,0.3027134460486866
GAC,0.2813370263211287
GAG,0.4669978903052061
GAU,0.5106028165953161
GCA,0.3185219667103337
GCC,0.48114745369642536
GCG,0.7425550793996104
GCU,0.2253016251352105
GGA,1.022920318365512
GGC,0.1713910853857486
GGG,1.3594221626963534
GGU,0.38576085538288324
GUA,0.40519648314982204
GUC,0.497195670890896
GUG,2.071967310355755
GUU,0.28505011022290305
UAC,0.5332732396233775
UAU,0.7925355262793158
UCA,0.37703149772501005
UCC,0.5066564700014734
UCG,2.917949850800127
UCU,0.3108886768779963
UGC,0.7064009349540918
UGG,0.3225415676129047
UGU,0.9791728943794715
UUA,0.5785387668098508
UUC,0.3430866938920176
UUG,0.3080759728276347
UUU,0.577543335472483
