codon,average_decoding_time
AAA,0.4008876626412359
AAC,0.3262937249084657
AAG,0.20626244747563804
AAU,0.5593580398108522
ACA,0.3377813900579352
ACC,0.41380519381672803
ACG,0.5709141156054275
ACU,0.19686402370312614
AGA,0.09878196225934482
AGC,1.216397278972896
AGG,1.582986621040073
AGU,1.554311952218964
AUA,0.35243822928922297
AUC,0.3774281816038185
AUG,0.373098576152379
AUU,0.19192322899848344
CAA,0.2980600062890955
CAC,0.3707002896103105
CAG,0.571515066137128
CAU,0.6073105296593515
CCA,0.34108032544928385
CCC,1.8145163785144387
CCG,0.38726944414142395
CCU,1.4527516627162884
CGA,0.48219462999157775
CGC,0.5095860933206167
CGG,1.4045406777704577
CGU,0.28193894546895776
CUA,1.2268840815906825
CUC,3.40470326913576
CUG,1.1663683953265285
CUU,3.9660755476100333
GAA,0.3044020119633285
GAC,0.2812022656143361
GAG,0.46572693559076606
GAU,0.507020638146305
GCA,0.3169254780455894
GCC,0.48104193708706977
GCG,0.8579829399252641
GCU,0.2551238000836225
GGA,1.0247107451774347
GGC,0.17232467009433414
GGG,0.6817151419242564
GGU,0.38571598271962865
GUA,0.4065356648260254
GUC,0.5000258064166779
GUG,0.9945374997527457
GUU,0.272666786727429
UAC,0.37017449951086734
UAU,0.6095270456564639
UCA,0.3733479312866599
UCC,0.4685957094513516
UCG,0.6462549132315538
UCU,0.2441779324803349
UGC,0.511386922401039
UGG,0.21633958755128133
UGU,0.7708703927403385
UUA,0.5200834418579225
UUC,0.30018823752897905
UUG,0.24224024240075256
UUU,0.5296513499646406
