codon,average_decoding_time
AAA,0.39987629951255244
AAC,0.32582489881137544
AAG,0.20657158658939312
AAU,0.5598907228606672
ACA,0.3379079795729908
ACC,0.3619516591730386
ACG,0.5473257041616899
ACU,0.20875925161970704
AGA,0.09796709899342979
AGC,1.2250096767306138
AGG,0.28648278856686127
AGU,1.5560612362774615
AUA,0.3502755660376354
AUC,0.3903019372041739
AUG,0.44050831196896334
AUU,0.20451903685553233
CAA,0.464957812598289
CAC,0.5330876603842194
CAG,0.6447782810122394
CAU,0.7917754720718042
CCA,0.3447555534772543
CCC,2.1954895925373723
CCG,0.5095596506654125
CCU,1.7944700679563397
CGA,0.5116190548971176
CGC,0.6348380227642545
CGG,2.1985922037667875
CGU,0.39439994791310085
CUA,1.372182313214184
CUC,1.2119425401003898
CUG,1.4622529426991142
CUU,1.294311758872503
GAA,0.27372374152826995
GAC,0.27942549384574894
GAG,0.43657428133976034
GAU,0.5064534439688492
GCA,0.3148672337835389
GCC,0.34885616530486036
GCG,0.7130703385051341
GCU,0.2075868972593248
GGA,0.829210321478428
GGC,0.14932533677944776
GGG,0.6344513317643338
GGU,0.36317622524676657
GUA,0.32534866816303587
GUC,0.43173177204318663
GUG,0.8569923164089217
GUU,0.21286875309423176
UAC,0.5314978792201935
UAU,0.7867692366752721
UCA,0.37685653132905633
UCC,0.5418441390024079
UCG,0.7869538013621871
UCU,0.3096737275649952
UGC,0.7023477207373267
UGG,0.3534171427501196
UGU,0.9809072716920212
UUA,0.5796854153526128
UUC,0.34165158776671145
UUG,0.26306501039582825
UUU,0.5791190039604169
