codon,average_decoding_time
AAA,0.4009257188080681
AAC,0.32737219816483126
AAG,0.20683165706927234
AAU,0.560578223289882
ACA,0.3380491926839882
ACC,0.36263710103072183
ACG,0.5699714917833187
ACU,0.21049090439625423
AGA,0.097820336129278
AGC,1.2178702576596176
AGG,1.570861437435567
AGU,1.5587857761224495
AUA,0.35126872315470387
AUC,0.39107318971492233
AUG,0.44262839540577004
AUU,0.20393566057470253
CAA,0.46387321354160393
CAC,0.5319629653952546
CAG,0.645902302797051
CAU,0.7929148228674087
CCA,0.34260778871436975
CCC,2.1821087891505266
CCG,0.44778364582667485
CCU,1.792502581035672
CGA,0.5101336636916645
CGC,0.6321844475904769
CGG,2.201285033312907
CGU,0.39115754511677653
CUA,1.3682069036607944
CUC,1.2014906183855414
CUG,1.4742646649273214
CUU,1.2907962695515889
GAA,0.3037323866007806
GAC,0.2807100170961077
GAG,0.46497514895364744
GAU,0.5068294341742071
GCA,0.31764604108624045
GCC,0.37033965300822835
GCG,0.8547710262272162
GCU,0.2257421254226573
GGA,1.0305681025604918
GGC,0.17196607024089103
GGG,0.6834489111104965
GGU,0.38703527053437586
GUA,0.4076260042687338
GUC,0.5123453825570158
GUG,0.9949350808504529
GUU,0.28349698978595067
UAC,0.5326566682794566
UAU,0.7879353059971833
UCA,0.37660889258165314
UCC,0.540933036553584
UCG,0.7917288539410237
UCU,0.30951865475531654
UGC,0.7042214350794918
UGG,0.3535889179843318
UGU,0.9817157924377079
UUA,0.5751027531335178
UUC,0.34245406595761835
UUG,0.2640950152466638
UUU,0.5811509125855002
