codon,average_decoding_time
AAA,0.39782691881886817
AAC,0.3264596135715053
AAG,0.20819140538964692
AAU,0.5611811594393107
ACA,0.3384972690900591
ACC,0.3618434469455604
ACG,0.41609024630743624
ACU,0.21018192488265963
AGA,0.09778832163857874
AGC,1.221272814580393
AGG,1.404727458336109
AGU,1.5600857961597088
AUA,0.35260430975101803
AUC,0.3920735712492904
AUG,0.4410500969325044
AUU,0.20522433957800038
CAA,0.46135008943278555
CAC,0.5352913998856196
CAG,0.644946192935878
CAU,0.7938598563619117
CCA,0.3421484970816657
CCC,2.1815585434330385
CCG,1.8382989212146872
CCU,1.8007690304874158
CGA,0.5101565467061902
CGC,0.6323805027440081
CGG,2.031674177092906
CGU,0.3919361554061876
CUA,1.3652048139022666
CUC,1.2098159244473525
CUG,1.4660946924261458
CUU,1.292925238241366
GAA,0.3039344148119861
GAC,0.2793449831240784
GAG,0.46750791254608143
GAU,0.5068092374634797
GCA,0.3177125760654829
GCC,0.3686102840902852
GCG,0.7426248725049476
GCU,0.2265488830310183
GGA,1.0304860936294626
GGC,0.17129147592439106
GGG,1.359708183972549
GGU,0.38692699047694784
GUA,0.40528182459442824
GUC,0.5132766324091136
GUG,0.9975966686810929
GUU,0.28561871851042736
UAC,0.5323651035442138
UAU,0.7886922698244679
UCA,0.378018198209149
UCC,0.5406274047594917
UCG,2.9065943800684
UCU,0.3117774472417056
UGC,0.7020260860016841
UGG,0.3234946408828534
UGU,0.9802627145912727
UUA,0.579850945180211
UUC,0.3433221224014376
UUG,0.2641449892926785
UUU,0.578967576061026
