codon,average_decoding_time
AAA,0.398093225174207
AAC,0.3272980801521915
AAG,0.20748013702835033
AAU,0.5581025038171394
ACA,0.33755432062721435
ACC,0.41592409097003924
ACG,0.5696910239677543
ACU,0.21011236972096417
AGA,0.09837808128489568
AGC,1.2208549377413793
AGG,0.2865761453404396
AGU,1.5529753955886678
AUA,0.3516981392389777
AUC,0.378130464440003
AUG,0.41111539134153297
AUU,0.2061866414066218
CAA,0.29793161466561086
CAC,0.3680988181572815
CAG,0.5753262067268419
CAU,0.6052559890198485
CCA,0.33623031016682725
CCC,1.8115833939054833
CCG,0.39015259279754927
CCU,1.761144519144413
CGA,0.48230944824952976
CGC,0.5096232645307521
CGG,2.0982258852739517
CGU,0.2838738209893808
CUA,1.2417682184278294
CUC,3.399166220547624
CUG,1.0605971730364165
CUU,1.1555030148253234
GAA,0.30362189525280414
GAC,0.28049211870285884
GAG,0.4661863316167977
GAU,0.5053130137856774
GCA,0.3173529271749998
GCC,0.48122214243868855
GCG,0.8547051373275819
GCU,0.22706026406616744
GGA,1.0241742039591886
GGC,0.17081617054570394
GGG,0.6818599445626798
GGU,0.3862142270448448
GUA,0.40339646063000945
GUC,0.500620880545328
GUG,2.082697780792413
GUU,0.28568611653341835
UAC,0.5298913024652279
UAU,0.789483116176469
UCA,0.3757481756176066
UCC,0.5051696356871014
UCG,0.788301285374819
UCU,0.3093209527085484
UGC,0.7112475168998121
UGG,0.3543969694346044
UGU,0.9821058808478268
UUA,0.5777024722314252
UUC,0.343760249875347
UUG,0.2520572989940426
UUU,0.5763529810433344
