codon,average_decoding_time
AAA,0.39815505573649795
AAC,0.32700849137945665
AAG,0.2066528877759212
AAU,0.5582968387029789
ACA,0.33777045882410256
ACC,0.3618044767747625
ACG,0.4143369572506916
ACU,0.2110694380157474
AGA,0.09796669811214215
AGC,1.2198268578047402
AGG,0.2712703047927321
AGU,1.562520850300025
AUA,0.3523323904589375
AUC,0.3912494634227796
AUG,0.3727335984869703
AUU,0.20477614322211818
CAA,0.4650862032557193
CAC,0.5335307170680343
CAG,0.6430333411541128
CAU,0.7876281752225003
CCA,0.34372804573567933
CCC,2.190092517939863
CCG,1.8379448986301705
CCU,1.7988551999830713
CGA,0.5092302487498207
CGC,0.633488514421078
CGG,2.0271705615868862
CGU,0.3924879846300788
CUA,1.3737439628510646
CUC,1.199795581578887
CUG,1.4708645691663964
CUU,1.2847915549005338
GAA,0.3058662088979981
GAC,0.2802592607536285
GAG,0.46553198340037466
GAU,0.507473705006483
GCA,0.3183397752379491
GCC,0.3694359555867159
GCG,0.7473205208633853
GCU,0.22660383511857035
GGA,1.0283100254716124
GGC,0.17218918733120434
GGG,1.3586419893396229
GGU,0.388440540076641
GUA,0.40562594012999426
GUC,0.5132431974355476
GUG,0.9953927178282195
GUU,0.28561216791889515
UAC,0.5319026223911495
UAU,0.7886413448972586
UCA,0.3752628915400611
UCC,0.5409463551973963
UCG,2.9326163719531095
UCU,0.3108419880445557
UGC,0.7058013828203146
UGG,0.3223099278481063
UGU,0.9809617072720475
UUA,0.5785462257316641
UUC,0.34294165490014844
UUG,0.3280755559021559
UUU,0.5779977317268677
