codon,average_decoding_time
AAA,0.4002580247168409
AAC,0.32464908443945417
AAG,0.2068955857146199
AAU,0.5596855959662184
ACA,0.3390510900363161
ACC,0.36030504187720025
ACG,0.5459857851721104
ACU,0.19755815656678125
AGA,0.09876167122628682
AGC,1.2242053911232154
AGG,0.2865779971299327
AGU,1.5553374010542582
AUA,0.35206597821044505
AUC,0.39322466165294195
AUG,0.3736283279055588
AUU,0.19299048841184646
CAA,0.46371008136241804
CAC,0.5361640188485003
CAG,0.6445579138535766
CAU,0.7940059467537666
CCA,0.34425051566191833
CCC,2.186950636325581
CCG,0.5078382945336888
CCU,1.6252079879809633
CGA,0.5095720654538096
CGC,0.6331196169214085
CGG,2.1982277620720057
CGU,0.39478017924168407
CUA,1.3760302296408784
CUC,1.2063071110120789
CUG,1.4666756741518734
CUU,4.435346213199412
GAA,0.2733734769792837
GAC,0.2796177056303111
GAG,0.4336752271584014
GAU,0.5085695619107438
GCA,0.3157768011335148
GCC,0.3493157344402571
GCG,0.7085707285332011
GCU,0.23040005686610315
GGA,0.8279016263945645
GGC,0.14920048455013732
GGG,0.6342631818883561
GGU,0.36244286322800157
GUA,0.32370399397204563
GUC,0.4313785564107203
GUG,0.7691656474833846
GUU,0.19992135442993003
UAC,0.37102554531468646
UAU,0.6048670626422673
UCA,0.37265780369639295
UCC,0.5342682049076036
UCG,0.6442861709410402
UCU,0.24572932271009074
UGC,0.5143317639212481
UGG,0.33603887215549955
UGU,0.7692679830662413
UUA,0.5192280837718659
UUC,0.2987958212434858
UUG,0.24287026427904904
UUU,0.5291140281235529
