codon,average_decoding_time
AAA,0.4014888620677594
AAC,0.32751747454406255
AAG,0.1266753351564511
AAU,0.5587008741988745
ACA,0.3396730077894315
ACC,0.3614711379297021
ACG,0.5466246004636487
ACU,0.21010849823067446
AGA,0.09798158241045146
AGC,1.2138502710045116
AGG,0.2883644146194694
AGU,1.5511656106561706
AUA,0.35168078308517814
AUC,0.39184117702744414
AUG,0.4141919928364939
AUU,0.2061438721853745
CAA,0.4653037116697392
CAC,0.5324629063032663
CAG,3.4564730480498804
CAU,0.788556909173116
CCA,0.34551070138929696
CCC,2.1858957230166354
CCG,0.505147941154901
CCU,1.796772689199067
CGA,0.5093479280391576
CGC,0.6342814370507311
CGG,2.2049339257651415
CGU,0.39258206639440935
CUA,1.3734409010228712
CUC,1.2062379726669148
CUG,1.399017804268391
CUU,1.2915503746795565
GAA,0.2724602926108604
GAC,0.27985035704932626
GAG,1.9436135747807808
GAU,0.5095927526881183
GCA,0.31603529227247334
GCC,0.3506787618618329
GCG,0.7117146297286727
GCU,0.2074862803594718
GGA,0.834483393879882
GGC,0.14852979922231022
GGG,0.6348575052827345
GGU,0.36075678697856056
GUA,0.3245556341697962
GUC,0.4310943106920384
GUG,1.7564776657111
GUU,0.21339975467737843
UAC,0.5329676580687719
UAU,0.7866991266580345
UCA,0.37674279069744676
UCC,0.5430836942854158
UCG,0.78441101666225
UCU,0.3098303217154312
UGC,0.7033566306760665
UGG,0.35405982446093587
UGU,0.9794906846870912
UUA,0.5772589700843354
UUC,0.3425692056771586
UUG,0.25385357365705274
UUU,0.5785363029835904
