codon,average_decoding_time
AAA,0.40165265840673847
AAC,0.3273586841170459
AAG,0.126979145217795
AAU,0.5596342742687096
ACA,0.33629727730060216
ACC,0.36086270888267674
ACG,0.5468128365486625
ACU,0.19763464946583048
AGA,0.09839068791699436
AGC,1.2246450921759415
AGG,0.2874991038783078
AGU,1.5513393996850773
AUA,0.3513472032528528
AUC,0.3911703485441496
AUG,0.3432944727103292
AUU,0.1913462246840914
CAA,0.4656625614017934
CAC,0.5324005798655032
CAG,3.470471817969627
CAU,0.7888639269527604
CCA,0.3464920276546306
CCC,2.190828951201564
CCG,0.5053925366517211
CCU,1.6212480232483155
CGA,0.5109191586702303
CGC,0.6312173897474452
CGG,2.199456917363827
CGU,0.3917771855648669
CUA,1.3708922149808938
CUC,1.2008425422850963
CUG,1.3863123893483087
CUU,4.446556016273526
GAA,0.2720883470610978
GAC,0.2787075038096543
GAG,1.9382528529741683
GAU,0.5064413862702238
GCA,0.31537033329429864
GCC,0.3494197985817305
GCG,0.7094875503906206
GCU,0.22827147325229621
GGA,0.8235137406451737
GGC,0.14927203026030555
GGG,0.6310567719802455
GGU,0.3616993510949833
GUA,0.32492132281634367
GUC,0.4334335152550733
GUG,1.5603406845205512
GUU,0.1993638785551416
UAC,0.3690660900249059
UAU,0.6073152105659413
UCA,0.3730807374570027
UCC,0.5343538957173041
UCG,0.6461971226891252
UCU,0.24484460971779037
UGC,0.5154514605904679
UGG,0.3345662911386398
UGU,0.765563626145193
UUA,0.522374541586616
UUC,0.3010236994687386
UUG,0.22518089502004027
UUU,0.5330268664897679
