codon,average_decoding_time
AAA,0.39870947381656296
AAC,0.327987466433504
AAG,0.20894044814934049
AAU,0.5609040839444327
ACA,0.33863190557701955
ACC,0.3626543464695653
ACG,0.41589319574328243
ACU,0.19796497445832917
AGA,0.09824253940082192
AGC,1.2235832489582448
AGG,1.4055537972070198
AGU,1.550652880638124
AUA,0.3518867445047723
AUC,0.3900198347975167
AUG,0.3432317893660593
AUU,0.19215279385938822
CAA,0.46333204474155665
CAC,0.5302826756191905
CAG,0.6444054110258884
CAU,0.7898240610100076
CCA,0.34476992950078306
CCC,2.1930548993563974
CCG,1.8469543338009293
CCU,1.6350380137637657
CGA,0.511728017471146
CGC,0.6330785534217637
CGG,2.0246060309713583
CGU,0.3906942111104852
CUA,1.3675114400683186
CUC,1.203218269739753
CUG,1.3946124596636145
CUU,4.4335713707966224
GAA,0.3036939025082296
GAC,0.2820879007709702
GAG,0.46761434844855904
GAU,0.5084414109257615
GCA,0.3186434508129268
GCC,0.36948897525204344
GCG,0.7411605716986411
GCU,0.25545703564670363
GGA,1.016201759996503
GGC,0.1722206605460211
GGG,1.3638956973848393
GGU,0.38633882102373746
GUA,0.4058135243283337
GUC,0.5136763163460042
GUG,2.0755616594943946
GUU,0.2727204497478576
UAC,0.37136943737815165
UAU,0.6079932926819699
UCA,0.3720784242083082
UCC,0.5354282436051448
UCG,2.322222405238072
UCU,0.24558262523061228
UGC,0.5132560861569311
UGG,0.18408023729108836
UGU,0.7702245357459229
UUA,0.5190633306392849
UUC,0.2997306143988544
UUG,0.22506347017827413
UUU,0.5310776089029663
