codon,average_decoding_time
AAA,0.40042989129278983
AAC,0.3272460139301512
AAG,0.20728757449570395
AAU,0.559899460434574
ACA,0.33866148294277065
ACC,0.36237299240146037
ACG,0.4174908594433567
ACU,0.21102191657274966
AGA,0.09829546536150971
AGC,1.2190159816361803
AGG,0.27072411591247403
AGU,1.5470569696058245
AUA,0.35189535299827485
AUC,0.3903000857406647
AUG,0.3437515007857691
AUU,0.2047890830102975
CAA,0.4651525039875433
CAC,0.5331805772719495
CAG,0.6437816262334032
CAU,0.7863595101524987
CCA,0.34434402264606545
CCC,2.1883860497627787
CCG,1.8388309959930629
CCU,1.7968121572512123
CGA,0.5119664806641778
CGC,0.6332197698534782
CGG,2.033211089931824
CGU,0.39285197635435853
CUA,1.3738300864751622
CUC,1.20378575612892
CUG,1.3982434964431374
CUU,1.2884222629467956
GAA,0.30329442509284077
GAC,0.28014469025658595
GAG,0.4654945848455405
GAU,0.5097170719825969
GCA,0.3184131252171903
GCC,0.3682631174267403
GCG,0.7471155325755935
GCU,0.22568888701160958
GGA,1.0247960128923654
GGC,0.17158137064762813
GGG,1.363279338460013
GGU,0.3858054706054223
GUA,0.40364192991074754
GUC,0.5120495777537885
GUG,2.0690354401400888
GUU,0.28477519945490753
UAC,0.5315877237781667
UAU,0.7927701480982781
UCA,0.3773063514170072
UCC,0.5422031058368286
UCG,2.9166486858535707
UCU,0.31155843532497024
UGC,0.70449506952201
UGG,0.323374161199804
UGU,0.9835915493979589
UUA,0.5765491753209506
UUC,0.34481134509898126
UUG,0.30951516870109136
UUU,0.5790907861177189
