codon,average_decoding_time
AAA,0.3998628415181773
AAC,0.32859899649425744
AAG,0.2082474747645656
AAU,0.558499142514448
ACA,0.33945644741747844
ACC,0.362272243669089
ACG,0.5464541511100103
ACU,0.2108967892279105
AGA,0.09825442503110085
AGC,1.2127054598863818
AGG,0.28712171910123485
AGU,1.5554690072904729
AUA,0.35306164773887927
AUC,0.3910461949806244
AUG,0.4416776841193439
AUU,0.2047001090568995
CAA,0.4652019078604685
CAC,0.5364215475980918
CAG,0.6466297651733486
CAU,0.7894351410429967
CCA,0.34425942098449525
CCC,2.1938228812659157
CCG,0.5061859587560619
CCU,1.8036327528592522
CGA,0.5122702064641242
CGC,0.6361128182498466
CGG,2.1969695800154594
CGU,0.39170005147940334
CUA,1.377013734121718
CUC,1.2078489188810073
CUG,1.4593209474780862
CUU,1.2879547825831588
GAA,0.2721808878935487
GAC,0.27919419296974746
GAG,0.4331307677603184
GAU,0.507257559798955
GCA,0.3155143943952295
GCC,0.3510566898913542
GCG,0.7094958540633525
GCU,0.20876990984698915
GGA,0.8291768649145076
GGC,0.14835417170417903
GGG,0.6325423276050357
GGU,0.36105603742545733
GUA,0.32584567940459097
GUC,0.4333153428906685
GUG,0.8607312676192558
GUU,0.2124952194018153
UAC,0.5334527723003437
UAU,0.7890148919408476
UCA,0.3771748945259179
UCC,0.5392666513736741
UCG,0.7889690538093224
UCU,0.31057066797435184
UGC,0.7060403183588599
UGG,0.3548019186549945
UGU,0.9794576567973529
UUA,0.5789697466278017
UUC,0.3416070332902501
UUG,0.26606971260563006
UUU,0.5812034586382538
