codon,average_decoding_time
AAA,0.3993285665652502
AAC,0.32756389145327314
AAG,0.12716000362511554
AAU,0.5594905034440224
ACA,0.3380571031707482
ACC,0.41604844862676715
ACG,0.5661313900792938
ACU,0.19758183204552554
AGA,0.09807514090337123
AGC,1.225961555305605
AGG,0.2863919994850957
AGU,1.551272076937871
AUA,0.35133785298730474
AUC,0.37752520884292273
AUG,0.3721715892158886
AUU,0.19220870156133857
CAA,0.2994071826067767
CAC,0.3696418416305955
CAG,2.4215046949310053
CAU,0.6079571507262945
CCA,0.33741587781776644
CCC,1.8110761382220886
CCG,0.38814946682558477
CCU,1.4404408245295433
CGA,0.481229713876897
CGC,0.509998088827496
CGG,2.088395464127999
CGU,0.2826472505922895
CUA,1.2316283466773779
CUC,3.4018318404262584
CUG,1.1610114337280006
CUU,3.9697952242002903
GAA,0.3039809280153795
GAC,0.28061114445421326
GAG,2.1713192867808004
GAU,0.5080995123680052
GCA,0.3182328085657356
GCC,0.48159015779903735
GCG,0.8578092158936094
GCU,0.25747001730789787
GGA,1.0244626566110875
GGC,0.1715918497347898
GGG,0.6823434009706765
GGU,0.3853441529634262
GUA,0.4036853297515988
GUC,0.49981919658993706
GUG,0.9990121226965604
GUU,0.2716622980087498
UAC,0.372230518910063
UAU,0.6088512051905415
UCA,0.37305593741173254
UCC,0.4693007467156583
UCG,0.6489793698709773
UCU,0.24577525266777855
UGC,0.5154844753884236
UGG,0.3323057701415475
UGU,0.7697298488205491
UUA,0.5183414147277069
UUC,0.30094448953584035
UUG,0.24377192422342658
UUU,0.5291955529626436
