codon,average_decoding_time
AAA,0.3998466531783014
AAC,0.3269751448631443
AAG,0.20645323242615546
AAU,0.5594543015919136
ACA,0.33925160598854226
ACC,0.4152904793916167
ACG,0.41512270720964606
ACU,0.21080365865650047
AGA,0.09820098287377714
AGC,1.2204350340116863
AGG,0.27104377504773164
AGU,1.544440304911496
AUA,0.3519902945823461
AUC,0.3762204924039293
AUG,0.43970641055706555
AUU,0.20526237905878758
CAA,0.301215174341252
CAC,0.3707288623501888
CAG,0.5734961013516896
CAU,0.6095400754114615
CCA,0.3387456645301318
CCC,1.8094553389849068
CCG,1.4858085886735062
CCU,1.7664588718941578
CGA,0.47954423793118645
CGC,0.5101770087723574
CGG,1.9177618772147427
CGU,0.28055163366666147
CUA,1.2340065609419104
CUC,3.4078409149874282
CUG,1.1235737246139053
CUU,1.158154174767886
GAA,0.30348792629540483
GAC,0.2799840187891919
GAG,0.46573184577764165
GAU,0.5066596806602278
GCA,0.3195308549990547
GCC,0.48137141060533417
GCG,0.7431371460421776
GCU,0.22593466383784225
GGA,1.0291104756773344
GGC,0.1719082528261898
GGG,1.3705388868656079
GGU,0.38693278996100516
GUA,0.4050574956765304
GUC,0.49966254612412175
GUG,0.9921377824918799
GUU,0.2851830540882994
UAC,0.5332410156984244
UAU,0.7950490342687606
UCA,0.37823689812676836
UCC,0.5063599088211754
UCG,2.9321434307712293
UCU,0.3106918348123992
UGC,0.705125411164021
UGG,0.32176166702952846
UGU,0.9790181216531557
UUA,0.5804943858600887
UUC,0.3432666870649951
UUG,0.26404102883331265
UUU,0.5786527636129756
