codon,average_decoding_time
AAA,0.399468079965048
AAC,0.325183279327866
AAG,0.12729465446915933
AAU,0.559476833874737
ACA,0.3371847165217698
ACC,0.36308897997944056
ACG,0.5457368174143131
ACU,0.20968080613831436
AGA,0.09828576078872707
AGC,1.2252965980589492
AGG,1.5738291453309206
AGU,1.5603011474105963
AUA,0.35362316905586044
AUC,0.39272993709312004
AUG,0.3437059182193341
AUU,0.20456059642931934
CAA,0.4652426943009113
CAC,0.5338770563498451
CAG,3.443605318292449
CAU,0.7919640796071229
CCA,0.34447895733645445
CCC,2.194636844782704
CCG,0.5051967366289096
CCU,1.796027875881189
CGA,0.5076724768296323
CGC,0.634420402198187
CGG,2.2008148094003
CGU,0.3935170523905907
CUA,1.3685541277586444
CUC,1.2070015531679859
CUG,1.4063393502885604
CUU,1.2873602931119459
GAA,0.27226628954232046
GAC,0.2788208347543048
GAG,1.937841498282536
GAU,0.5086498980417765
GCA,0.314656408938693
GCC,0.3491216646046638
GCG,0.7136763818475576
GCU,0.20847614098455491
GGA,0.8257738104535527
GGC,0.14877064955564442
GGG,0.6325884655507396
GGU,0.3615546339431675
GUA,0.3244302876934893
GUC,0.43215108515769934
GUG,1.5662533302758104
GUU,0.21207410145970068
UAC,0.5312492826476495
UAU,0.7894512354729125
UCA,0.3771215894042466
UCC,0.5421455588811366
UCG,0.7882200091769661
UCU,0.3103876883072515
UGC,0.704095137662468
UGG,0.35186681467747527
UGU,0.9798132822358352
UUA,0.5806057571856083
UUC,0.3445282865034492
UUG,0.3082745682623696
UUU,0.5794672035269951
