codon,average_decoding_time
AAA,0.40074186514206633
AAC,0.3271272611206177
AAG,0.12798909516979343
AAU,0.557995513483893
ACA,0.3378815117577821
ACC,0.3611564378618871
ACG,0.4159164143838345
ACU,0.21084385346813833
AGA,0.0981384128818071
AGC,1.2234551877488637
AGG,0.27044001802620476
AGU,1.554391158286748
AUA,0.3525481010430619
AUC,0.39060410622974645
AUG,0.4150520661314317
AUU,0.20495273189063598
CAA,0.4655503450763921
CAC,0.5357868343658098
CAG,3.4578081426245966
CAU,0.7889664212585851
CCA,0.3443927847895134
CCC,2.1862275073029864
CCG,1.837110150094499
CCU,1.794715006907385
CGA,0.5105183654612937
CGC,0.6320474987787592
CGG,2.0335401054016633
CGU,0.3933719246245736
CUA,1.3702557179275292
CUC,1.2062762174170967
CUG,1.4023547321998113
CUU,1.2912702491292565
GAA,0.30362174177726164
GAC,0.2803719972110323
GAG,2.156731434238194
GAU,0.5041115979870306
GCA,0.3187717829553241
GCC,0.3686264319927938
GCG,0.7434759997785818
GCU,0.22714066443126202
GGA,1.0216973572221195
GGC,0.17043256303501553
GGG,1.3584451345211326
GGU,0.3861771048502859
GUA,0.4042451100816909
GUC,0.5126550453943748
GUG,2.09114441377651
GUU,0.28411490413895596
UAC,0.5352895610036545
UAU,0.7899355713473833
UCA,0.3783635766711376
UCC,0.5441291099892206
UCG,2.919640691699571
UCU,0.3085112380469965
UGC,0.7054675313687808
UGG,0.32374666510756334
UGU,0.9745875196301728
UUA,0.5789647810682653
UUC,0.34363611759171936
UUG,0.2528762533112238
UUU,0.575630621115053
