codon,average_decoding_time
AAA,0.397697387747349
AAC,0.32681371517377067
AAG,0.12705937318285207
AAU,0.5601199154004727
ACA,0.3378122648682716
ACC,0.36166372636449756
ACG,0.41696041763975566
ACU,0.1962638798199529
AGA,0.09791429576564839
AGC,1.216523848215317
AGG,1.4026429983546327
AGU,1.5476252387984353
AUA,0.3505735889504788
AUC,0.3935042417152115
AUG,0.34201845422601784
AUU,0.19304387689003125
CAA,0.4632306413139074
CAC,0.5335926630522398
CAG,3.469522501655753
CAU,0.7869330925311276
CCA,0.34402617673220875
CCC,2.190870638987186
CCG,1.8391889695382446
CCU,1.6215530184509552
CGA,0.5117144225694208
CGC,0.6326771438665137
CGG,2.0366803564233216
CGU,0.39212651494385786
CUA,1.375379804927026
CUC,1.206426150751612
CUG,1.3967709378149988
CUU,4.442051405237214
GAA,0.3023490077305274
GAC,0.27863107058379855
GAG,2.1569387761835257
GAU,0.5086456635554133
GCA,0.3189958124615254
GCC,0.36745192333149107
GCG,0.7413080078213236
GCU,0.25649007373362753
GGA,1.0236525275795492
GGC,0.17192873261162117
GGG,1.3665282323557124
GGU,0.38744997389022845
GUA,0.40498892530616826
GUC,0.5103882334374369
GUG,2.064275906306455
GUU,0.2706339611940971
UAC,0.3706392856024851
UAU,0.6060922684625166
UCA,0.37293160387230867
UCC,0.5368308761423427
UCG,2.3130890690433983
UCU,0.2465396003982348
UGC,0.5100193970374497
UGG,0.18438937952201587
UGU,0.7656275335897208
UUA,0.5232604364206279
UUC,0.29924776500861533
UUG,0.21393074936773712
UUU,0.5294293033501842
