codon,average_decoding_time
AAA,0.39966553995027565
AAC,0.3269450943417925
AAG,0.20759048891120566
AAU,0.5581605128594598
ACA,0.3383806395341561
ACC,0.4167293341095613
ACG,0.5461347337628458
ACU,0.1954889264887771
AGA,0.09827058537878351
AGC,1.2211378044808643
AGG,1.5740874128592202
AGU,1.5475856313232488
AUA,0.3532772327282422
AUC,0.37581594013894115
AUG,0.41298234624138647
AUU,0.19253336877446095
CAA,0.3009534008004093
CAC,0.3710226661568861
CAG,0.5731203479378283
CAU,0.605612176508904
CCA,0.33875997159701887
CCC,1.8137957888714704
CCG,0.4337756720094102
CCU,1.459487802565936
CGA,0.4832912906417321
CGC,0.5093531355249731
CGG,1.4082033482388916
CGU,0.28110725907602446
CUA,1.2413382606895065
CUC,3.386938594619634
CUG,1.1025262041034585
CUU,3.9688384924197178
GAA,0.27118136603106574
GAC,0.27887918519586397
GAG,0.4341041623257347
GAU,0.5046052514669588
GCA,0.3169044563934696
GCC,0.4528603023229025
GCG,0.7114840700682943
GCU,0.22876254255338627
GGA,0.8306149846036415
GGC,0.14874488015203668
GGG,0.6310562055002936
GGU,0.36118930618709977
GUA,0.32422553749730953
GUC,0.4179394953021162
GUG,1.7596114662248434
GUU,0.20017329831606054
UAC,0.3702835283848208
UAU,0.6069637460201336
UCA,0.37279342261635495
UCC,0.46883952292211184
UCG,0.6468167066280294
UCU,0.24609435142434077
UGC,0.5156282912103985
UGG,0.21616906835419905
UGU,0.769758215885966
UUA,0.5189958020906114
UUC,0.2993003010626264
UUG,0.20159447226356678
UUU,0.5296887783845303
