codon,average_decoding_time
AAA,0.4001908847364145
AAC,0.3253323952395548
AAG,0.2080147132022021
AAU,0.562210793881667
ACA,0.33812774965736797
ACC,0.4141662326445449
ACG,0.41786372339251043
ACU,0.19708733864187444
AGA,0.09811476626787115
AGC,1.2204523662461948
AGG,0.2725300516487172
AGU,1.5630905119177732
AUA,0.3506364658387288
AUC,0.37566355278439534
AUG,0.41387355885018273
AUU,0.1931791184682895
CAA,0.2984286732255662
CAC,0.3686118696771151
CAG,0.5726512238073221
CAU,0.6085435620078632
CCA,0.338507718632935
CCC,1.8073621125463224
CCG,1.496723054436364
CCU,1.4484265493887707
CGA,0.48063165588173173
CGC,0.5094447412635975
CGG,1.912975924607798
CGU,0.285139469369787
CUA,1.242600877149357
CUC,3.412286874108575
CUG,1.0999809000449678
CUU,3.9724223503960205
GAA,0.30329437708805074
GAC,0.27986907307109377
GAG,0.46528162569426124
GAU,0.505479705422895
GCA,0.31826829073399554
GCC,0.48227215272427915
GCG,0.7426991068715243
GCU,0.25614982148625853
GGA,1.0236137804497019
GGC,0.17186657790751386
GGG,1.3602248270182953
GGU,0.38616026463627956
GUA,0.4060852609960061
GUC,0.49844981710305436
GUG,2.0747388135748204
GUU,0.2719734969911065
UAC,0.3715751044542627
UAU,0.6082882633776365
UCA,0.3732419873534373
UCC,0.469584628039692
UCG,2.2969671515605934
UCU,0.24576629569015943
UGC,0.5120709283250933
UGG,0.3054983456283647
UGU,0.7649496551476387
UUA,0.5219523739535301
UUC,0.2984665938703232
UUG,0.20109453604451444
UUU,0.5281102974837626
