codon,average_decoding_time
AAA,0.40010938804159807
AAC,0.32631418044079297
AAG,0.2082409368675607
AAU,0.5607063364179994
ACA,0.3390968119959278
ACC,0.3613822693890047
ACG,0.4169709006143544
ACU,0.21005017124886569
AGA,0.09799111910951197
AGC,1.2215087073198923
AGG,0.270868190366112
AGU,1.555346833207384
AUA,0.3523805341526745
AUC,0.3918531384897655
AUG,0.34252056825243943
AUU,0.204705507220032
CAA,0.4639074878239187
CAC,0.5313794694356476
CAG,0.6453523764295971
CAU,0.7890618820746119
CCA,0.34580619837415305
CCC,2.182402692762
CCG,1.8428820359483766
CCU,1.8073272960038078
CGA,0.5107958493161332
CGC,0.6306770714586609
CGG,2.0363750146449298
CGU,0.391527534198992
CUA,1.367659069612288
CUC,1.205405670441672
CUG,1.402291891658495
CUU,1.2894225467077627
GAA,0.30407766142839954
GAC,0.27835224429427347
GAG,0.46535150947066184
GAU,0.505776377538401
GCA,0.31691634519705414
GCC,0.37036127701590144
GCG,0.743866764558084
GCU,0.22573389054942813
GGA,1.0214651928143967
GGC,0.1703366898398279
GGG,1.35904805326588
GGU,0.3858265299513718
GUA,0.40564487550661243
GUC,0.5147891524810964
GUG,2.076306817787321
GUU,0.2840147951996953
UAC,0.5325077587334857
UAU,0.7869151371239056
UCA,0.37556260660043617
UCC,0.5439646739685816
UCG,2.9160811784783034
UCU,0.30988889777528883
UGC,0.705301535885604
UGG,0.32198074064609167
UGU,0.9788629602139014
UUA,0.5808801096116236
UUC,0.34169896784718434
UUG,0.3083937460846071
UUU,0.5789099801158958
