codon,average_decoding_time
AAA,0.4021549106156043
AAC,0.3268310769508619
AAG,0.12735165267781512
AAU,0.5593722438983613
ACA,0.33796385092661857
ACC,0.41367423157347877
ACG,0.4157836277532897
ACU,0.19707905548057014
AGA,0.09716964349814051
AGC,1.220154758509807
AGG,1.397255775958211
AGU,1.5537780927348088
AUA,0.3510801329965534
AUC,0.3766721175869822
AUG,0.443154130577962
AUU,0.1926715625706275
CAA,0.2993121588813945
CAC,0.368881062461955
CAG,2.42640879133558
CAU,0.6058666006969424
CCA,0.33744634389756945
CCC,1.8027128347716144
CCG,1.489229810070911
CCU,1.456828610894161
CGA,0.4811146502833396
CGC,0.51130177791448
CGG,1.2290731564608175
CGU,0.2803324549297266
CUA,1.242932264077834
CUC,3.407233581934069
CUG,1.1167033776648316
CUU,3.9585701789377663
GAA,0.3050514287484952
GAC,0.2802216828590274
GAG,2.1438573153145786
GAU,0.5070662767648062
GCA,0.3180793709054939
GCC,0.48111958693204454
GCG,0.7465665488817113
GCU,0.25538357963481845
GGA,1.0162822506747669
GGC,0.17105007056756585
GGG,1.3627005814693367
GGU,0.3861745666431706
GUA,0.404857096858508
GUC,0.49821708937457343
GUG,0.9971685714685307
GUU,0.2714817858553071
UAC,0.37299311196666873
UAU,0.607481595220378
UCA,0.37239691089531735
UCC,0.4679522477330003
UCG,2.3175206349040045
UCU,0.24591830587767435
UGC,0.51573599230347
UGG,0.18373813005452158
UGU,0.7632466214947303
UUA,0.5190044124516872
UUC,0.29855705974380237
UUG,0.20557755634193803
UUU,0.5310636553402818
