codon,average_decoding_time
AAA,0.4004114226011178
AAC,0.32744570688524754
AAG,0.20855592596709627
AAU,0.558936684743772
ACA,0.3384492888187411
ACC,0.3612722112800088
ACG,0.5479354917354023
ACU,0.19720208541092762
AGA,0.09778070478472119
AGC,1.2139639158368343
AGG,1.5807419839306591
AGU,1.5539746230228886
AUA,0.3534508589532686
AUC,0.3921556790168932
AUG,0.41333848493242026
AUU,0.19228571766062677
CAA,0.4661130088689805
CAC,0.5334904535883875
CAG,0.6432227905124043
CAU,0.7908178273546403
CCA,0.34313048431610965
CCC,2.1834454552164884
CCG,0.5075941634664715
CCU,1.6285410275107337
CGA,0.5084663808104373
CGC,0.6328451843300072
CGG,2.2007064364110684
CGU,0.39319185489453085
CUA,1.3664554500664023
CUC,1.207882086173484
CUG,1.4032883616493896
CUU,4.453515594569256
GAA,0.27329295823174055
GAC,0.27750824512608835
GAG,0.4358654604873117
GAU,0.508700969279743
GCA,0.31453574470360546
GCC,0.3497458613138435
GCG,0.710158856487159
GCU,0.22928092571562633
GGA,0.8310110215082552
GGC,0.14872102713528004
GGG,0.634190203567559
GGU,0.36189128054110503
GUA,0.32383454099605624
GUC,0.43207022803524125
GUG,1.7611090317906786
GUU,0.1990619260980953
UAC,0.3691829820634369
UAU,0.6084951908329929
UCA,0.37281663091755407
UCC,0.5377300146496512
UCG,0.6486333174942452
UCU,0.2442473879913778
UGC,0.5118531834424739
UGG,0.21257012233288672
UGU,0.767666163190698
UUA,0.5213812093711033
UUC,0.2992714859188646
UUG,0.2005669231532832
UUU,0.5274985645060198
