codon,average_decoding_time
AAA,0.39971144913421386
AAC,0.32627562450437025
AAG,0.12704130025971533
AAU,0.5606077797808912
ACA,0.3376595407504594
ACC,0.414733309510695
ACG,0.5655581290673298
ACU,0.196419040799672
AGA,0.09798830025006888
AGC,1.2166606837788825
AGG,0.28749551917990596
AGU,1.5447851245390507
AUA,0.3532488743470519
AUC,0.37645247002262694
AUG,0.4442649556280278
AUU,0.193128492455636
CAA,0.2982925462354722
CAC,0.37019249842979923
CAG,2.4210977299289898
CAU,0.6084296456604008
CCA,0.3380153207419498
CCC,1.8147617420403201
CCG,0.39106850345950256
CCU,1.4507157044798245
CGA,0.4812636796468023
CGC,0.5082154566195166
CGG,2.084480579437275
CGU,0.281178352033223
CUA,1.232012861492808
CUC,3.3918030706310986
CUG,1.1651393883708903
CUU,3.9595289483266867
GAA,0.30436606781998743
GAC,0.2802302064290062
GAG,2.1645625629386096
GAU,0.508754616361012
GCA,0.31929532205778544
GCC,0.4812777498712114
GCG,0.8516860120480423
GCU,0.25565224284722277
GGA,1.0254402431832939
GGC,0.1701379298626076
GGG,0.6827489494391386
GGU,0.387049878424279
GUA,0.4041760982906584
GUC,0.4970324802195741
GUG,0.9943815592736851
GUU,0.27296482198151834
UAC,0.3699042743873781
UAU,0.6107257983892079
UCA,0.37345966813034237
UCC,0.46919145461598244
UCG,0.6474172866555454
UCU,0.24635080241458301
UGC,0.5113122621034021
UGG,0.3327676352977544
UGU,0.762849799944727
UUA,0.5196861554852723
UUC,0.29967960458059906
UUG,0.21330880490119453
UUU,0.5310565212621357
