codon,average_decoding_time
AAA,0.4017889965043086
AAC,0.32508874917613534
AAG,0.20635996330978987
AAU,0.5588516350758783
ACA,0.3373356085891168
ACC,0.3621634457259532
ACG,0.4169921288509658
ACU,0.21116693953830643
AGA,0.09919364864650584
AGC,1.2187327911615498
AGG,1.3970054876300975
AGU,1.5530595431401246
AUA,0.35263661032145394
AUC,0.39142978432950126
AUG,0.4107956828211238
AUU,0.20648151340241142
CAA,0.46412531850003425
CAC,0.5335646222612878
CAG,0.6431257828365875
CAU,0.7894592573455534
CCA,0.3437793780622509
CCC,2.18390276322958
CCG,1.8498779860606895
CCU,1.7885027911816167
CGA,0.5073202513776592
CGC,0.6315701370647787
CGG,2.0261931845308685
CGU,0.39321152511261537
CUA,1.3645743415759173
CUC,1.2084167025656583
CUG,1.3983418280593356
CUU,1.2849471813514266
GAA,0.30478759823197776
GAC,0.28080460108441735
GAG,0.46445854205220255
GAU,0.5068921286436793
GCA,0.31917079910732404
GCC,0.37067166644656224
GCG,0.7440598292568581
GCU,0.22697036484135047
GGA,1.023915125714897
GGC,0.17151835981880076
GGG,1.3670602482182188
GGU,0.38634101651889674
GUA,0.40617792888760523
GUC,0.5133053363221866
GUG,2.06438123099404
GUU,0.2847205505466256
UAC,0.5346480237716348
UAU,0.7892174228481325
UCA,0.37813284033802685
UCC,0.5423688769876885
UCG,2.908297509562404
UCU,0.31138956065614076
UGC,0.7055633659146444
UGG,0.32199608460070683
UGU,0.9802981090899878
UUA,0.5787630477400442
UUC,0.3438249226212271
UUG,0.2524197293220997
UUU,0.5784944601801024
