codon,average_decoding_time
AAA,0.4000091953794694
AAC,0.32770092967845754
AAG,0.20663713672926257
AAU,0.5598505586314656
ACA,0.3368775634712526
ACC,0.36027260972056663
ACG,0.4154027383403345
ACU,0.1961264660755649
AGA,0.0981070365456364
AGC,1.223268901877681
AGG,0.272521877474417
AGU,1.5601108202859921
AUA,0.3521446366441248
AUC,0.39094660930998676
AUG,0.4420167734474349
AUU,0.19228536276205618
CAA,0.46217363866463673
CAC,0.5310303804849552
CAG,0.646522041943456
CAU,0.7921610827009892
CCA,0.34388731889903995
CCC,2.1858535644329087
CCG,1.842175852393124
CCU,1.630224018981603
CGA,0.5115660645975749
CGC,0.6333154050269113
CGG,2.0310168145885514
CGU,0.39357398842512076
CUA,1.3740125761710507
CUC,1.200677362307202
CUG,1.4648474135059455
CUU,4.4357263297752825
GAA,0.30594176405146717
GAC,0.27958830434117843
GAG,0.46548531430105106
GAU,0.5064880705930352
GCA,0.31877293409515406
GCC,0.36965989522770754
GCG,0.7412885161099213
GCU,0.2569946534571615
GGA,1.0299603520646008
GGC,0.17109277996769812
GGG,1.360972082078627
GGU,0.38579762654521155
GUA,0.4054299155731065
GUC,0.5121842881502214
GUG,0.9954983396108208
GUU,0.2742880984981858
UAC,0.36926333480031376
UAU,0.6070564093487076
UCA,0.3730264279618855
UCC,0.5363600747451257
UCG,2.298411912262834
UCU,0.24566845535657292
UGC,0.5148456199440775
UGG,0.3037712073808588
UGU,0.7684040790294309
UUA,0.5197766866316066
UUC,0.3009499301475205
UUG,0.20527019437515362
UUU,0.5302518042420387
