codon,average_decoding_time
AAA,0.45532401349125656
AAC,0.32675186318810534
AAG,0.2296829040520773
AAU,0.5592902723340971
ACA,0.35000959629003575
ACC,0.4430885995183478
ACG,0.6810241299268956
ACU,0.23020241672909003
AGA,0.14867365028743032
AGC,1.3873231292922443
AGG,1.8074560383115725
AGU,1.7525384627627971
AUA,0.4446911843620621
AUC,0.4574215268725788
AUG,0.51827341496573
AUU,0.27802747503174247
CAA,0.29948301294747764
CAC,0.3685396342610677
CAG,0.5725065773067072
CAU,0.6097545341110189
CCA,0.31481042459727426
CCC,1.8122168686949218
CCG,0.3878276133328385
CCU,1.7616453080685697
CGA,0.4805329431715302
CGC,0.5103982989180855
CGG,1.4025496012425636
CGU,0.2833664980008344
CUA,1.239876100666435
CUC,3.4235069011608266
CUG,1.0535070221837344
CUU,1.1575519308450206
GAA,0.30371194011448194
GAC,0.2801952951871364
GAG,0.4640460142937725
GAU,0.5068939295320509
GCA,0.3263724836249174
GCC,0.48158225488392503
GCG,0.8549363518462723
GCU,0.2265079686307962
GGA,1.0269252982720918
GGC,0.17090056235087625
GGG,0.6851140284907011
GGU,0.38428618533495357
GUA,0.40569694307942905
GUC,0.4985578371235279
GUG,2.068139093759702
GUU,0.28404801388188333
UAC,0.5347437430854084
UAU,0.7922659859960333
UCA,0.3763114575297535
UCC,0.5040789691343883
UCG,0.787368132879881
UCU,0.3119656530199313
UGC,0.7098049288416188
UGG,0.3537437701632956
UGU,0.979017528810784
UUA,0.5808786418089965
UUC,0.34322726181060914
UUG,0.2529459090180217
UUU,0.578903730505288
