codon,average_decoding_time
AAA,0.456100512636509
AAC,0.32842728194370563
AAG,0.2301278255657692
AAU,0.5588631283042149
ACA,0.3499508178537879
ACC,0.44502208713772723
ACG,0.6676454840497689
ACU,0.22422747728559486
AGA,0.14793269643320778
AGC,1.3954739321184435
AGG,1.8000771097961084
AGU,1.7410366453721895
AUA,0.4468725063515279
AUC,0.4562082051595157
AUG,0.5514966117443426
AUU,0.26595374556129864
CAA,0.30021574502615644
CAC,0.371011970629356
CAG,0.5736837998061377
CAU,0.6050641996252085
CCA,0.31173877598990596
CCC,1.8070016555257706
CCG,0.43226430807800026
CCU,1.454203689769936
CGA,0.4818966581824793
CGC,0.5098950400269063
CGG,1.3970255658760176
CGU,0.2812521028277171
CUA,1.2424634653513507
CUC,3.4086725578123898
CUG,1.1178282054140558
CUU,3.9435464224486863
GAA,0.27305834466474715
GAC,0.2805911552787987
GAG,0.432279290029047
GAU,0.5070194261325013
GCA,0.32232972013398054
GCC,0.4509361994921431
GCG,0.710095428934097
GCU,0.22893557268957362
GGA,0.8291070618542105
GGC,0.14900855630591947
GGG,0.6300128733179606
GGU,0.3612984792273201
GUA,0.324234837124829
GUC,0.41812398703252485
GUG,0.8604441211506308
GUU,0.19947791389580724
UAC,0.3711497153425039
UAU,0.6055594897776747
UCA,0.37216060615542584
UCC,0.4684252352763415
UCG,0.6445339174918987
UCU,0.2454261490780425
UGC,0.5128370072074345
UGG,0.21430573244526052
UGU,0.764950532168808
UUA,0.5162582100163835
UUC,0.29879804481256617
UUG,0.20489466211443227
UUU,0.5295114019176981
