codon,average_decoding_time
AAA,0.46164176505620524
AAC,0.32740043846740774
AAG,0.1617195500401445
AAU,0.5600585094989741
ACA,0.3504847030308056
ACC,0.4445259025960576
ACG,0.6648477617300262
ACU,0.22288297392257536
AGA,0.1475511361471466
AGC,1.3987689170538413
AGG,1.811841669154604
AGU,1.7510506155740782
AUA,0.4404069147863125
AUC,0.45948478784166175
AUG,0.5178428794439941
AUU,0.26453074714333985
CAA,0.3000376737691058
CAC,0.3707425777157363
CAG,2.416529678756691
CAU,0.6068649422549975
CCA,0.3119564609642281
CCC,1.813564870042875
CCG,0.4320265572344991
CCU,1.4578387315690102
CGA,0.4824424665885891
CGC,0.5123535559891206
CGG,1.407407833803556
CGU,0.2823527624888383
CUA,1.2360102477791348
CUC,3.3978118960512447
CUG,1.1000485683085837
CUU,3.945584869589002
GAA,0.2717281650048748
GAC,0.2792392202142252
GAG,1.9362520698902406
GAU,0.5057219471599752
GCA,0.3210682455904743
GCC,0.45275058276968205
GCG,0.7086252579181704
GCU,0.22948680781847744
GGA,0.8302151648625349
GGC,0.14941303635921208
GGG,0.6330818829034548
GGU,0.3617429117998379
GUA,0.3239559465563903
GUC,0.4187758435274786
GUG,1.7623922752420902
GUU,0.1991057888629814
UAC,0.3694001776284532
UAU,0.6095340593393592
UCA,0.3719475646565533
UCC,0.4694445699574893
UCG,0.6467992991725262
UCU,0.2457768893642246
UGC,0.512945611551826
UGG,0.21438976349785796
UGU,0.7658649514342732
UUA,0.5186426800569304
UUC,0.30171401648390395
UUG,0.20049827773020829
UUU,0.52806353707801
