codon,average_decoding_time
AAA,0.4580475787916215
AAC,0.3264355504018282
AAG,0.16146993379958957
AAU,0.5584860835289969
ACA,0.3503362980817552
ACC,0.4454869718355625
ACG,0.5812510120646538
ACU,0.22452408546001698
AGA,0.1481572824889306
AGC,1.3968175680726327
AGG,1.6437725988342362
AGU,1.7424646985849648
AUA,0.4444657908246239
AUC,0.4591733785987807
AUG,0.5239765719277844
AUU,0.2655212525476574
CAA,0.3004240339688562
CAC,0.370165287776884
CAG,2.430946510244086
CAU,0.6084376173152436
CCA,0.31257758547080217
CCC,1.808967624703125
CCG,1.4886756302277304
CCU,1.4482219707187416
CGA,0.48207027257110785
CGC,0.508718145560631
CGG,1.2340714367900452
CGU,0.2826637755071539
CUA,1.2346119617973126
CUC,3.4121168207757098
CUG,1.0518480560411971
CUU,3.9739297378690517
GAA,0.30407685860496536
GAC,0.28164698450276027
GAG,2.1554041279001313
GAU,0.5064976499085595
GCA,0.3262354706231993
GCC,0.4806380172168499
GCG,0.7437905271089742
GCU,0.2549969664060142
GGA,1.0279759217798636
GGC,0.1716512646521544
GGG,1.3608158817286329
GGU,0.38627249709106415
GUA,0.4052020529311538
GUC,0.49804463115979986
GUG,2.068057846280255
GUU,0.27051502561302493
UAC,0.36776048558277524
UAU,0.6092134624108276
UCA,0.37015821827433576
UCC,0.4681530315539962
UCG,2.3230140702932154
UCU,0.24630023487398445
UGC,0.5134907765860341
UGG,0.1845918046742041
UGU,0.7667593088957226
UUA,0.5197393580049576
UUC,0.2993404923342429
UUG,0.19410489416589374
UUU,0.5292441350358158
