codon,average_decoding_time
AAA,0.4588076728371329
AAC,0.3262939128829581
AAG,0.16015715428540195
AAU,0.5592752344634242
ACA,0.34929911195137225
ACC,0.44524846405861734
ACG,0.6663312359347741
ACU,0.22327481771983212
AGA,0.1484271681896531
AGC,1.3958348306870245
AGG,0.3078980966204479
AGU,1.7452194750876562
AUA,0.44365575127723256
AUC,0.4546696111280362
AUG,0.5515225748417322
AUU,0.2645935078805226
CAA,0.29841543981419283
CAC,0.3718689064336408
CAG,2.4228922565910374
CAU,0.6091572776641275
CCA,0.3119789509770935
CCC,1.8035817084211643
CCG,0.4325865400822494
CCU,1.4442153720814932
CGA,0.4828396092256837
CGC,0.5098476954610908
CGG,2.0826987765410427
CGU,0.28281639675485726
CUA,1.2348816887163376
CUC,3.4042738249622793
CUG,1.114340657443951
CUU,3.961297160496441
GAA,0.27219733059531254
GAC,0.2791013547888316
GAG,1.9423852523221716
GAU,0.5076650960572414
GCA,0.3218357159582168
GCC,0.4516046135318725
GCG,0.7094831610380673
GCU,0.22777443228577446
GGA,0.8325438177835242
GGC,0.14965000395881084
GGG,0.6340043607385715
GGU,0.3619618493634071
GUA,0.32438046493750805
GUC,0.41766308065190044
GUG,0.7721786339610981
GUU,0.20053350434302603
UAC,0.36983159893903217
UAU,0.6046264059180946
UCA,0.3741835513845015
UCC,0.470334133131779
UCG,0.6496083961125432
UCU,0.24596411429939544
UGC,0.5104899903673781
UGG,0.3337045838677064
UGU,0.7705348523297942
UUA,0.5166798504362186
UUC,0.30036023550799185
UUG,0.23147335448677245
UUU,0.5294184720022075
