codon,average_decoding_time
AAA,0.4599013615765157
AAC,0.3252655017928587
AAG,0.23053160219583368
AAU,0.5599998940576404
ACA,0.3497116922987498
ACC,0.4469733271849304
ACG,0.5799654137413343
ACU,0.22388722778793552
AGA,0.14786716305942751
AGC,1.3918521693379453
AGG,0.29070967446657
AGU,1.738024619041376
AUA,0.44453232350304667
AUC,0.4578947102688027
AUG,0.5184105051754214
AUU,0.26462737318924306
CAA,0.29776343803010813
CAC,0.3707074952195744
CAG,0.5714699675903883
CAU,0.6078129396638292
CCA,0.3125088980545167
CCC,1.8095313401817938
CCG,1.487288193170169
CCU,1.449933770966643
CGA,0.48058804689097306
CGC,0.5129314786647607
CGG,1.9207126221519344
CGU,0.2823377709198602
CUA,1.2334478716356456
CUC,3.394589400838287
CUG,1.098857909106996
CUU,3.9773657597017085
GAA,0.3027107014942436
GAC,0.2800234074610951
GAG,0.46574321553243286
GAU,0.5080192489475828
GCA,0.3291070701671714
GCC,0.48026828637076374
GCG,0.7466857958679878
GCU,0.25758117322310126
GGA,1.0267490764178078
GGC,0.17217146688781068
GGG,1.3648420777504782
GGU,0.38553025385848244
GUA,0.4035851144189272
GUC,0.501333254675095
GUG,2.080218547715309
GUU,0.2731377692756326
UAC,0.36935478341367883
UAU,0.6070204591921914
UCA,0.3722260752415073
UCC,0.46813233731955983
UCG,2.3192528686404303
UCU,0.2449875190460678
UGC,0.509990316214593
UGG,0.30402186427732386
UGU,0.7697195999213503
UUA,0.5200265340215494
UUC,0.300037142062521
UUG,0.20194972101958042
UUU,0.5295790900845648
