codon,average_decoding_time
AAA,0.4593509093542998
AAC,0.3280148076134975
AAG,0.16038231165882377
AAU,0.5594345611296386
ACA,0.34964035772287605
ACC,0.44542607951889746
ACG,0.6641262650914944
ACU,0.2298090606779851
AGA,0.14846608668766784
AGC,1.3951009604116142
AGG,1.79866485653682
AGU,1.7386569751128846
AUA,0.44376337510975666
AUC,0.4593423292359129
AUG,0.5525264950392091
AUU,0.27790589930274906
CAA,0.3011549376438066
CAC,0.36984826900524514
CAG,2.4267113537787264
CAU,0.6111098798479968
CCA,0.3112269976311636
CCC,1.818338389496983
CCG,0.43315883465983435
CCU,1.7725577582989775
CGA,0.48267324827336566
CGC,0.509948213489808
CGG,1.4022363266673836
CGU,0.28115067473966127
CUA,1.2354654130056753
CUC,3.396277472459547
CUG,1.1197428419494657
CUU,1.1631095291445233
GAA,0.27322539728092615
GAC,0.278138737982661
GAG,1.9362004875570404
GAU,0.5078357930509878
GCA,0.3241379443899452
GCC,0.4516991354670526
GCG,0.7116021771335411
GCU,0.20711191964860443
GGA,0.8283730190895023
GGC,0.14982000622114416
GGG,0.630700864369101
GGU,0.3611233841617163
GUA,0.3244570021196681
GUC,0.419435008234325
GUG,0.859241396248725
GUU,0.21223284298271636
UAC,0.5335610450009656
UAU,0.7886655038463031
UCA,0.3758988944082856
UCC,0.506812335118029
UCG,0.7897538147473069
UCU,0.31250465793124427
UGC,0.7035322010368947
UGG,0.3543788120755324
UGU,0.9842997016905708
UUA,0.5817739532411946
UUC,0.34315600894226145
UUG,0.2644626700156391
UUU,0.577652851723183
