codon,average_decoding_time
AAA,0.45757567199863103
AAC,0.32745582987005406
AAG,0.1606885054042473
AAU,0.5589751129438008
ACA,0.3508036827857815
ACC,0.4444602478727316
ACG,0.6848921224539158
ACU,0.2240009047412666
AGA,0.14868957122474183
AGC,1.3895998118448123
AGG,1.806685688102604
AGU,1.7400659554436986
AUA,0.44360300719617196
AUC,0.4572853741318726
AUG,0.5230951978086391
AUU,0.26506347317406
CAA,0.29987216290542507
CAC,0.37120437663263395
CAG,2.4265910813727314
CAU,0.6089612332112982
CCA,0.3127692100560527
CCC,1.804378105352452
CCG,0.38838958675831126
CCU,1.4568369632934608
CGA,0.48144764297182113
CGC,0.5082715013112329
CGG,1.4053741815152254
CGU,0.2825885572685924
CUA,1.2421332754333239
CUC,3.406227468839754
CUG,1.0978822123674812
CUU,3.986949112121294
GAA,0.30338931090742194
GAC,0.27995759559308736
GAG,2.1552075007078475
GAU,0.5059763824963573
GCA,0.32646087637539545
GCC,0.4801419502072784
GCG,0.8543005784314969
GCU,0.2572549292433705
GGA,1.0201501399538595
GGC,0.17088332420668337
GGG,0.6822355084607892
GGU,0.3867521372118935
GUA,0.4053782170615402
GUC,0.49849357987324283
GUG,2.0712988578626943
GUU,0.2718262887831469
UAC,0.36926484410263605
UAU,0.6095926708039434
UCA,0.37143277664791485
UCC,0.4705732678599981
UCG,0.647337253707048
UCU,0.24641054167474083
UGC,0.5132611406480401
UGG,0.21539397381085518
UGU,0.7665290004908253
UUA,0.5178513530858865
UUC,0.29949134137000105
UUG,0.22517943010891792
UUU,0.5304035265964993
