codon,average_decoding_time
AAA,0.45762864424555844
AAC,0.3246887804177723
AAG,0.2286941084497993
AAU,0.5594758148154174
ACA,0.350631147128581
ACC,0.4461148946954681
ACG,0.5761131686084147
ACU,0.22869206208921594
AGA,0.14835777601145916
AGC,1.3892060306172982
AGG,1.6288140903705088
AGU,1.7372377530243033
AUA,0.44296041019524396
AUC,0.4569356786561459
AUG,0.5248074953805842
AUU,0.27904071416626913
CAA,0.2993651780389557
CAC,0.3697543852990058
CAG,0.5712390549513074
CAU,0.6069990444740597
CCA,0.3111322559442741
CCC,1.8120315660372366
CCG,1.4914644060635858
CCU,1.7598774519814455
CGA,0.4832136021491675
CGC,0.5100726837198308
CGG,1.227721582143529
CGU,0.28367739250860663
CUA,1.2338621575078175
CUC,3.384778366690928
CUG,1.0548942476203287
CUU,1.1649154995113644
GAA,0.3049076523652545
GAC,0.2782925975792509
GAG,0.465430045576299
GAU,0.5061282128661259
GCA,0.3266692819341851
GCC,0.481636211635841
GCG,0.7430790052124747
GCU,0.22488418078808864
GGA,1.0181976261878964
GGC,0.17180430578157754
GGG,1.3666534188344925
GGU,0.3869530403627533
GUA,0.4043229857096416
GUC,0.4972558313616662
GUG,2.0672049352452415
GUU,0.28578930159213195
UAC,0.5351454383151903
UAU,0.7878624002923109
UCA,0.37775051051437686
UCC,0.5043303981696227
UCG,2.9109694875355476
UCU,0.31019707512067196
UGC,0.7049718297766658
UGG,0.3241542868019568
UGU,0.9856423002607084
UUA,0.5778478780777305
UUC,0.3415401458868766
UUG,0.30803807372528746
UUU,0.5774113309492641
