codon,average_decoding_time
AAA,0.4595125080252506
AAC,0.32650123681802234
AAG,0.23011991841189447
AAU,0.5576421787107524
ACA,0.35087080802458215
ACC,0.4455630169131547
ACG,0.5751661567673559
ACU,0.22887708738160845
AGA,0.1482694046581518
AGC,1.3908955173576003
AGG,1.6280647443065008
AGU,1.7423943381376061
AUA,0.4438451156231631
AUC,0.4589550862001627
AUG,0.5216352121005752
AUU,0.27614473747811435
CAA,0.29975571578167226
CAC,0.3696825590937263
CAG,0.5767701939924857
CAU,0.6075323113128226
CCA,0.3117726971027034
CCC,1.8085498923289849
CCG,1.4902463929169654
CCU,1.7605614204461388
CGA,0.48225312901093004
CGC,0.5112785441602546
CGG,1.2267639700325152
CGU,0.28095710273117175
CUA,1.2419995001270405
CUC,3.4174671648146644
CUG,1.09599795388535
CUU,1.1636197013695624
GAA,0.3050046714928099
GAC,0.2786265547920722
GAG,0.4652090377903246
GAU,0.5072518691798995
GCA,0.3246145244548287
GCC,0.4817963404956512
GCG,0.7405498318912451
GCU,0.22714021800433176
GGA,1.0233289316693672
GGC,0.17001903826365278
GGG,1.3655664409080006
GGU,0.38797640935647804
GUA,0.404367965966297
GUC,0.5002712734205284
GUG,2.080979324974878
GUU,0.2850549855484336
UAC,0.5310846849148148
UAU,0.7889408719853841
UCA,0.3785677572905428
UCC,0.5090010520810379
UCG,2.933292112389878
UCU,0.30963472395780683
UGC,0.7076421757079082
UGG,0.32377175417166876
UGU,0.9814031443551292
UUA,0.5800676885278564
UUC,0.34280623713740593
UUG,0.25146391914542826
UUU,0.5778997170923761
