codon,average_decoding_time
AAA,0.4608301328430503
AAC,0.32919832497008206
AAG,0.2296324590306687
AAU,0.559764184985148
ACA,0.3496407532548612
ACC,0.44593406178043754
ACG,0.5772142237602212
ACU,0.22422722177970159
AGA,0.14746573513292166
AGC,1.3960636276993215
AGG,1.6212978447072481
AGU,1.7496364699060467
AUA,0.4417943330700828
AUC,0.45823390587733126
AUG,0.5224903510765908
AUU,0.26338112150842813
CAA,0.3004178573494134
CAC,0.3687960065079157
CAG,0.5747400418743968
CAU,0.6093654595334642
CCA,0.31204043120903285
CCC,1.8094756387310578
CCG,1.4980060311932577
CCU,1.4497676262918293
CGA,0.4830345921390518
CGC,0.5093872551921976
CGG,1.2308931844915874
CGU,0.28070408094244215
CUA,1.2378892400996293
CUC,3.3916830290112916
CUG,1.056146046861311
CUU,3.9694439562367565
GAA,0.3049796644327648
GAC,0.28004123021031
GAG,0.46518414907581485
GAU,0.5089554369704424
GCA,0.32684927559706023
GCC,0.48154721779637233
GCG,0.7435672515992293
GCU,0.2566868929727491
GGA,1.025844556949676
GGC,0.1720233492644882
GGG,1.3706117283043726
GGU,0.3841682091269164
GUA,0.4053723883691972
GUC,0.5003872394946836
GUG,2.072324474449874
GUU,0.2701895278801231
UAC,0.37060768407305855
UAU,0.6071748799784651
UCA,0.37367732475110255
UCC,0.46917282228500784
UCG,2.3238860319530383
UCU,0.2449822651303839
UGC,0.5154894823661682
UGG,0.18456088315101798
UGU,0.7664744009251475
UUA,0.5192909279871772
UUC,0.30138922920520295
UUG,0.19367689661337514
UUU,0.5306262126609128
