codon,average_decoding_time
AAA,0.45849001873952505
AAC,0.32647687463211267
AAG,0.1612237827757087
AAU,0.5594418433621843
ACA,0.3500239674672023
ACC,0.4456321871356703
ACG,0.6871923616012132
ACU,0.22937786520043438
AGA,0.1484071534551125
AGC,1.4013295014047367
AGG,1.7982772445998108
AGU,1.7476506681887078
AUA,0.4431312288147864
AUC,0.45716913435131784
AUG,0.5480567498805257
AUU,0.27961844851302675
CAA,0.2994405943174731
CAC,0.36910194965760684
CAG,2.422491170622152
CAU,0.6094632241060407
CCA,0.31282069131557516
CCC,1.8112255982617254
CCG,0.39036525936193356
CCU,1.7716593720642158
CGA,0.4818176358558354
CGC,0.5109587739616324
CGG,1.4049247073649431
CGU,0.2814641485553353
CUA,1.2313576555361774
CUC,3.3975451875408016
CUG,1.118790222937903
CUU,1.1631693952232063
GAA,0.303080440120538
GAC,0.28031150296587065
GAG,2.165399759098541
GAU,0.5067396238510334
GCA,0.32757231196620085
GCC,0.48268858115370056
GCG,0.8532663019808712
GCU,0.22462073753665318
GGA,1.0234370248382678
GGC,0.1710624453798948
GGG,0.6789549125813349
GGU,0.38703260447237253
GUA,0.40492964193803616
GUC,0.4971160620475883
GUG,1.0001379742461856
GUU,0.28441928963701485
UAC,0.5339722375843725
UAU,0.7888223415466659
UCA,0.377522008192559
UCC,0.5034925364050391
UCG,0.7898091128447979
UCU,0.3116819268042125
UGC,0.7089249180618394
UGG,0.3529769575141385
UGU,0.9795596256957082
UUA,0.5776342162561017
UUC,0.34297294265703787
UUG,0.32703211840902346
UUU,0.5783086009142351
