codon,average_decoding_time
AAA,0.4597886162925758
AAC,0.3269287126957457
AAG,0.16066145877197754
AAU,0.5596179588565494
ACA,0.35016014727995987
ACC,0.44479562147772117
ACG,0.6640894281738592
ACU,0.23138998345009845
AGA,0.1487045589134159
AGC,1.3934972557557903
AGG,0.30750540324246517
AGU,1.7517107814783384
AUA,0.44419252493174943
AUC,0.45729198206313604
AUG,0.5206630511975635
AUU,0.2793303015394893
CAA,0.3005693301371938
CAC,0.37004077456369777
CAG,2.4132295246860025
CAU,0.6069018963257738
CCA,0.3120911566335734
CCC,1.813775032109427
CCG,0.43413869025256485
CCU,1.7753718495087782
CGA,0.4815816588449578
CGC,0.5110639737547946
CGG,2.0913544766018592
CGU,0.2821121662999917
CUA,1.2321519740612363
CUC,3.3955758504696174
CUG,1.053511812545668
CUU,1.1579814579012082
GAA,0.27190818226454655
GAC,0.28034065264286046
GAG,1.9331728025477848
GAU,0.5092332145596383
GCA,0.3229837256055266
GCC,0.45295334160183315
GCG,0.7101176098490126
GCU,0.2071725480923403
GGA,0.8255556985271837
GGC,0.14897089600154634
GGG,0.6338982532420655
GGU,0.36175723758754974
GUA,0.32342536039526126
GUC,0.41740879345173343
GUG,1.7589631655350622
GUU,0.21275345904216628
UAC,0.5295411916404293
UAU,0.7941068710089552
UCA,0.3801318986191255
UCC,0.5050771105256294
UCG,0.7912845041270186
UCU,0.30895406721469937
UGC,0.7076808541863966
UGG,0.3536471318950889
UGU,0.9805688863541497
UUA,0.5743584985730383
UUC,0.34363440472631
UUG,0.2525079987763413
UUU,0.57792590117149
