codon,average_decoding_time
AAA,0.4579165613565562
AAC,0.3279254722709306
AAG,0.16102019820301655
AAU,0.5581874266341527
ACA,0.3515543503861645
ACC,0.4447448031192014
ACG,0.6845057739087076
ACU,0.23174168545041435
AGA,0.14718982485689114
AGC,1.3956133508459152
AGG,1.8084536806393752
AGU,1.7479777811624009
AUA,0.4420250942987594
AUC,0.4588242123506546
AUG,0.5501254203587533
AUU,0.2778611790685727
CAA,0.298878364664516
CAC,0.3712613348470377
CAG,2.423269623847548
CAU,0.6080364597109326
CCA,0.31115590898826767
CCC,1.8108908910871442
CCG,0.38918451329500275
CCU,1.7592027412815796
CGA,0.4812248604287383
CGC,0.5116940534434435
CGG,1.4116987311687466
CGU,0.2814326543197871
CUA,1.2335462009352853
CUC,3.400915278340921
CUG,1.1655786158022055
CUU,1.1575438136568013
GAA,0.30550518333427107
GAC,0.2785937594654885
GAG,2.1574067742603384
GAU,0.5067264247060594
GCA,0.32413596160446173
GCC,0.4823587166176744
GCG,0.8485888545918117
GCU,0.22619626665350043
GGA,1.0240246310025696
GGC,0.17151165647370245
GGG,0.6805762134280594
GGU,0.3867389496521606
GUA,0.40365886588558997
GUC,0.5000424959261323
GUG,0.9922505102567075
GUU,0.2844617290825472
UAC,0.5344287044382097
UAU,0.7916097631234159
UCA,0.37785560368357046
UCC,0.5059410747103683
UCG,0.7902142199351563
UCU,0.3109993742904126
UGC,0.7042100321973614
UGG,0.35536413018767854
UGU,0.9822995068952003
UUA,0.581650258565568
UUC,0.3429053890905377
UUG,0.26313385166195535
UUU,0.5790256472051003
