codon,average_decoding_time
AAA,0.46028777051781833
AAC,0.3273706674677119
AAG,0.16080071004429547
AAU,0.5600318936064136
ACA,0.3501321380887889
ACC,0.4474482297798623
ACG,0.6887301590826053
ACU,0.22436771209124773
AGA,0.14818313913982603
AGC,1.3976110628435874
AGG,1.8037608469496464
AGU,1.7486792807202163
AUA,0.44367791819944
AUC,0.45839123779817936
AUG,0.5205807600767101
AUU,0.26548676974102997
CAA,0.2997032442185917
CAC,0.3683636027666294
CAG,2.4221444300644617
CAU,0.6101619163684658
CCA,0.31297701080077783
CCC,1.812248714623996
CCG,0.3875868683276159
CCU,1.4502896373984153
CGA,0.48281534931280323
CGC,0.5088968866357497
CGG,1.399258250459034
CGU,0.2805230674061329
CUA,1.2337166910189656
CUC,3.4048664554542887
CUG,1.0992033022787941
CUU,3.982562438453458
GAA,0.3031027525889905
GAC,0.27968209719895576
GAG,2.1733230098169862
GAU,0.508182984366199
GCA,0.32550097853561
GCC,0.4820276828182562
GCG,0.8532061648288884
GCU,0.2565786079149747
GGA,1.0266685393333135
GGC,0.17108667567617333
GGG,0.6816522930896094
GGU,0.38748300984785083
GUA,0.4048346990859325
GUC,0.49876810336406396
GUG,2.074283388951617
GUU,0.27264679144136755
UAC,0.3702193286527511
UAU,0.6072498918226629
UCA,0.37357888345739027
UCC,0.4696358654940758
UCG,0.6497483004802017
UCU,0.24481278167000814
UGC,0.512541437244343
UGG,0.21345691147229617
UGU,0.7703092343443587
UUA,0.5188525180587503
UUC,0.29938961358092625
UUG,0.2025196948267759
UUU,0.5294698169680485
