codon,average_decoding_time
AAA,0.45937773593025494
AAC,0.32700771559125635
AAG,0.16149836632462342
AAU,0.5573452990565321
ACA,0.35030346759362946
ACC,0.445723966572103
ACG,0.6908175605873208
ACU,0.22353688568274663
AGA,0.14728190480349024
AGC,1.3914382637731229
AGG,0.3060431888856671
AGU,1.7445881952136706
AUA,0.4423018594089011
AUC,0.45779968935207793
AUG,0.5223541399639117
AUU,0.26552072712004954
CAA,0.2975985448582004
CAC,0.3692185941623604
CAG,2.4220012369100763
CAU,0.6080739974741323
CCA,0.31188028826797226
CCC,1.8129437009556635
CCG,0.38883647977152547
CCU,1.4518285397382231
CGA,0.479401282168775
CGC,0.5124510774468568
CGG,2.0880985150072235
CGU,0.28183628566903385
CUA,1.2355252223024595
CUC,3.434618953039144
CUG,1.0516134783201558
CUU,3.97418945673678
GAA,0.3026372476313631
GAC,0.2794000594451685
GAG,2.1641929058245775
GAU,0.505571221790054
GCA,0.3260135916737364
GCC,0.4811837603782083
GCG,0.8521309195920561
GCU,0.2567624569863779
GGA,1.027527851067736
GGC,0.17104007433469048
GGG,0.682061521827562
GGU,0.38575613241391554
GUA,0.4052154843358776
GUC,0.4984850533891637
GUG,2.076976807827278
GUU,0.2721703019300124
UAC,0.3704701961228389
UAU,0.6065937227502921
UCA,0.3713256514053709
UCC,0.46945305180774644
UCG,0.648111333486148
UCU,0.24604458384403843
UGC,0.5128164545402455
UGG,0.3347234760739058
UGU,0.7681290149575052
UUA,0.5197215750381153
UUC,0.3002658159542722
UUG,0.19410755131950314
UUU,0.5300022297861924
