codon,average_decoding_time
AAA,0.457469889860502
AAC,0.3275111146913305
AAG,0.23061534761435093
AAU,0.5586387459913447
ACA,0.349591620027277
ACC,0.4460374409126881
ACG,0.5780307702007107
ACU,0.23027685624433725
AGA,0.14826544496197805
AGC,1.3886740102065454
AGG,0.29032602397032753
AGU,1.749678803305093
AUA,0.44297366673054295
AUC,0.4572308339286175
AUG,0.5512332289083077
AUU,0.27896979189761073
CAA,0.3008270212551317
CAC,0.36937765186159816
CAG,0.5758160344269789
CAU,0.6086549039740101
CCA,0.3115186840925237
CCC,1.8073358438093958
CCG,1.4908166249496047
CCU,1.7619295592501827
CGA,0.48190155694784464
CGC,0.5098310419594652
CGG,1.9186807883609145
CGU,0.2833687250890737
CUA,1.2371969527769107
CUC,3.404583268011193
CUG,1.1593799441224089
CUU,1.158557564349667
GAA,0.30141963772402325
GAC,0.28029300031781773
GAG,0.4665907336820976
GAU,0.5065061454097312
GCA,0.3257757906470135
GCC,0.48272015483997244
GCG,0.7448931020988945
GCU,0.2254371526192539
GGA,1.019021532333968
GGC,0.17056606968251756
GGG,1.3520857950855436
GGU,0.3866032899778778
GUA,0.40684055919916895
GUC,0.4990939123704617
GUG,0.9965333322323076
GUU,0.28417750495238814
UAC,0.5330839624788841
UAU,0.7875989010918456
UCA,0.378213230565315
UCC,0.5071102521429455
UCG,2.9120672682993796
UCU,0.31028455412494105
UGC,0.7045589017611235
UGG,0.32259875634472834
UGU,0.9830000074099733
UUA,0.5835018541472331
UUC,0.34276596748732213
UUG,0.26478834353041913
UUU,0.5799602043820461
