codon,average_decoding_time
AAA,0.45953521542425907
AAC,0.3265637674459097
AAG,0.16101741820603135
AAU,0.5610297403539584
ACA,0.3521160455550048
ACC,0.4443843725762962
ACG,0.6645170808433971
ACU,0.22240178432573454
AGA,0.1477196534602436
AGC,1.3991232392069501
AGG,0.3059630689283264
AGU,1.7428742559469381
AUA,0.4445842470635033
AUC,0.4576065937820456
AUG,0.5195084306213908
AUU,0.26594721520198084
CAA,0.29927016193789663
CAC,0.3715083271763829
CAG,2.4238920493127325
CAU,0.6071082264828769
CCA,0.31209906999746667
CCC,1.814017710371056
CCG,0.4332228630467992
CCU,1.444526311944282
CGA,0.48218028863200096
CGC,0.5099629174847203
CGG,2.0815789349963847
CGU,0.2821200645980193
CUA,1.2382783391316847
CUC,3.3865107355522084
CUG,1.057308294363788
CUU,3.9829329577893264
GAA,0.2719986547069785
GAC,0.27774438423675696
GAG,1.9299678755137475
GAU,0.5051273298335152
GCA,0.32321548765905567
GCC,0.45117992427963266
GCG,0.7132800349640628
GCU,0.22878440717308698
GGA,0.8278260618072383
GGC,0.1481320864404763
GGG,0.6350273577535427
GGU,0.36241826681299716
GUA,0.3254140441103832
GUC,0.4180566921360078
GUG,1.7630225706429847
GUU,0.20013128405205066
UAC,0.36594446646162593
UAU,0.607363584501269
UCA,0.3747515823299923
UCC,0.46991367524830185
UCG,0.6460917776894982
UCU,0.24712280520914318
UGC,0.5144917132306275
UGG,0.33414295751600975
UGU,0.7684437418477597
UUA,0.5163952710687051
UUC,0.29902395154466266
UUG,0.19302266663851686
UUU,0.5293136050016836
