codon,average_decoding_time
AAA,0.4594537562263303
AAC,0.3256219707591168
AAG,0.16101124208467307
AAU,0.5586204050812027
ACA,0.3504984454844447
ACC,0.44324392890375525
ACG,0.6884670184005542
ACU,0.22366552792148062
AGA,0.14967556347915803
AGC,1.3990351836232167
AGG,1.7946316765880745
AGU,1.7452300973470107
AUA,0.44474950436986443
AUC,0.4562612269836461
AUG,0.5515934935820815
AUU,0.26518071694011147
CAA,0.2992282439237474
CAC,0.3701891372596088
CAG,2.4203151476759937
CAU,0.6085495720961516
CCA,0.3111305974929935
CCC,1.8109799929680062
CCG,0.3880849241944669
CCU,1.451763640070539
CGA,0.4814327336962963
CGC,0.5102459458834984
CGG,1.396033243787649
CGU,0.28478257820065483
CUA,1.2320743228420141
CUC,3.40073496009704
CUG,1.1602282919258675
CUU,3.960262136649865
GAA,0.3051612247925963
GAC,0.2788091340428256
GAG,2.1690430713708344
GAU,0.5073826408244128
GCA,0.32747219201233585
GCC,0.48137382418288915
GCG,0.8566406252595055
GCU,0.2572617594162918
GGA,1.0255400019566703
GGC,0.17108859730608048
GGG,0.681488028398053
GGU,0.3880075020232225
GUA,0.40494785908626824
GUC,0.4981644543777423
GUG,0.9933409631541266
GUU,0.2737759600400425
UAC,0.37104210828528733
UAU,0.607955552768315
UCA,0.37305211230261914
UCC,0.4697099604295533
UCG,0.6475861056127665
UCU,0.24458397444671706
UGC,0.5144935526136836
UGG,0.21464502369839214
UGU,0.7707332168314585
UUA,0.5186541445000272
UUC,0.29977765216041874
UUG,0.24174116203793092
UUU,0.5293301584912502
