codon,average_decoding_time
AAA,0.45793022044790976
AAC,0.3274531972218628
AAG,0.16102688837569723
AAU,0.559155525447254
ACA,0.3504486778695239
ACC,0.44297583539718544
ACG,0.6621009641841676
ACU,0.22975987796318864
AGA,0.14790159988583565
AGC,1.3997288440950186
AGG,1.7967348520716726
AGU,1.7563348391952645
AUA,0.4428885590129069
AUC,0.4580654717207707
AUG,0.5185668581011326
AUU,0.27847351877306664
CAA,0.299274978495687
CAC,0.36957792837608444
CAG,2.4243045846458102
CAU,0.6079998858216608
CCA,0.3116615158768696
CCC,1.7994549525145371
CCG,0.4330707822076848
CCU,1.7672847902632336
CGA,0.4829375002493553
CGC,0.5120422900448587
CGG,1.402581058152933
CGU,0.28304914195479886
CUA,1.2326699812375237
CUC,3.411192001288212
CUG,1.1011664069514318
CUU,1.1620584425931
GAA,0.27220885332484224
GAC,0.27951625255553153
GAG,1.9428521843768605
GAU,0.5053276032833944
GCA,0.32383898550779305
GCC,0.4502108489830123
GCG,0.7107976605417596
GCU,0.20731792163376347
GGA,0.8309342918811385
GGC,0.1490576176330557
GGG,0.630588426261545
GGU,0.3623959266475576
GUA,0.32404109413983506
GUC,0.4190648708206713
GUG,1.7656888785960265
GUU,0.21174052552804165
UAC,0.5334625126192
UAU,0.7877572438930344
UCA,0.37813656291561915
UCC,0.5042752426836176
UCG,0.7871565853245791
UCU,0.30892908068381136
UGC,0.7032424437313723
UGG,0.35476027824065787
UGU,0.9778419693967736
UUA,0.5808097522137878
UUC,0.34272542152601687
UUG,0.2538850506072443
UUU,0.5742356560127474
