codon,average_decoding_time
AAA,0.45883681863745834
AAC,0.32642046989099355
AAG,0.1615716630522969
AAU,0.560034136980147
ACA,0.34896738410388206
ACC,0.444117987731485
ACG,0.5772693629658042
ACU,0.22907642547868007
AGA,0.14888596066978502
AGC,1.400958791907622
AGG,0.292469420910017
AGU,1.750134960998494
AUA,0.44393975279786346
AUC,0.4577261292056602
AUG,0.5522238491590645
AUU,0.2799261527786214
CAA,0.3006875808923893
CAC,0.36908465271527924
CAG,2.4188724673123083
CAU,0.6072671150628817
CCA,0.312432900236468
CCC,1.8044535996902902
CCG,1.4928156450275554
CCU,1.7681580885088914
CGA,0.4820576774909571
CGC,0.5102365000768586
CGG,1.9224147167355352
CGU,0.2822264137175396
CUA,1.2331224398677003
CUC,3.405060384161494
CUG,1.121486242457503
CUU,1.1630864995921986
GAA,0.30483432353743256
GAC,0.27911669412247875
GAG,2.1662458616579907
GAU,0.509173285673008
GCA,0.3249083456045841
GCC,0.4811481356975892
GCG,0.7447526528215438
GCU,0.2264113257062064
GGA,1.0269498726170982
GGC,0.17112371465314744
GGG,1.3656923652345048
GGU,0.3866848759956274
GUA,0.4057616965663887
GUC,0.4993555607476519
GUG,0.9943935807834742
GUU,0.285083821552743
UAC,0.5326862408444887
UAU,0.7915021549089347
UCA,0.3782274606908219
UCC,0.5050440424114107
UCG,2.9212532387187
UCU,0.3118125801044148
UGC,0.7076393625830889
UGG,0.32469564857648703
UGU,0.9802130620135637
UUA,0.5764671653355811
UUC,0.3437967084467338
UUG,0.3278942629730696
UUU,0.575240051489499
