codon,average_decoding_time
AAA,0.45743162522879743
AAC,0.3262632310037973
AAG,0.2297076584672091
AAU,0.5603544794971154
ACA,0.35102435487955447
ACC,0.44532949554745166
ACG,0.665694946707906
ACU,0.22323652329342153
AGA,0.1478793350101175
AGC,1.396793558240954
AGG,0.3060646075477027
AGU,1.736937829711795
AUA,0.44262285301191506
AUC,0.4573462285940713
AUG,0.5211515092469813
AUU,0.26553668744760395
CAA,0.29798344737515886
CAC,0.3694394288352508
CAG,0.571708371195472
CAU,0.6053279369093159
CCA,0.3124146835718089
CCC,1.8038835159884248
CCG,0.4343805721661789
CCU,1.4429593644887018
CGA,0.48166067279906283
CGC,0.5103936512844834
CGG,2.083565330099252
CGU,0.2806896757867833
CUA,1.231328299583214
CUC,3.4004381937689967
CUG,1.0537058023040384
CUU,3.9642949662180613
GAA,0.2728686068437851
GAC,0.27974609826042374
GAG,0.4361284425008549
GAU,0.5076691446735031
GCA,0.32254672683291
GCC,0.45165914362855236
GCG,0.7080838101539655
GCU,0.2297293702947434
GGA,0.8258435996182337
GGC,0.14994370172945537
GGG,0.6320323908605893
GGU,0.3616947463326193
GUA,0.323337832703629
GUC,0.4176845663724837
GUG,1.7552754827996326
GUU,0.2002684326914437
UAC,0.3694980895425404
UAU,0.6074190403375809
UCA,0.37317171450961273
UCC,0.4700394773866512
UCG,0.6446453171627129
UCU,0.2457380724368326
UGC,0.5142214866035003
UGG,0.3345367687754188
UGU,0.7675687258062577
UUA,0.5196628448156715
UUC,0.3020398954519849
UUG,0.19367141226362072
UUU,0.5308781245493049
