codon,average_decoding_time
AAA,0.4579236578762695
AAC,0.3258788993693572
AAG,0.16192746479689793
AAU,0.5620189309044701
ACA,0.3497301019650068
ACC,0.4438424797681813
ACG,0.5806713629725018
ACU,0.22422192799039953
AGA,0.14873166897314527
AGC,1.3969141110588834
AGG,1.6304248049370833
AGU,1.7474513898453505
AUA,0.4445174820112167
AUC,0.4559798777810747
AUG,0.5498570466516769
AUU,0.26451775298675845
CAA,0.29929823196633154
CAC,0.3712830763357545
CAG,2.41544935984987
CAU,0.6089052703314773
CCA,0.3114294101187092
CCC,1.8091292342590242
CCG,1.4910272110078568
CCU,1.454100999313347
CGA,0.4829127509906747
CGC,0.510467517522467
CGG,1.23424108613348
CGU,0.28259846252942467
CUA,1.2396123567519144
CUC,3.4040596122087154
CUG,1.1202124746395556
CUU,3.9574932447489712
GAA,0.3038376070636521
GAC,0.2793679964217118
GAG,2.1723892840995713
GAU,0.5079771855266988
GCA,0.32703272334836986
GCC,0.4808017890254365
GCG,0.7414737215620687
GCU,0.2569488766703966
GGA,1.0206330923833438
GGC,0.1713745559490805
GGG,1.3654382692193516
GGU,0.38607615824289737
GUA,0.40586691522163093
GUC,0.5003670298578136
GUG,0.9972840377987204
GUU,0.27322290661514786
UAC,0.3707683325270245
UAU,0.6069153997765283
UCA,0.3726289940300147
UCC,0.46952514432125936
UCG,2.313017436084666
UCU,0.24647864861772778
UGC,0.5130094183630868
UGG,0.18506664990053287
UGU,0.7716924283417078
UUA,0.5181494244626884
UUC,0.3008106483195113
UUG,0.23098137747442107
UUU,0.5276800635345467
