codon,average_decoding_time
AAA,0.4597973505381478
AAC,0.3275160067429408
AAG,0.2304852924004433
AAU,0.5613459791777471
ACA,0.3499699862826785
ACC,0.44650317730584066
ACG,0.6657072274486799
ACU,0.22423739095188866
AGA,0.14898501909752285
AGC,1.3990428477186834
AGG,0.3067511319200032
AGU,1.745118250228688
AUA,0.4435691180186492
AUC,0.4568255900265192
AUG,0.5535654998356799
AUU,0.26559090957267506
CAA,0.29987831619648414
CAC,0.37070180377214335
CAG,0.5728491234376701
CAU,0.6086837813016853
CCA,0.31296313114513497
CCC,1.8124778166199083
CCG,0.4342001405607599
CCU,1.447531680256307
CGA,0.48252902333952513
CGC,0.5090919664361995
CGG,2.0878888362949284
CGU,0.2826738736366287
CUA,1.2336362157637981
CUC,3.4008743939108355
CUG,1.1199744180435076
CUU,3.9658143061200053
GAA,0.27177888165153835
GAC,0.2793314148559122
GAG,0.43322113194806205
GAU,0.5070565290849407
GCA,0.32115190386359466
GCC,0.4523525673268378
GCG,0.712398112216008
GCU,0.22862689326701294
GGA,0.8322376618770294
GGC,0.14856475410040337
GGG,0.6344578889493944
GGU,0.36023176776658367
GUA,0.32325220984420633
GUC,0.41856565725580475
GUG,0.7681261524993851
GUU,0.19955347892356912
UAC,0.3700748471202214
UAU,0.6059971877876692
UCA,0.37459461550513895
UCC,0.4698330610032848
UCG,0.6477348419956248
UCU,0.24520664962258276
UGC,0.5139603564648738
UGG,0.33453729958787415
UGU,0.7641087263202448
UUA,0.5187369133435441
UUC,0.3000316902685639
UUG,0.23199565289854382
UUU,0.5326886511049977
