codon,average_decoding_time
AAA,0.45849279317458036
AAC,0.32769901927147904
AAG,0.22953698450415588
AAU,0.5588555035041811
ACA,0.347718281615005
ACC,0.4445576542179057
ACG,0.5791365582703365
ACU,0.22552750517193593
AGA,0.14844821371721514
AGC,1.3997187471653385
AGG,1.6222488904685568
AGU,1.74107103931923
AUA,0.44462433813348873
AUC,0.4592954802956245
AUG,0.5200277915750933
AUU,0.26412158234153105
CAA,0.2997118871307602
CAC,0.3718864837872812
CAG,0.5745903051326094
CAU,0.6068964725950974
CCA,0.31152903709023705
CCC,1.8074744168880903
CCG,1.4905301757515985
CCU,1.451942872850381
CGA,0.4819907756892904
CGC,0.5084371268161757
CGG,1.232981597075294
CGU,0.2817551833046323
CUA,1.2379507184908187
CUC,3.414474670779411
CUG,1.095969509334467
CUU,3.983275524436652
GAA,0.303844987921815
GAC,0.27935763952654613
GAG,0.46325377337255413
GAU,0.5078618921797828
GCA,0.32625871321861194
GCC,0.48253023007738305
GCG,0.7423605843014168
GCU,0.25833153303592626
GGA,1.0270955888078326
GGC,0.17103441815433273
GGG,1.357862961953048
GGU,0.3873421759011133
GUA,0.4044134234012762
GUC,0.4983919255409868
GUG,2.076190047030124
GUU,0.2724546431154789
UAC,0.37004591470871223
UAU,0.6090530467355003
UCA,0.37117907028356395
UCC,0.4711029317602027
UCG,2.3154742421801044
UCU,0.245463672950486
UGC,0.5109727391972938
UGG,0.1833299816923176
UGU,0.7672648572107136
UUA,0.5202419932641291
UUC,0.3001400002541271
UUG,0.20180129866463237
UUU,0.5309723534571681
