codon,average_decoding_time
AAA,0.457462556328095
AAC,0.32652941055188545
AAG,0.23034320469272693
AAU,0.5611932534534926
ACA,0.34966350938871843
ACC,0.44421601681285033
ACG,0.6688584786250343
ACU,0.2289461113737855
AGA,0.1481983324335704
AGC,1.3915354772120658
AGG,0.30750936058383693
AGU,1.742156629546325
AUA,0.44359056684071285
AUC,0.4584620956214484
AUG,0.5217419649026712
AUU,0.27852964493525645
CAA,0.3017106565383786
CAC,0.3695851817310623
CAG,0.5712112908024284
CAU,0.6064701268819019
CCA,0.31165909000899855
CCC,1.8200904867671184
CCG,0.4322900611991077
CCU,1.7596641249068468
CGA,0.48196248622272525
CGC,0.5076677967098947
CGG,2.092002306681985
CGU,0.2840146329860153
CUA,1.2313140870358372
CUC,3.3909491173999755
CUG,1.0949263523296184
CUU,1.155203982227364
GAA,0.2717431446792007
GAC,0.2801502732251358
GAG,0.43506974239414214
GAU,0.5062049317673684
GCA,0.32294830199635155
GCC,0.4517379783247815
GCG,0.7066341930746871
GCU,0.20737291082237833
GGA,0.826316503103072
GGC,0.1483548741245759
GGG,0.6316384830153229
GGU,0.36182231113488655
GUA,0.324798578953813
GUC,0.4193291327778059
GUG,1.5691714173832025
GUU,0.21268022092667477
UAC,0.533993804877911
UAU,0.7896798380151316
UCA,0.3766365923127185
UCC,0.506668300939184
UCG,0.7834220815138558
UCU,0.31052294427829846
UGC,0.7053605613518494
UGG,0.3542430587069459
UGU,0.9807850364568146
UUA,0.5777456224281824
UUC,0.3447706629333192
UUG,0.3071754708005159
UUU,0.5761912701825208
