codon,average_decoding_time
AAA,0.45627832616246783
AAC,0.3259687171708582
AAG,0.2300086132724172
AAU,0.5586801470607883
ACA,0.3514910756205067
ACC,0.44649756983573907
ACG,0.6878201679460103
ACU,0.2293463703246294
AGA,0.14897208767779463
AGC,1.3926029964491207
AGG,0.3080790942154224
AGU,1.7452651531172934
AUA,0.4455087557832642
AUC,0.4584744333772756
AUG,0.5525358229496947
AUU,0.2784850838231073
CAA,0.3005439521510836
CAC,0.3686214049547301
CAG,0.5724519565556171
CAU,0.6093994913465951
CCA,0.3128395721148546
CCC,1.8061351508925518
CCG,0.38873692507040514
CCU,1.766590272628671
CGA,0.4820842040348533
CGC,0.5095170365987082
CGG,2.084222575371146
CGU,0.2816564252264811
CUA,1.2333970575625222
CUC,3.398724631284476
CUG,1.1627198564377068
CUU,1.1621571662114984
GAA,0.3040659456706686
GAC,0.27865684121067197
GAG,0.46757245639255374
GAU,0.5095726903117177
GCA,0.32660023406280353
GCC,0.48134616161143073
GCG,0.8504626086639745
GCU,0.226034693759359
GGA,1.0258592919573142
GGC,0.17138289850585695
GGG,0.6830371813292352
GGU,0.3891699991053375
GUA,0.40602213741796783
GUC,0.49990274895412246
GUG,0.9909156556638944
GUU,0.2846011093191158
UAC,0.5350307102378271
UAU,0.7928887260169463
UCA,0.37786875190557084
UCC,0.5069668041061389
UCG,0.7884143566101329
UCU,0.3110818401124478
UGC,0.7058969443630733
UGG,0.3544731541481451
UGU,0.9781619011057014
UUA,0.5785534380212037
UUC,0.34311007586032355
UUG,0.263625687578941
UUU,0.5763236481703559
