codon,average_decoding_time
AAA,0.45878437952783746
AAC,0.3252679864669119
AAG,0.22987373622860083
AAU,0.5587112451099883
ACA,0.35193194385740084
ACC,0.4458446211427464
ACG,0.6651483918797554
ACU,0.22347608880167472
AGA,0.14742067904898967
AGC,1.3954153955069317
AGG,1.8078810526035196
AGU,1.7537462605936363
AUA,0.44458455270258607
AUC,0.45791562404569697
AUG,0.5508296666317177
AUU,0.2651746249173474
CAA,0.3010550646077002
CAC,0.3686215270547248
CAG,0.5737765962215959
CAU,0.6094639610856952
CCA,0.3126343704527755
CCC,1.8094128129963116
CCG,0.4348833426041046
CCU,1.4447455794948887
CGA,0.483512791691393
CGC,0.5107918321482382
CGG,1.4046584772248467
CGU,0.2807690329511729
CUA,1.23826335603618
CUC,3.3956924782511395
CUG,1.117657090726712
CUU,3.9769879156495875
GAA,0.2712416147311241
GAC,0.27903028044688466
GAG,0.4333873995004164
GAU,0.5099070492401293
GCA,0.32241985030842474
GCC,0.45290463821430593
GCG,0.7123601635808966
GCU,0.22960554413071227
GGA,0.8315203432553213
GGC,0.14835592262010053
GGG,0.6318063336079437
GGU,0.36231228679944055
GUA,0.3233655046948198
GUC,0.4202420814789683
GUG,0.7683303246383754
GUU,0.19916901329367087
UAC,0.3711381837095618
UAU,0.6058430248029634
UCA,0.3733702608113176
UCC,0.469927694736939
UCG,0.6458024523726614
UCU,0.24631267386652111
UGC,0.5160784877836195
UGG,0.21479586346081986
UGU,0.7665995881848179
UUA,0.5164487160959979
UUC,0.29956495112508014
UUG,0.23182165552778217
UUU,0.5278820899029818
