codon,average_decoding_time
AAA,0.4570643715731901
AAC,0.32642297695810973
AAG,0.16150522615693225
AAU,0.5576479809489083
ACA,0.3492604591085473
ACC,0.4451026150012204
ACG,0.6672893410529435
ACU,0.22985465952739353
AGA,0.14846014378140854
AGC,1.3940820109036467
AGG,1.810272970574009
AGU,1.7461480942085932
AUA,0.44344181951077394
AUC,0.4576672813761115
AUG,0.5236815448276236
AUU,0.27806614883733033
CAA,0.29954989676004457
CAC,0.3677105715348362
CAG,2.427629380017096
CAU,0.6091472926904675
CCA,0.311193063848473
CCC,1.8122503662815823
CCG,0.43154183882901204
CCU,1.7686283152772826
CGA,0.48224900264556
CGC,0.5085569914115989
CGG,1.3979169863075944
CGU,0.28240582576782636
CUA,1.2394072155347333
CUC,3.40040764001832
CUG,1.102724468660732
CUU,1.1551984314733563
GAA,0.273398549936974
GAC,0.2805555891033581
GAG,1.9335961837044064
GAU,0.5067315372535863
GCA,0.3234780487961624
GCC,0.4520929853785324
GCG,0.7094350639497127
GCU,0.2070859088321378
GGA,0.8313509640225824
GGC,0.1490647318599638
GGG,0.6329766328786398
GGU,0.36138993033529426
GUA,0.3243539606935508
GUC,0.419832962953619
GUG,1.7633222838258464
GUU,0.21278762485041733
UAC,0.5309503421051291
UAU,0.788592051804714
UCA,0.3774237237307166
UCC,0.5046336345744257
UCG,0.7883536330907636
UCU,0.3094333528766469
UGC,0.7049105654845523
UGG,0.35274493951815356
UGU,0.9824359125397553
UUA,0.5793318562651808
UUC,0.3445073672452297
UUG,0.2531482250760722
UUU,0.5759246224392593
