codon,average_decoding_time
AAA,0.45670745937980195
AAC,0.32774264965714034
AAG,0.16103840738712147
AAU,0.5578671055733704
ACA,0.35049966639908947
ACC,0.44569457650172395
ACG,0.6618275229165166
ACU,0.2307664488800069
AGA,0.1480651690137836
AGC,1.3923812482188054
AGG,0.30791376585419655
AGU,1.745095101622119
AUA,0.4437078442533539
AUC,0.45796535349312734
AUG,0.5505106630556786
AUU,0.27921037616580363
CAA,0.30069294166460303
CAC,0.370607107652807
CAG,2.424599745014093
CAU,0.6092173523456089
CCA,0.3098836409644755
CCC,1.803854133887627
CCG,0.43177466909293444
CCU,1.7693634422750648
CGA,0.48330487154789764
CGC,0.5088418237689459
CGG,2.0947657087031986
CGU,0.28154511707915875
CUA,1.2360442448777202
CUC,3.4021609150723484
CUG,1.1615892575817475
CUU,1.154796620062906
GAA,0.2727272396861552
GAC,0.2802520065265683
GAG,1.9373577619969344
GAU,0.5078478133404469
GCA,0.3225076645179831
GCC,0.4518448319876546
GCG,0.7142960764854218
GCU,0.20733760636761647
GGA,0.8267718723875845
GGC,0.14976019007162117
GGG,0.6338520583838103
GGU,0.36150218977250936
GUA,0.32379637679145684
GUC,0.4184574776116845
GUG,0.7705481040074004
GUU,0.2150065414955994
UAC,0.534213064313603
UAU,0.7904108905725463
UCA,0.37604483599536875
UCC,0.5046184579737713
UCG,0.791064885053646
UCU,0.31077083105539727
UGC,0.7081568512093603
UGG,0.35284895989409043
UGU,0.9767771429795022
UUA,0.580871122766832
UUC,0.344429988249433
UUG,0.32376314943730516
UUU,0.5774786521798964
