codon,average_decoding_time
AAA,0.4582398803940748
AAC,0.3264242484926814
AAG,0.16058573897916834
AAU,0.5591003178333503
ACA,0.35009252586619294
ACC,0.4444198018574871
ACG,0.6867450764938877
ACU,0.223451613924736
AGA,0.14772119677382184
AGC,1.3913355073659524
AGG,1.8023918198803408
AGU,1.7497469526699176
AUA,0.4427754719694455
AUC,0.45763357071760796
AUG,0.523289159676758
AUU,0.26424578727061837
CAA,0.29944589355052637
CAC,0.3711456246186093
CAG,2.422053167897873
CAU,0.6058369171551591
CCA,0.31137239776040915
CCC,1.8103301727419034
CCG,0.3892367373278483
CCU,1.4508151231488955
CGA,0.4818267798078443
CGC,0.5120826316417522
CGG,1.4000223129770217
CGU,0.281262709216293
CUA,1.237886186967541
CUC,3.409996039129889
CUG,1.0552629453475937
CUU,3.9788344211048208
GAA,0.30227936889125506
GAC,0.2790801582941136
GAG,2.1665357657020903
GAU,0.5076350704802568
GCA,0.327304227011591
GCC,0.4810399368077402
GCG,0.8491330717050155
GCU,0.25609478471121094
GGA,1.0227965067906892
GGC,0.17104660880939282
GGG,0.683736914619207
GGU,0.3854815035086728
GUA,0.40421503115375873
GUC,0.49932741728131563
GUG,2.0843693276385378
GUU,0.2702357806846244
UAC,0.3710612939759879
UAU,0.608660061097724
UCA,0.3729299185400091
UCC,0.46852859766495764
UCG,0.646704643252026
UCU,0.24464739074441116
UGC,0.5129614629099107
UGG,0.21468956645645296
UGU,0.7694537423962052
UUA,0.5230081089704395
UUC,0.2996154175362016
UUG,0.19469222007808734
UUU,0.5306756280635241
