codon,average_decoding_time
AAA,0.4584422645837506
AAC,0.3269576017309702
AAG,0.16137510335711822
AAU,0.5584980927727015
ACA,0.35114153015588656
ACC,0.4433235120268125
ACG,0.6850189164200612
ACU,0.22474354412298617
AGA,0.1476362572677047
AGC,1.3930569106531545
AGG,0.30763721784517295
AGU,1.7453845807828707
AUA,0.4433597958033163
AUC,0.4578177653351989
AUG,0.5195548209613476
AUU,0.26564580015098177
CAA,0.3006324528587599
CAC,0.36937885693622535
CAG,2.4371861151394785
CAU,0.6079018707989197
CCA,0.3132331283119961
CCC,1.8052112675806746
CCG,0.38881689294521143
CCU,1.4493644122859777
CGA,0.47956300864702195
CGC,0.5093408322853277
CGG,2.0820553544362257
CGU,0.2805969330507332
CUA,1.2365252095716333
CUC,3.398164849636424
CUG,1.0548932858833706
CUU,3.986096847409107
GAA,0.30347700638416447
GAC,0.2799564908354412
GAG,2.161456554160219
GAU,0.5090639709718299
GCA,0.3268862480329935
GCC,0.48188538604823095
GCG,0.8536094099633817
GCU,0.2560529809807929
GGA,1.0274840804733438
GGC,0.17144271464661387
GGG,0.682053702876373
GGU,0.38652289956164276
GUA,0.4035083621855431
GUC,0.49803815441108046
GUG,2.082333103462327
GUU,0.2713439257115927
UAC,0.3694068527364671
UAU,0.6093728151707904
UCA,0.37382304269041183
UCC,0.4684411507286214
UCG,0.643245766310315
UCU,0.24367187010203156
UGC,0.5123087589881601
UGG,0.33391827310604383
UGU,0.7672153437037172
UUA,0.5198131764019585
UUC,0.2991387450596144
UUG,0.19365973938824013
UUU,0.5311253727282874
