codon,average_decoding_time
AAA,0.457894141469053
AAC,0.32680613814354753
AAG,0.1615121109711368
AAU,0.5570533787628035
ACA,0.3510724525698706
ACC,0.4458409792734763
ACG,0.5784636600976073
ACU,0.22415628373068786
AGA,0.14761920557828934
AGC,1.394908720074233
AGG,0.29161434053619223
AGU,1.7370673908988148
AUA,0.445957369679966
AUC,0.45664674355531104
AUG,0.52223640461744
AUU,0.26483595918323616
CAA,0.2993880357881925
CAC,0.36946747583871026
CAG,2.4150071563773903
CAU,0.6085114306902838
CCA,0.3119868890512061
CCC,1.8071376049644787
CCG,1.4902997697035594
CCU,1.4506803863425852
CGA,0.4810550211930256
CGC,0.5101692076742914
CGG,1.9209653568937661
CGU,0.2819082244787197
CUA,1.2293714734326537
CUC,3.4151781249009288
CUG,1.0548501559876156
CUU,3.96888024557477
GAA,0.30471212284047355
GAC,0.28089404681596886
GAG,2.172939505285486
GAU,0.5058163480606228
GCA,0.326038814286728
GCC,0.4825167466386102
GCG,0.7429116314994355
GCU,0.254998101210364
GGA,1.0258731265202699
GGC,0.17023942654308347
GGG,1.3692932711214698
GGU,0.3859574380332622
GUA,0.4049770668894513
GUC,0.4986816906650162
GUG,2.076613669148473
GUU,0.27302840023696423
UAC,0.3697365111553256
UAU,0.6063562717584169
UCA,0.3727479398139115
UCC,0.46944015932352523
UCG,2.2979257486161946
UCU,0.24662720500592045
UGC,0.5124415535590275
UGG,0.3032462762124249
UGU,0.76533269170325
UUA,0.5189506321068597
UUC,0.29883004719552575
UUG,0.19325700755163988
UUU,0.5309913321470351
