codon,average_decoding_time
AAA,0.46081219836180876
AAC,0.3255715688611253
AAG,0.15968205173297734
AAU,0.5606547523504495
ACA,0.3492082140900466
ACC,0.44463005848931947
ACG,0.6841850100694079
ACU,0.23016137553338592
AGA,0.14816226657252307
AGC,1.3982071843809634
AGG,0.3072598213440205
AGU,1.745520281300085
AUA,0.4435513264642767
AUC,0.45807170426803234
AUG,0.5215885923300178
AUU,0.27912565312386123
CAA,0.2989420474851847
CAC,0.3701580763080091
CAG,2.419971117269555
CAU,0.6089734642877618
CCA,0.3109969858848636
CCC,1.8025318255137495
CCG,0.38844153175402135
CCU,1.7595276369448816
CGA,0.48172889821312825
CGC,0.5126630404621685
CGG,2.0894151742943476
CGU,0.28025203037133023
CUA,1.233141284452004
CUC,3.4041258093069064
CUG,1.1001807454777424
CUU,1.1587243477250204
GAA,0.3037033292017796
GAC,0.278121304344044
GAG,2.1754805080894295
GAU,0.5072327673346001
GCA,0.3262926172178623
GCC,0.4798292358864979
GCG,0.8530488196118895
GCU,0.22514264245317
GGA,1.0227616495889953
GGC,0.1708830303092026
GGG,0.681056460047809
GGU,0.38602052206337467
GUA,0.40429040981864267
GUC,0.4976606977350394
GUG,2.072419753732406
GUU,0.28572320708805093
UAC,0.5327890573216125
UAU,0.7877455111311532
UCA,0.37820247438301174
UCC,0.5038325055995633
UCG,0.7865063188283703
UCU,0.3104098060066483
UGC,0.7068050834995302
UGG,0.35335088080391325
UGU,0.9808957060738674
UUA,0.5769718734167648
UUC,0.3434607307974962
UUG,0.25291330310915155
UUU,0.5798394042362515
