codon,average_decoding_time
AAA,0.45867062396959785
AAC,0.32627336456479855
AAG,0.23068064391567875
AAU,0.5614013350517847
ACA,0.34934245848385237
ACC,0.446356878693549
ACG,0.6640923273331298
ACU,0.22469511256041835
AGA,0.14723757465296405
AGC,1.3957113381429653
AGG,0.30801741984659226
AGU,1.7366992598377533
AUA,0.44376812041384467
AUC,0.45671211167035036
AUG,0.5206515987767611
AUU,0.2668004146110768
CAA,0.29916430423005985
CAC,0.37142951426576826
CAG,0.5722749324647594
CAU,0.610694500315307
CCA,0.3114535558011124
CCC,1.8123260038133535
CCG,0.4338445909696682
CCU,1.4497396424833138
CGA,0.4803869871514276
CGC,0.510925844895393
CGG,2.0892791873190655
CGU,0.2814419130885532
CUA,1.2376160410029735
CUC,3.413859989904351
CUG,1.05127536004496
CUU,3.964039096156032
GAA,0.27081139476414606
GAC,0.2781852564549385
GAG,0.4345106058676476
GAU,0.5062119196965734
GCA,0.3232519958431442
GCC,0.44984061343515985
GCG,0.7121820020641534
GCU,0.2290225665613054
GGA,0.8263587105085493
GGC,0.14935091936709957
GGG,0.6352413180380789
GGU,0.3620605392753047
GUA,0.32438542829952705
GUC,0.41841309898186096
GUG,1.5669639551675651
GUU,0.1994486896256793
UAC,0.369580952687111
UAU,0.6100170214418505
UCA,0.37254172793615536
UCC,0.4689317751227167
UCG,0.6476200161309814
UCU,0.24491816469647726
UGC,0.5144000424881747
UGG,0.335198613657406
UGU,0.7694075006319923
UUA,0.5218642906830916
UUC,0.29925841144689946
UUG,0.21376777467317493
UUU,0.5287256597371601
