codon,average_decoding_time
AAA,0.45906751368972254
AAC,0.3242792011042743
AAG,0.16172530684978817
AAU,0.5595364906520827
ACA,0.35087860319260433
ACC,0.444733754495735
ACG,0.6888135183925065
ACU,0.22284690734622312
AGA,0.14841897769357543
AGC,1.394891914779726
AGG,0.3072096829100458
AGU,1.741750834123612
AUA,0.44431827991591455
AUC,0.4573519895408896
AUG,0.5206916961259914
AUU,0.2652104565661534
CAA,0.29829494231522546
CAC,0.37352550708627175
CAG,2.4147077393598413
CAU,0.6074978127927605
CCA,0.312206454982131
CCC,1.8035385709867768
CCG,0.38934286581605576
CCU,1.453439979581336
CGA,0.4799744230102319
CGC,0.5107290294090611
CGG,2.075821997275461
CGU,0.2825757370205779
CUA,1.2271567901798957
CUC,3.3988139165200804
CUG,1.0936042691322359
CUU,3.9651879376252634
GAA,0.3034793576100231
GAC,0.2795586137216017
GAG,2.1584257977472476
GAU,0.5081652865707348
GCA,0.3259852322897215
GCC,0.4822115359785683
GCG,0.8548869334259852
GCU,0.2567961862711197
GGA,1.0258480300537691
GGC,0.17051737816231438
GGG,0.6853877532836566
GGU,0.3855682332290818
GUA,0.4043008416735155
GUC,0.4993198874013022
GUG,2.0696271497220513
GUU,0.2713921442221218
UAC,0.3698077399297519
UAU,0.6075889756863866
UCA,0.3731575572413204
UCC,0.4696472483281886
UCG,0.6463367354995821
UCU,0.24523826297267945
UGC,0.5164055624799009
UGG,0.3342568714533297
UGU,0.7664646831432763
UUA,0.5199568432756088
UUC,0.2998785063005664
UUG,0.22365278082858234
UUU,0.5306591441957661
