codon,average_decoding_time
AAA,0.4596903116863674
AAC,0.32542174300275006
AAG,0.23001490536403538
AAU,0.5624052645458648
ACA,0.3486891691223738
ACC,0.44467259087751554
ACG,0.6859866390680817
ACU,0.22268947203310904
AGA,0.14788228875171547
AGC,1.3971734396954798
AGG,1.8050722143222435
AGU,1.7480476976357238
AUA,0.443279395226945
AUC,0.45658140123018254
AUG,0.5539322147881863
AUU,0.2656053121613855
CAA,0.2987994324460333
CAC,0.36820457858059874
CAG,0.5711636312950837
CAU,0.6082953036407754
CCA,0.31184360976320585
CCC,1.8023630136043205
CCG,0.3881313555645373
CCU,1.4516156055920157
CGA,0.481436164835618
CGC,0.51063484326126
CGG,1.3997397841652943
CGU,0.2823204573883789
CUA,1.2397477012033478
CUC,3.4025442335158322
CUG,1.115678061402816
CUU,3.9797551071444253
GAA,0.30275646299592485
GAC,0.27798046064075654
GAG,0.4663308203121415
GAU,0.5065654957721127
GCA,0.32658787750966306
GCC,0.48059274400145086
GCG,0.8558220976609773
GCU,0.2566083474703299
GGA,1.025960330077159
GGC,0.17173771935097473
GGG,0.6820940797869665
GGU,0.38742007043444393
GUA,0.4052257581100017
GUC,0.49800035679764754
GUG,0.9980596255625868
GUU,0.2725038489677116
UAC,0.3702730946431663
UAU,0.6082567136248764
UCA,0.37262104401708157
UCC,0.4668301497287477
UCG,0.6475233308529619
UCU,0.24672617717752685
UGC,0.511939244020023
UGG,0.21453595869629535
UGU,0.766889439071791
UUA,0.5192758073037417
UUC,0.30018847275491606
UUG,0.2049365640785317
UUU,0.5291626737983076
