codon,average_decoding_time
AAA,0.4595131244945954
AAC,0.3254968901378382
AAG,0.16149963251285646
AAU,0.558014126908284
ACA,0.347994566387063
ACC,0.4448197370145111
ACG,0.5803201152638451
ACU,0.2234092700584533
AGA,0.14791292103037668
AGC,1.402975022459875
AGG,0.2912163852464082
AGU,1.748961593270979
AUA,0.4447510961768454
AUC,0.4568273376551918
AUG,0.5517706317934563
AUU,0.2651427796547128
CAA,0.2984281684102108
CAC,0.37067859457357727
CAG,2.4256698163627974
CAU,0.60946888732131
CCA,0.3141759532327125
CCC,1.8083169932620926
CCG,1.4940442767903874
CCU,1.4420617739245845
CGA,0.48208968163713506
CGC,0.5102392687729292
CGG,1.906692611309785
CGU,0.2812981600487242
CUA,1.2371093801046524
CUC,3.409226730680601
CUG,1.1627087674173073
CUU,3.952901013159068
GAA,0.3031654514919356
GAC,0.2816243748807997
GAG,2.170245273310719
GAU,0.5064692512239152
GCA,0.325692546706064
GCC,0.480931554950368
GCG,0.7470160717843783
GCU,0.25775833176137153
GGA,1.0250382176660524
GGC,0.1722986803517842
GGG,1.3699174312129763
GGU,0.3877888517521856
GUA,0.4033137506413262
GUC,0.5001477140768231
GUG,0.9987029393978446
GUU,0.2718341710185319
UAC,0.37000647040786333
UAU,0.6081096569296413
UCA,0.3740861616799697
UCC,0.4699023918941307
UCG,2.3335827977159447
UCU,0.24502877682969643
UGC,0.5109408564558715
UGG,0.30429295188460287
UGU,0.7684706987105181
UUA,0.5185756077234666
UUC,0.301747044651558
UUG,0.2449952493655931
UUU,0.5303740010647245
