codon,average_decoding_time
AAA,0.4572205301728863
AAC,0.32502948709471113
AAG,0.23185533742193642
AAU,0.5620284367040226
ACA,0.3509720316230761
ACC,0.44472580721752014
ACG,0.6868612129623382
ACU,0.22949646520853315
AGA,0.1485392607585133
AGC,1.3953307135689834
AGG,1.8024199618096306
AGU,1.745693505752828
AUA,0.44285512368312424
AUC,0.45675223243765584
AUG,0.5514419696143505
AUU,0.27801196086753827
CAA,0.2997802057670611
CAC,0.37085243324713824
CAG,0.5729850800895229
CAU,0.6080315967181075
CCA,0.31248591761302263
CCC,1.8047011806958946
CCG,0.3884943098586297
CCU,1.762264880348662
CGA,0.4826552396936989
CGC,0.5098806691903659
CGG,1.3962334033590604
CGU,0.28386746050063355
CUA,1.235014791421672
CUC,3.3812542588182994
CUG,1.1673338127528254
CUU,1.1650845451104686
GAA,0.30381474486774435
GAC,0.27930130835926087
GAG,0.4636062838477458
GAU,0.5079498820803062
GCA,0.32570370494979595
GCC,0.48161316786393354
GCG,0.8554703727378795
GCU,0.2264454268104142
GGA,1.0193313755962348
GGC,0.17127761167191544
GGG,0.680351412245956
GGU,0.3856604492015232
GUA,0.4027745685725469
GUC,0.4986764515571787
GUG,0.9957016581584682
GUU,0.2844308473451312
UAC,0.5315830917264559
UAU,0.7901117828143811
UCA,0.37740366856245977
UCC,0.5022720888609488
UCG,0.7851703376624284
UCU,0.31183152655154034
UGC,0.7069737934637901
UGG,0.353579861462667
UGU,0.9823684707585831
UUA,0.5798452000269714
UUC,0.34124332143590713
UUG,0.2633451109748415
UUU,0.5764951256273841
