codon,average_decoding_time
AAA,0.45953738763166
AAC,0.3269308207560502
AAG,0.22997160341094866
AAU,0.5605320872841472
ACA,0.3496965644903783
ACC,0.44683757649849903
ACG,0.5774538584905645
ACU,0.22924366661938472
AGA,0.14846851178057058
AGC,1.394009164702901
AGG,0.2915079036740327
AGU,1.7444158073999871
AUA,0.44618770649451484
AUC,0.4569331191874795
AUG,0.5226644928320634
AUU,0.27781799856993317
CAA,0.29826736408205506
CAC,0.36985456637180447
CAG,0.5711716908385456
CAU,0.608790765265639
CCA,0.31156528686117907
CCC,1.8233996515840447
CCG,1.4952441230984967
CCU,1.7668614710558748
CGA,0.4816744430931766
CGC,0.5099900724039585
CGG,1.9281059888016485
CGU,0.2838013028521444
CUA,1.2380899394127196
CUC,3.398393853510019
CUG,1.093298727989776
CUU,1.1634984425160655
GAA,0.3045397703530258
GAC,0.28081253017709773
GAG,0.4661062505594161
GAU,0.5082934749462094
GCA,0.3258629155944085
GCC,0.48140113223832764
GCG,0.7439378641190358
GCU,0.22615490350591885
GGA,1.0253504520737282
GGC,0.17028290024127263
GGG,1.3689057556212885
GGU,0.3866014501891865
GUA,0.40654066545833806
GUC,0.4983814115981426
GUG,2.076585615277845
GUU,0.28567472279299166
UAC,0.5337414588208087
UAU,0.791028304605752
UCA,0.3780159906131043
UCC,0.5069230807816314
UCG,2.916860505644538
UCU,0.3085699639432819
UGC,0.7055147847647245
UGG,0.32446733738653605
UGU,0.980532265893454
UUA,0.5774630774783892
UUC,0.34293330744340134
UUG,0.30901348003446505
UUU,0.5780132995340987
