codon,average_decoding_time
AAA,0.4589189280351536
AAC,0.32728984682087936
AAG,0.22910469618441576
AAU,0.5575008887078883
ACA,0.35088532947631873
ACC,0.44641965432756747
ACG,0.6827654203319582
ACU,0.22978067623789447
AGA,0.14845238751277098
AGC,1.3944016658351943
AGG,0.30787984556518894
AGU,1.7520173043032716
AUA,0.44353360370572015
AUC,0.4562083426451708
AUG,0.5529875417389828
AUU,0.27849522804340554
CAA,0.2975253009408853
CAC,0.3695568714279313
CAG,0.573845772431714
CAU,0.607870610407337
CCA,0.3110347339920764
CCC,1.8103408723070828
CCG,0.387102899639178
CCU,1.7586060344500525
CGA,0.48203476899870484
CGC,0.5071969085406788
CGG,2.087107613388788
CGU,0.28217832033798385
CUA,1.2401179590404916
CUC,3.3999334783275477
CUG,1.1596489317910106
CUU,1.1603294752523317
GAA,0.3026290896450657
GAC,0.277753021741483
GAG,0.46501328455494956
GAU,0.5063053065753644
GCA,0.3266629908621489
GCC,0.4810935352533406
GCG,0.8532450070358564
GCU,0.22617573148192813
GGA,1.0232215859879892
GGC,0.17161132732384668
GGG,0.6809341603990673
GGU,0.385866792435218
GUA,0.40354575471196463
GUC,0.49990712273471916
GUG,0.9934130814925185
GUU,0.28626973896159114
UAC,0.5354573268907384
UAU,0.7857027311453335
UCA,0.37932284470554417
UCC,0.5056026515562498
UCG,0.7872812198287942
UCU,0.3093258506047686
UGC,0.702964455863636
UGG,0.35516863568670526
UGU,0.9816829112351287
UUA,0.5808637919497658
UUC,0.3419569047304014
UUG,0.2630063366484784
UUU,0.5759538495636675
