codon,average_decoding_time
AAA,0.4600794343544347
AAC,0.3270958200620534
AAG,0.1607163230710412
AAU,0.5611817509257212
ACA,0.3502785041698526
ACC,0.443405400439284
ACG,0.5812982130616571
ACU,0.22988164138040015
AGA,0.14845254516325146
AGC,1.395708206914547
AGG,0.29132444834493837
AGU,1.7480637230782383
AUA,0.4432593040858416
AUC,0.45812861199886623
AUG,0.5524572672623935
AUU,0.2800010044319397
CAA,0.2984725430652372
CAC,0.3703274370432342
CAG,2.4140103201775402
CAU,0.6091672810459144
CCA,0.31092409250027764
CCC,1.805657914315849
CCG,1.4973425002110738
CCU,1.7612386472581332
CGA,0.4813413528585285
CGC,0.5091820015531905
CGG,1.915503355945485
CGU,0.28205040599814424
CUA,1.2374375974851808
CUC,3.403030847140969
CUG,1.1191215530652943
CUU,1.1557791782158555
GAA,0.30228051660685185
GAC,0.2788888551617099
GAG,2.154154909864319
GAU,0.508004591109379
GCA,0.3267431232136457
GCC,0.48200511319820755
GCG,0.747503190024117
GCU,0.22644652935291906
GGA,1.0252904333054316
GGC,0.17200020477889724
GGG,1.3625155298941236
GGU,0.38565499109947227
GUA,0.4043339485076047
GUC,0.49845981965209146
GUG,0.9952400840736993
GUU,0.2867148488974172
UAC,0.5304722911970086
UAU,0.7875045068245745
UCA,0.3786966305617859
UCC,0.5049234859237327
UCG,2.928475280055721
UCU,0.31082560551818755
UGC,0.7037481500121612
UGG,0.3228936047045787
UGU,0.9799756912126504
UUA,0.579761172159323
UUC,0.34214613745986716
UUG,0.2649633895550936
UUU,0.5781632439264013
