codon,average_decoding_time
AAA,0.4573438353106328
AAC,0.3272953985293929
AAG,0.23120603020843813
AAU,0.5607554456869863
ACA,0.3495538748966829
ACC,0.44516260173842054
ACG,0.6651488428930572
ACU,0.22497125419717773
AGA,0.14737406223821473
AGC,1.394610835921301
AGG,0.30684923764692207
AGU,1.7524062517093701
AUA,0.4452375007651325
AUC,0.45786271123636574
AUG,0.546610379387053
AUU,0.265203737758165
CAA,0.3004104946140722
CAC,0.3706256643505241
CAG,0.5738245180186791
CAU,0.6088044379066184
CCA,0.3130100437161236
CCC,1.8200983192615106
CCG,0.43302671942690535
CCU,1.4524737112027941
CGA,0.4829816237485367
CGC,0.5113803338953442
CGG,2.089769051012006
CGU,0.28178207509948233
CUA,1.2362562195305413
CUC,3.4302630726699346
CUG,1.1161909572573858
CUU,3.9642355433878467
GAA,0.27096725646512276
GAC,0.27844357497231736
GAG,0.43428519234763063
GAU,0.5098490672253829
GCA,0.3224827122268609
GCC,0.451447893842147
GCG,0.7111239625280664
GCU,0.23016625957275447
GGA,0.8277880980707404
GGC,0.14884592941235436
GGG,0.6359503446263098
GGU,0.3611492698769404
GUA,0.32486466113259244
GUC,0.4178437246287195
GUG,0.8626832014485288
GUU,0.1995544763781597
UAC,0.36851085724534866
UAU,0.6049037861380495
UCA,0.37335725081968585
UCC,0.46753504348359476
UCG,0.652733905572007
UCU,0.24586634986584205
UGC,0.508734325295938
UGG,0.3334167557220048
UGU,0.7681697875525856
UUA,0.5206102246194058
UUC,0.29956257537900377
UUG,0.20489112148358452
UUU,0.528514377832129
