codon,average_decoding_time
AAA,0.4609343799907947
AAC,0.3247888556448537
AAG,0.16191001091200097
AAU,0.5626702296566344
ACA,0.34894407204773065
ACC,0.44576019021320673
ACG,0.5777722436541971
ACU,0.22225992267125563
AGA,0.14732596042062052
AGC,1.3937808139473722
AGG,1.6374092283705706
AGU,1.7502101322533645
AUA,0.44416637009782367
AUC,0.46006383219879327
AUG,0.5516236650606006
AUU,0.2655538910501298
CAA,0.299576163631409
CAC,0.36738773985348483
CAG,2.4277032610606892
CAU,0.6103758834807806
CCA,0.3120458872528404
CCC,1.8202284904554982
CCG,1.4948334016432496
CCU,1.45230610900669
CGA,0.4831385492879077
CGC,0.508822826166211
CGG,1.229587408777123
CGU,0.28227605019650637
CUA,1.233441922191928
CUC,3.4087345079999127
CUG,1.1565478409345973
CUU,3.966368728843017
GAA,0.30288297744803033
GAC,0.2795972027010693
GAG,2.177398504011205
GAU,0.5085795524447155
GCA,0.32735278552159275
GCC,0.480229202228748
GCG,0.7421437469262362
GCU,0.25491745501648433
GGA,1.0220023240997005
GGC,0.1707569180362323
GGG,1.3618555492528006
GGU,0.38699006054446394
GUA,0.40473006599934763
GUC,0.49937023119695534
GUG,0.9967742842302084
GUU,0.27344037902385576
UAC,0.3701908665367946
UAU,0.606808545246129
UCA,0.37395950426433866
UCC,0.47114114299331383
UCG,2.310772887958823
UCU,0.24570655313574974
UGC,0.5137918260605233
UGG,0.18471075719091679
UGU,0.7686790812442069
UUA,0.5186203657713208
UUC,0.29972465467980614
UUG,0.21222396747708522
UUU,0.5281254101201769
