codon,average_decoding_time
AAA,0.4568781094795217
AAC,0.3276775013125898
AAG,0.2311032072455447
AAU,0.5612680578909006
ACA,0.3503843593514099
ACC,0.4448107163057093
ACG,0.6673883313425654
ACU,0.22960615153754202
AGA,0.14830674696483875
AGC,1.399488325364852
AGG,0.306203567928696
AGU,1.7536493922482932
AUA,0.4450759884034812
AUC,0.4579017381322721
AUG,0.5233001696948579
AUU,0.2782089888566765
CAA,0.29782785329025346
CAC,0.37061601406765904
CAG,0.5734340325320738
CAU,0.6112540277581218
CCA,0.3131468335295964
CCC,1.810707444208515
CCG,0.43228495453676163
CCU,1.770469954654428
CGA,0.48319620249851003
CGC,0.5093330070380334
CGG,2.084365154703594
CGU,0.2810273366492492
CUA,1.2339357218737774
CUC,3.4202971530670907
CUG,1.098300714524275
CUU,1.1615410565140316
GAA,0.27120003066460213
GAC,0.2785748621667739
GAG,0.43473167143673447
GAU,0.5080725974973204
GCA,0.3234448896352978
GCC,0.45033852810267416
GCG,0.7114035784023616
GCU,0.20732492430153188
GGA,0.8314825726860421
GGC,0.14859363537131035
GGG,0.6334010097728663
GGU,0.3620357082381555
GUA,0.3249131649821025
GUC,0.41725117562630903
GUG,1.7607377288786916
GUU,0.21407343496976197
UAC,0.5345625487876626
UAU,0.7882334288004793
UCA,0.3776385325193762
UCC,0.5051060990599732
UCG,0.7872035330737476
UCU,0.30937077841407595
UGC,0.7043291151349323
UGG,0.3528824867129884
UGU,0.9809918256854328
UUA,0.5782694522330941
UUC,0.3411317183072593
UUG,0.2530357892021313
UUU,0.5765037646693157
