codon,average_decoding_time
AAA,0.45873801380411106
AAC,0.3273553587915441
AAG,0.16123228675003054
AAU,0.5608531122313761
ACA,0.3488153574788379
ACC,0.44616797967468863
ACG,0.6863033137760327
ACU,0.22423450308154538
AGA,0.1477375739097281
AGC,1.3888856839307648
AGG,1.7967465834051888
AGU,1.742065272320515
AUA,0.44459899840933154
AUC,0.45946021951466354
AUG,0.5530218261999442
AUU,0.2645578421993767
CAA,0.29905959018838546
CAC,0.3696512733809388
CAG,2.423157460628372
CAU,0.6074878265675759
CCA,0.3132161841329565
CCC,1.8066066824128133
CCG,0.38742792185443686
CCU,1.4561569319554926
CGA,0.4823218688463594
CGC,0.5098375569443103
CGG,1.4002446155610395
CGU,0.2818591442651994
CUA,1.2358813519598193
CUC,3.3900116031277725
CUG,1.1239692213764145
CUU,3.974858061924073
GAA,0.3037836384484339
GAC,0.2796462278422701
GAG,2.1613298047386507
GAU,0.5061467352355116
GCA,0.32588628497414956
GCC,0.48150059011766966
GCG,0.8559982059552529
GCU,0.2556012740088453
GGA,1.0196731586035965
GGC,0.17086613081971627
GGG,0.6816541292384797
GGU,0.3869761661404663
GUA,0.4052739716735984
GUC,0.49863205519419984
GUG,0.9987106694628379
GUU,0.2729670383563734
UAC,0.3679500472900336
UAU,0.6111160934925466
UCA,0.3732640255936468
UCC,0.46682051812862607
UCG,0.6479031146165813
UCU,0.2463311707728116
UGC,0.511711046977061
UGG,0.21451993890053925
UGU,0.7699569910985199
UUA,0.5191551684085427
UUC,0.29952992639134157
UUG,0.20452681890646618
UUU,0.5287463813662875
