codon,average_decoding_time
AAA,0.4593613120007482
AAC,0.32921349702644026
AAG,0.22940852777278709
AAU,0.5594803837677303
ACA,0.350545054380271
ACC,0.44227556083296243
ACG,0.5763477791427332
ACU,0.222081896625761
AGA,0.1474176260475027
AGC,1.3958632643248123
AGG,1.6382325608363977
AGU,1.7531943863126533
AUA,0.44391061365343987
AUC,0.455884120126777
AUG,0.552783969148332
AUU,0.2662655299163177
CAA,0.298500285237586
CAC,0.37035199339216823
CAG,0.5733354920844793
CAU,0.6085252484587147
CCA,0.3130036350532097
CCC,1.8068581301677167
CCG,1.4823417687945317
CCU,1.4496681358999732
CGA,0.48345623977087177
CGC,0.5088576053935121
CGG,1.2276132085475995
CGU,0.2829740793555323
CUA,1.228749213362306
CUC,3.3996167471360743
CUG,1.122444300435779
CUU,3.9636684032710217
GAA,0.30535258546911237
GAC,0.28089437428752634
GAG,0.4644801763838251
GAU,0.5065098179546415
GCA,0.32578122046364866
GCC,0.48099833699087796
GCG,0.7456326950489117
GCU,0.2559688612249727
GGA,1.0206560432500522
GGC,0.17299133998486518
GGG,1.3626459342919495
GGU,0.3880645008013215
GUA,0.4053655936428892
GUC,0.5006546933779719
GUG,0.9961958401172454
GUU,0.27082390348677177
UAC,0.3705771523488309
UAU,0.6090571379208611
UCA,0.3721032578601814
UCC,0.46956142373666315
UCG,2.301050987659251
UCU,0.24578537109313037
UGC,0.5124082001451029
UGG,0.18387693289952187
UGU,0.7662452448957671
UUA,0.5198880851070767
UUC,0.2988342972141849
UUG,0.20524815657939136
UUU,0.5293265710226943
