codon,average_decoding_time
AAA,0.4564203775960395
AAC,0.32704590921656473
AAG,0.1615334443193687
AAU,0.560024967486278
ACA,0.350662428734623
ACC,0.4457968581972714
ACG,0.5778035388643983
ACU,0.22194770837954522
AGA,0.1478108856701524
AGC,1.39635963652754
AGG,1.640069948015524
AGU,1.7472081675614566
AUA,0.4436934525681151
AUC,0.4579885546044709
AUG,0.5523399094699025
AUU,0.26580365941366196
CAA,0.2998356011690922
CAC,0.3694787452284457
CAG,2.420219463233501
CAU,0.6058942630197433
CCA,0.3116859561261524
CCC,1.802359722298783
CCG,1.4874296550302508
CCU,1.4593942185797877
CGA,0.4822974311007381
CGC,0.5098693349014825
CGG,1.2291107615776669
CGU,0.28188352340271766
CUA,1.236949824417089
CUC,3.418986927059572
CUG,1.116336702350353
CUU,3.968621752451802
GAA,0.30296046263412896
GAC,0.2793692829722655
GAG,2.1578632770186585
GAU,0.5084703715085965
GCA,0.3273510033542449
GCC,0.4809592417659592
GCG,0.7425393163212053
GCU,0.25640910139389517
GGA,1.0216589080694858
GGC,0.17142661231135084
GGG,1.3727351224081346
GGU,0.387555717014294
GUA,0.4053740502981485
GUC,0.4991547354173664
GUG,0.9937559687497463
GUU,0.27346046409947894
UAC,0.371411998254821
UAU,0.6084806648419298
UCA,0.372292111900487
UCC,0.4695758893822681
UCG,2.316631595130863
UCU,0.24571933097162393
UGC,0.5158707405595908
UGG,0.18433235416851368
UGU,0.7714469235934903
UUA,0.5165051765680101
UUC,0.2991991799886716
UUG,0.22928373220495413
UUU,0.5278354269295421
