codon,average_decoding_time
AAA,0.45821370856705324
AAC,0.32671102289674997
AAG,0.23033054782309056
AAU,0.5605712989556547
ACA,0.34972328341250525
ACC,0.4443077090815495
ACG,0.6895048163317197
ACU,0.22331875803936754
AGA,0.14811155787228109
AGC,1.399792073372103
AGG,0.3077269215842605
AGU,1.742416836654273
AUA,0.4450781259571909
AUC,0.4572358202463276
AUG,0.550779592265153
AUU,0.265777420098027
CAA,0.2984127652112439
CAC,0.36986804658589184
CAG,0.571708098474747
CAU,0.6079406734068927
CCA,0.3100504576367442
CCC,1.814283077086641
CCG,0.3879912688492697
CCU,1.4498375197897333
CGA,0.4833953483437147
CGC,0.5124313516453324
CGG,2.087269754824178
CGU,0.2814708503147685
CUA,1.2357933615249364
CUC,3.4016711387296446
CUG,1.118133061423389
CUU,3.984351190558193
GAA,0.3055264233047745
GAC,0.27919980937793154
GAG,0.46484007378234005
GAU,0.5063811487412232
GCA,0.32754238734232255
GCC,0.482024358281286
GCG,0.8564292314428059
GCU,0.2560868187034577
GGA,1.014671142435681
GGC,0.17205189435327276
GGG,0.6849119266446824
GGU,0.386991667886181
GUA,0.404878865123114
GUC,0.4987558638663758
GUG,0.9973964000249295
GUU,0.2735671072168524
UAC,0.36984143504620326
UAU,0.6075103355811283
UCA,0.3728507616036527
UCC,0.46929516008009975
UCG,0.6442087444855473
UCU,0.24420894740417873
UGC,0.5099789783993794
UGG,0.33423777620592743
UGU,0.7654477021254186
UUA,0.5165210757840578
UUC,0.2997966047424544
UUG,0.20398482838408283
UUU,0.5298954888509019
