codon,average_decoding_time
AAA,0.459165273607927
AAC,0.32557999506480023
AAG,0.22999683705459964
AAU,0.5581635563234142
ACA,0.3508006748545853
ACC,0.44404517163532664
ACG,0.6888807670833335
ACU,0.2245540404091457
AGA,0.14837340608593036
AGC,1.3848596757537406
AGG,0.30666959852778736
AGU,1.747419972697667
AUA,0.4454099611635103
AUC,0.45582255807287475
AUG,0.549798674875736
AUU,0.2663718999673027
CAA,0.299654076155518
CAC,0.369826868773643
CAG,0.5732744751601443
CAU,0.6080963466930507
CCA,0.3122071333494089
CCC,1.8028331987419113
CCG,0.3889658998551901
CCU,1.4574512597528728
CGA,0.48010152064271416
CGC,0.5103998008843611
CGG,2.0967825648143408
CGU,0.28210596630750956
CUA,1.2396115127645033
CUC,3.420640880652837
CUG,1.1603259760517242
CUU,3.9673349611374555
GAA,0.3048611308722681
GAC,0.2795880798458888
GAG,0.4646260168177438
GAU,0.506345660077026
GCA,0.32458294840904206
GCC,0.4797667740169168
GCG,0.8507018978512929
GCU,0.25451151887802514
GGA,1.0237068146599912
GGC,0.1724793067001981
GGG,0.6830690750045826
GGU,0.3868207202726979
GUA,0.40732347684839415
GUC,0.49880921688218177
GUG,0.9967700915294938
GUU,0.27258572998247294
UAC,0.3697834086324524
UAU,0.6096794758376932
UCA,0.37290571699620045
UCC,0.4706784862344114
UCG,0.6444119563433215
UCU,0.245493227996353
UGC,0.5133878928067857
UGG,0.33466451478603443
UGU,0.767538498890119
UUA,0.522092838969683
UUC,0.298825950715495
UUG,0.24357301644905086
UUU,0.5253860272805659
