codon,average_decoding_time
AAA,0.45848176659777795
AAC,0.32512926553582966
AAG,0.23002100460468358
AAU,0.5618454370194418
ACA,0.34977768260363234
ACC,0.4471237651970379
ACG,0.5765323326524677
ACU,0.22903670290782044
AGA,0.14684165033375227
AGC,1.4017642246738036
AGG,0.29113015415474364
AGU,1.7513287528761834
AUA,0.44324123930329823
AUC,0.45524500040560245
AUG,0.5519978829384964
AUU,0.27902275676765675
CAA,0.29961264000591614
CAC,0.3716412503114641
CAG,0.5721705295936274
CAU,0.6079216420092804
CCA,0.31136222664775826
CCC,1.809284385169944
CCG,1.4951385481249864
CCU,1.7679691715204275
CGA,0.4803331581070832
CGC,0.5078623142062201
CGG,1.9180090284198241
CGU,0.2827294103018499
CUA,1.2371299114058965
CUC,3.387877871562412
CUG,1.1202816532485604
CUU,1.1629267224203412
GAA,0.3045956207021876
GAC,0.2794420038602915
GAG,0.4655388990139007
GAU,0.5076802245099702
GCA,0.3271090742600615
GCC,0.4818206849611077
GCG,0.7389282663778431
GCU,0.22484365553461474
GGA,1.0260580952323437
GGC,0.1713765182041785
GGG,1.3660033016463005
GGU,0.3875194563194966
GUA,0.4054523363599762
GUC,0.5010325652458377
GUG,0.9983369189914625
GUU,0.28481904084417237
UAC,0.5343354204689696
UAU,0.7871377899008279
UCA,0.37586424545371044
UCC,0.5054255714558997
UCG,2.9105059533013242
UCU,0.3112357277741848
UGC,0.7044270679981842
UGG,0.32311215394442105
UGU,0.9756432098739545
UUA,0.576439298890625
UUC,0.34305026503416847
UUG,0.2634296339219433
UUU,0.5767565509205191
