codon,average_decoding_time
AAA,0.4588521255691092
AAC,0.3246696643054676
AAG,0.16146934883322944
AAU,0.560585473010631
ACA,0.34929559534834065
ACC,0.44521213602361065
ACG,0.66553191116175
ACU,0.23099167582901903
AGA,0.14875655558200274
AGC,1.396581485083356
AGG,1.7973444277477693
AGU,1.7435971463779727
AUA,0.44286481776977277
AUC,0.455751912975241
AUG,0.5504626751897093
AUU,0.27875009748033447
CAA,0.29940310543036963
CAC,0.3690335724896537
CAG,2.427673603887386
CAU,0.6063528445396283
CCA,0.3122974282112305
CCC,1.8116000968568973
CCG,0.43225651263690806
CCU,1.7668075774938132
CGA,0.4808500840001788
CGC,0.5113267758022343
CGG,1.3978369634839476
CGU,0.2815366081783938
CUA,1.2359607271910966
CUC,3.412064619559627
CUG,1.1605472931896075
CUU,1.1549348666974069
GAA,0.2726688287107509
GAC,0.27945025074268176
GAG,1.9420999482110186
GAU,0.5056485694952053
GCA,0.3219217087690311
GCC,0.4496124503119905
GCG,0.7128653019455821
GCU,0.20763813693295277
GGA,0.8338654703138199
GGC,0.1500825393166756
GGG,0.6343968782945983
GGU,0.3616421420031553
GUA,0.32418645367016596
GUC,0.41730056544168664
GUG,0.7727719856786208
GUU,0.21274441530870838
UAC,0.5338266055664059
UAU,0.7912434542307794
UCA,0.3783880585734087
UCC,0.5051740429624136
UCG,0.7919079895920765
UCU,0.3100332411879902
UGC,0.7045832977481155
UGG,0.35279286026786294
UGU,0.9801420002723701
UUA,0.5771046091532308
UUC,0.34339379099014317
UUG,0.3246460230861738
UUU,0.576171681956903
