codon,average_decoding_time
AAA,0.4589958226146685
AAC,0.3267986534261678
AAG,0.23118855144136027
AAU,0.5585118392106356
ACA,0.349726811102443
ACC,0.44409614811417436
ACG,0.6891517189497
ACU,0.22464209160360785
AGA,0.14820417174665917
AGC,1.3860681407184343
AGG,0.30792861394666854
AGU,1.7440667173430373
AUA,0.4437054282930842
AUC,0.4561784852703399
AUG,0.5525958700461169
AUU,0.26530739274017456
CAA,0.30089296985855407
CAC,0.3709569840133458
CAG,0.5765480984164509
CAU,0.6091478782372107
CCA,0.3124135276838632
CCC,1.813032093139751
CCG,0.3893006370120626
CCU,1.4483947240265551
CGA,0.48266387251501996
CGC,0.5085641226171892
CGG,2.091899657062026
CGU,0.2827484836538658
CUA,1.2427453909945472
CUC,3.4073251733043564
CUG,1.11810964408371
CUU,3.9606524694507983
GAA,0.30287207005534367
GAC,0.27986022394391524
GAG,0.46364368811621015
GAU,0.5078125795022164
GCA,0.3261188318882297
GCC,0.48423242319564597
GCG,0.8539608346078462
GCU,0.25705151271398335
GGA,1.0229240331618967
GGC,0.17171473699903966
GGG,0.6840134848765357
GGU,0.3856200008245347
GUA,0.40522694811734583
GUC,0.4977770567098877
GUG,0.9997260668277073
GUU,0.27255201148863123
UAC,0.3697203260441335
UAU,0.6077911632190972
UCA,0.3737250031413618
UCC,0.46895664258825265
UCG,0.6439551439613538
UCU,0.24558727054596788
UGC,0.515155784904697
UGG,0.33655773387710447
UGU,0.7693144112915122
UUA,0.5208216051005193
UUC,0.29885693011699865
UUG,0.20458303198893227
UUU,0.5292097627358553
