codon,average_decoding_time
AAA,0.4576508747857895
AAC,0.32774083433434237
AAG,0.1610198539523647
AAU,0.5583480376135412
ACA,0.34924807032216143
ACC,0.44534727711407934
ACG,0.5783837833530855
ACU,0.22496793293140877
AGA,0.14792582839115706
AGC,1.3837793787824788
AGG,0.2924585522557464
AGU,1.7559129974661463
AUA,0.44213362899665876
AUC,0.45937144457279666
AUG,0.5526157533168339
AUU,0.2660209160912809
CAA,0.2994738272913081
CAC,0.3696696402952204
CAG,2.4326744844439965
CAU,0.6095291940723878
CCA,0.31208404887224256
CCC,1.819344904571376
CCG,1.4790983832892344
CCU,1.452802846069175
CGA,0.48140289201134745
CGC,0.5096266190860751
CGG,1.9200630340005955
CGU,0.2833451347503318
CUA,1.2374873181707948
CUC,3.3933265995142197
CUG,1.169976261391691
CUU,3.971118394748685
GAA,0.3026664638357352
GAC,0.27943441340308944
GAG,2.1570894923294075
GAU,0.5087657854978408
GCA,0.32708852508844544
GCC,0.4812897886854783
GCG,0.7446882985967065
GCU,0.25596938009559445
GGA,1.0252662840108016
GGC,0.1719867160070802
GGG,1.3654313905075801
GGU,0.3866196823317736
GUA,0.4033367225619976
GUC,0.4991741312929408
GUG,0.9896169661612464
GUU,0.270833727955391
UAC,0.36970940351503423
UAU,0.6082742184193164
UCA,0.3729435694053214
UCC,0.4682815994154265
UCG,2.314623177526474
UCU,0.24633082914153806
UGC,0.5123707698034637
UGG,0.3036804788149844
UGU,0.7717897121079274
UUA,0.5179792477426283
UUC,0.29896543273228043
UUG,0.21271797575506457
UUU,0.5295516006670338
