codon,average_decoding_time
AAA,0.45933441532521146
AAC,0.3285862513779143
AAG,0.16082712296489687
AAU,0.562539905294204
ACA,0.35149084811779496
ACC,0.4444018770158805
ACG,0.6647854083019376
ACU,0.22409243028094253
AGA,0.14898029217594383
AGC,1.3949242204783223
AGG,1.804692359644693
AGU,1.7446344129151008
AUA,0.44436426791062417
AUC,0.45784825590029987
AUG,0.5226906159030522
AUU,0.2654571347299467
CAA,0.29890117624474133
CAC,0.36972526562878855
CAG,2.423534966215617
CAU,0.6094457300715551
CCA,0.3115310362361977
CCC,1.8120372973913719
CCG,0.4332435055053581
CCU,1.4602543751738666
CGA,0.4814454842974876
CGC,0.5083190160164935
CGG,1.4032041363093832
CGU,0.2819524095232104
CUA,1.2391390223298913
CUC,3.430491231060166
CUG,1.095463668863915
CUU,3.977766804009905
GAA,0.27310018673405756
GAC,0.27912763466965995
GAG,1.92414681232689
GAU,0.5031876715414069
GCA,0.32190698057821004
GCC,0.452030857690321
GCG,0.7101907860618437
GCU,0.22912409907072567
GGA,0.8240317923445876
GGC,0.14811381315602165
GGG,0.6317534049432643
GGU,0.36211593099137657
GUA,0.3241061662354851
GUC,0.41785808925633655
GUG,1.7685139998867798
GUU,0.2007899735554574
UAC,0.3682229287669748
UAU,0.6076252176778298
UCA,0.37238813398904763
UCC,0.4695787726848068
UCG,0.6454407889581198
UCU,0.2445138000848936
UGC,0.5161062578144212
UGG,0.21492707936226002
UGU,0.7691940128837843
UUA,0.5174526312217069
UUC,0.29967125279586987
UUG,0.20152738953623586
UUU,0.526642587004423
