codon,average_decoding_time
AAA,0.45642606987463585
AAC,0.3292193840396629
AAG,0.23070494052674181
AAU,0.5604082040486447
ACA,0.35055745113160947
ACC,0.4467488401758998
ACG,0.6854555592264339
ACU,0.22387707156942266
AGA,0.14815207548679826
AGC,1.3952669478820279
AGG,0.30794397146852087
AGU,1.7487845896348224
AUA,0.4438885569459191
AUC,0.45805515505113814
AUG,0.5520950911991029
AUU,0.26616749004894397
CAA,0.29862196730077206
CAC,0.3696850192672788
CAG,0.5717848626615651
CAU,0.6071899890115967
CCA,0.3104040547229141
CCC,1.814843505592927
CCG,0.3885123255390002
CCU,1.4543976433159513
CGA,0.48246283499913106
CGC,0.5112874199003685
CGG,2.081989843262389
CGU,0.2825075964433076
CUA,1.2367285674577158
CUC,3.4133456505408026
CUG,1.1155911561539054
CUU,3.976016583312213
GAA,0.30352883470356107
GAC,0.2791592040088143
GAG,0.4662679869865183
GAU,0.5098756641247858
GCA,0.3281423902205517
GCC,0.48038404277779867
GCG,0.8514486821059264
GCU,0.2574557669981148
GGA,1.02400952633938
GGC,0.17062409411684745
GGG,0.6864671825308624
GGU,0.3863473425799178
GUA,0.40455743381558185
GUC,0.49961951457619375
GUG,1.0037089402217971
GUU,0.27263873774589154
UAC,0.37250786257641666
UAU,0.608587348285843
UCA,0.37430346210380666
UCC,0.46809681865192887
UCG,0.6499392805738318
UCU,0.24564039871486748
UGC,0.5125775184129077
UGG,0.33341191194182973
UGU,0.7613272033123634
UUA,0.5199248486775216
UUC,0.29934627074106146
UUG,0.23073947840237397
UUU,0.528722544513705
