codon,average_decoding_time
AAA,0.45498736415347973
AAC,0.3245807421834926
AAG,0.23018915030655393
AAU,0.5595061828557418
ACA,0.350751814009817
ACC,0.44608298663379936
ACG,0.578469515632682
ACU,0.22901724823416483
AGA,0.14681004131877934
AGC,1.393485659280891
AGG,1.6334539435305668
AGU,1.7428136679223323
AUA,0.44330235569897986
AUC,0.45609511178405876
AUG,0.5501964600654822
AUU,0.2782210561930954
CAA,0.3010583873730921
CAC,0.3696784592538814
CAG,0.5732005135152223
CAU,0.6065996163254818
CCA,0.3109029753575555
CCC,1.8091992587105798
CCG,1.4861915853760095
CCU,1.7599049730787193
CGA,0.48261294936871446
CGC,0.5112415849903285
CGG,1.2300826886689877
CGU,0.28050857981145355
CUA,1.2451542927273302
CUC,3.4148798481213714
CUG,1.165221937116658
CUU,1.1641985314506462
GAA,0.30555323394094736
GAC,0.2795144567284668
GAG,0.46768865489697636
GAU,0.5079727763188432
GCA,0.32644467772261265
GCC,0.48228247067706426
GCG,0.7426028947582131
GCU,0.22586280751474846
GGA,1.0243963414352408
GGC,0.17175171511223583
GGG,1.3669199853665033
GGU,0.3859589470918677
GUA,0.4033120988384097
GUC,0.4998541603370316
GUG,0.9944179779171377
GUU,0.2847582092212251
UAC,0.5340738276753478
UAU,0.788855172376984
UCA,0.37866375340376174
UCC,0.5043065188766367
UCG,2.908065223337324
UCU,0.3091668808183344
UGC,0.7057668429706866
UGG,0.32540813318696793
UGU,0.9856543512691804
UUA,0.5809268996427345
UUC,0.344919619807649
UUG,0.32541308097936855
UUU,0.579232847404323
