codon,average_decoding_time
AAA,0.45724024843909933
AAC,0.3275917500381893
AAG,0.22996974153516295
AAU,0.5602265356305097
ACA,0.350459740670631
ACC,0.44423098570438013
ACG,0.686905807466582
ACU,0.22983078361175735
AGA,0.14838348651854819
AGC,1.3994474662675176
AGG,1.7923309252283155
AGU,1.7492655155832204
AUA,0.4467593443966798
AUC,0.45839649928573695
AUG,0.5208404042243154
AUU,0.2785279602603296
CAA,0.29944230193336624
CAC,0.3705851927811891
CAG,0.5733116059392269
CAU,0.6091998598635869
CCA,0.3127603149583026
CCC,1.8148831108995778
CCG,0.3876621644906648
CCU,1.760581778933247
CGA,0.48170682940441983
CGC,0.5099657946188851
CGG,1.4052654148691808
CGU,0.28395504376149483
CUA,1.2349093771002297
CUC,3.417914618047975
CUG,1.0535610113643847
CUU,1.1673717394763299
GAA,0.30384613616535927
GAC,0.27810176231194145
GAG,0.4649415593214409
GAU,0.5075642122903347
GCA,0.32657097512353944
GCC,0.48138637884361857
GCG,0.8575908403862393
GCU,0.22684204030207109
GGA,1.0242292379333926
GGC,0.17137514982096652
GGG,0.6830882234532335
GGU,0.3879359106615852
GUA,0.4053102096901054
GUC,0.4971537444968368
GUG,2.08142582254373
GUU,0.2860918413200353
UAC,0.5303923072584461
UAU,0.7874372452728392
UCA,0.3785928909817226
UCC,0.5049631851527091
UCG,0.7897506858592297
UCU,0.30981997623932467
UGC,0.7049001017072403
UGG,0.3542053220579214
UGU,0.9759295019408121
UUA,0.5754898336526609
UUC,0.343647233365633
UUG,0.3076733263213664
UUU,0.5765371222675277
