codon,average_decoding_time
AAA,0.4576733919487344
AAC,0.3299375901414712
AAG,0.1605642616099065
AAU,0.5593734577241443
ACA,0.3499973719548191
ACC,0.4461852077537818
ACG,0.5783110549317771
ACU,0.22340540985254517
AGA,0.14738177382634335
AGC,1.3990739001318095
AGG,1.6286096779228372
AGU,1.749005928791434
AUA,0.4457753978935734
AUC,0.4569276292352058
AUG,0.5241201432341183
AUU,0.2653707151786877
CAA,0.3000849532960433
CAC,0.3683463350096778
CAG,2.4309337466630816
CAU,0.6080422263065562
CCA,0.31114964556900493
CCC,1.8177278816757212
CCG,1.491903432017703
CCU,1.4522578448575925
CGA,0.4802077932015309
CGC,0.5115459575447643
CGG,1.2333330588015392
CGU,0.28275134567298454
CUA,1.2378332283283764
CUC,3.4145616551502584
CUG,1.098658028853138
CUU,3.9604206032574187
GAA,0.304865540093793
GAC,0.27887860507140283
GAG,2.160792646946453
GAU,0.5058152448786039
GCA,0.3274048592751518
GCC,0.482029277440284
GCG,0.7398763673271082
GCU,0.2569379607034299
GGA,1.0242816579299496
GGC,0.17149705599929893
GGG,1.3628261061626463
GGU,0.38518070045978864
GUA,0.4047532324724311
GUC,0.4986944014732076
GUG,2.075191107639296
GUU,0.2713996468348255
UAC,0.36827964488326403
UAU,0.6082635276170844
UCA,0.37429825148385654
UCC,0.46917885979527074
UCG,2.3148162869585494
UCU,0.2460947759751941
UGC,0.5144483185195692
UGG,0.18396538749297262
UGU,0.7723201677919218
UUA,0.5203703753871936
UUC,0.2999332877675805
UUG,0.20133272495751006
UUU,0.5287702155815505
