codon,average_decoding_time
AAA,0.4605774398108619
AAC,0.3256843228359586
AAG,0.22984393157904026
AAU,0.5595209517329615
ACA,0.3512451613252082
ACC,0.4442715614639422
ACG,0.5801699690706001
ACU,0.22210370104257193
AGA,0.14841398754230017
AGC,1.3927728680357525
AGG,0.2927513456330289
AGU,1.75024503837785
AUA,0.443913787248171
AUC,0.4577446876745266
AUG,0.5198301434969244
AUU,0.26605656349766904
CAA,0.3017454441131533
CAC,0.3709246172538753
CAG,0.5724127104881196
CAU,0.6062235750751824
CCA,0.31088180609100535
CCC,1.8078326810913363
CCG,1.4931123625582527
CCU,1.4516883987344793
CGA,0.48053767449307166
CGC,0.5100134279530785
CGG,1.9176753417318801
CGU,0.2828039840342592
CUA,1.2388090034046946
CUC,3.395418982952468
CUG,1.0956300863744184
CUU,3.9644959229585632
GAA,0.3054610150722098
GAC,0.2779610043643433
GAG,0.4651220130235579
GAU,0.506152844676711
GCA,0.3272023195431804
GCC,0.4802607765999253
GCG,0.7430869720418039
GCU,0.25684107600985234
GGA,1.025692206025187
GGC,0.17177458792811864
GGG,1.3622335796447254
GGU,0.3856722546425489
GUA,0.40586944850433304
GUC,0.4970034361553724
GUG,2.074173269919872
GUU,0.272309451918807
UAC,0.37160253311450675
UAU,0.6058071334194671
UCA,0.3744628901477064
UCC,0.46889923291619134
UCG,2.3124986625624047
UCU,0.24504291136140488
UGC,0.5145568448779795
UGG,0.3016512374343922
UGU,0.7648403619369243
UUA,0.519994932216031
UUC,0.3011743727252774
UUG,0.22707894446224505
UUU,0.5293496525813071
