codon,average_decoding_time
AAA,0.46094996052094095
AAC,0.3277765842800936
AAG,0.2292040500174537
AAU,0.5588884043231646
ACA,0.3493042760948479
ACC,0.4444285011478728
ACG,0.6657148241352199
ACU,0.2292968873149066
AGA,0.14904821101622143
AGC,1.388223971129707
AGG,1.8059027350670047
AGU,1.7404130541213139
AUA,0.44294288115117625
AUC,0.4566437901941597
AUG,0.5546640815091325
AUU,0.27883403154915914
CAA,0.30009909051820766
CAC,0.3676382760316007
CAG,0.5738289032154865
CAU,0.6105584467232552
CCA,0.3102231338449616
CCC,1.8139924332806259
CCG,0.4336666012564728
CCU,1.759483334550971
CGA,0.48389691519412453
CGC,0.5107107691230133
CGG,1.4035805056962694
CGU,0.2831830168914057
CUA,1.2363533622262393
CUC,3.3917037438972057
CUG,1.1602120685584238
CUU,1.1619162346615934
GAA,0.27197303158679176
GAC,0.2801285309273261
GAG,0.4347615093294288
GAU,0.5076341663250584
GCA,0.32271279201028363
GCC,0.4501217616160175
GCG,0.7108795015870537
GCU,0.20786763928353508
GGA,0.8326203652017146
GGC,0.14921640083904578
GGG,0.6309353602203965
GGU,0.3596923314395066
GUA,0.32496278688160424
GUC,0.4197065715502106
GUG,0.8539587304746725
GUU,0.21220664127290806
UAC,0.5351022666903786
UAU,0.7900348855045317
UCA,0.37687221313804575
UCC,0.5057951329368449
UCG,0.7871073808767719
UCU,0.31107284800432367
UGC,0.7059294022032955
UGG,0.35470586522469094
UGU,0.9814956037614193
UUA,0.5802666816680375
UUC,0.34309112100191697
UUG,0.26465378156085545
UUU,0.5793973584698903
