codon,average_decoding_time
AAA,0.4614092649823553
AAC,0.32596188748735505
AAG,0.2296903770513542
AAU,0.5596365377918303
ACA,0.35109685599031953
ACC,0.447087008655596
ACG,0.5788320092078785
ACU,0.22360426142226653
AGA,0.147821305095119
AGC,1.3959759501804994
AGG,0.29191793546240224
AGU,1.7397651094939541
AUA,0.44470697647055996
AUC,0.4583841002312303
AUG,0.550522500576418
AUU,0.26638702580669515
CAA,0.2997610875441774
CAC,0.37091635524774863
CAG,0.574554705154107
CAU,0.6093360447346393
CCA,0.31114177742685295
CCC,1.801867994924431
CCG,1.4971322820953676
CCU,1.449984536913058
CGA,0.4800944480063087
CGC,0.5113983114396914
CGG,1.9099540135082445
CGU,0.2826639581839786
CUA,1.2420512459757316
CUC,3.3949161766342724
CUG,1.1625904095159865
CUU,3.9681814107136795
GAA,0.30536762286876556
GAC,0.2795036446740783
GAG,0.46669256240328183
GAU,0.5070845256084385
GCA,0.3267485692345837
GCC,0.4817822478714075
GCG,0.7432444791211038
GCU,0.2556107981168461
GGA,1.0222167720544122
GGC,0.17037986793836754
GGG,1.3729401804559023
GGU,0.3876898527670692
GUA,0.4056326851043795
GUC,0.4996769974994916
GUG,0.9915241936180391
GUU,0.2730263994157221
UAC,0.36758718883849856
UAU,0.6074980758973776
UCA,0.3733364189582733
UCC,0.4713471930156311
UCG,2.2987344618167085
UCU,0.24560102885639018
UGC,0.5141863783431222
UGG,0.3038439032655676
UGU,0.7667904530602253
UUA,0.5180264584540526
UUC,0.2992355737916577
UUG,0.2434724341433922
UUU,0.5274498162293234
