codon,average_decoding_time
AAA,0.4595486516603367
AAC,0.32730095755066146
AAG,0.16138043190398296
AAU,0.5602448363661627
ACA,0.3493953571081355
ACC,0.4454087714703949
ACG,0.688013849024988
ACU,0.22922679292173034
AGA,0.147899230717556
AGC,1.4053137200913226
AGG,0.30536445179990196
AGU,1.7471181584329496
AUA,0.4428843933778138
AUC,0.4562894379234158
AUG,0.5205315469003475
AUU,0.2775492018541603
CAA,0.2997464794665558
CAC,0.37251357584685735
CAG,2.4152151812808946
CAU,0.6067184716144188
CCA,0.31170818941445233
CCC,1.8157673995253336
CCG,0.3869110603923109
CCU,1.7564254422784247
CGA,0.48074479414519206
CGC,0.5104978239474163
CGG,2.094071229048011
CGU,0.28168297880435056
CUA,1.2327235851755733
CUC,3.398736853829645
CUG,1.0527721767857576
CUU,1.1645226920043017
GAA,0.3045791326676153
GAC,0.2782402678356681
GAG,2.1554551487204954
GAU,0.5085591950287325
GCA,0.3271400537404361
GCC,0.48098496872430785
GCG,0.8595812105758082
GCU,0.2251597597592548
GGA,1.0257953177322703
GGC,0.17094389977513857
GGG,0.6821985953778279
GGU,0.3883217139664336
GUA,0.4045059965510185
GUC,0.49843525984474213
GUG,2.075734554791777
GUU,0.28611264695346594
UAC,0.5298752230343863
UAU,0.789269243634239
UCA,0.3777207426209989
UCC,0.5019482474560091
UCG,0.7912517823297966
UCU,0.31148134442716907
UGC,0.7060193318887164
UGG,0.3533259864354145
UGU,0.9847814543203864
UUA,0.5789640991185537
UUC,0.3431985571451584
UUG,0.25209047905048243
UUU,0.5797904944167925
