codon,average_decoding_time
AAA,0.4610588316262895
AAC,0.32845943149448975
AAG,0.22998352060474317
AAU,0.5595726938797666
ACA,0.3513141550839823
ACC,0.44693484544263157
ACG,0.6683358622226878
ACU,0.2243404230580247
AGA,0.1479066890880906
AGC,1.3973544846618662
AGG,1.8071156137264788
AGU,1.7444012351071154
AUA,0.44303722067756934
AUC,0.4570031842257525
AUG,0.5217785065267537
AUU,0.2661234550251677
CAA,0.29928550488125133
CAC,0.37016066606033887
CAG,0.5721142672325367
CAU,0.60875429337722
CCA,0.3110440462947268
CCC,1.814207331712573
CCG,0.4347138570390352
CCU,1.4597115081218306
CGA,0.482507680571378
CGC,0.5104692037346001
CGG,1.405135395117558
CGU,0.2798917791508765
CUA,1.2376679236238879
CUC,3.4117233035773076
CUG,1.0903427710106675
CUU,3.9612292062007803
GAA,0.27289813711922106
GAC,0.2792747905769161
GAG,0.434849123319699
GAU,0.5051130960138231
GCA,0.3226157041104336
GCC,0.45091930393504404
GCG,0.7123157172841597
GCU,0.2281232474388674
GGA,0.8310831609766947
GGC,0.14880316558497977
GGG,0.6335213191311098
GGU,0.3619847863395419
GUA,0.32388702338682757
GUC,0.41702382034195196
GUG,1.5710187490704417
GUU,0.20000945171766693
UAC,0.3731135442701126
UAU,0.6078661797529045
UCA,0.3742364665770549
UCC,0.4697687789726691
UCG,0.6464919664372173
UCU,0.24481030520302188
UGC,0.511974396286672
UGG,0.21511940473241428
UGU,0.7646844287976032
UUA,0.5171573015135935
UUC,0.30195244975345037
UUG,0.22404265733515136
UUU,0.5296253583772861
