codon,average_decoding_time
AAA,0.4578265660753655
AAC,0.3278249446851728
AAG,0.16226941141998305
AAU,0.5593012115426367
ACA,0.34912477136880893
ACC,0.44420478761629034
ACG,0.6647859463970632
ACU,0.22892593752300508
AGA,0.14680281128868158
AGC,1.3945512996426466
AGG,1.8021176651989002
AGU,1.7365592294614658
AUA,0.4428171664541943
AUC,0.45555707957552405
AUG,0.5237947316108346
AUU,0.2781222514568093
CAA,0.3002130328441605
CAC,0.3694980389937847
CAG,2.421566631302499
CAU,0.6092739368043893
CCA,0.31003926380094915
CCC,1.7936792525185028
CCG,0.4325418240726532
CCU,1.7591200284954513
CGA,0.4805751364107685
CGC,0.5098704154908962
CGG,1.406876262353254
CGU,0.28217037739106215
CUA,1.2346601663578902
CUC,3.410814400217528
CUG,1.094410619601822
CUU,1.1607826903703955
GAA,0.2707459224027589
GAC,0.27928747605753435
GAG,1.9426118184405057
GAU,0.5086162868966527
GCA,0.321399377020639
GCC,0.4492456533279113
GCG,0.7105783765414531
GCU,0.20771648197901513
GGA,0.8286082166249396
GGC,0.1487288028256382
GGG,0.6330070945184665
GGU,0.36333989291325647
GUA,0.32402611137132636
GUC,0.4202572990772143
GUG,1.57114649308381
GUU,0.21207472756742884
UAC,0.5320918447222881
UAU,0.7871873048415604
UCA,0.3755485044766878
UCC,0.5037064372194331
UCG,0.7906433582567035
UCU,0.3110653047310338
UGC,0.7032921754242244
UGG,0.35179440554823116
UGU,0.9823332926852317
UUA,0.5789233466923956
UUC,0.3438488542359179
UUG,0.3091881583733928
UUU,0.5775618112278005
