codon,average_decoding_time
AAA,0.4585290132125501
AAC,0.3265286417170196
AAG,0.22934517843085317
AAU,0.5593636318815566
ACA,0.3502138242936792
ACC,0.44370807946462104
ACG,0.5783364952693736
ACU,0.22381410835749627
AGA,0.14826541966145468
AGC,1.383095605752002
AGG,0.2918686974654924
AGU,1.7414014491114809
AUA,0.4437409957397231
AUC,0.4575086149174208
AUG,0.5209371364425671
AUU,0.26556338529935963
CAA,0.30000709378408064
CAC,0.3704471439044924
CAG,0.5726825148777207
CAU,0.6086636189313762
CCA,0.31173307784538323
CCC,1.8140653888552287
CCG,1.4923442639059006
CCU,1.4522332755074572
CGA,0.48108163472589355
CGC,0.5107430748696863
CGG,1.9097659884768952
CGU,0.28269703755206205
CUA,1.2375872608833385
CUC,3.3909442555271516
CUG,1.0975761409431444
CUU,3.9683808140096417
GAA,0.30450359255505144
GAC,0.27976330416553125
GAG,0.4669495199204812
GAU,0.5060117810577177
GCA,0.32565991227869995
GCC,0.4824682085047419
GCG,0.7455320946286305
GCU,0.2565463935406068
GGA,1.0298341045467423
GGC,0.17089152941180008
GGG,1.364069155520308
GGU,0.38578354569997597
GUA,0.4051497550485458
GUC,0.5005037298211099
GUG,2.0861789548915963
GUU,0.27076143599469504
UAC,0.3703490128343449
UAU,0.6097659227740774
UCA,0.37220919962521015
UCC,0.4676131029666575
UCG,2.306638028775674
UCU,0.24627418839815662
UGC,0.5124354103093196
UGG,0.30323436594831743
UGU,0.7675231998714185
UUA,0.5157265999662397
UUC,0.3006293315047668
UUG,0.2236156565056755
UUU,0.5304100462867659
