codon,average_decoding_time
AAA,0.4577473951407863
AAC,0.32610047475874887
AAG,0.23007957225438452
AAU,0.5597240060712966
ACA,0.3498447102046919
ACC,0.44695051988852347
ACG,0.6644713975912132
ACU,0.2243403257155163
AGA,0.14815679542648255
AGC,1.386735644091105
AGG,0.30744416743565284
AGU,1.7437723253704867
AUA,0.44118815721478133
AUC,0.4560898116914163
AUG,0.5217507341420031
AUU,0.26526339116350595
CAA,0.299146411002304
CAC,0.37027337584480136
CAG,0.5720697001743255
CAU,0.6084465867043589
CCA,0.31150532563054556
CCC,1.8123404479751124
CCG,0.43356527847494364
CCU,1.4459358198266377
CGA,0.4815647633338309
CGC,0.5103050297435251
CGG,2.0800796273532605
CGU,0.2814058376695407
CUA,1.2356097593234217
CUC,3.4081075025038445
CUG,1.0489478433886221
CUU,3.977926194961822
GAA,0.27244440603450526
GAC,0.2777572134997713
GAG,0.4362925876847866
GAU,0.507413966275262
GCA,0.3219715603246507
GCC,0.45014601295486006
GCG,0.7116803048975004
GCU,0.22781980920373673
GGA,0.8252805764191242
GGC,0.14985260829345667
GGG,0.6320552153286825
GGU,0.36018874981130905
GUA,0.32243194495565547
GUC,0.41906588547164264
GUG,1.7610530663312138
GUU,0.1983973339610133
UAC,0.36996055505964076
UAU,0.6069241635642478
UCA,0.3727316786361863
UCC,0.46936175232482985
UCG,0.6473430994222844
UCU,0.24558202869952195
UGC,0.5145679773438688
UGG,0.3331370146200349
UGU,0.7669901506146728
UUA,0.5190661032444124
UUC,0.2999879863689766
UUG,0.19451387546521243
UUU,0.5318169516157941
