codon,average_decoding_time
AAA,0.460071363201046
AAC,0.3290216503028982
AAG,0.16138584086651717
AAU,0.5598370089589383
ACA,0.35099014717129473
ACC,0.444122254736632
ACG,0.6651255949187183
ACU,0.22378449382005863
AGA,0.14852288144109152
AGC,1.3878553994190495
AGG,1.8027063961549101
AGU,1.7505060738553202
AUA,0.4452144059355061
AUC,0.45845180199224045
AUG,0.524466575741721
AUU,0.26481031764118373
CAA,0.30043001419915627
CAC,0.37058455145755964
CAG,2.422127850700787
CAU,0.60658698049783
CCA,0.3132068020772305
CCC,1.803591682948838
CCG,0.43345482245328
CCU,1.453753620088818
CGA,0.4819724728563392
CGC,0.5083368840296586
CGG,1.3995493448696465
CGU,0.28250210696065753
CUA,1.2352861652436533
CUC,3.396107739233051
CUG,1.0509462418122615
CUU,3.9744104564373255
GAA,0.27111022494588743
GAC,0.28034277610905384
GAG,1.941516878590768
GAU,0.5082648575429014
GCA,0.32242365823461594
GCC,0.45103932326198853
GCG,0.7111833375613422
GCU,0.22822438189406724
GGA,0.8304964177829374
GGC,0.149247621493827
GGG,0.6333761893572928
GGU,0.36214299748280004
GUA,0.32332066356955774
GUC,0.41812679935704766
GUG,1.762520026874733
GUU,0.20077427683971655
UAC,0.37249471553198843
UAU,0.6073029984201621
UCA,0.37406404464644244
UCC,0.46968482419819413
UCG,0.6467281379251945
UCU,0.2467961874914815
UGC,0.515058676333407
UGG,0.21506431617360722
UGU,0.765893776276803
UUA,0.5198543241223136
UUC,0.3003363639915156
UUG,0.19363888435718082
UUU,0.5292905782267443
