codon,average_decoding_time
AAA,0.45920154285454845
AAC,0.3278060016798795
AAG,0.1612383914159917
AAU,0.5601417981525544
ACA,0.3492997669095369
ACC,0.4442041832411454
ACG,0.6673704252771854
ACU,0.22482191066846027
AGA,0.1475879641059254
AGC,1.3927476245817172
AGG,0.30837155724396165
AGU,1.735424768055916
AUA,0.44476303978404097
AUC,0.45588828327583
AUG,0.5507995732009867
AUU,0.26448604607087034
CAA,0.29907706460256966
CAC,0.3721128053100255
CAG,2.4153907382602458
CAU,0.6083802541442903
CCA,0.3136530295785382
CCC,1.8085079301485314
CCG,0.4332504952205192
CCU,1.4522422788232774
CGA,0.48011423251579566
CGC,0.512491614634356
CGG,2.078947982580611
CGU,0.28186669654451957
CUA,1.2367751418254238
CUC,3.4036338023392263
CUG,1.161315026885279
CUU,4.008132547660117
GAA,0.27078879548680623
GAC,0.27839475883831133
GAG,1.9381474426075935
GAU,0.5077525301160853
GCA,0.32289364682413235
GCC,0.4525678936806852
GCG,0.7121280965923179
GCU,0.22948474681024464
GGA,0.8265304368574338
GGC,0.148275232314532
GGG,0.6336456168139011
GGU,0.3593588540309394
GUA,0.3239559434471922
GUC,0.4195544425244524
GUG,0.8556784290834566
GUU,0.20062053319429074
UAC,0.3674699962033096
UAU,0.6071979697973725
UCA,0.37332719182657964
UCC,0.46870932050992187
UCG,0.6458321610816066
UCU,0.2456077657323615
UGC,0.5152857031661182
UGG,0.3339443286934538
UGU,0.7674693425206502
UUA,0.515705811396645
UUC,0.2990020019256754
UUG,0.2120995915911114
UUU,0.5316440054236998
