codon,average_decoding_time
AAA,0.457344155777795
AAC,0.3270911031463583
AAG,0.16125217517099807
AAU,0.5568994116437183
ACA,0.3496191726082143
ACC,0.44713352085892516
ACG,0.6657657617453171
ACU,0.23023487628886777
AGA,0.1473295285150827
AGC,1.396165542503014
AGG,0.30817684069916157
AGU,1.7449078383887449
AUA,0.44284788693424
AUC,0.457365765555576
AUG,0.5509219903778405
AUU,0.2780382841929811
CAA,0.2977003215248845
CAC,0.36878115997425137
CAG,2.420096341017106
CAU,0.6069403308045329
CCA,0.31257415732641114
CCC,1.80319578755904
CCG,0.43177778072418466
CCU,1.7653043550570136
CGA,0.4819369313712967
CGC,0.5087311289061016
CGG,2.084133605055606
CGU,0.2829590033997859
CUA,1.2372425644150398
CUC,3.4064136337603133
CUG,1.1613140903199881
CUU,1.1611372155748363
GAA,0.271057557117378
GAC,0.27964730203009264
GAG,1.934914185720349
GAU,0.5065985641870931
GCA,0.3213810302686679
GCC,0.44924192451266315
GCG,0.7119819233100113
GCU,0.20738781706286544
GGA,0.8307085018450444
GGC,0.14936667717643784
GGG,0.633138690516835
GGU,0.363366148628685
GUA,0.324653592372872
GUC,0.4168881452878154
GUG,0.8597869110998166
GUU,0.21365856982071246
UAC,0.5335593072571356
UAU,0.7887839125683433
UCA,0.37796071900774636
UCC,0.5040862631914751
UCG,0.7915441114694539
UCU,0.31013456018436647
UGC,0.7024254996800208
UGG,0.35365227165028074
UGU,0.9740007586803883
UUA,0.579266090683275
UUC,0.343960426015123
UUG,0.2637208010825943
UUU,0.5752808688497043
