codon,average_decoding_time
AAA,0.46005205870353444
AAC,0.3267303043090125
AAG,0.22837496699607676
AAU,0.5587599212092755
ACA,0.35128926095881097
ACC,0.4461849521025612
ACG,0.6845352305550075
ACU,0.22316502806160027
AGA,0.14878790006098608
AGC,1.3871200071711052
AGG,0.30746497741759143
AGU,1.7474969489753926
AUA,0.44508529897025134
AUC,0.4585607410067588
AUG,0.5485348268482602
AUU,0.26545978147934446
CAA,0.2995376753773589
CAC,0.3701283698282597
CAG,0.5737863688072984
CAU,0.6052148257204539
CCA,0.31357807123099185
CCC,1.811027452939363
CCG,0.39005926486365655
CCU,1.4501542729983026
CGA,0.4814836162973949
CGC,0.5096716137854208
CGG,2.081121235909487
CGU,0.2822754365229738
CUA,1.2335423631722728
CUC,3.4102958958217995
CUG,1.1605984644179919
CUU,3.975458320110484
GAA,0.3055767496681153
GAC,0.27798339362804503
GAG,0.46413746551412693
GAU,0.5062969690335303
GCA,0.3263165681479583
GCC,0.481259426207265
GCG,0.8533023324018469
GCU,0.2553213256188688
GGA,1.0199579064489261
GGC,0.17167703477011997
GGG,0.6876022972162682
GGU,0.3854740436081626
GUA,0.4046548753995227
GUC,0.5007677626362287
GUG,0.9945007509065177
GUU,0.271506419120691
UAC,0.37036432629922056
UAU,0.6084725771316112
UCA,0.3732600884321386
UCC,0.468989013381495
UCG,0.6494300749569936
UCU,0.2460722855617265
UGC,0.5134647847798207
UGG,0.33426554627837934
UGU,0.7659201863629681
UUA,0.5212474964268613
UUC,0.2997914848643421
UUG,0.24357409199113061
UUU,0.5287152591356965
