codon,average_decoding_time
AAA,0.45933699874832407
AAC,0.3283876426030999
AAG,0.16211529690506177
AAU,0.5631947708495066
ACA,0.35152400638101056
ACC,0.44455906741401324
ACG,0.5794126839789162
ACU,0.22859104593863405
AGA,0.14882451605671482
AGC,1.3872684216698807
AGG,0.29188669209423157
AGU,1.7466526877797808
AUA,0.4429346546572479
AUC,0.45455728066116896
AUG,0.5195365563864122
AUU,0.278357420798328
CAA,0.29990321711860984
CAC,0.37214199736700887
CAG,2.4174055090757687
CAU,0.6065664734144249
CCA,0.3131788383876097
CCC,1.8185473174253806
CCG,1.4914512645488265
CCU,1.7593037409301218
CGA,0.4821656043744653
CGC,0.5100091157759342
CGG,1.9246155631102828
CGU,0.2836566133050796
CUA,1.2372126544115114
CUC,3.418740905489687
CUG,1.0955076817222797
CUU,1.1617799059347946
GAA,0.3011092578100198
GAC,0.2797250453289218
GAG,2.1498165659750006
GAU,0.5055829174161532
GCA,0.32612316076133757
GCC,0.4795857682131155
GCG,0.7435137084577172
GCU,0.2262841990583563
GGA,1.0269714468797086
GGC,0.17119712795023911
GGG,1.3600138208255066
GGU,0.38595848142932054
GUA,0.4055425779285309
GUC,0.5005025108155738
GUG,2.084462740206584
GUU,0.28517954801816014
UAC,0.5347563570065899
UAU,0.7896173860895331
UCA,0.3765786507567895
UCC,0.5045602929109386
UCG,2.9214236822137547
UCU,0.31061195159919214
UGC,0.705371214580394
UGG,0.32116980409261425
UGU,0.9843336359440794
UUA,0.5742703661638988
UUC,0.3446986943554549
UUG,0.30777488003726106
UUU,0.5776946977185377
