codon,average_decoding_time
AAA,0.46232633818738367
AAC,0.32554399130156125
AAG,0.16121033909184385
AAU,0.5617595447440838
ACA,0.35096329260358755
ACC,0.4440917594118522
ACG,0.6857118586476042
ACU,0.22877796785262056
AGA,0.14835224607536426
AGC,1.387376682753582
AGG,0.30731587904513546
AGU,1.7435905563749465
AUA,0.444128931602627
AUC,0.4597017216576782
AUG,0.551772717855088
AUU,0.2782882115529629
CAA,0.30110784955507935
CAC,0.36985086177874027
CAG,2.4272568788342745
CAU,0.6064722442467194
CCA,0.3117371864189736
CCC,1.808030273090194
CCG,0.3885024668911241
CCU,1.7644128663337073
CGA,0.48084757364740105
CGC,0.5106298125026061
CGG,2.0812148535465362
CGU,0.28199603344965457
CUA,1.2361914720277813
CUC,3.414454429163514
CUG,1.158183090790835
CUU,1.1610575443624083
GAA,0.30316349541863846
GAC,0.28071334041651547
GAG,2.1515832281114897
GAU,0.5074214724491563
GCA,0.3252956760155823
GCC,0.48225834024444236
GCG,0.8502164144870062
GCU,0.22658917287410046
GGA,1.0286141351281282
GGC,0.17074034044500375
GGG,0.6844495833503054
GGU,0.385941045158167
GUA,0.40516163458506804
GUC,0.4990698589405672
GUG,0.9994809030429086
GUU,0.28508376049765344
UAC,0.5356173257876374
UAU,0.7888467908754682
UCA,0.3776243144442976
UCC,0.5057399032359644
UCG,0.7850912130465493
UCU,0.30868388308597167
UGC,0.7024161136623194
UGG,0.3543672290258632
UGU,0.9809757159888086
UUA,0.5785909990763067
UUC,0.34649510923614085
UUG,0.32597984121854884
UUU,0.5779149065410712
