codon,average_decoding_time
AAA,0.46150134619551353
AAC,0.32654490741632647
AAG,0.1614102473873866
AAU,0.5573000212961857
ACA,0.35087514148127413
ACC,0.44277005695098154
ACG,0.6662608586768901
ACU,0.23043166338235468
AGA,0.14817063647174591
AGC,1.3988622752656212
AGG,1.8115889145211908
AGU,1.7384727700988847
AUA,0.44316877010783867
AUC,0.4595812013861552
AUG,0.5492140639773545
AUU,0.2774260617385557
CAA,0.2999090892476614
CAC,0.37064767569600715
CAG,2.411018903955055
CAU,0.6067030403835338
CCA,0.3131501024483064
CCC,1.8182246951427568
CCG,0.43265282423393464
CCU,1.7720163788720873
CGA,0.48030525692928355
CGC,0.509836796986779
CGG,1.3981580302828225
CGU,0.280639458754983
CUA,1.2324024840522096
CUC,3.37430993807366
CUG,1.1660119052568692
CUU,1.158350913886178
GAA,0.2717376101989948
GAC,0.27959663365754583
GAG,1.9291557655035971
GAU,0.5055811911702136
GCA,0.32281229772329706
GCC,0.4520588252055052
GCG,0.7093878513614928
GCU,0.2079989829037351
GGA,0.8256934682112551
GGC,0.14901253723303126
GGG,0.6291941041559643
GGU,0.3596436676526039
GUA,0.3232363410736225
GUC,0.4187186366043568
GUG,0.8579587845446535
GUU,0.21295057510526846
UAC,0.5332953402587013
UAU,0.7893477619135221
UCA,0.37841740425195897
UCC,0.5041038163746014
UCG,0.7870727931517543
UCU,0.3092143179419796
UGC,0.7083049990319621
UGG,0.3544531006483497
UGU,0.9801864122307801
UUA,0.5768885818159775
UUC,0.34415082546799275
UUG,0.26425379038216235
UUU,0.5767111666471098
