codon,average_decoding_time
AAA,0.4589555583826884
AAC,0.32453524927687605
AAG,0.16107578685994572
AAU,0.5592397690853051
ACA,0.3497471902283488
ACC,0.4440116546689249
ACG,0.6855613678554903
ACU,0.22974338866537797
AGA,0.14780773634538846
AGC,1.3970796798734986
AGG,1.8032258136441919
AGU,1.7480769947046777
AUA,0.4429691953800079
AUC,0.45870417135088437
AUG,0.5510908480315373
AUU,0.277889944206132
CAA,0.30059898414758757
CAC,0.3717596067140034
CAG,2.434023332975863
CAU,0.6083880939115739
CCA,0.3118642623136722
CCC,1.811917721183139
CCG,0.38820832116529086
CCU,1.7603768019570285
CGA,0.48010828186272886
CGC,0.5106128852774142
CGG,1.3987213654105175
CGU,0.2804872999420956
CUA,1.2386190341157017
CUC,3.3902071372947415
CUG,1.1632407342094728
CUU,1.1556218243789962
GAA,0.3046711652808256
GAC,0.2797354349658745
GAG,2.155572465765262
GAU,0.5062352458405354
GCA,0.32518227521607396
GCC,0.47898006775036844
GCG,0.8542570523684498
GCU,0.22508113426892565
GGA,1.0171959397129307
GGC,0.1708927346448336
GGG,0.6827675819374711
GGU,0.3864600240241722
GUA,0.40475794327156867
GUC,0.49915283258592474
GUG,0.9966501721839927
GUU,0.28397335087194747
UAC,0.5337591621032873
UAU,0.7924568618087134
UCA,0.37753329103160266
UCC,0.5059841602642757
UCG,0.7892262102124
UCU,0.3095771548626406
UGC,0.707042324390285
UGG,0.3540116003080631
UGU,0.9816337704210956
UUA,0.5779890857206336
UUC,0.3446880202075705
UUG,0.32758275924044
UUU,0.5795145753811778
