codon,average_decoding_time
AAA,0.45678124639863743
AAC,0.3265217795946507
AAG,0.16163012531806623
AAU,0.5580055319389772
ACA,0.348914006759681
ACC,0.4465033812400154
ACG,0.6626881504113334
ACU,0.22300525726804568
AGA,0.14808377829867078
AGC,1.386870142445063
AGG,0.30726779333948684
AGU,1.7467668288287868
AUA,0.4439166479098764
AUC,0.45553252134789507
AUG,0.5521490496557607
AUU,0.26485952095197274
CAA,0.29834320493011446
CAC,0.36978645620001543
CAG,2.4241420672682783
CAU,0.6087322956767943
CCA,0.3107417168744039
CCC,1.8200211185912978
CCG,0.4354559095286596
CCU,1.4507377803653818
CGA,0.48094880851369665
CGC,0.5103421347980988
CGG,2.086541506346662
CGU,0.28309268431866424
CUA,1.240067526232218
CUC,3.418215429726069
CUG,1.119996343794704
CUU,3.968496642627452
GAA,0.2716855551976416
GAC,0.2794296478313371
GAG,1.9408190075111034
GAU,0.508204255550144
GCA,0.32299751202734744
GCC,0.4526573579665521
GCG,0.7076131846159113
GCU,0.22961730579504777
GGA,0.8273906391601659
GGC,0.14827419801504302
GGG,0.6373942294429981
GGU,0.36181049995695963
GUA,0.32430532265930456
GUC,0.41866575818692703
GUG,0.7685390098283862
GUU,0.19900346054135723
UAC,0.3719992015411499
UAU,0.607129522331344
UCA,0.37380821837485523
UCC,0.46999379666183455
UCG,0.6447062039670075
UCU,0.2467565266600723
UGC,0.5114374385481854
UGG,0.33313050342297973
UGU,0.7648312144903351
UUA,0.5193560808043628
UUC,0.30009140567073583
UUG,0.2318963887936639
UUU,0.528599203127648
