codon,average_decoding_time
AAA,0.4602380703833928
AAC,0.32726122763226084
AAG,0.16218577381099103
AAU,0.5606113614255169
ACA,0.34960277987972926
ACC,0.44551798020530115
ACG,0.6885494688847922
ACU,0.23029477562418937
AGA,0.14769633077699554
AGC,1.39517699876431
AGG,1.799644453991649
AGU,1.743456106667805
AUA,0.44359608098459336
AUC,0.4571497024478928
AUG,0.5231972040076452
AUU,0.2789742243753195
CAA,0.2999069500013434
CAC,0.3688723488802489
CAG,2.4138352651459307
CAU,0.6071158151465617
CCA,0.3112560139860436
CCC,1.8027277409592064
CCG,0.38726854365798247
CCU,1.7671579090982181
CGA,0.48182958131599657
CGC,0.5103479012776664
CGG,1.4079869136688052
CGU,0.28219879828512606
CUA,1.2315905785023868
CUC,3.4266796521053107
CUG,1.0958310009818764
CUU,1.1601957785215002
GAA,0.3053853913513373
GAC,0.27952995909244926
GAG,2.152579601298864
GAU,0.5072607271552396
GCA,0.32617324152509825
GCC,0.4794212886787486
GCG,0.8548845788559621
GCU,0.2254421247635538
GGA,1.0249186093323295
GGC,0.17051291801453664
GGG,0.686458520114143
GGU,0.38753002937239983
GUA,0.4063566201677598
GUC,0.49786750104936184
GUG,2.073913818995809
GUU,0.2859388401253021
UAC,0.5329423736095587
UAU,0.7906350560713238
UCA,0.37625034052927664
UCC,0.5046299491968915
UCG,0.7888852550393946
UCU,0.3105675013770844
UGC,0.704234752738628
UGG,0.3537664774605661
UGU,0.9834176100869981
UUA,0.5771593435184023
UUC,0.3434733484034217
UUG,0.31044986618362874
UUU,0.5784613045137866
