codon,average_decoding_time
AAA,0.456883706397685
AAC,0.3273140798267552
AAG,0.16129486557620137
AAU,0.5606603079004043
ACA,0.35068264361063534
ACC,0.4478805103523675
ACG,0.686624136119608
ACU,0.22999841785493771
AGA,0.1478918397250799
AGC,1.3983759281325043
AGG,0.30695059446331974
AGU,1.7437867791063801
AUA,0.44469273023700706
AUC,0.457770328989222
AUG,0.5483681141094555
AUU,0.2784447678835755
CAA,0.30163731084577344
CAC,0.36900632704213016
CAG,2.4107430138763304
CAU,0.6114618792885868
CCA,0.31185616567742197
CCC,1.8181750644758503
CCG,0.38903821536637945
CCU,1.762771796484265
CGA,0.48217796422619613
CGC,0.5116258838679517
CGG,2.0901423727034603
CGU,0.28316496582477724
CUA,1.2359783514360176
CUC,3.4326788062562303
CUG,1.1170478724484343
CUU,1.1636792772118565
GAA,0.3042909814896715
GAC,0.27862413068261016
GAG,2.1723417408401136
GAU,0.5063169861576973
GCA,0.32718028200976484
GCC,0.482861152056018
GCG,0.8532141414254177
GCU,0.22599126274689238
GGA,1.0226765946651903
GGC,0.1723306637253701
GGG,0.6859806656405854
GGU,0.3865229189301552
GUA,0.40378972470592905
GUC,0.5000081898562454
GUG,0.9963574259166548
GUU,0.28668327437191904
UAC,0.5342632586775498
UAU,0.7904864899453031
UCA,0.37733546843617993
UCC,0.5054747741642541
UCG,0.7840692286949237
UCU,0.3108682718949739
UGC,0.7031948141578697
UGG,0.35401152178428835
UGU,0.9863147763092153
UUA,0.5797037324879966
UUC,0.34403689987801617
UUG,0.3254175311470796
UUU,0.5808487518429752
