codon,average_decoding_time
AAA,0.4609992880493617
AAC,0.32581379265954025
AAG,0.16005700468019812
AAU,0.5569965645775411
ACA,0.35003299666431437
ACC,0.4451346788302447
ACG,0.6852966207502985
ACU,0.22998676624375752
AGA,0.14826315190398787
AGC,1.3988858733592915
AGG,0.3069764120013453
AGU,1.7480546892659186
AUA,0.4438552065107475
AUC,0.4562005622912298
AUG,0.5513490215161384
AUU,0.2777773311755132
CAA,0.2998209695913266
CAC,0.36977644154039246
CAG,2.4233035499312345
CAU,0.6068611960941874
CCA,0.31119322987522524
CCC,1.8117338739078739
CCG,0.3853648942626804
CCU,1.7699472409164567
CGA,0.4801483945144585
CGC,0.5093751520577594
CGG,2.0860821950748427
CGU,0.28350085603533093
CUA,1.234772719785037
CUC,3.405722866004454
CUG,1.1583460534225245
CUU,1.1622354895213682
GAA,0.3043284630424169
GAC,0.28003362361755574
GAG,2.170763424237828
GAU,0.5102286497152533
GCA,0.32494590741710433
GCC,0.4818608046959686
GCG,0.8561265023544798
GCU,0.22562325066407277
GGA,1.0301100211480423
GGC,0.1716210634654272
GGG,0.6831768938885389
GGU,0.38666123382998
GUA,0.4048868972456499
GUC,0.5000042889537765
GUG,0.9956993141520482
GUU,0.28512854225637324
UAC,0.5328411501088627
UAU,0.7925375324145173
UCA,0.37861669364667194
UCC,0.5062938136182676
UCG,0.7837036367342908
UCU,0.3100666049726469
UGC,0.7046007619774088
UGG,0.35367078496368143
UGU,0.9766373456356264
UUA,0.5788442884933336
UUC,0.34256178361444334
UUG,0.264170158116497
UUU,0.5787720834940692
