codon,average_decoding_time
AAA,0.46086616054747426
AAC,0.3264758684978973
AAG,0.1617792456917336
AAU,0.5617486885205953
ACA,0.3501201493656107
ACC,0.44533114367972315
ACG,0.6643258835919092
ACU,0.22365958704241035
AGA,0.14866592577546625
AGC,1.3954525206674007
AGG,1.8130784769422634
AGU,1.736430568729266
AUA,0.4439197373087882
AUC,0.45572176116475976
AUG,0.5511143847362372
AUU,0.2661028051793038
CAA,0.3001812201578767
CAC,0.3705200591280239
CAG,2.4112419659443396
CAU,0.6094392720944053
CCA,0.31256849545898574
CCC,1.802266638507187
CCG,0.4322730923787812
CCU,1.4454152664947786
CGA,0.48059811154779236
CGC,0.5093881420673937
CGG,1.4073372679197695
CGU,0.28088115206927655
CUA,1.2308083913285175
CUC,3.4094832335494436
CUG,1.1222811122980831
CUU,3.9770048262290105
GAA,0.2724230266525916
GAC,0.27996649259205447
GAG,1.9271095370532292
GAU,0.5072948214341348
GCA,0.32218665243498296
GCC,0.4511199661737831
GCG,0.7120152854328057
GCU,0.22728359614786184
GGA,0.8330132998565205
GGC,0.1485772801604359
GGG,0.6348233936974349
GGU,0.3636321629113273
GUA,0.3238904539451135
GUC,0.41821398653340547
GUG,0.7720788427920293
GUU,0.20092554005696303
UAC,0.3693760212227058
UAU,0.6095964121205826
UCA,0.3734455921050416
UCC,0.46866705223401034
UCG,0.648306783643233
UCU,0.24682187799079733
UGC,0.5156613402818868
UGG,0.2131343381640352
UGU,0.7684321883329247
UUA,0.5194071126925341
UUC,0.2999377015870723
UUG,0.2310748068644725
UUU,0.5310647465890111
