codon,average_decoding_time
AAA,0.45836247570372046
AAC,0.3274119311262274
AAG,0.22942647020627585
AAU,0.5603702542983843
ACA,0.34932506538691754
ACC,0.44523162766838315
ACG,0.6856012535919467
ACU,0.22951298739841686
AGA,0.14842598189916034
AGC,1.3884823677530076
AGG,1.7980727464892767
AGU,1.7547533001959332
AUA,0.4422837646934088
AUC,0.4556107258044878
AUG,0.5514507799369924
AUU,0.2770351176512669
CAA,0.2998766245664481
CAC,0.37036983455235023
CAG,0.5743099005022891
CAU,0.6062491780083923
CCA,0.31288693965835945
CCC,1.810287399727418
CCG,0.389408499849082
CCU,1.7753705409992784
CGA,0.4836042896462156
CGC,0.5119372708078332
CGG,1.4098611958587288
CGU,0.2819233446508628
CUA,1.2381626521012015
CUC,3.4038016524024832
CUG,1.164639221405649
CUU,1.1625912703638979
GAA,0.30211142030713384
GAC,0.2805819351230201
GAG,0.46799860665290427
GAU,0.5077651926106226
GCA,0.32620932228510313
GCC,0.48203765516971864
GCG,0.8553233695076098
GCU,0.2265685295948744
GGA,1.0238363318428894
GGC,0.17118952354290115
GGG,0.6842875043977134
GGU,0.3857896478614743
GUA,0.4071040420020924
GUC,0.49952901210537887
GUG,0.9962900701051332
GUU,0.28319278547872617
UAC,0.5329548223809466
UAU,0.7873724417386749
UCA,0.3772920365342286
UCC,0.5059651994948355
UCG,0.7858148792195314
UCU,0.3133763182495547
UGC,0.7024024004200992
UGG,0.35430091090598115
UGU,0.9816068821145195
UUA,0.5813828650436023
UUC,0.34194039044741376
UUG,0.3256120078888494
UUU,0.578468677171324
