codon,average_decoding_time
AAA,0.4574768777433423
AAC,0.32674612287120386
AAG,0.23009963266121194
AAU,0.5604444052041714
ACA,0.3496449873870537
ACC,0.44517279578003754
ACG,0.5788408735744583
ACU,0.2303785062766572
AGA,0.14823953353683772
AGC,1.4002977371696594
AGG,0.2922670228042675
AGU,1.742006893350348
AUA,0.44379572075115903
AUC,0.4578954756859671
AUG,0.5496686895095695
AUU,0.27724845738092235
CAA,0.30021370049528934
CAC,0.3706236036792954
CAG,0.5728854159740547
CAU,0.6079274636116143
CCA,0.312016760011234
CCC,1.806501277901
CCG,1.4910605398184669
CCU,1.769619823731225
CGA,0.48379418097837884
CGC,0.5101013004155898
CGG,1.920668596028801
CGU,0.2808300129516919
CUA,1.230585738795037
CUC,3.397807739673886
CUG,1.1649854507375526
CUU,1.1570842387349447
GAA,0.3036448939765018
GAC,0.2796025730976812
GAG,0.46522443534581887
GAU,0.5074987072484978
GCA,0.32675424607314574
GCC,0.48146078400437253
GCG,0.744982095364407
GCU,0.22573270513668486
GGA,1.023746523827689
GGC,0.17062162671751502
GGG,1.3617397539668303
GGU,0.386176611018275
GUA,0.40515921228254037
GUC,0.5001639890482148
GUG,0.9981105192893592
GUU,0.2846622575326076
UAC,0.5337685417109961
UAU,0.7879156607907072
UCA,0.3762971893391869
UCC,0.5039203125245438
UCG,2.9112474653601423
UCU,0.3112227027595492
UGC,0.699390327796013
UGG,0.32217783203826994
UGU,0.9814302761456531
UUA,0.5771244398886408
UUC,0.3445808395923869
UUG,0.3276413976512233
UUU,0.5778371503624619
