codon,average_decoding_time
AAA,0.4575952775551275
AAC,0.32848077089508404
AAG,0.16033305543629403
AAU,0.5622243362469572
ACA,0.3510250698590247
ACC,0.44546552345430185
ACG,0.6836821689325594
ACU,0.22318092502332135
AGA,0.1468489630367781
AGC,1.3918061899295024
AGG,1.8044530520656141
AGU,1.7464726341444716
AUA,0.44359294794406995
AUC,0.45769093346136475
AUG,0.5523048588175553
AUU,0.2666408704930187
CAA,0.2986187074615346
CAC,0.3698228834711402
CAG,2.426298928062982
CAU,0.6033775402675369
CCA,0.3128997006385542
CCC,1.8040526737728169
CCG,0.3878866693181391
CCU,1.4494725807504283
CGA,0.48121541455275546
CGC,0.5095120217592037
CGG,1.4054481232627933
CGU,0.2822003970528856
CUA,1.2331133418485984
CUC,3.396721813364596
CUG,1.1212150755863282
CUU,3.9775903892499525
GAA,0.30323192963247914
GAC,0.2796939208901152
GAG,2.1506351309101883
GAU,0.5081647721066931
GCA,0.32585829448564857
GCC,0.4780983711199737
GCG,0.8515420101795862
GCU,0.2568660009671767
GGA,1.0253167197072346
GGC,0.171865688035838
GGG,0.6831798681033212
GGU,0.3871734765692833
GUA,0.4058190752940005
GUC,0.4985812147910736
GUG,0.9941379491989775
GUU,0.27191304517241116
UAC,0.3703807498584794
UAU,0.6090559312103896
UCA,0.37312490723070485
UCC,0.4699860746771466
UCG,0.6460462490401508
UCU,0.24699579398436977
UGC,0.5149487642797622
UGG,0.21427200142367114
UGU,0.7683440778379304
UUA,0.5214228552033313
UUC,0.29901548866459093
UUG,0.23057374504595082
UUU,0.5302216457226595
