codon,average_decoding_time
AAA,0.45712205764860725
AAC,0.32726025026711114
AAG,0.16205918928510613
AAU,0.5608991255690555
ACA,0.349883250000702
ACC,0.4437675451121279
ACG,0.5796826565614371
ACU,0.2245067142758422
AGA,0.14811772923137484
AGC,1.3978940634075552
AGG,0.29226738936323976
AGU,1.739440864324145
AUA,0.4417546367020009
AUC,0.4574690349072482
AUG,0.5496810522950533
AUU,0.26577246993250214
CAA,0.2986676237598713
CAC,0.3687646723968205
CAG,2.418948494138661
CAU,0.6094378587411655
CCA,0.3135454773675486
CCC,1.8130126435056084
CCG,1.4859300384582277
CCU,1.4465079666337708
CGA,0.4812746671181526
CGC,0.5095583086100915
CGG,1.9132205892577308
CGU,0.28106238036826525
CUA,1.2395826709497575
CUC,3.4028134645840398
CUG,1.1617576469164757
CUU,3.9704106987343795
GAA,0.30367270406816677
GAC,0.2791732631127377
GAG,2.1635633401647403
GAU,0.5089072293205154
GCA,0.3265642196539317
GCC,0.4814817231232016
GCG,0.7423362441639072
GCU,0.25689297541309397
GGA,1.0312981303906152
GGC,0.16997900616741263
GGG,1.3637009544311778
GGU,0.38657343205952327
GUA,0.40583660752910394
GUC,0.4985152892007494
GUG,0.99450533676151
GUU,0.27226279660839237
UAC,0.36894047938176894
UAU,0.6105784467186361
UCA,0.3715872271673005
UCC,0.46916589908536155
UCG,2.3159332234830723
UCU,0.24540622844820353
UGC,0.5142084804464049
UGG,0.303935865083075
UGU,0.7683302141812379
UUA,0.5180171794226833
UUC,0.29927011356363453
UUG,0.24237530720743403
UUU,0.5317155947615191
