codon,average_decoding_time
AAA,0.46086974643118084
AAC,0.3274585348190956
AAG,0.16173854704063295
AAU,0.5599029514544183
ACA,0.3509737755085472
ACC,0.4463125921368143
ACG,0.6655152518418636
ACU,0.22989411276534644
AGA,0.1476560013932947
AGC,1.3899012738001952
AGG,1.7998425500158195
AGU,1.7447930418631385
AUA,0.4443045801232624
AUC,0.4566284179665628
AUG,0.5196383546073797
AUU,0.2771821533875794
CAA,0.3002183836945843
CAC,0.370919405881662
CAG,2.4208637375616133
CAU,0.6077813325767037
CCA,0.3117796048729728
CCC,1.7995208351274077
CCG,0.4334606306139075
CCU,1.7751318758898083
CGA,0.48215173956089336
CGC,0.5095961346012193
CGG,1.4009448522540742
CGU,0.28247854035986986
CUA,1.235235540303651
CUC,3.3987283612932964
CUG,1.0949765398094204
CUU,1.156521405868974
GAA,0.2719705373940829
GAC,0.27862580527171404
GAG,1.9347384585232084
GAU,0.5089729435068314
GCA,0.3236415810405345
GCC,0.4531067767189812
GCG,0.7086659101004017
GCU,0.20756713892307788
GGA,0.8315099383800363
GGC,0.14902206736360107
GGG,0.6347386736955141
GGU,0.36174306801184414
GUA,0.3245410791065114
GUC,0.41654085556042636
GUG,1.7697888206380101
GUU,0.21084420505852167
UAC,0.5319194019999085
UAU,0.7856516701289604
UCA,0.37903228251405807
UCC,0.5040196269372821
UCG,0.7904111534631367
UCU,0.31080235162203107
UGC,0.7070266617275148
UGG,0.35251673880597845
UGU,0.9786274110181945
UUA,0.577613673279734
UUC,0.34468147904349344
UUG,0.2525588134718623
UUU,0.5781963847104487
