codon,average_decoding_time
AAA,0.46169143879383345
AAC,0.32794082813719455
AAG,0.23033371397156863
AAU,0.5578341403142562
ACA,0.3500430059059472
ACC,0.44489199808493907
ACG,0.6860935333000127
ACU,0.22290495068918614
AGA,0.14711350848476493
AGC,1.39428890551491
AGG,0.3067371470123586
AGU,1.7490795558858614
AUA,0.4436970760826379
AUC,0.45605770827328246
AUG,0.5213339723675352
AUU,0.2651307347992139
CAA,0.3008460224283811
CAC,0.3718489132329556
CAG,0.5745535908772657
CAU,0.6058345925220303
CCA,0.3115401312755685
CCC,1.8142872986156913
CCG,0.3894796166293019
CCU,1.4572646940981733
CGA,0.4817280448561566
CGC,0.5108870274010314
CGG,2.089054982377104
CGU,0.2832287850754778
CUA,1.238650270469557
CUC,3.3892327244715394
CUG,1.0959338627479
CUU,3.9638573870245244
GAA,0.30580862081186133
GAC,0.28001386213677426
GAG,0.4640914027812418
GAU,0.5085582514567321
GCA,0.3274891213300635
GCC,0.4819057408649604
GCG,0.8517286934716243
GCU,0.2559854700830019
GGA,1.03046301397062
GGC,0.1710084891801351
GGG,0.6808102005436876
GGU,0.3872310485906873
GUA,0.4046313402973815
GUC,0.4982212043990406
GUG,2.0878077833969995
GUU,0.2732465475716184
UAC,0.37087165158203594
UAU,0.6088354800732759
UCA,0.3736057379405912
UCC,0.46989601436563266
UCG,0.6460499947039883
UCU,0.24725306559086965
UGC,0.5154505453696725
UGG,0.33326719089625845
UGU,0.7697589982239073
UUA,0.5216819212832173
UUC,0.3024002737003259
UUG,0.2015851052370521
UUU,0.5313907511252035
