codon,average_decoding_time
AAA,0.4581833843083734
AAC,0.32675805548873393
AAG,0.16014087244410907
AAU,0.5603270909971618
ACA,0.3503049308770943
ACC,0.4461343172093577
ACG,0.6654226342674906
ACU,0.22983486813617543
AGA,0.1489390768820412
AGC,1.3920180466112344
AGG,1.8090136525036644
AGU,1.7474349134786473
AUA,0.44362762688330293
AUC,0.4582137314053416
AUG,0.5512835716776862
AUU,0.2786611844591356
CAA,0.3003889578509812
CAC,0.3703213524838934
CAG,2.42241703927063
CAU,0.6080372758739893
CCA,0.31131756110562836
CCC,1.8067719874754373
CCG,0.43174059580133095
CCU,1.757619011313415
CGA,0.4821561276942047
CGC,0.5109915916675521
CGG,1.4123597016703975
CGU,0.282613944152628
CUA,1.2338900263678063
CUC,3.408760490359942
CUG,1.1217840087396176
CUU,1.1612212020436672
GAA,0.2730855512550895
GAC,0.27898766037353756
GAG,1.9216050866545695
GAU,0.5062109399147839
GCA,0.3228336030936926
GCC,0.4516721093726598
GCG,0.7145689446804594
GCU,0.2071741878154654
GGA,0.8315919897273315
GGC,0.1490987210166554
GGG,0.6325139131139865
GGU,0.36159237340824596
GUA,0.32516596930017755
GUC,0.4193205564787719
GUG,0.7696828222891968
GUU,0.21241321195982932
UAC,0.5313001160461214
UAU,0.7891713309863035
UCA,0.3777483466854077
UCC,0.5042171793510775
UCG,0.7857452525122867
UCU,0.3114059699155471
UGC,0.704439580313878
UGG,0.3539648205777145
UGU,0.9786588134906288
UUA,0.5789015736018354
UUC,0.3425991907919167
UUG,0.32627678300498864
UUU,0.5770547481991557
