codon,average_decoding_time
AAA,0.46081860646665135
AAC,0.3272255355540931
AAG,0.23019706883446306
AAU,0.5608813866523675
ACA,0.3490128116008481
ACC,0.44604468705698164
ACG,0.5792720175671366
ACU,0.22303155254693488
AGA,0.14841676531767228
AGC,1.390730320194694
AGG,1.6315133949392815
AGU,1.747012410364901
AUA,0.44385870266192373
AUC,0.45919555796521294
AUG,0.5506718946636028
AUU,0.2672812971189255
CAA,0.29969191534907186
CAC,0.36966721927570945
CAG,0.5750461918637614
CAU,0.6099398488492133
CCA,0.3116795070950112
CCC,1.8110331886685105
CCG,1.4870014067020194
CCU,1.45149827573487
CGA,0.4818116385835267
CGC,0.5115718141122982
CGG,1.228818479667355
CGU,0.2811984699617086
CUA,1.2364625062570072
CUC,3.4120916343724743
CUG,1.16598399895096
CUU,3.988920471276475
GAA,0.3029420790904232
GAC,0.2806324831581633
GAG,0.46526011773881176
GAU,0.5058625141726609
GCA,0.32657869547315166
GCC,0.4823380905824247
GCG,0.7452860659992584
GCU,0.25605768107647864
GGA,1.0181042974450072
GGC,0.17022717983751912
GGG,1.3666468522098072
GGU,0.3849330251980467
GUA,0.40727764337662564
GUC,0.49790988200054714
GUG,0.9989142747433283
GUU,0.27318860870409173
UAC,0.3693693626233291
UAU,0.6086715959208796
UCA,0.37169446990483435
UCC,0.4688493394496704
UCG,2.3033937085411282
UCU,0.24571672793428573
UGC,0.5122858349203295
UGG,0.18442432060722588
UGU,0.7654523330187882
UUA,0.521744043350199
UUC,0.2992291202042423
UUG,0.2115238876078273
UUU,0.5305093784583612
