codon,average_decoding_time
AAA,0.4597058899414057
AAC,0.3277006889383466
AAG,0.23041370156499422
AAU,0.5579089387440304
ACA,0.3515267132451528
ACC,0.4446653146325638
ACG,0.665288928884156
ACU,0.22453740974175548
AGA,0.14761850281295513
AGC,1.3898482636013882
AGG,1.8110403078162898
AGU,1.754178859448042
AUA,0.44184894032153665
AUC,0.4568182974476033
AUG,0.5218537255510566
AUU,0.26423678378497495
CAA,0.299640067808246
CAC,0.36906441853018934
CAG,0.5717033392506711
CAU,0.606506310864349
CCA,0.3120723741666578
CCC,1.8146983972792388
CCG,0.4325306233716216
CCU,1.4544094715147529
CGA,0.4804801939956197
CGC,0.5100157557577393
CGG,1.3998119248793883
CGU,0.2827544641586911
CUA,1.2415058286660308
CUC,3.3911584392936103
CUG,1.0535219102523363
CUU,3.9501547200238103
GAA,0.27271128801633865
GAC,0.278511805773983
GAG,0.4341321866024353
GAU,0.5095853500885619
GCA,0.3235830313607496
GCC,0.45139331379685493
GCG,0.7121733569613715
GCU,0.22887877084118932
GGA,0.8291822323804589
GGC,0.1482488749900268
GGG,0.6323760950713244
GGU,0.3611505164963483
GUA,0.3252346825164819
GUC,0.4200279737717836
GUG,1.756287768246496
GUU,0.20097562097774774
UAC,0.3684883937431861
UAU,0.6081035497869384
UCA,0.37256226149101546
UCC,0.4688108282106345
UCG,0.6463349014746673
UCU,0.24447511054144924
UGC,0.5140424976930988
UGG,0.21464795761093516
UGU,0.768259585587702
UUA,0.5177176547722045
UUC,0.30047663630417276
UUG,0.19371542356190638
UUU,0.530258519779704
