codon,average_decoding_time
AAA,0.4580843097580045
AAC,0.3273912160404212
AAG,0.23067917017756154
AAU,0.5608470119222241
ACA,0.34958940292404056
ACC,0.4451343963212674
ACG,0.684741024556637
ACU,0.22396251618163143
AGA,0.14787386643233252
AGC,1.3842511889196185
AGG,0.306749382578232
AGU,1.7429124825783904
AUA,0.44485112398898485
AUC,0.45854479184449964
AUG,0.5493022644250729
AUU,0.26495984402199413
CAA,0.29826402830734117
CAC,0.3693465449537361
CAG,0.5728900492996228
CAU,0.6065445954744854
CCA,0.31229102592784047
CCC,1.8107868689533824
CCG,0.3873257701628646
CCU,1.4493685387268902
CGA,0.4808687457873746
CGC,0.5108839231019305
CGG,2.0919049580774
CGU,0.2818465415375779
CUA,1.2314234420667287
CUC,3.3906677825165352
CUG,1.1595159331016944
CUU,3.9673035370754066
GAA,0.3047666398459475
GAC,0.2806425243650899
GAG,0.46484111597238154
GAU,0.506078492814972
GCA,0.32665352383769114
GCC,0.4815117555549754
GCG,0.8581445340381731
GCU,0.25580875608700276
GGA,1.0193267313295422
GGC,0.1702231299121501
GGG,0.6814448584654611
GGU,0.38725198501013053
GUA,0.4060038840965167
GUC,0.4992476778676792
GUG,0.9951194190870449
GUU,0.27232647380231745
UAC,0.3667562973003078
UAU,0.6078187684308815
UCA,0.3740265165926367
UCC,0.46888489263375815
UCG,0.6475504830831822
UCU,0.24498131899649686
UGC,0.5122260500920017
UGG,0.33391024499232236
UGU,0.7665223890748709
UUA,0.5220864256534586
UUC,0.29972238889684844
UUG,0.24323032889344232
UUU,0.5303988082067409
