codon,average_decoding_time
AAA,0.460176125497548
AAC,0.32738935321259666
AAG,0.23001896504777938
AAU,0.5591024740980558
ACA,0.3508795711374038
ACC,0.44381665167419343
ACG,0.5816126131793179
ACU,0.22938033956179255
AGA,0.1480749546191385
AGC,1.3930282169366814
AGG,0.2923100615587389
AGU,1.7569628877663162
AUA,0.4438920552481501
AUC,0.4585965855610812
AUG,0.5485350736686395
AUU,0.27881745703874405
CAA,0.2993943065904093
CAC,0.3709309934400618
CAG,0.5743495018567809
CAU,0.6070048128188952
CCA,0.31282071332177463
CCC,1.8079548145949302
CCG,1.4911393546460021
CCU,1.7676028626374347
CGA,0.48080368820997943
CGC,0.5108836054620365
CGG,1.924812261114306
CGU,0.2805139661097971
CUA,1.239971371593159
CUC,3.3965530727560544
CUG,1.1277974944978664
CUU,1.1596927186299444
GAA,0.3022183672517442
GAC,0.2797237472632343
GAG,0.4665052292236371
GAU,0.5099730105406263
GCA,0.32637271881092045
GCC,0.48364485721901596
GCG,0.7426411669220007
GCU,0.22568219596270017
GGA,1.0245460798499095
GGC,0.17089955767493187
GGG,1.3542493660594
GGU,0.386230372448515
GUA,0.4073308231965634
GUC,0.5003376444941101
GUG,0.9973023493878181
GUU,0.28479303939360406
UAC,0.5317248381411966
UAU,0.7879542828551344
UCA,0.37900036381664787
UCC,0.5081008364121643
UCG,2.9185969983216187
UCU,0.3108858397296121
UGC,0.7016488148037282
UGG,0.323143749875073
UGU,0.9830781175810439
UUA,0.5797398600299388
UUC,0.3435429187697992
UUG,0.26420253488709744
UUU,0.5766981783152739
