codon,average_decoding_time
AAA,0.45952344081417473
AAC,0.3266634429909597
AAG,0.1619629925425446
AAU,0.5609162783294364
ACA,0.3510212149009036
ACC,0.4448955516695441
ACG,0.5792590768495168
ACU,0.22942732521612078
AGA,0.14862392902010227
AGC,1.3923809435432606
AGG,0.2922107625554741
AGU,1.7434932888287578
AUA,0.4455125851038006
AUC,0.4559814697660763
AUG,0.5214344552237004
AUU,0.27730107389945013
CAA,0.29943215199717793
CAC,0.37014821558806477
CAG,2.426260115563531
CAU,0.6099740873999439
CCA,0.31429902486412986
CCC,1.8123021561417156
CCG,1.4902671881956764
CCU,1.7636149043004636
CGA,0.48089492113659954
CGC,0.5121398879103285
CGG,1.9082708982909793
CGU,0.2817433886191695
CUA,1.230431160040185
CUC,3.4023250430280894
CUG,1.0539008605324611
CUU,1.1629101661294896
GAA,0.30405610435202046
GAC,0.2770297395223277
GAG,2.155157066185683
GAU,0.5068070034623757
GCA,0.3254644866267417
GCC,0.4800608081352924
GCG,0.7476824325868784
GCU,0.2259165960728555
GGA,1.0237898826166743
GGC,0.17121418917737127
GGG,1.3662082396206228
GGU,0.38439163051372843
GUA,0.40618097319363
GUC,0.5005944746853568
GUG,2.06868529252051
GUU,0.2835978313340148
UAC,0.531178877547745
UAU,0.7916903538569794
UCA,0.3765101914054557
UCC,0.5050638434774943
UCG,2.9118074305303843
UCU,0.31193406796046796
UGC,0.7023151959355663
UGG,0.32332271813676683
UGU,0.9816050696783267
UUA,0.5776707272736225
UUC,0.34366749099428134
UUG,0.30881069483703893
UUU,0.5786179510249542
