codon,average_decoding_time
AAA,0.4614269398047099
AAC,0.32797427321053785
AAG,0.2299788664072304
AAU,0.5578759645865902
ACA,0.34929493278794677
ACC,0.44487158959352074
ACG,0.5793616028176177
ACU,0.23012062302297043
AGA,0.14874976549919358
AGC,1.4004823883828306
AGG,0.2916044202443692
AGU,1.7566378555036244
AUA,0.4432357588866747
AUC,0.45622981440207644
AUG,0.5514563666137607
AUU,0.27876242634517057
CAA,0.2998564546147087
CAC,0.37064375174762404
CAG,0.57470426920471
CAU,0.6078431279644845
CCA,0.31325465989972656
CCC,1.8144860330117203
CCG,1.4888285083266042
CCU,1.772722175537038
CGA,0.4813989551492038
CGC,0.5077683142791416
CGG,1.9127229604148681
CGU,0.2830433124914014
CUA,1.2405568360083374
CUC,3.418816867159747
CUG,1.1618988087034097
CUU,1.151977655294183
GAA,0.3043062752303778
GAC,0.27903319547925653
GAG,0.46638601820348885
GAU,0.5058197333255836
GCA,0.3266916353725349
GCC,0.4831389161302417
GCG,0.7409661102113013
GCU,0.22491912716969284
GGA,1.0200649596366465
GGC,0.17199133485702933
GGG,1.368344147141509
GGU,0.3884951331059721
GUA,0.4035528580197873
GUC,0.4995918931140291
GUG,0.9961900284317429
GUU,0.28653886819455326
UAC,0.5317446978011977
UAU,0.7888351027385231
UCA,0.3765880187746921
UCC,0.503075158147941
UCG,2.925964367727723
UCU,0.30936576983788994
UGC,0.7049415623359312
UGG,0.32409489169764105
UGU,0.9788037124280389
UUA,0.5794235332126031
UUC,0.34191765169050853
UUG,0.2621665487694822
UUU,0.577581036749477
