codon,average_decoding_time
AAA,0.4573406085607004
AAC,0.32738972880319556
AAG,0.16123844834366735
AAU,0.5598369825000612
ACA,0.35092586354804667
ACC,0.44605096778314685
ACG,0.5774745076257852
ACU,0.2300689465420989
AGA,0.1474602220382531
AGC,1.3968451301493472
AGG,1.6362785411186718
AGU,1.7476665755517193
AUA,0.44379709754299584
AUC,0.4583768207909741
AUG,0.5230247184427522
AUU,0.278941223405137
CAA,0.30153548456541246
CAC,0.3711848259968249
CAG,2.4253952141139052
CAU,0.608804774317659
CCA,0.31109712622704266
CCC,1.8132773094643004
CCG,1.5011797179512723
CCU,1.758904978261414
CGA,0.4818496423946772
CGC,0.509953941672614
CGG,1.2410260333473704
CGU,0.28414808903234795
CUA,1.2340197417811776
CUC,3.4096215008725315
CUG,1.094892293622383
CUU,1.1604799697025587
GAA,0.3032036478092402
GAC,0.27920839018902355
GAG,2.1674037726848767
GAU,0.5063525328370148
GCA,0.32588124459244033
GCC,0.48112350804548526
GCG,0.7454357318015
GCU,0.22609356203877465
GGA,1.0237525184917307
GGC,0.1709717784874812
GGG,1.3548681432412475
GGU,0.3865266846795782
GUA,0.4042462518516287
GUC,0.49723771450922766
GUG,2.0575764870348685
GUU,0.28248901487458566
UAC,0.5336657124472607
UAU,0.789899519086218
UCA,0.3786450455922319
UCC,0.5046003736314649
UCG,2.932246610190304
UCU,0.310428794891667
UGC,0.7055262198904066
UGG,0.32491707941379955
UGU,0.9838964135757094
UUA,0.5827961497729053
UUC,0.3439233111541213
UUG,0.2529215781773212
UUU,0.5775379543560462
