codon,average_decoding_time
AAA,0.4571115437695999
AAC,0.3284917679736408
AAG,0.22897800879034902
AAU,0.5580530255099095
ACA,0.35130643511304893
ACC,0.44502601505062717
ACG,0.6874759413811834
ACU,0.23145821507406436
AGA,0.14782806136732515
AGC,1.395743518350957
AGG,1.797826142946858
AGU,1.7449575066375036
AUA,0.4424897421587009
AUC,0.45706709515416327
AUG,0.5484325673446359
AUU,0.2777026968601021
CAA,0.2997003965692375
CAC,0.3703306223388449
CAG,0.5731415386052096
CAU,0.6090627893545764
CCA,0.3122526823935742
CCC,1.8172469198402075
CCG,0.38801723667650984
CCU,1.765853174016184
CGA,0.4818854419447043
CGC,0.5087604819557573
CGG,1.4025518862216377
CGU,0.28040411733374165
CUA,1.239825905627464
CUC,3.4130742000428285
CUG,1.1171862092456448
CUU,1.159340772276618
GAA,0.3036187769662708
GAC,0.2790627431492015
GAG,0.4637806159034714
GAU,0.5080082708650776
GCA,0.3266842060088911
GCC,0.4817111889669425
GCG,0.8514467191885763
GCU,0.22623342225806453
GGA,1.021821851674704
GGC,0.1713715410390573
GGG,0.6864945214435357
GGU,0.3864604134226978
GUA,0.40577508059795014
GUC,0.498338738021726
GUG,0.9993302213877825
GUU,0.2835917694602169
UAC,0.5328990696014748
UAU,0.7868534332644355
UCA,0.3773926247053795
UCC,0.5038659335804865
UCG,0.7896792648935393
UCU,0.30932137389147085
UGC,0.7070174633320007
UGG,0.3548953632350853
UGU,0.9744297105714449
UUA,0.5784549193303897
UUC,0.3433400437509065
UUG,0.2636635302939083
UUU,0.5765780288033028
