codon,average_decoding_time
AAA,0.4596401804976534
AAC,0.32719506795063613
AAG,0.22949747733812692
AAU,0.5591205732302343
ACA,0.3513609167369519
ACC,0.4445680832267784
ACG,0.663565491302163
ACU,0.22995029031354158
AGA,0.14819317235488322
AGC,1.3989058390248508
AGG,0.30642342593630834
AGU,1.7325996159168904
AUA,0.44279913860130155
AUC,0.45740936918610225
AUG,0.5538887696792549
AUU,0.27793353826008477
CAA,0.3003942551794559
CAC,0.36935292194208275
CAG,0.5740840718587986
CAU,0.6108922835188192
CCA,0.3103423176014571
CCC,1.8166647655962873
CCG,0.4320873524154975
CCU,1.7630596782248786
CGA,0.482260987202886
CGC,0.5091248266644984
CGG,2.0938795615666703
CGU,0.2821298077938686
CUA,1.2405146215238418
CUC,3.413714733622071
CUG,1.159022636142745
CUU,1.1662998326502891
GAA,0.27119788394661204
GAC,0.27897842544542395
GAG,0.435877016801288
GAU,0.5081114659061429
GCA,0.32281731531069263
GCC,0.45260468198299497
GCG,0.7103497803663179
GCU,0.2089798904845488
GGA,0.8271900150806443
GGC,0.14920194452445473
GGG,0.6339275972381974
GGU,0.3630010030116838
GUA,0.32513553905833387
GUC,0.4188622802163985
GUG,0.8564217286004295
GUU,0.2131696387080233
UAC,0.5327649931269861
UAU,0.7881891947911174
UCA,0.3757383369468944
UCC,0.5063435959572353
UCG,0.7898872640928367
UCU,0.3096178706800912
UGC,0.7066591766366057
UGG,0.35161351352366377
UGU,0.9805362663063222
UUA,0.5787110539796686
UUC,0.3439155627721615
UUG,0.26357379510183526
UUU,0.5793270419938775
