codon,average_decoding_time
AAA,0.46102581615086463
AAC,0.3280042524632595
AAG,0.16096124966430575
AAU,0.5608196410888269
ACA,0.3509797978833995
ACC,0.4442513435798391
ACG,0.6866775383471134
ACU,0.22397636378782415
AGA,0.1478518039453193
AGC,1.388490845296983
AGG,1.804303100459828
AGU,1.74988208870116
AUA,0.44600897217802277
AUC,0.4577960450329773
AUG,0.5500303781241727
AUU,0.2654143053669737
CAA,0.3009092606000077
CAC,0.3722421457839023
CAG,2.411027181708327
CAU,0.6064083804034771
CCA,0.3123356078791549
CCC,1.8123307123640198
CCG,0.38819836451699646
CCU,1.4509500518948795
CGA,0.4827943857734249
CGC,0.5108877630399218
CGG,1.4066038117908382
CGU,0.2799474203265154
CUA,1.237635718396334
CUC,3.4208631204441264
CUG,1.1660689907583166
CUU,3.97180702568114
GAA,0.30389190973695973
GAC,0.2780811588716568
GAG,2.165148403649417
GAU,0.5039578104970137
GCA,0.3267990442048919
GCC,0.48113261005845015
GCG,0.8508727402323365
GCU,0.256673809305101
GGA,1.0258674920828397
GGC,0.1717350424053874
GGG,0.6839613082699405
GGU,0.38670725094241304
GUA,0.4042245579295544
GUC,0.5014416162154742
GUG,0.9944619931347926
GUU,0.27167123031047197
UAC,0.3702821446750324
UAU,0.6098050791939156
UCA,0.3721527883888161
UCC,0.4681239214320694
UCG,0.6466435416192763
UCU,0.24508534833312326
UGC,0.5131332421262398
UGG,0.21474280224285278
UGU,0.7687260808307769
UUA,0.518163190076234
UUC,0.2997768749605327
UUG,0.21209598435625013
UUU,0.5302545838865724
