codon,average_decoding_time
AAA,0.4595274844047019
AAC,0.32593667064243287
AAG,0.23044865296968645
AAU,0.5585786583695129
ACA,0.34969817171348877
ACC,0.44533671122332324
ACG,0.6616366368279321
ACU,0.22351209934864252
AGA,0.14824666873493095
AGC,1.3931159801622932
AGG,0.30734985974865286
AGU,1.7473451684057912
AUA,0.4410525048328262
AUC,0.45692956140417024
AUG,0.5200175717996608
AUU,0.26530981740263354
CAA,0.29916160581159706
CAC,0.3707511015209707
CAG,0.5737035914361618
CAU,0.6090555710346253
CCA,0.31201779173563954
CCC,1.808911312758915
CCG,0.4327873110949428
CCU,1.4536831831073862
CGA,0.4812503458746132
CGC,0.5080527273763212
CGG,2.090098163498319
CGU,0.28376042453626144
CUA,1.2362128045875376
CUC,3.418245725304351
CUG,1.0952385947180072
CUU,3.9742529517682463
GAA,0.27151879710166715
GAC,0.2807303232826879
GAG,0.434839037311795
GAU,0.5072621785215898
GCA,0.322126496731439
GCC,0.4523741507591927
GCG,0.7095594374023274
GCU,0.2297673947046178
GGA,0.8284346916425219
GGC,0.14847990469430325
GGG,0.633746533627482
GGU,0.3614361236444519
GUA,0.3238041754621181
GUC,0.4178531515311169
GUG,1.7607140347219552
GUU,0.20083284122790782
UAC,0.3691440539715166
UAU,0.607581689457486
UCA,0.3736551178099927
UCC,0.4697555104178594
UCG,0.6459948012426004
UCU,0.24592842334378384
UGC,0.5161143141351655
UGG,0.3328800090905909
UGU,0.7675174678908163
UUA,0.5202641573593574
UUC,0.29991341610666966
UUG,0.199289984590403
UUU,0.5278974526287291
