codon,average_decoding_time
AAA,0.4596442977217687
AAC,0.32520375563654413
AAG,0.22912164032641266
AAU,0.5585324611614221
ACA,0.3502727582131319
ACC,0.4444481800226781
ACG,0.6662448483032227
ACU,0.2299196761432646
AGA,0.14753366649929972
AGC,1.3872100954922646
AGG,0.3074848565667065
AGU,1.747865643001499
AUA,0.4425238744433604
AUC,0.45752187366244973
AUG,0.5202470635103837
AUU,0.27803987820328163
CAA,0.3003580654312799
CAC,0.3711240174358337
CAG,0.5758470476094444
CAU,0.6079571383783116
CCA,0.3130612084183524
CCC,1.808559395503378
CCG,0.43203812111358325
CCU,1.7599275149402125
CGA,0.48180332528394015
CGC,0.5089850413878126
CGG,2.0734414281247964
CGU,0.2836724168893535
CUA,1.2382385201352937
CUC,3.4205704429904222
CUG,1.0510358841434224
CUU,1.1648333281915506
GAA,0.2724429310890344
GAC,0.27821225819586226
GAG,0.4353996358112379
GAU,0.5055970910745211
GCA,0.3221313622615686
GCC,0.44913819531428395
GCG,0.7057390020641064
GCU,0.20702828074000507
GGA,0.8305799125229556
GGC,0.1484534920885919
GGG,0.6324973810920731
GGU,0.3619171465860606
GUA,0.32324840487956014
GUC,0.4173444822940124
GUG,1.7596911695119397
GUU,0.21242747361304717
UAC,0.5317216725706929
UAU,0.7901483219003715
UCA,0.376685642480643
UCC,0.506937160669015
UCG,0.7865804850129604
UCU,0.309211079039499
UGC,0.7068269278617689
UGG,0.35210226357741725
UGU,0.9830634800336842
UUA,0.5775853933120736
UUC,0.34291216495458154
UUG,0.252610935314934
UUU,0.5775191413262767
