codon,average_decoding_time
AAA,0.4579696833183302
AAC,0.327814597614954
AAG,0.16147104186155956
AAU,0.5586976994841839
ACA,0.3506726789558057
ACC,0.445232232229352
ACG,0.6660342420714641
ACU,0.22949846963458248
AGA,0.14705693365703065
AGC,1.3980707634500165
AGG,1.8106993534182987
AGU,1.7459323618436529
AUA,0.44602606988823196
AUC,0.4586178626800905
AUG,0.5201045303267791
AUU,0.2778886153843883
CAA,0.2998388485706431
CAC,0.3700318957655459
CAG,2.415301273030066
CAU,0.6095786306999204
CCA,0.31258194103075615
CCC,1.8003834154275717
CCG,0.4331124079471034
CCU,1.7738384382688117
CGA,0.4823620827302115
CGC,0.5121807715905279
CGG,1.4030884863755482
CGU,0.2822112905180834
CUA,1.2345735375482392
CUC,3.4225144949159305
CUG,1.0501109541797573
CUU,1.1634443791394553
GAA,0.272842881449231
GAC,0.27881429436610394
GAG,1.9414681412002497
GAU,0.5056622457703918
GCA,0.322270801508763
GCC,0.45150535650948115
GCG,0.71096841449517
GCU,0.20639551740297105
GGA,0.8264895802934271
GGC,0.14930132732723828
GGG,0.6320306632875365
GGU,0.3603222682348305
GUA,0.32454613164170676
GUC,0.4197655068800499
GUG,1.566935627342975
GUU,0.2129421946204861
UAC,0.5348251372047806
UAU,0.7882643453305795
UCA,0.37739537448552307
UCC,0.5042223039791058
UCG,0.7889020338240957
UCU,0.31144837941414694
UGC,0.7085123048683586
UGG,0.35410729351644155
UGU,0.9813795996761213
UUA,0.5816081168566842
UUC,0.3448405019581704
UUG,0.308312462192836
UUU,0.5780521711022732
