codon,average_decoding_time
AAA,0.4577159537963146
AAC,0.32896769454673386
AAG,0.22987254972173896
AAU,0.5591102878474872
ACA,0.3506217633288049
ACC,0.44458008825757694
ACG,0.6659730267900452
ACU,0.2309115017128395
AGA,0.14789718088885986
AGC,1.3907645608897796
AGG,1.8002282645901804
AGU,1.7531986063862204
AUA,0.4449023857324712
AUC,0.4579250790283039
AUG,0.521576631644336
AUU,0.27853571056515525
CAA,0.3003644938994468
CAC,0.3718600766782993
CAG,0.5743256445339501
CAU,0.6083667350244953
CCA,0.3127327816500436
CCC,1.8111364883690362
CCG,0.4336519977130091
CCU,1.7651942883478637
CGA,0.48213164481537873
CGC,0.5115996028513495
CGG,1.4072758016964715
CGU,0.2820173337552188
CUA,1.2290651514713107
CUC,3.416772822239012
CUG,1.0998970004512325
CUU,1.1596380221738432
GAA,0.27287143483709303
GAC,0.2802425533789682
GAG,0.43270186888250856
GAU,0.5064839774950676
GCA,0.32176451188916294
GCC,0.4521005990156587
GCG,0.7123897964074022
GCU,0.2088583713071178
GGA,0.8307478622897816
GGC,0.14893796241170773
GGG,0.6295777665838173
GGU,0.3635833242408435
GUA,0.32375674485933165
GUC,0.42098886996179485
GUG,1.5668194062904173
GUU,0.2111224499228022
UAC,0.5332986117291549
UAU,0.7891204085435608
UCA,0.3795684973784014
UCC,0.5052306477825137
UCG,0.7904045403355402
UCU,0.30823070681735765
UGC,0.7082557399596593
UGG,0.35350142178626515
UGU,0.9813238799972196
UUA,0.5812017809168879
UUC,0.343052625493333
UUG,0.3075035865631619
UUU,0.5782273510100838
