codon,average_decoding_time
AAA,0.45827479379759173
AAC,0.3276090575594171
AAG,0.23017197079962792
AAU,0.5581978768466926
ACA,0.3513604921500033
ACC,0.4458962813769837
ACG,0.6875919163973194
ACU,0.22415402647221586
AGA,0.14764557326104338
AGC,1.3935215195113488
AGG,0.30773245653235104
AGU,1.7561166475999888
AUA,0.44384344104684614
AUC,0.45936501306379585
AUG,0.5250137873554185
AUU,0.2648089572791531
CAA,0.29938848885958985
CAC,0.37169857011095975
CAG,0.5706435585151999
CAU,0.6078955985455311
CCA,0.31355666713249697
CCC,1.8025241998160066
CCG,0.3883778115860858
CCU,1.4509847259241564
CGA,0.48256718488470224
CGC,0.5067478384857624
CGG,2.0850210133191944
CGU,0.2818964630191174
CUA,1.238776869773679
CUC,3.3904271626853064
CUG,1.0985035509138397
CUU,3.970300824734571
GAA,0.30163660561350614
GAC,0.28105766380045477
GAG,0.4655457246799775
GAU,0.5071405765096478
GCA,0.3269921052901209
GCC,0.48179877630005197
GCG,0.8520351399380371
GCU,0.2563711191539801
GGA,1.0238879564721968
GGC,0.17120950182279554
GGG,0.6851672265420524
GGU,0.3862618959114384
GUA,0.40616503182194014
GUC,0.4968969179945072
GUG,2.0718543351464818
GUU,0.27178717757696264
UAC,0.3691524074480871
UAU,0.6054310711363139
UCA,0.37279060482555654
UCC,0.47004546323862756
UCG,0.6446544852409627
UCU,0.24654159500147757
UGC,0.5161098769857946
UGG,0.3337526971848462
UGU,0.7712689164304055
UUA,0.5184345676368118
UUC,0.3009547155852518
UUG,0.20115096113877426
UUU,0.5303955339154511
