codon,average_decoding_time
AAA,0.45749563211689603
AAC,0.32740936739492366
AAG,0.22980358248200994
AAU,0.5593949095659521
ACA,0.3501225313539433
ACC,0.44444444003926736
ACG,0.6640417423068736
ACU,0.2241283015281153
AGA,0.14824454027530157
AGC,1.4048046150775206
AGG,0.3075276538789323
AGU,1.7442629025874203
AUA,0.4428966357394433
AUC,0.4579651818142223
AUG,0.5492086078297931
AUU,0.2657327875653372
CAA,0.29985641311277206
CAC,0.37145113701266663
CAG,0.5733826418109168
CAU,0.6067492201371368
CCA,0.3098628246014084
CCC,1.807395286606588
CCG,0.43228615879741367
CCU,1.4561284220827964
CGA,0.4827709016793437
CGC,0.510585999408829
CGG,2.0788196481059837
CGU,0.28126773341518946
CUA,1.2332557337046732
CUC,3.4112416799390095
CUG,1.117961605331805
CUU,3.9674638205398067
GAA,0.27186074259801624
GAC,0.2795936932431713
GAG,0.433563738858042
GAU,0.5071138849854893
GCA,0.32097648635297255
GCC,0.45055616500213314
GCG,0.7104885483383814
GCU,0.22907352854207938
GGA,0.8292130720675446
GGC,0.14958633282518696
GGG,0.6321542257395942
GGU,0.35993403677338415
GUA,0.32391344761315166
GUC,0.41779625869045706
GUG,0.8599238440315667
GUU,0.19930196782308335
UAC,0.368697665904084
UAU,0.6107893012854926
UCA,0.37340094919858413
UCC,0.4683442373657246
UCG,0.6504212322457015
UCU,0.24519599097407496
UGC,0.5125862145997874
UGG,0.33496259801288764
UGU,0.7700832375663603
UUA,0.5166072625843119
UUC,0.2987860836632999
UUG,0.2056293565358383
UUU,0.5279584304400343
