codon,average_decoding_time
AAA,0.45970228124785567
AAC,0.3282456556815794
AAG,0.16148775721691952
AAU,0.5620686492477335
ACA,0.3505005846125905
ACC,0.4467835273068134
ACG,0.6662848135194113
ACU,0.2301714890963026
AGA,0.14734169336407593
AGC,1.393438129288308
AGG,0.3065091532994195
AGU,1.7397883596895303
AUA,0.4437736410317054
AUC,0.45572076246989823
AUG,0.5204146449190381
AUU,0.27752587352856795
CAA,0.2995230004579719
CAC,0.3699220689220011
CAG,2.412824665202634
CAU,0.6058944230850553
CCA,0.31234151288214895
CCC,1.8029118571552811
CCG,0.43330142750079076
CCU,1.7766302898367146
CGA,0.48090885265603284
CGC,0.5102731735062384
CGG,2.072843108125222
CGU,0.28152401733845783
CUA,1.239384039885123
CUC,3.4148785079615847
CUG,1.098358437495785
CUU,1.1590854431741233
GAA,0.27244732030128405
GAC,0.2789746029226518
GAG,1.935064483387148
GAU,0.5098748531045623
GCA,0.323889759217925
GCC,0.44974102527187737
GCG,0.7087995685480498
GCU,0.20866197087119737
GGA,0.8351042440027748
GGC,0.14878554221122856
GGG,0.6346560454201189
GGU,0.36110337619102784
GUA,0.3243572470910015
GUC,0.41836019364777494
GUG,1.7622372633034071
GUU,0.21179455302606884
UAC,0.533833189971032
UAU,0.7864530464847913
UCA,0.377598684839348
UCC,0.5073759050076907
UCG,0.7851297675797461
UCU,0.30879100052391767
UGC,0.710184228793959
UGG,0.3541055260821308
UGU,0.9816078763559108
UUA,0.5732356759175823
UUC,0.3419058471298484
UUG,0.2527262503003865
UUU,0.5771732750901948
