codon,average_decoding_time
AAA,0.4588162253278789
AAC,0.3272633040963722
AAG,0.16106509217094028
AAU,0.5600747226853419
ACA,0.350744931746267
ACC,0.4449290537702431
ACG,0.6658063795944819
ACU,0.2288067854694152
AGA,0.1475623578121489
AGC,1.3882275716888057
AGG,0.307690363170727
AGU,1.7444412381729355
AUA,0.4452502964959867
AUC,0.4538944772654564
AUG,0.5217136701752927
AUU,0.2777986062230622
CAA,0.2994399191903146
CAC,0.37017319510064944
CAG,2.4098691799697045
CAU,0.6058990570590819
CCA,0.3109751420740616
CCC,1.8123732341560657
CCG,0.4343777224838083
CCU,1.7695735399750396
CGA,0.4824366208116419
CGC,0.5096493311203761
CGG,2.095540753230808
CGU,0.28209390074238805
CUA,1.2364296869601694
CUC,3.4239180428880434
CUG,1.0563337699126707
CUU,1.1608240207225993
GAA,0.2705085071081052
GAC,0.2798778105075548
GAG,1.9223972938192522
GAU,0.5055940397482871
GCA,0.32320872044895893
GCC,0.4501389484845845
GCG,0.7125948512208117
GCU,0.20798250981605473
GGA,0.8281282663557886
GGC,0.14866001068568013
GGG,0.6303020844173411
GGU,0.36134105592295274
GUA,0.3257725802271015
GUC,0.4201074664033616
GUG,1.7598118375214593
GUU,0.21378514863622528
UAC,0.5347996517588358
UAU,0.7891344660132394
UCA,0.37774262143124965
UCC,0.5048118713389463
UCG,0.788471145383322
UCU,0.31048269712115345
UGC,0.7041995049583618
UGG,0.353296433761839
UGU,0.9794693572092185
UUA,0.5780468172317311
UUC,0.3416340937310495
UUG,0.2529251346462584
UUU,0.5775430551059052
