codon,average_decoding_time
AAA,0.4590900402399494
AAC,0.32522260725143814
AAG,0.160892475872674
AAU,0.5617076174532444
ACA,0.35070434959684305
ACC,0.44527185386032114
ACG,0.6640928231520768
ACU,0.22432479503473554
AGA,0.1482602133212367
AGC,1.3972821823520536
AGG,0.3072292740491719
AGU,1.740118572916554
AUA,0.4427022209919498
AUC,0.4583610251978307
AUG,0.5220968383415617
AUU,0.2647859474145828
CAA,0.29904804157132026
CAC,0.37049591298863316
CAG,2.4209629469467564
CAU,0.6096799505119455
CCA,0.31039635628538514
CCC,1.8144609371004525
CCG,0.43434579804700135
CCU,1.4500099332183132
CGA,0.4836169639987947
CGC,0.5112767127879695
CGG,2.0914196012355095
CGU,0.2834894034340601
CUA,1.2327844112748636
CUC,3.419425987224639
CUG,1.0491059410911017
CUU,3.9732175775709626
GAA,0.273115821648616
GAC,0.2801514673119137
GAG,1.9419147275733675
GAU,0.5095945065227169
GCA,0.3219472859019591
GCC,0.4502720436771763
GCG,0.7096997760511078
GCU,0.22865356897698808
GGA,0.8262264627837081
GGC,0.14875878102451087
GGG,0.6321293487698069
GGU,0.36223838001630543
GUA,0.3238470402313839
GUC,0.4180498889967823
GUG,1.5688074905179625
GUU,0.20031728898218054
UAC,0.37059706833860445
UAU,0.6098397944671398
UCA,0.3734614558409204
UCC,0.4706095847219728
UCG,0.6459640957564532
UCU,0.24586244305303762
UGC,0.5138376387494905
UGG,0.3326655426465183
UGU,0.7676287906208017
UUA,0.5196491580046765
UUC,0.3002571495634776
UUG,0.21357125040078845
UUU,0.5287713784426171
