codon,average_decoding_time
AAA,0.4568923696854059
AAC,0.3254730086754323
AAG,0.16128607403350423
AAU,0.5592336035486207
ACA,0.3498835116310869
ACC,0.44541602853793955
ACG,0.6671373563169823
ACU,0.2290803637563531
AGA,0.14763570119748898
AGC,1.3915804942289947
AGG,0.30685368547909864
AGU,1.7440499515121226
AUA,0.44355010768936604
AUC,0.45722648024545165
AUG,0.5220228515248422
AUU,0.2770977440533708
CAA,0.30021420538160876
CAC,0.3706415270940438
CAG,2.419621540532018
CAU,0.6085742159229335
CCA,0.3109955522601232
CCC,1.809375523541183
CCG,0.4337242674495039
CCU,1.7798613279797166
CGA,0.483623654259027
CGC,0.5096328150684692
CGG,2.089499168065548
CGU,0.28084389766058493
CUA,1.2460306364233051
CUC,3.3976381069395902
CUG,1.0947449160679827
CUU,1.163346071648495
GAA,0.27129279334759393
GAC,0.2782867636551335
GAG,1.9265805535272835
GAU,0.5044946753937063
GCA,0.32410867444762254
GCC,0.4510355434695178
GCG,0.7090041610864397
GCU,0.20810213231871466
GGA,0.8281700977455554
GGC,0.14921976229839423
GGG,0.634789800033831
GGU,0.3614917508197674
GUA,0.32376132328884544
GUC,0.4200858786305756
GUG,1.764265871952263
GUU,0.21301756897785795
UAC,0.5319806873112796
UAU,0.7872351962351313
UCA,0.37705874511964144
UCC,0.5054933409013074
UCG,0.7897721294527488
UCU,0.30917796853524504
UGC,0.7026435971649903
UGG,0.35273728909499447
UGU,0.9785477882296623
UUA,0.5778089608502602
UUC,0.34315189865383167
UUG,0.25372984404531523
UUU,0.5800950634603986
