codon,average_decoding_time
AAA,0.45948031267227096
AAC,0.3263319647394356
AAG,0.1606849485367129
AAU,0.5601346922120373
ACA,0.35078262669764343
ACC,0.4459101245650199
ACG,0.6639976637020932
ACU,0.2290980806816358
AGA,0.14826137218067093
AGC,1.3923186671835672
AGG,1.8046435087005128
AGU,1.7505369581152959
AUA,0.44301886974648863
AUC,0.45629813080758685
AUG,0.520197422836249
AUU,0.2790270526239574
CAA,0.2992428123293618
CAC,0.37059596115002724
CAG,2.4297253110849164
CAU,0.6095919023127321
CCA,0.3101629237653068
CCC,1.8061596322433473
CCG,0.4346309303316296
CCU,1.7756608779056824
CGA,0.48140948727563854
CGC,0.5116804248812852
CGG,1.402471794480382
CGU,0.282420887851349
CUA,1.235528172640549
CUC,3.3998263358209195
CUG,1.0545763301534312
CUU,1.1558803976390564
GAA,0.27167699213613944
GAC,0.2809631294675817
GAG,1.9355843083374271
GAU,0.5086348769850089
GCA,0.3222144876738355
GCC,0.4515982118254997
GCG,0.7109121651928435
GCU,0.20689748968297253
GGA,0.825023643253528
GGC,0.14916615249896345
GGG,0.631935694606872
GGU,0.3613331710493137
GUA,0.3236094800762743
GUC,0.41856421372495517
GUG,1.76872642029296
GUU,0.21226461396161547
UAC,0.534071417470215
UAU,0.7912804418582435
UCA,0.3758658954920581
UCC,0.5046611453554102
UCG,0.7875616473262061
UCU,0.3106240166819858
UGC,0.7046765678001231
UGG,0.35337705780932155
UGU,0.9793098632361986
UUA,0.5800295596310222
UUC,0.3424118878565248
UUG,0.2527955922501155
UUU,0.5774166404066712
