codon,average_decoding_time
AAA,0.458210436397987
AAC,0.3288139321828575
AAG,0.16101205494528323
AAU,0.5592703501087027
ACA,0.34914902620162835
ACC,0.44400573785930025
ACG,0.6661796184293478
ACU,0.2308099523092531
AGA,0.14840153365937359
AGC,1.3943960709722623
AGG,0.30570401741286524
AGU,1.7358246754123303
AUA,0.44279660425883643
AUC,0.4574749175824915
AUG,0.5519310937548484
AUU,0.27834801112605245
CAA,0.3009903482007621
CAC,0.3702762055964384
CAG,2.408325336474456
CAU,0.6063536244143307
CCA,0.30992807433982156
CCC,1.8066913035492416
CCG,0.4322284139757632
CCU,1.7751254474430727
CGA,0.48259883684139127
CGC,0.5112443050492199
CGG,2.0964633839613684
CGU,0.28278318318780243
CUA,1.2444887484111014
CUC,3.409771039502269
CUG,1.1158490694050245
CUU,1.16520666733519
GAA,0.27174590031928847
GAC,0.27996947387336146
GAG,1.9250463044075123
GAU,0.506532645252437
GCA,0.3230884568390832
GCC,0.45051379074830705
GCG,0.713004485608048
GCU,0.2078931494789078
GGA,0.8284225448401926
GGC,0.14841953245766562
GGG,0.6335040921839004
GGU,0.36125609436326384
GUA,0.3249493279846292
GUC,0.41831011764024273
GUG,0.8572359319407878
GUU,0.21176562246452935
UAC,0.5341292410420286
UAU,0.7930075950675497
UCA,0.37836666037497235
UCC,0.5064846403760886
UCG,0.787851739735086
UCU,0.3106912450564299
UGC,0.7078517178085103
UGG,0.35627283768109325
UGU,0.9800696657987422
UUA,0.5782832546933645
UUC,0.3434655626417182
UUG,0.2635225880103178
UUU,0.5769606292266651
