codon,average_decoding_time
AAA,0.4579057609116449
AAC,0.32667517664037304
AAG,0.23071687388695747
AAU,0.5612051242205738
ACA,0.3528319820115284
ACC,0.4437009902248056
ACG,0.6879680279728885
ACU,0.2239395789883217
AGA,0.14814295868012525
AGC,1.4017738004868903
AGG,0.30562355914417466
AGU,1.7588452161895227
AUA,0.44417591769282505
AUC,0.457562221049211
AUG,0.5183191509037014
AUU,0.2657786147750967
CAA,0.297772998377509
CAC,0.3702864501284922
CAG,0.5732705628071841
CAU,0.6076815322634692
CCA,0.3134981296177018
CCC,1.8147018223431879
CCG,0.38738014482440425
CCU,1.4498926920991693
CGA,0.48094030703194085
CGC,0.5115069432686442
CGG,2.078557345561538
CGU,0.2811443882854949
CUA,1.2333274054482253
CUC,3.3956028655195905
CUG,1.0986633436392732
CUU,3.9618297493488503
GAA,0.30384601196306643
GAC,0.2798827608401792
GAG,0.4644048289736516
GAU,0.5072869455061181
GCA,0.32678933209600053
GCC,0.4808369578026808
GCG,0.8541252011423688
GCU,0.2562936724366509
GGA,1.0220926966254384
GGC,0.1715307818182237
GGG,0.6837499094035664
GGU,0.3861702192276734
GUA,0.4061605293897039
GUC,0.4991289884529009
GUG,2.0673098980051914
GUU,0.2729728593044803
UAC,0.3706008564331005
UAU,0.6087590873785836
UCA,0.3737896949313817
UCC,0.46900645884653036
UCG,0.6484989933048054
UCU,0.24642285121595464
UGC,0.5150520386168179
UGG,0.33245115764042144
UGU,0.7690329598289994
UUA,0.5201227736456653
UUC,0.3007247231843776
UUG,0.22635431956294538
UUU,0.5274116794347061
