codon,average_decoding_time
AAA,0.46057439218481727
AAC,0.3264664302087889
AAG,0.22970315315270065
AAU,0.5615268194606774
ACA,0.34938166616282906
ACC,0.44464828727419853
ACG,0.6850487983688703
ACU,0.22468619280072014
AGA,0.14824791204944546
AGC,1.3989233207503249
AGG,1.7946989348978946
AGU,1.742260835613013
AUA,0.4475814107079818
AUC,0.4583746167772948
AUG,0.5196124493912715
AUU,0.26465259741675023
CAA,0.30052383614959466
CAC,0.3716455211470956
CAG,0.5724250503320254
CAU,0.6094804444629688
CCA,0.31167055838181723
CCC,1.8056599695151228
CCG,0.38894684969857507
CCU,1.4498487681474594
CGA,0.4832256568994652
CGC,0.5119479914279105
CGG,1.406067260271367
CGU,0.28433007730394433
CUA,1.2366048974717778
CUC,3.412007792713752
CUG,1.0491653902090332
CUU,3.981569613218806
GAA,0.3047955386990028
GAC,0.2792700383256138
GAG,0.46544304374251644
GAU,0.507093955080559
GCA,0.3278783818704646
GCC,0.4808917167753721
GCG,0.8499824774051747
GCU,0.25638556998596285
GGA,1.0205674906071187
GGC,0.17113429706393582
GGG,0.6883036814897829
GGU,0.3883834766505201
GUA,0.40478566713544795
GUC,0.49631625318443773
GUG,2.085247443376229
GUU,0.2724480827291557
UAC,0.37055555887457037
UAU,0.6079774456002974
UCA,0.3746951845085388
UCC,0.47159746258047097
UCG,0.6462375235402577
UCU,0.24469836780581913
UGC,0.5153372751608671
UGG,0.2153893234755868
UGU,0.7666324309499591
UUA,0.5203311137081462
UUC,0.3002283348921447
UUG,0.21380593515168628
UUU,0.5296273002449686
