codon,average_decoding_time
AAA,0.45720632174705866
AAC,0.32531312696327036
AAG,0.16161152626134423
AAU,0.560195517915655
ACA,0.3512054416261282
ACC,0.44486250220565293
ACG,0.6867893367826483
ACU,0.23030267033294355
AGA,0.14890667964207563
AGC,1.3942772906860927
AGG,0.3062138827831573
AGU,1.7519885246067357
AUA,0.44314226981811583
AUC,0.45903136561056795
AUG,0.5212373537912696
AUU,0.2777794419590941
CAA,0.29886471174847395
CAC,0.37122511336125474
CAG,2.4150151217615585
CAU,0.6098291184609844
CCA,0.31117873859140566
CCC,1.81131512335244
CCG,0.38758804964044735
CCU,1.7741982409537427
CGA,0.47962716233324126
CGC,0.5091724212029655
CGG,2.0856280232415507
CGU,0.2832955569725526
CUA,1.239050161984365
CUC,3.4044312432988937
CUG,1.0971605094465604
CUU,1.159888414921585
GAA,0.30409567300860524
GAC,0.27977303916697915
GAG,2.160407458728059
GAU,0.5064370694906137
GCA,0.32403647212164766
GCC,0.4801333628296337
GCG,0.8513748307781416
GCU,0.22569463372823387
GGA,1.0240176377914374
GGC,0.17181362715111906
GGG,0.6820842597732231
GGU,0.3872830399321417
GUA,0.40512569592062486
GUC,0.49818395460791004
GUG,2.064690771193328
GUU,0.284172935625549
UAC,0.5334001869491232
UAU,0.7901834257216118
UCA,0.37746568707256384
UCC,0.5046396714156094
UCG,0.791563193584356
UCU,0.3119853575816844
UGC,0.7050142670699698
UGG,0.3545886205608658
UGU,0.9777804918883064
UUA,0.5776083816216284
UUC,0.34355504738537346
UUG,0.30885498707591524
UUU,0.5787035108314642
