codon,average_decoding_time
AAA,0.45828523297575574
AAC,0.32693750723880677
AAG,0.16141868977134508
AAU,0.5612955824763045
ACA,0.3478768217601119
ACC,0.4450666530801962
ACG,0.5795776527850554
ACU,0.2306664357819092
AGA,0.1475213506026146
AGC,1.388978585199845
AGG,1.6326653556661974
AGU,1.7441302475326301
AUA,0.44375907975968615
AUC,0.45674621373897223
AUG,0.5231307641899313
AUU,0.27698804429818885
CAA,0.29848971515622347
CAC,0.3726954878305791
CAG,2.418298232725934
CAU,0.6078545356224955
CCA,0.31162358795208517
CCC,1.8078273397578537
CCG,1.492500667997373
CCU,1.771606057202921
CGA,0.4818586429289858
CGC,0.5100139188734024
CGG,1.230872517386014
CGU,0.2816661883193664
CUA,1.2400382619410724
CUC,3.389296951338734
CUG,1.1002033071883042
CUU,1.1599672856849745
GAA,0.3030085523128812
GAC,0.27981410077165
GAG,2.1503764272434713
GAU,0.506154994042085
GCA,0.3276423146548583
GCC,0.4820213327500619
GCG,0.7444203400991501
GCU,0.22507216160838306
GGA,1.0236274986177039
GGC,0.17124521810564194
GGG,1.3649709717428973
GGU,0.38604413405335536
GUA,0.4047637454364835
GUC,0.49947322502897107
GUG,2.062153077691992
GUU,0.2850040548951229
UAC,0.5352859348373932
UAU,0.7888933768152864
UCA,0.37723821320631423
UCC,0.5062715849156509
UCG,2.9081613333470204
UCU,0.3099675486636847
UGC,0.7006760182392405
UGG,0.32359215968132393
UGU,0.9792610103263167
UUA,0.5774840970022911
UUC,0.34516281884763006
UUG,0.31033766950340214
UUU,0.5789957490400749
