codon,average_decoding_time
AAA,0.4612066574335323
AAC,0.3263439293735396
AAG,0.23002047934191877
AAU,0.5589045193921511
ACA,0.3514534467212046
ACC,0.4463326310493044
ACG,0.5809389822999705
ACU,0.22986772206834127
AGA,0.14878039668634008
AGC,1.3890592187804376
AGG,0.29130980095494663
AGU,1.7466676622327924
AUA,0.4425902074742665
AUC,0.45821158657089545
AUG,0.5224759264397262
AUU,0.2775935416261099
CAA,0.2991145697550648
CAC,0.37007728113537863
CAG,0.5752674362429963
CAU,0.607390433263629
CCA,0.312451952865807
CCC,1.8121826276408703
CCG,1.4913786590087832
CCU,1.7595131033135014
CGA,0.48194281524081584
CGC,0.5109015805163131
CGG,1.9255369740994452
CGU,0.28142200269608586
CUA,1.229196480331647
CUC,3.4146605517454445
CUG,1.0965598957454543
CUU,1.1626699479848241
GAA,0.30540113922869727
GAC,0.2788867905001271
GAG,0.4650440169528288
GAU,0.5059384282414057
GCA,0.3269326183674802
GCC,0.4797064628495344
GCG,0.744284301725315
GCU,0.22596276925279818
GGA,1.018971305505888
GGC,0.17079151230928152
GGG,1.3729855004860645
GGU,0.386099598513143
GUA,0.40470319274412514
GUC,0.49828247324754493
GUG,2.068575109848429
GUU,0.28563220647891646
UAC,0.5324589486224023
UAU,0.7897096940598272
UCA,0.37860468834662875
UCC,0.5040745410339138
UCG,2.9174012515255647
UCU,0.31296162113558584
UGC,0.7044048571992719
UGG,0.32451290186124815
UGU,0.9792570143092869
UUA,0.5767545344358844
UUC,0.34291143340147123
UUG,0.30856303703035004
UUU,0.576271285645279
