codon,average_decoding_time
AAA,0.45980060696331115
AAC,0.3266588245108619
AAG,0.22849316992976473
AAU,0.5584173824015345
ACA,0.351040232173453
ACC,0.4440591270026278
ACG,0.5802936604339878
ACU,0.22394130677077861
AGA,0.14853557792196126
AGC,1.3980438038897727
AGG,1.6380088990603616
AGU,1.7400386961568424
AUA,0.44307538356894327
AUC,0.45689798098964407
AUG,0.550818257125295
AUU,0.26581395977842526
CAA,0.29888903657411026
CAC,0.3678275633142256
CAG,0.5726056190621851
CAU,0.6085091872389293
CCA,0.3109941706929213
CCC,1.8131882596026931
CCG,1.4918052112064433
CCU,1.4499342860403515
CGA,0.48101696172951136
CGC,0.5108355139223707
CGG,1.226999218557726
CGU,0.28219355454552925
CUA,1.2351859852087463
CUC,3.415361680674868
CUG,1.1169778293789923
CUU,3.952179349918086
GAA,0.30433390396240634
GAC,0.2800077991474362
GAG,0.4658792890049681
GAU,0.5081145754723173
GCA,0.32521516147773527
GCC,0.4816981409229921
GCG,0.7429783463523635
GCU,0.25687716505692826
GGA,1.0282338035805603
GGC,0.17162890292414856
GGG,1.364773800556741
GGU,0.3863855353863755
GUA,0.4051811322362905
GUC,0.4984574474686595
GUG,0.995500018551715
GUU,0.27344743882351535
UAC,0.36936208287352873
UAU,0.609041037128947
UCA,0.37348451869356336
UCC,0.4682423999092661
UCG,2.3016776016416456
UCU,0.24484805202282456
UGC,0.5162371410687562
UGG,0.18554671673190934
UGU,0.7687975032632695
UUA,0.5194027147261165
UUC,0.2992794098795862
UUG,0.23014994500325797
UUU,0.5293072012428139
