codon,average_decoding_time
AAA,0.45959122385987605
AAC,0.3271228577721177
AAG,0.16107852065615605
AAU,0.5585221781523615
ACA,0.35132282990287556
ACC,0.4457109510054932
ACG,0.5795038961189554
ACU,0.2296489935064938
AGA,0.1486494194438721
AGC,1.3905136001658125
AGG,1.6224770635663255
AGU,1.7457554139607092
AUA,0.4455171091111728
AUC,0.45713587730959515
AUG,0.552998762935048
AUU,0.27847729746488736
CAA,0.2990535241629284
CAC,0.3702423714026148
CAG,2.43610239748081
CAU,0.6096827986273073
CCA,0.3118514421354452
CCC,1.804087933672688
CCG,1.4925374489895635
CCU,1.762705224648452
CGA,0.48166418590452204
CGC,0.509994407469801
CGG,1.2246898508021296
CGU,0.2819419229301767
CUA,1.2421825939932887
CUC,3.4153149667174336
CUG,1.1180371366634736
CUU,1.161249664256515
GAA,0.3031723328013425
GAC,0.2801021268184189
GAG,2.1650106958264743
GAU,0.5045735576606771
GCA,0.3259640548321709
GCC,0.48045307206306903
GCG,0.7417015224287077
GCU,0.2261092413541536
GGA,1.022516070470304
GGC,0.1722020483108965
GGG,1.3732693961765794
GGU,0.3874950270831283
GUA,0.40450016485659107
GUC,0.49946286418689356
GUG,0.9949297772657126
GUU,0.28499120003103656
UAC,0.5356022514603079
UAU,0.7915233190660785
UCA,0.37765880508046606
UCC,0.5054469130151358
UCG,2.912186047338612
UCU,0.30967094470905954
UGC,0.7083269226463182
UGG,0.321940646445913
UGU,0.9774123910716424
UUA,0.5773297397623485
UUC,0.3430526118010847
UUG,0.32764710242090433
UUU,0.5765973236258816
