codon,average_decoding_time
AAA,0.45665944559688737
AAC,0.32833188376906675
AAG,0.1612762932342426
AAU,0.5584571660613823
ACA,0.34985822045404813
ACC,0.44451704331526826
ACG,0.5795611931789019
ACU,0.22863259876904968
AGA,0.14867337866733446
AGC,1.3921147436046621
AGG,1.6279031295420663
AGU,1.7476555215175327
AUA,0.44598022378866015
AUC,0.45761507146925295
AUG,0.5504038437120363
AUU,0.2786767809689341
CAA,0.29698071299587564
CAC,0.37104608993830235
CAG,2.412715493897961
CAU,0.610641215273132
CCA,0.31174309909123804
CCC,1.8158720063764853
CCG,1.4845014805901178
CCU,1.7674026996629624
CGA,0.4822105459486199
CGC,0.5101168682280011
CGG,1.2400767576774072
CGU,0.2819846501945369
CUA,1.2393940841886864
CUC,3.4169225105656738
CUG,1.1607697328581068
CUU,1.1597633470257451
GAA,0.30367328022725465
GAC,0.27917791690217736
GAG,2.157265867927472
GAU,0.5078050859102387
GCA,0.327567484223391
GCC,0.47969736484050235
GCG,0.7461719432677281
GCU,0.2264607969135251
GGA,1.0278642994470768
GGC,0.17035323010629302
GGG,1.3590124238491894
GGU,0.3871868879859039
GUA,0.4040193863990392
GUC,0.49783502268129964
GUG,0.9937190915788182
GUU,0.28510132484721695
UAC,0.5335152951213752
UAU,0.787881398174945
UCA,0.377032453430635
UCC,0.5057720607463537
UCG,2.9274823662732254
UCU,0.3101492296116736
UGC,0.7071343132435798
UGG,0.325308737414885
UGU,0.982589312478928
UUA,0.5791374653793088
UUC,0.3448260082553094
UUG,0.263261774659416
UUU,0.5758749576442607
