codon,average_decoding_time
AAA,0.45952502550373453
AAC,0.3248947977127101
AAG,0.23130602110039974
AAU,0.5616936477170776
ACA,0.35073046760541593
ACC,0.4454545658841223
ACG,0.5777179372754669
ACU,0.22521081869671797
AGA,0.14796455918289703
AGC,1.3951201121095762
AGG,0.29191689463958104
AGU,1.7471091824924727
AUA,0.44374929407937
AUC,0.4570889462764669
AUG,0.5508941832999843
AUU,0.26463558209501786
CAA,0.29947883198324726
CAC,0.36958043981544625
CAG,0.5704966780205111
CAU,0.6062890704236159
CCA,0.3132907848305871
CCC,1.8107645105780348
CCG,1.4950857653668947
CCU,1.4488920749749299
CGA,0.4825312050619645
CGC,0.5102873263599255
CGG,1.910793222072818
CGU,0.2809632047364492
CUA,1.234227724330401
CUC,3.385494223552447
CUG,1.1592405985197667
CUU,3.969913787205512
GAA,0.3044765727089091
GAC,0.2799509884450219
GAG,0.46591625779808776
GAU,0.5082426989527621
GCA,0.32706868282872553
GCC,0.4829350573337454
GCG,0.7427655387295354
GCU,0.256285741978057
GGA,1.0127989710296752
GGC,0.17028722720748923
GGG,1.3603889006853898
GGU,0.3851059190633002
GUA,0.40419504811533175
GUC,0.4989083728921372
GUG,0.9949143965779432
GUU,0.27162551350220926
UAC,0.369590072117243
UAU,0.6074446967665107
UCA,0.37283447221545246
UCC,0.4680853927235014
UCG,2.3079687667724307
UCU,0.24586341641995185
UGC,0.5146023070983954
UGG,0.3040123027341632
UGU,0.7696074733375087
UUA,0.5222978874377279
UUC,0.3012352186160671
UUG,0.242790241558692
UUU,0.5294803437041834
