codon,average_decoding_time
AAA,0.4589959930254786
AAC,0.3270780119615566
AAG,0.2315154066643223
AAU,0.5579051931929843
ACA,0.3492975504528805
ACC,0.4428342762362624
ACG,0.6893849251458998
ACU,0.2237014778163239
AGA,0.14784355651156808
AGC,1.3909330949023533
AGG,0.30660051184425013
AGU,1.7446573142637105
AUA,0.44470246937608854
AUC,0.45897440562989433
AUG,0.521373624010854
AUU,0.2663672101095398
CAA,0.29936395417655154
CAC,0.37121781538974746
CAG,0.5729202220048273
CAU,0.6045603006752723
CCA,0.31116509821307636
CCC,1.8076144486275547
CCG,0.3883861310967565
CCU,1.4468800593331321
CGA,0.4821539087909682
CGC,0.5078927570786356
CGG,2.0803285783567977
CGU,0.2799458587646846
CUA,1.23520430736595
CUC,3.397796562296452
CUG,1.0566971027976397
CUU,3.983347730087316
GAA,0.3048438250444162
GAC,0.27913219007321793
GAG,0.4676738623764481
GAU,0.5068840894859153
GCA,0.32536788519875387
GCC,0.47947197106913597
GCG,0.8549767289567716
GCU,0.25517515528697904
GGA,1.0192301332718587
GGC,0.17198520692833008
GGG,0.6816080664853607
GGU,0.3859286040667657
GUA,0.4035358770692427
GUC,0.5007516026611825
GUG,2.089282367598014
GUU,0.2707333790352358
UAC,0.3707634785626112
UAU,0.6089212460850497
UCA,0.37322679553633825
UCC,0.4700735500157722
UCG,0.6453295212411371
UCU,0.2457273646655858
UGC,0.5160954878686299
UGG,0.33256275617311265
UGU,0.7729214553399839
UUA,0.519561099963772
UUC,0.2986359920168791
UUG,0.1947994977097582
UUU,0.5311610547836735
