codon,average_decoding_time
AAA,0.4598239233849473
AAC,0.32721604782260666
AAG,0.1614986642918524
AAU,0.5599895947655997
ACA,0.348884573204461
ACC,0.44493509829603406
ACG,0.5810533944294328
ACU,0.22331170671517261
AGA,0.14808233180988142
AGC,1.3920965366663072
AGG,0.29099922503912345
AGU,1.7427281920473163
AUA,0.4434200706838366
AUC,0.45534017308540475
AUG,0.5257022062107186
AUU,0.26501953750475515
CAA,0.2984685353968415
CAC,0.3698096769398688
CAG,2.4327069356267415
CAU,0.6077519453490142
CCA,0.31148773108872035
CCC,1.802139633569239
CCG,1.4923713435262438
CCU,1.449633374908639
CGA,0.4831697567185615
CGC,0.5139942524662955
CGG,1.9061262128667216
CGU,0.2831336609792981
CUA,1.2443414093295937
CUC,3.4156376114398666
CUG,1.0540318380178268
CUU,3.960019184683366
GAA,0.30447609920365787
GAC,0.2793351092352129
GAG,2.1547657287264466
GAU,0.5054960847815673
GCA,0.32455496125255323
GCC,0.48218081084924336
GCG,0.746000644219112
GCU,0.25640578306369605
GGA,1.019869181791504
GGC,0.1703403542201763
GGG,1.370573811736436
GGU,0.3862573401022785
GUA,0.40397019955254443
GUC,0.5003899743213341
GUG,2.0798379427691036
GUU,0.27123981890225773
UAC,0.36846984230208857
UAU,0.6079983309667097
UCA,0.3750683943721198
UCC,0.46803143637012434
UCG,2.3161885892678
UCU,0.2455081857065319
UGC,0.5119171506221176
UGG,0.3033197234609494
UGU,0.769688328423529
UUA,0.5221304191817295
UUC,0.3014614319794516
UUG,0.19398563196401064
UUU,0.5302368044543552
