codon,average_decoding_time
AAA,0.45877828238273266
AAC,0.3259159852367011
AAG,0.16130511627006
AAU,0.5609770767840686
ACA,0.3508043489898473
ACC,0.44575173359616327
ACG,0.663031902730023
ACU,0.22312686975152402
AGA,0.14727263287101017
AGC,1.3950585500921375
AGG,0.30522639777872956
AGU,1.7450886388394173
AUA,0.4444102031324982
AUC,0.4571822612816143
AUG,0.5215050904574372
AUU,0.26599088004185534
CAA,0.3000364726925281
CAC,0.3698376252491578
CAG,2.4170305484651315
CAU,0.6079021051725719
CCA,0.31083847060877434
CCC,1.8164441444418291
CCG,0.43376436226663084
CCU,1.4484366362147372
CGA,0.48185638193236574
CGC,0.5125599163677453
CGG,2.0740922716589636
CGU,0.2812572071209065
CUA,1.2349755687234525
CUC,3.41521750729906
CUG,1.0536445276866175
CUU,3.9652096596294037
GAA,0.27282925819122317
GAC,0.27817162725896355
GAG,1.9352408734721664
GAU,0.5063545149620313
GCA,0.32227563426121536
GCC,0.4506294067016293
GCG,0.709577188821825
GCU,0.227684239713885
GGA,0.8300907023401898
GGC,0.1490072036334088
GGG,0.6328226227497257
GGU,0.36112369515711157
GUA,0.32357358300249495
GUC,0.41953376430918216
GUG,1.7617150460245623
GUU,0.20095503256870492
UAC,0.36999794392495117
UAU,0.6101017791149616
UCA,0.3740825870722427
UCC,0.4691156189910668
UCG,0.6470084400619015
UCU,0.2452673126395623
UGC,0.5121280651992702
UGG,0.3317774219956198
UGU,0.7677903528316267
UUA,0.5197608427347183
UUC,0.29976820230691903
UUG,0.19391969702602066
UUU,0.5309430578368037
