codon,average_decoding_time
AAA,0.4593921870709402
AAC,0.32505906379637195
AAG,0.16149421350244314
AAU,0.5596083827253889
ACA,0.35158944261606045
ACC,0.44624834933758917
ACG,0.6845903382309522
ACU,0.22418726118976404
AGA,0.1474124167622552
AGC,1.3851783282203627
AGG,0.3074591527166526
AGU,1.7453827434034412
AUA,0.44425361802429236
AUC,0.4594816681024475
AUG,0.5220435679370472
AUU,0.2651389147018874
CAA,0.29953908420068476
CAC,0.36993344128550537
CAG,2.415874714754471
CAU,0.6082231435614496
CCA,0.3111504391826082
CCC,1.8066172397044677
CCG,0.38740445386155714
CCU,1.4541853373895508
CGA,0.48097366632421157
CGC,0.5097392753610138
CGG,2.0782570893360313
CGU,0.2815677390216886
CUA,1.2309780700211104
CUC,3.3971251803699003
CUG,1.0539557382514555
CUU,3.9840670296716945
GAA,0.3036540799593627
GAC,0.280125943766097
GAG,2.158997862730651
GAU,0.5086594385132105
GCA,0.3253387070051389
GCC,0.4833069034865559
GCG,0.8543471825375079
GCU,0.25663862024521167
GGA,1.0218346158983422
GGC,0.1713811233885022
GGG,0.6836914514251367
GGU,0.38693997872692737
GUA,0.40478789523052394
GUC,0.49853452550973393
GUG,2.0796287399209112
GUU,0.2699810080128261
UAC,0.37114417769384767
UAU,0.608388128824147
UCA,0.37195999025088905
UCC,0.4705532008013925
UCG,0.645237061038302
UCU,0.24454727698693698
UGC,0.5142426124171875
UGG,0.3344433731183983
UGU,0.7673790076206687
UUA,0.5190937039614645
UUC,0.30013100479212435
UUG,0.21357373460384496
UUU,0.5279908044914988
