codon,average_decoding_time
AAA,0.45749007268461245
AAC,0.32639414922454046
AAG,0.22987708305109328
AAU,0.5592526131975022
ACA,0.3514159486463035
ACC,0.44504455978617824
ACG,0.5797963718007565
ACU,0.22884165971630974
AGA,0.14712726861803999
AGC,1.3912510575875523
AGG,1.6318034139376614
AGU,1.7446579802850617
AUA,0.4428051562197372
AUC,0.4584809098733974
AUG,0.5169396054040089
AUU,0.27913420743989525
CAA,0.2995697407175247
CAC,0.3709152582966898
CAG,0.5739413519836403
CAU,0.609045713934028
CCA,0.30872437416851833
CCC,1.8079814004872148
CCG,1.4819353812024727
CCU,1.7570801718785414
CGA,0.4824747837375164
CGC,0.5099659701026898
CGG,1.227345064379588
CGU,0.2821325225729729
CUA,1.2401407041811132
CUC,3.383186225227941
CUG,1.0592659897263077
CUU,1.1632695891311708
GAA,0.3034234982114596
GAC,0.28063110791888063
GAG,0.4645809403083485
GAU,0.505994364637742
GCA,0.3249712077501464
GCC,0.4804504535468379
GCG,0.7493892725960717
GCU,0.22550991606913562
GGA,1.0235525606215634
GGC,0.17113013694157161
GGG,1.3588877183714345
GGU,0.38633603526667665
GUA,0.4050106998208651
GUC,0.5001118646892151
GUG,2.067533860534479
GUU,0.285936122137173
UAC,0.5311592759435069
UAU,0.7903080258440666
UCA,0.3771766441045072
UCC,0.5064540874535244
UCG,2.9280059995599417
UCU,0.3111384559083401
UGC,0.7056085875048893
UGG,0.32467335863779756
UGU,0.977336277963047
UUA,0.5802480445549288
UUC,0.34119146185538923
UUG,0.2531006643790151
UUU,0.5763176490329532
