codon,average_decoding_time
AAA,0.4603160554437064
AAC,0.32671660247771095
AAG,0.2290386694684545
AAU,0.5609076144627622
ACA,0.350032816627791
ACC,0.444115667201959
ACG,0.5792607825409228
ACU,0.22371201311954708
AGA,0.1477819748119345
AGC,1.395470995049452
AGG,1.6365986317915184
AGU,1.7478865092320144
AUA,0.4437742474093724
AUC,0.45768000691689975
AUG,0.5518185280595443
AUU,0.26390742315850324
CAA,0.2987871492949036
CAC,0.3689743490628461
CAG,0.5712760829114008
CAU,0.6058982798381772
CCA,0.3127187836775959
CCC,1.8138748508653961
CCG,1.4921515043208253
CCU,1.4483173642087328
CGA,0.48094742635909127
CGC,0.5088077351318973
CGG,1.2332456088353883
CGU,0.28356825581721523
CUA,1.2368594169251024
CUC,3.4094005946369323
CUG,1.1217373331009686
CUU,3.9985663347963327
GAA,0.3032489603059397
GAC,0.2787715954110186
GAG,0.46554261817425563
GAU,0.5081173037510954
GCA,0.32858537429082346
GCC,0.48138473310940033
GCG,0.7444096937760695
GCU,0.2577774915775639
GGA,1.0239503654876618
GGC,0.1715137442973237
GGG,1.3603822899023361
GGU,0.38591175896735047
GUA,0.4069465577094329
GUC,0.4981248774980665
GUG,0.9922064636902258
GUU,0.2728453687562113
UAC,0.368830224671037
UAU,0.6061783023157795
UCA,0.3709991804231635
UCC,0.4705372009770119
UCG,2.306643811289478
UCU,0.2456331226122116
UGC,0.5147373338061957
UGG,0.1856369127071263
UGU,0.7656132170532983
UUA,0.5177484802338859
UUC,0.30058753329940296
UUG,0.23171163689630606
UUU,0.5289536797548925
