codon,average_decoding_time
AAA,0.45743038543533715
AAC,0.32472241275122765
AAG,0.23030596718959984
AAU,0.5588902495361844
ACA,0.3499718546957721
ACC,0.445851992282656
ACG,0.5797699544777082
ACU,0.22469773390979278
AGA,0.14858235982417675
AGC,1.3886907713959127
AGG,0.2922069539819025
AGU,1.7357085915372796
AUA,0.44295681166491413
AUC,0.45661860077298416
AUG,0.5507190985464266
AUU,0.2649022083832656
CAA,0.29799187308636504
CAC,0.368356329471392
CAG,0.5729710377082056
CAU,0.6057589067334416
CCA,0.312687060502823
CCC,1.8085859787172691
CCG,1.4875225350796157
CCU,1.4482066425440179
CGA,0.47920573160523267
CGC,0.5107400956827756
CGG,1.9245566730691364
CGU,0.28127614703081477
CUA,1.23753610115731
CUC,3.3989113241151023
CUG,1.1211063434223392
CUU,3.9876363317356818
GAA,0.30274846404741673
GAC,0.2799041483098528
GAG,0.4673002366472029
GAU,0.5055333400444726
GCA,0.3262005061038318
GCC,0.48006610039894126
GCG,0.745846815642682
GCU,0.25539689486916467
GGA,1.017470921636032
GGC,0.17105737935797602
GGG,1.373432953105357
GGU,0.3865821058119805
GUA,0.4041108257300645
GUC,0.49995201158479013
GUG,0.9945975234823994
GUU,0.27211526613736997
UAC,0.3701752784860904
UAU,0.6086460117968869
UCA,0.3742660500563423
UCC,0.4698704402012219
UCG,2.3038908149130495
UCU,0.24552264087178763
UGC,0.5112449512542786
UGG,0.3030383271813336
UGU,0.7685033220161404
UUA,0.5169981220687361
UUC,0.2999189767501352
UUG,0.20460354565323152
UUU,0.5285435644092543
