codon,average_decoding_time
AAA,0.45983177532623987
AAC,0.32694035223353335
AAG,0.2299472423710613
AAU,0.5592776157960139
ACA,0.349898919945143
ACC,0.4462740794539486
ACG,0.5767623325221629
ACU,0.22952315464409642
AGA,0.14744821809934228
AGC,1.3842290546579854
AGG,1.626141180172331
AGU,1.7442056298699327
AUA,0.44145353777555646
AUC,0.4576189587176844
AUG,0.5217368029242552
AUU,0.2784506542644048
CAA,0.29805400737238574
CAC,0.37085213692088187
CAG,0.572603820799145
CAU,0.608159641549823
CCA,0.3105826707274706
CCC,1.7996023720459675
CCG,1.4775489782064304
CCU,1.772533618462947
CGA,0.4804269620504094
CGC,0.5121927558711807
CGG,1.237817983117316
CGU,0.2819932669181828
CUA,1.233670205296431
CUC,3.4017311849819123
CUG,1.0977675044749273
CUU,1.1594590311980602
GAA,0.3053163651668115
GAC,0.2801518464258005
GAG,0.4664076612671197
GAU,0.507296257636554
GCA,0.32692968531073896
GCC,0.4816149213341033
GCG,0.7412892424624821
GCU,0.22611161003382269
GGA,1.0224525203945116
GGC,0.17170889069386874
GGG,1.3719965420033742
GGU,0.3871553231625725
GUA,0.40333039634551976
GUC,0.50062278374299
GUG,2.0758185615828624
GUU,0.2845456394053811
UAC,0.5328306125112067
UAU,0.7920478333158942
UCA,0.377982285401108
UCC,0.507278924653125
UCG,2.9156233709557475
UCU,0.3119440831163315
UGC,0.7054059896306616
UGG,0.3245550559916928
UGU,0.9830992526882338
UUA,0.5759460093266957
UUC,0.343683789785287
UUG,0.3079643604710489
UUU,0.5768412768769161
