codon,average_decoding_time
AAA,0.46048777297312515
AAC,0.3272234419317288
AAG,0.16047046494039258
AAU,0.5593995613489094
ACA,0.349996853004159
ACC,0.444885803999618
ACG,0.5810708124403194
ACU,0.23035957389129744
AGA,0.14781809686901448
AGC,1.3899371035009769
AGG,1.637478051385505
AGU,1.752926027743551
AUA,0.4422549670730674
AUC,0.4574774644326791
AUG,0.520427553070945
AUU,0.2783665093096148
CAA,0.2988878177049902
CAC,0.37006507815164724
CAG,2.4066676704531
CAU,0.609196329557056
CCA,0.3105982579570054
CCC,1.8048111266692763
CCG,1.4999686041214748
CCU,1.7708843885332337
CGA,0.4807181748281815
CGC,0.5087516462191235
CGG,1.234440795942169
CGU,0.28285827648502837
CUA,1.2353734396549325
CUC,3.4055586491552217
CUG,1.0886762741324008
CUU,1.1571712201232902
GAA,0.3035694530887666
GAC,0.2787219115790461
GAG,2.155333415409351
GAU,0.5051688266303108
GCA,0.3248408606558581
GCC,0.48280334692396226
GCG,0.7440213553858344
GCU,0.22544156280986882
GGA,1.024965479113791
GGC,0.17116221026523404
GGG,1.361235953203434
GGU,0.387464039681956
GUA,0.4042577815436149
GUC,0.4998504680368573
GUG,2.061928647397288
GUU,0.28460778457632324
UAC,0.5331788575862612
UAU,0.7875111373638952
UCA,0.3774269856865009
UCC,0.5036141313046093
UCG,2.914133326975088
UCU,0.3093502078309508
UGC,0.7096174134750047
UGG,0.3247396857627298
UGU,0.9881684404648111
UUA,0.5768287111136169
UUC,0.34352561479306126
UUG,0.25244665824902807
UUU,0.5783677073049809
