codon,average_decoding_time
AAA,0.4571095125586111
AAC,0.32665512797801266
AAG,0.16135488564246164
AAU,0.5583812400595172
ACA,0.3494400942106823
ACC,0.44544488179587344
ACG,0.5795196842952337
ACU,0.22940234971066106
AGA,0.14852051367045335
AGC,1.3987811925784228
AGG,1.6362535925382917
AGU,1.742739642465279
AUA,0.44415826427712957
AUC,0.4573307221523109
AUG,0.5509697955291931
AUU,0.2798809156391544
CAA,0.2999889156374081
CAC,0.3695089119094371
CAG,2.416269097772269
CAU,0.6081215829613552
CCA,0.3122557472303484
CCC,1.808323364486707
CCG,1.4800788865525447
CCU,1.7674627667935041
CGA,0.481709074065134
CGC,0.5082176502771799
CGG,1.2332011604651263
CGU,0.28187185511102825
CUA,1.2359994658108278
CUC,3.4202452059256627
CUG,1.1185487826815659
CUU,1.159987510182231
GAA,0.30623463970111464
GAC,0.2789351592497465
GAG,2.1546034156312652
GAU,0.5066215488588044
GCA,0.32623549568731075
GCC,0.4803575767189862
GCG,0.7444571034900915
GCU,0.22714714674024114
GGA,1.0240268218259112
GGC,0.17107228828687301
GGG,1.361933272647173
GGU,0.3863103471660337
GUA,0.4042723520957484
GUC,0.5005028867675547
GUG,0.9978576830136369
GUU,0.2856570081734115
UAC,0.5315118099577202
UAU,0.7917850529727521
UCA,0.3774227614594952
UCC,0.5061670943591486
UCG,2.9100603615941694
UCU,0.3125703693657027
UGC,0.706446692296423
UGG,0.32333578245262073
UGU,0.9852206336387745
UUA,0.5759946179014852
UUC,0.3423628219266241
UUG,0.3278588559441863
UUU,0.5780438917921757
