codon,average_decoding_time
AAA,0.4586582772847325
AAC,0.32709422476055294
AAG,0.1607804444279827
AAU,0.5589539592355374
ACA,0.34974522568869115
ACC,0.4443644684980998
ACG,0.6672261558865739
ACU,0.22908313969049307
AGA,0.14819819960119932
AGC,1.3925985964669776
AGG,0.30679775195840325
AGU,1.7569756876797535
AUA,0.444715768078174
AUC,0.4591466730114664
AUG,0.5528467010731873
AUU,0.27928031548527865
CAA,0.2998469850966266
CAC,0.37156308184637526
CAG,2.4284412225760006
CAU,0.6078191765974301
CCA,0.31130577878489657
CCC,1.816169594496501
CCG,0.4333973488832202
CCU,1.7564599729704307
CGA,0.4819029840565015
CGC,0.5108711732831156
CGG,2.0966730417444337
CGU,0.28235925759250347
CUA,1.2316698732205558
CUC,3.42223964542311
CUG,1.118811270703708
CUU,1.1577000557708508
GAA,0.27151478919753075
GAC,0.2804093156716416
GAG,1.9395499841001187
GAU,0.5054875335464721
GCA,0.32333872040179906
GCC,0.4510392966732552
GCG,0.7099497474053927
GCU,0.20856340771867402
GGA,0.8348635717864656
GGC,0.14817114626281874
GGG,0.6310235118259284
GGU,0.3621688034185215
GUA,0.32449844184158955
GUC,0.4174505683551674
GUG,0.7704788906589904
GUU,0.21210330646015182
UAC,0.5355841832770958
UAU,0.7943660327889177
UCA,0.37745366287629645
UCC,0.5063681079857919
UCG,0.790436640770844
UCU,0.3100993939367524
UGC,0.7097938341402108
UGG,0.35475326895988035
UGU,0.9839804458727544
UUA,0.5798181783491351
UUC,0.3428204333862171
UUG,0.3282101754024934
UUU,0.5731595706563504
