codon,average_decoding_time
AAA,0.4584674807270548
AAC,0.32727833988423405
AAG,0.22986925807018135
AAU,0.5578186306230639
ACA,0.34968761030171974
ACC,0.4444336053020771
ACG,0.5783647276629232
ACU,0.2233255038201583
AGA,0.14795512671490677
AGC,1.3897890726429216
AGG,1.6293850141773067
AGU,1.746111697316557
AUA,0.4440593563255705
AUC,0.4579796166121797
AUG,0.5201041271444854
AUU,0.2648978773644046
CAA,0.29996718479053275
CAC,0.3698367374848107
CAG,0.5728981847817054
CAU,0.6093667399744409
CCA,0.31159447368194143
CCC,1.8083927975575902
CCG,1.4962473956040485
CCU,1.4542341978122084
CGA,0.48202450161027327
CGC,0.5111008319365977
CGG,1.2309861742866768
CGU,0.2828359777764912
CUA,1.2376880415228155
CUC,3.4115897240714554
CUG,1.0544320191254124
CUU,3.956638331833486
GAA,0.30323775393302427
GAC,0.28094330892622893
GAG,0.46671868187651605
GAU,0.5077889867778578
GCA,0.3269343293552918
GCC,0.48298962734136897
GCG,0.7406359646019764
GCU,0.25788330082347743
GGA,1.0171451335947925
GGC,0.1709688119937501
GGG,1.3605987351978726
GGU,0.3854140860397223
GUA,0.4059627823748851
GUC,0.5003249961700227
GUG,2.0791589375143165
GUU,0.2727159783620007
UAC,0.37226610177017655
UAU,0.6076461893940822
UCA,0.3746134320415154
UCC,0.47032577604938924
UCG,2.3146992725759112
UCU,0.24484906710159274
UGC,0.5124971082235854
UGG,0.18392375231911273
UGU,0.7708809374278861
UUA,0.5196884973837649
UUC,0.30021245366457044
UUG,0.2136436916009792
UUU,0.5302133786032928
