codon,average_decoding_time
AAA,0.4586154313157635
AAC,0.32679010884942516
AAG,0.22978173528890233
AAU,0.5599495084796118
ACA,0.35047103188372547
ACC,0.44510471250915834
ACG,0.577328375773853
ACU,0.22933569831011166
AGA,0.14762946234622984
AGC,1.392040688496719
AGG,0.2919826241287027
AGU,1.744232233931712
AUA,0.4432104135473772
AUC,0.4568522877591305
AUG,0.5526970143212959
AUU,0.2790518472974449
CAA,0.30017926254382327
CAC,0.37063212122049083
CAG,0.5708812111350019
CAU,0.6068409682873313
CCA,0.31315133238405174
CCC,1.811927343661565
CCG,1.4864897859736368
CCU,1.767405926284172
CGA,0.4802272777937144
CGC,0.5103476453089917
CGG,1.9166361254004889
CGU,0.28325765040637796
CUA,1.240641933286662
CUC,3.408066068434134
CUG,1.1636703785044176
CUU,1.1615539470327882
GAA,0.3040565215083343
GAC,0.2811785223187678
GAG,0.4637950957369764
GAU,0.5042670630308034
GCA,0.32534963163343017
GCC,0.4803709093034677
GCG,0.7425584442633849
GCU,0.22563849820150023
GGA,1.0189144863814015
GGC,0.1713030294292949
GGG,1.3635709939226068
GGU,0.3862514910354342
GUA,0.40360684949456627
GUC,0.49797050721673686
GUG,0.9969449130083124
GUU,0.28509849074908544
UAC,0.5340284888516599
UAU,0.7902516525986981
UCA,0.37732352048154943
UCC,0.5052545802814619
UCG,2.9265550623643684
UCU,0.3092232972977816
UGC,0.7023715756615635
UGG,0.32283867493607754
UGU,0.9833666783091197
UUA,0.5765146605230873
UUC,0.3433481594843611
UUG,0.26402575911692105
UUU,0.5788131874536108
