codon,average_decoding_time
AAA,0.4598072616821795
AAC,0.3262435428408571
AAG,0.16164206735557213
AAU,0.5601170795629125
ACA,0.3504264024337028
ACC,0.4456284569803019
ACG,0.6899079104103215
ACU,0.23099524993946474
AGA,0.1476580131907331
AGC,1.4020757500220817
AGG,0.3069599311967994
AGU,1.7417896761031335
AUA,0.4443196336451307
AUC,0.45734884726054437
AUG,0.5196196258382696
AUU,0.2791443951855172
CAA,0.2994090174723091
CAC,0.371694306742149
CAG,2.414684560881026
CAU,0.6078575460336414
CCA,0.3103670876593262
CCC,1.804671053784547
CCG,0.38781464082900585
CCU,1.7623752332937435
CGA,0.4834212388767246
CGC,0.5091303714286634
CGG,2.0759644667043022
CGU,0.28262281530138783
CUA,1.2369561714330601
CUC,3.4127254422719737
CUG,1.0566705226746815
CUU,1.1611709402011332
GAA,0.3037989044486167
GAC,0.27760094618379216
GAG,2.15959057761728
GAU,0.5047148592991415
GCA,0.32699488558301554
GCC,0.48218853831927555
GCG,0.8545704446536009
GCU,0.22748515611004755
GGA,1.0249381853255326
GGC,0.17157390772121722
GGG,0.6819925317836679
GGU,0.38571558529180205
GUA,0.405163640865596
GUC,0.49649137971726326
GUG,2.0719407019568457
GUU,0.2847638944336256
UAC,0.5323373301552119
UAU,0.7897377736899547
UCA,0.3759993160900871
UCC,0.505609005096496
UCG,0.7906043955781911
UCU,0.30976657229962645
UGC,0.7059230119721884
UGG,0.3529207514107323
UGU,0.9853867857578138
UUA,0.5828419981789039
UUC,0.3444900013786219
UUG,0.3091655345268946
UUU,0.5756826936626238
