codon,average_decoding_time
AAA,0.46034124958352646
AAC,0.32578194394851945
AAG,0.16166375218893014
AAU,0.5607361165952827
ACA,0.35054833532925556
ACC,0.44712697025373194
ACG,0.5782060514941008
ACU,0.22347531230705875
AGA,0.14789994455214736
AGC,1.3952030756998972
AGG,1.630099507136658
AGU,1.7448274174942298
AUA,0.4438168589858051
AUC,0.4578788724986074
AUG,0.5172810465326627
AUU,0.26630799041063646
CAA,0.30016799657194626
CAC,0.37173244681786755
CAG,2.4202053647911463
CAU,0.607804990464426
CCA,0.31140295084295444
CCC,1.8062369875573845
CCG,1.497178791293063
CCU,1.4602072628107605
CGA,0.4812098131727608
CGC,0.510171144847458
CGG,1.228347968890349
CGU,0.2819961835685265
CUA,1.2325405316635045
CUC,3.4200444640839165
CUG,1.097672320765251
CUU,3.9775723778526846
GAA,0.30365049892395235
GAC,0.2806527741767336
GAG,2.148981203152499
GAU,0.5074946139976226
GCA,0.3269878102713976
GCC,0.48226301973116104
GCG,0.74561815097417
GCU,0.25641151255657807
GGA,1.0238082720470876
GGC,0.1722397419910153
GGG,1.3658727722420108
GGU,0.38532393743450427
GUA,0.40466448275040856
GUC,0.4981741354814863
GUG,2.0737937164409335
GUU,0.2720176040832899
UAC,0.3701316133591725
UAU,0.6058724811763022
UCA,0.3726399867439097
UCC,0.47048958480620195
UCG,2.3140377077060066
UCU,0.24601006092008515
UGC,0.5111526988293277
UGG,0.18543836544981135
UGU,0.7684869662597031
UUA,0.5193504190398748
UUC,0.2993261446098289
UUG,0.20182961216977421
UUU,0.5317659905560445
