codon,average_decoding_time
AAA,0.45807491103274806
AAC,0.3265083375815133
AAG,0.22892321555595063
AAU,0.5583266266287331
ACA,0.34869356666934087
ACC,0.44506109980976466
ACG,0.6667849552953786
ACU,0.22410829783608374
AGA,0.14821116021038047
AGC,1.3921676072216493
AGG,0.3076851131179819
AGU,1.7501382184060263
AUA,0.44680048695402386
AUC,0.45822527344162367
AUG,0.5538308131451045
AUU,0.267007274111225
CAA,0.3003532034557409
CAC,0.3687080369642074
CAG,0.5708306736391727
CAU,0.6086540413983227
CCA,0.31091336133942454
CCC,1.8058530393144547
CCG,0.4350637520482225
CCU,1.4434421022867638
CGA,0.4802534666647307
CGC,0.5111763494669421
CGG,2.095804600053931
CGU,0.2830788355169177
CUA,1.2346563689311574
CUC,3.4123812969826215
CUG,1.1180160357761284
CUU,3.9498609339100716
GAA,0.27279420620242956
GAC,0.27968993463078534
GAG,0.4355628800292743
GAU,0.5054989020533455
GCA,0.32288860795550134
GCC,0.45180516986190145
GCG,0.7131185323673132
GCU,0.22814703079231557
GGA,0.8276741639004808
GGC,0.14926861230502475
GGG,0.6341900424193253
GGU,0.36170645731942297
GUA,0.3235895141078458
GUC,0.4178478622235744
GUG,0.8584396694398593
GUU,0.19872856497841315
UAC,0.37177211958461254
UAU,0.6058461481954314
UCA,0.3748934290302921
UCC,0.46885087490405714
UCG,0.6459320282755824
UCU,0.2450601423132277
UGC,0.5145185620669758
UGG,0.33454179909853626
UGU,0.7684296939350341
UUA,0.5205365304732471
UUC,0.2985212432455338
UUG,0.20357667911936767
UUU,0.5287406777533159
