codon,average_decoding_time
AAA,0.46052557968922947
AAC,0.32752049946284767
AAG,0.16056769573230278
AAU,0.5602909504737126
ACA,0.3505486944579382
ACC,0.44576017350993735
ACG,0.6660310692351047
ACU,0.22446596060804933
AGA,0.14822596778059913
AGC,1.386477974305374
AGG,1.8069106701664837
AGU,1.7423838376808125
AUA,0.4424284273309692
AUC,0.4576695240665086
AUG,0.5209152556304988
AUU,0.26611545712285295
CAA,0.30081428823141976
CAC,0.3702257029359926
CAG,2.4185669623695585
CAU,0.6073585724460333
CCA,0.31279040571708
CCC,1.8042258325868585
CCG,0.4328726296910817
CCU,1.457476523383898
CGA,0.4821518678625645
CGC,0.509140603868357
CGG,1.4016278317956021
CGU,0.28289220686219435
CUA,1.2386443057907928
CUC,3.389036487002322
CUG,1.0963915588908497
CUU,3.9456381438394614
GAA,0.2731191144560581
GAC,0.27814764175811274
GAG,1.9392362919411812
GAU,0.5072642433339927
GCA,0.32338221722492316
GCC,0.4520244147709657
GCG,0.7098507368554722
GCU,0.22946542636842224
GGA,0.830117074025287
GGC,0.14949278251763085
GGG,0.631474791895772
GGU,0.3608525155921571
GUA,0.32405608940418557
GUC,0.4186280725868538
GUG,1.5640526707964353
GUU,0.2001293076318416
UAC,0.3687322909281097
UAU,0.608429950198449
UCA,0.37407008453878066
UCC,0.46768406913339094
UCG,0.6450682124731529
UCU,0.24484685257721736
UGC,0.5149563711913098
UGG,0.21552801238736835
UGU,0.7694005443368207
UUA,0.5185212517337078
UUC,0.3000184852801735
UUG,0.225095131598066
UUU,0.5292092460978189
