codon,average_decoding_time
AAA,0.4575489496778808
AAC,0.32605290940190246
AAG,0.23009841037861473
AAU,0.560615484834309
ACA,0.3486125632990386
ACC,0.44619641158571843
ACG,0.5790865608043014
ACU,0.22348868521535395
AGA,0.14777243265880047
AGC,1.3897128230907714
AGG,0.29212030688494234
AGU,1.751348572284502
AUA,0.4439301495344482
AUC,0.45689531390392557
AUG,0.5204776052718725
AUU,0.2647522874801184
CAA,0.2995298811631703
CAC,0.369526970258828
CAG,0.5731686090682621
CAU,0.6083645184574762
CCA,0.3119665645506011
CCC,1.812028318107041
CCG,1.4876768513814949
CCU,1.4507878573134192
CGA,0.48239477544846787
CGC,0.5111243802255799
CGG,1.9193077176940168
CGU,0.2828827829153778
CUA,1.2330615743550761
CUC,3.3990623566443863
CUG,1.096350245322544
CUU,3.978304153735345
GAA,0.30441288850756615
GAC,0.27925832731517836
GAG,0.4639180793132536
GAU,0.5073310888666658
GCA,0.3255736519355551
GCC,0.48169094469568247
GCG,0.742511894127691
GCU,0.2576780266459082
GGA,1.0236860059373902
GGC,0.17062768130869382
GGG,1.3594912709639466
GGU,0.38628755750911675
GUA,0.4070890283270038
GUC,0.5006088105990747
GUG,2.0774096468862475
GUU,0.27192477051310115
UAC,0.37017367675424195
UAU,0.6078671126884401
UCA,0.3711915116527753
UCC,0.46881020045432836
UCG,2.3188682730660592
UCU,0.24737575447084145
UGC,0.5131047649912025
UGG,0.3026962186354842
UGU,0.7684950794615045
UUA,0.5183801747600874
UUC,0.2991765788579264
UUG,0.2019685593425428
UUU,0.5290227644178387
