codon,average_decoding_time
AAA,0.4587940032500714
AAC,0.3271801053879933
AAG,0.23026417939932958
AAU,0.5587708096287608
ACA,0.35175903917056645
ACC,0.4482956565080766
ACG,0.6655961713254894
ACU,0.22363343251666898
AGA,0.1474700657172509
AGC,1.3936237741240107
AGG,1.8128841592852751
AGU,1.7562884500885299
AUA,0.4442261367297255
AUC,0.45800266796817474
AUG,0.5218377384981738
AUU,0.26507206294532865
CAA,0.3011283937374909
CAC,0.36765233746109044
CAG,0.5730848685896744
CAU,0.6063870948105883
CCA,0.31139388618951214
CCC,1.8167887234216111
CCG,0.4339585436284244
CCU,1.4518136859957003
CGA,0.4790686305041392
CGC,0.5084561749278044
CGG,1.4003737827372926
CGU,0.28223148456428754
CUA,1.237960422784091
CUC,3.395969984597338
CUG,1.095688808692484
CUU,3.9753072838209498
GAA,0.27245618030528296
GAC,0.27831533517000356
GAG,0.4343145752027265
GAU,0.5089358536324012
GCA,0.3216638399532839
GCC,0.4504500495911953
GCG,0.7097308897609554
GCU,0.22951048968323448
GGA,0.8284410261418275
GGC,0.14828650765816578
GGG,0.6345643467872814
GGU,0.36019255725146343
GUA,0.32334899039886417
GUC,0.4187913421919421
GUG,1.7619798245644762
GUU,0.1999211476699918
UAC,0.3692767119123346
UAU,0.6114246399875625
UCA,0.37305043310860325
UCC,0.46907093719305426
UCG,0.6481887057227146
UCU,0.24525452908619091
UGC,0.5089570321908491
UGG,0.21435290149548952
UGU,0.7648943966824855
UUA,0.518987451234206
UUC,0.2992238127216198
UUG,0.2004864320189108
UUU,0.5309428969334481
