codon,average_decoding_time
AAA,0.4565622021897935
AAC,0.3268167332792576
AAG,0.2307930531541996
AAU,0.5591220728625393
ACA,0.34993343362885976
ACC,0.4447513768386635
ACG,0.6860423257580417
ACU,0.2239713235165467
AGA,0.14786616261087412
AGC,1.3916277411138651
AGG,1.8064395331953218
AGU,1.749819885696299
AUA,0.44229334762381195
AUC,0.45723873225473194
AUG,0.5242138421533208
AUU,0.2649595184584488
CAA,0.29890976820251397
CAC,0.3684112300815004
CAG,0.5719278183138262
CAU,0.6090488533335002
CCA,0.3113161946298907
CCC,1.8089631368630015
CCG,0.3876954468283368
CCU,1.4464065787382823
CGA,0.48258344418471183
CGC,0.5089348959921208
CGG,1.4042704121176368
CGU,0.2832139311351032
CUA,1.2382169981570537
CUC,3.408833897747432
CUG,1.0957349748127554
CUU,3.968335800616387
GAA,0.3025360880543222
GAC,0.27949335667177533
GAG,0.46573661506273784
GAU,0.5094858766163346
GCA,0.32594139822812535
GCC,0.4807283450245919
GCG,0.8502021571165732
GCU,0.2558947083648337
GGA,1.0236726775636324
GGC,0.17157057325067074
GGG,0.684274164490756
GGU,0.386115051818499
GUA,0.4044161737353963
GUC,0.49897923115579257
GUG,2.067886936248872
GUU,0.2728974127715383
UAC,0.37038825267079506
UAU,0.6099564708206998
UCA,0.37354858466746643
UCC,0.470404437499864
UCG,0.6457415060412156
UCU,0.24532149255573485
UGC,0.5134488724821162
UGG,0.21429043460115368
UGU,0.7629028113626629
UUA,0.5212785739546248
UUC,0.298334895646651
UUG,0.2256110317766801
UUU,0.5314630559952686
