codon,average_decoding_time
AAA,0.46058988857012917
AAC,0.32744147076742675
AAG,0.16128800094822543
AAU,0.5617035800168589
ACA,0.3501553084424663
ACC,0.44503065783884854
ACG,0.6691220554345872
ACU,0.23042805340877093
AGA,0.1488400876688243
AGC,1.393500083144965
AGG,1.8043371147476066
AGU,1.7492030857697525
AUA,0.445096041683109
AUC,0.45541415957790166
AUG,0.5208219976399776
AUU,0.2789654890208151
CAA,0.2998951524837306
CAC,0.3675338535304927
CAG,2.4164518822595924
CAU,0.6097853258360422
CCA,0.3127656950154275
CCC,1.8029486730609752
CCG,0.43204438287464225
CCU,1.7570339907662404
CGA,0.48214701755715406
CGC,0.5127570548287746
CGG,1.3972466237880659
CGU,0.28313803838757273
CUA,1.2327671143787844
CUC,3.4225884956659125
CUG,1.0558981373616347
CUU,1.1619105160744874
GAA,0.272780616968352
GAC,0.2800212723652109
GAG,1.9213277346340012
GAU,0.5068013971021597
GCA,0.32215897721438186
GCC,0.45137543483982595
GCG,0.7103564509703165
GCU,0.20654448919184626
GGA,0.8311944327955897
GGC,0.14833681228956833
GGG,0.6319928458583736
GGU,0.36158479179183384
GUA,0.32449564367749706
GUC,0.4202539246469039
GUG,1.5630314688451068
GUU,0.21194982450638203
UAC,0.53227879309432
UAU,0.781682979873294
UCA,0.37590506548497343
UCC,0.5060493098841545
UCG,0.7900782136967445
UCU,0.3109088844448496
UGC,0.7006848249005142
UGG,0.3534409589444202
UGU,0.9802522489852732
UUA,0.5790118382610463
UUC,0.3417888196235303
UUG,0.31040980492917264
UUU,0.5778823333445644
