codon,average_decoding_time
AAA,0.45957932509472715
AAC,0.32784273654467333
AAG,0.22992755227322453
AAU,0.5573982906714171
ACA,0.35056213170055284
ACC,0.4448335195046729
ACG,0.6633958246173703
ACU,0.22312990209682715
AGA,0.1479840008076812
AGC,1.3928313896455882
AGG,1.803090244088526
AGU,1.7386991533627807
AUA,0.44604616435673405
AUC,0.45917636948469837
AUG,0.555443242542892
AUU,0.2629000747484135
CAA,0.30087936960772227
CAC,0.37211523998890167
CAG,0.5736565730095906
CAU,0.6071369118403167
CCA,0.3131260672991421
CCC,1.8049021568139383
CCG,0.4327509906830359
CCU,1.4474461539389667
CGA,0.4811538400957507
CGC,0.5118687152640125
CGG,1.4063371162050475
CGU,0.2828279872894766
CUA,1.2419581610278325
CUC,3.384330687648091
CUG,1.157070122120478
CUU,3.981441808676281
GAA,0.2724953835282692
GAC,0.2787761887490435
GAG,0.43434992753012835
GAU,0.506600037396555
GCA,0.3228008687066787
GCC,0.4494342927547267
GCG,0.7098795673148929
GCU,0.2287760459009906
GGA,0.8264427005338146
GGC,0.14941549119053052
GGG,0.6344094582683888
GGU,0.3609451464969278
GUA,0.3250270598319004
GUC,0.4175725572237177
GUG,0.7698535537138932
GUU,0.2001695594588536
UAC,0.37043869394232803
UAU,0.6075715371457617
UCA,0.37511369151356855
UCC,0.46922252547908283
UCG,0.6418542469258536
UCU,0.24522102877465538
UGC,0.5134764237494294
UGG,0.21473134109218728
UGU,0.7655388189156488
UUA,0.5187572962311665
UUC,0.3010562920829531
UUG,0.2423032541035717
UUU,0.5301145821717064
