codon,average_decoding_time
AAA,0.45934326858840147
AAC,0.3268804106560488
AAG,0.16084335949326767
AAU,0.5589818992909028
ACA,0.349093721583714
ACC,0.4451937951534539
ACG,0.6654448448693203
ACU,0.23031014672796385
AGA,0.1483326970425054
AGC,1.3897415072207726
AGG,0.3065567857511624
AGU,1.7403210983495365
AUA,0.44535705903151435
AUC,0.4581629795593168
AUG,0.5541598300719711
AUU,0.2800846733040824
CAA,0.2983334893808018
CAC,0.37105294763341873
CAG,2.4265142282630996
CAU,0.6065339411179049
CCA,0.3102854172143777
CCC,1.8131500024163842
CCG,0.43286702152609674
CCU,1.7670208252863577
CGA,0.4809557425596539
CGC,0.5094777374465265
CGG,2.0826926121973224
CGU,0.2828379437739371
CUA,1.2430298691554553
CUC,3.4047842379677564
CUG,1.1573318045760856
CUU,1.1506257292461626
GAA,0.27188551768836355
GAC,0.281173021365809
GAG,1.9396574869547873
GAU,0.5070665145642786
GCA,0.3225150340719267
GCC,0.45202213262908547
GCG,0.7121882216499739
GCU,0.20804684579602725
GGA,0.8332182520481823
GGC,0.14861592938263432
GGG,0.6316765207741601
GGU,0.3627059935777087
GUA,0.32364690448239397
GUC,0.41642199810077807
GUG,0.7715991799464463
GUU,0.2128293859110654
UAC,0.5316603179633606
UAU,0.7866004203689893
UCA,0.3766097127748512
UCC,0.5052196036012282
UCG,0.7852568810840932
UCU,0.31169461688413874
UGC,0.702003908679041
UGG,0.3533025264875655
UGU,0.9760135809925661
UUA,0.5794895955998957
UUC,0.3434045916878772
UUG,0.3287893850168048
UUU,0.5762718076512633
