codon,average_decoding_time
AAA,0.4586100772064475
AAC,0.32909115060960276
AAG,0.1608319403249007
AAU,0.5631847313578541
ACA,0.3485457719211651
ACC,0.44657091815518585
ACG,0.686442199800046
ACU,0.22911276086507493
AGA,0.1484318571967991
AGC,1.3940962147115488
AGG,1.803300655308299
AGU,1.7437218664156902
AUA,0.4445810842419122
AUC,0.45698147563619895
AUG,0.5510471826865743
AUU,0.2776075019457891
CAA,0.29933702450973987
CAC,0.3712983238585906
CAG,2.416189095009789
CAU,0.6086975402188731
CCA,0.31087139181312046
CCC,1.810286800171732
CCG,0.3868267605802707
CCU,1.7608015038596583
CGA,0.480489600886716
CGC,0.5110203597631519
CGG,1.402040776881012
CGU,0.28392912371618584
CUA,1.2357596842254919
CUC,3.4088929156395937
CUG,1.1184797841487395
CUU,1.1512932888616896
GAA,0.30444402285355193
GAC,0.27939625174975424
GAG,2.1554763390605505
GAU,0.5061830008412489
GCA,0.32679699760223835
GCC,0.48283255754950594
GCG,0.8522853010063243
GCU,0.2273720199972775
GGA,1.021904016203873
GGC,0.17050457731835936
GGG,0.6796439980552968
GGU,0.38635006783856196
GUA,0.4049661368383314
GUC,0.49767116041029114
GUG,0.9987782196160774
GUU,0.28511659450908516
UAC,0.5325032578440424
UAU,0.7906158323027684
UCA,0.37733323812812275
UCC,0.5064623903958729
UCG,0.7894304341488126
UCU,0.3121184785872568
UGC,0.7039311406524839
UGG,0.3544714924599412
UGU,0.9850326393528016
UUA,0.5781801719198014
UUC,0.3426026479954988
UUG,0.2640262822133647
UUU,0.5764975297933173
