codon,average_decoding_time
AAA,0.45906235113700095
AAC,0.3258668673309369
AAG,0.23027041955094013
AAU,0.5608772066297771
ACA,0.35093981875196056
ACC,0.4449990695969173
ACG,0.6654738663362513
ACU,0.223209613560177
AGA,0.1480788222833674
AGC,1.3944990106530772
AGG,0.3070706118618677
AGU,1.7434783384744081
AUA,0.44432258381199435
AUC,0.45619814787778507
AUG,0.5206605095681853
AUU,0.2664619778332215
CAA,0.298049926048009
CAC,0.3704228346808337
CAG,0.5710486593717258
CAU,0.607276149447246
CCA,0.3097308265590006
CCC,1.8193716677997285
CCG,0.4343814495964959
CCU,1.447828223486372
CGA,0.480017931921263
CGC,0.510203218715723
CGG,2.0848491788197356
CGU,0.2829394204066135
CUA,1.240717312612422
CUC,3.4160214800727573
CUG,1.0522977606604578
CUU,3.9704600150517972
GAA,0.2732830772809816
GAC,0.27938681392114695
GAG,0.43240064838260617
GAU,0.5090952378459314
GCA,0.3224430702583663
GCC,0.4519885927478733
GCG,0.7121176605946057
GCU,0.22982490259406044
GGA,0.828092411666675
GGC,0.14898794432744922
GGG,0.631237873466811
GGU,0.3620720756617623
GUA,0.3233748168733613
GUC,0.4202534565381687
GUG,1.5699471531536553
GUU,0.1993203354734174
UAC,0.36877651209634577
UAU,0.6100410181687763
UCA,0.3722977118817434
UCC,0.46878721625902303
UCG,0.6435580962924143
UCU,0.24727208541836326
UGC,0.5130829542760622
UGG,0.33427381119113664
UGU,0.7655696475954767
UUA,0.5151602195604256
UUC,0.3001070494581562
UUG,0.21204448292792694
UUU,0.5294172178313152
