codon,average_decoding_time
AAA,0.4597688942413036
AAC,0.3259085601793037
AAG,0.2303135133837547
AAU,0.5591833463867134
ACA,0.3498746902512094
ACC,0.4439880062370666
ACG,0.6861471727798331
ACU,0.2282406222755322
AGA,0.1483406252334106
AGC,1.3947806343870088
AGG,0.30651679017726785
AGU,1.751780439013882
AUA,0.44340957038251916
AUC,0.45822605988845894
AUG,0.5220869182675604
AUU,0.2791023689489782
CAA,0.29854795582277005
CAC,0.36782873509165154
CAG,0.5726553457956741
CAU,0.6067758483771575
CCA,0.31226364352645525
CCC,1.8074526309302557
CCG,0.38805444962506364
CCU,1.7652055337494306
CGA,0.4801574193019023
CGC,0.5094624310077236
CGG,2.0825607272805025
CGU,0.28479441423364316
CUA,1.23715085618335
CUC,3.421896072306435
CUG,1.0992170217472006
CUU,1.1602928712841387
GAA,0.3061642630516973
GAC,0.27981512704058975
GAG,0.46535568659932897
GAU,0.5055424655348078
GCA,0.3261707861903042
GCC,0.48178662439337844
GCG,0.8513813673788364
GCU,0.22589698990466608
GGA,1.0263396062585146
GGC,0.17223704572924878
GGG,0.6812811862389221
GGU,0.38603680621521147
GUA,0.404645735600963
GUC,0.4999958360864041
GUG,2.0689885499744043
GUU,0.2849787096909693
UAC,0.5333831996156213
UAU,0.7915744442329146
UCA,0.3785678910399209
UCC,0.5044946916630519
UCG,0.7859858459418289
UCU,0.3114081246213137
UGC,0.7045362416277474
UGG,0.3537927941908491
UGU,0.9807068680375017
UUA,0.5771981026598856
UUC,0.3456413909374278
UUG,0.2527736344797843
UUU,0.5758767231040854
