codon,average_decoding_time
AAA,0.46181035645420676
AAC,0.32703771202614496
AAG,0.22972124838591218
AAU,0.5591776631742511
ACA,0.34973075596520137
ACC,0.44595058939023124
ACG,0.5798976683355986
ACU,0.2232305885002601
AGA,0.14795984035003482
AGC,1.3855142451161282
AGG,0.29193953472074036
AGU,1.743458221778437
AUA,0.4445009715526025
AUC,0.4574382331748909
AUG,0.5516215476323411
AUU,0.2641728530531551
CAA,0.2990290672988792
CAC,0.3693214789300499
CAG,0.5723790247484896
CAU,0.6082052206813581
CCA,0.31085521247485964
CCC,1.8079097356712337
CCG,1.4869240416440246
CCU,1.4446754054525048
CGA,0.48176064251641937
CGC,0.508176313873827
CGG,1.924437673794153
CGU,0.27969761186473496
CUA,1.2359041085325484
CUC,3.4056776387566123
CUG,1.1175476448113428
CUU,3.9561661782939046
GAA,0.30471787904697506
GAC,0.2793595567985516
GAG,0.4647839662377626
GAU,0.5058167011554904
GCA,0.32511871478773074
GCC,0.4811119019756242
GCG,0.7404748881369844
GCU,0.2563501049286519
GGA,1.0217404635651914
GGC,0.1708933614908178
GGG,1.369170753729525
GGU,0.3858352303347931
GUA,0.40495375225118485
GUC,0.4988982514556857
GUG,1.0011166587483777
GUU,0.27063389488469886
UAC,0.3680560065342892
UAU,0.6054969899364154
UCA,0.37111457284603794
UCC,0.46795587170444897
UCG,2.307397795420172
UCU,0.24464101781046807
UGC,0.5132328516816284
UGG,0.30484155010152
UGU,0.7661858872731002
UUA,0.5219535277271208
UUC,0.30098215192301203
UUG,0.23013689614993177
UUU,0.5299152241066667
