codon,average_decoding_time
AAA,0.4604902995797365
AAC,0.32458360148433424
AAG,0.16099405332250613
AAU,0.5620176170547011
ACA,0.3503963155402911
ACC,0.4451583870999499
ACG,0.5812994717955169
ACU,0.22418245661874714
AGA,0.1478450784224082
AGC,1.3921748609610007
AGG,1.6259707939746635
AGU,1.7563058782143548
AUA,0.4441654698511153
AUC,0.4599026589595081
AUG,0.5193914222635366
AUU,0.2656796695795351
CAA,0.300307384485372
CAC,0.37204234392249846
CAG,2.4327886594797343
CAU,0.6095449541663469
CCA,0.3110854848382555
CCC,1.8103855002107678
CCG,1.4902904155118961
CCU,1.4548569512345413
CGA,0.4804334010773035
CGC,0.5098353364575032
CGG,1.2288995310933166
CGU,0.2833316819976076
CUA,1.236957085134862
CUC,3.4070814139104617
CUG,1.0984324749828511
CUU,3.9837115156366036
GAA,0.30449863434423874
GAC,0.2799890435986408
GAG,2.1597067149426015
GAU,0.506089292547805
GCA,0.32626517161961566
GCC,0.4811342553220285
GCG,0.7421464958658425
GCU,0.2549998989664093
GGA,1.0169290418595407
GGC,0.17072348139557794
GGG,1.3680723196944833
GGU,0.3865813555586142
GUA,0.40514720020511225
GUC,0.499530061667654
GUG,2.0854573957872757
GUU,0.2732310652073095
UAC,0.37007019334320146
UAU,0.6054210927817077
UCA,0.3728360703205728
UCC,0.4690566516335541
UCG,2.3181695116807646
UCU,0.24666763634890085
UGC,0.5135106782230896
UGG,0.1852881988381387
UGU,0.7660184069765577
UUA,0.520156323099046
UUC,0.2998262350044649
UUG,0.22547507665648153
UUU,0.5280522126088488
