codon,average_decoding_time
AAA,0.4593947389196725
AAC,0.3263716180817502
AAG,0.2292835301317065
AAU,0.558369716950101
ACA,0.34940451447319426
ACC,0.4461002518848773
ACG,0.6696392789600065
ACU,0.22560279342401154
AGA,0.14833261923559346
AGC,1.3909467158786961
AGG,1.7955817960659453
AGU,1.749353239289113
AUA,0.4441222442518561
AUC,0.457682746479345
AUG,0.5507844096458372
AUU,0.26621647193568465
CAA,0.30067889339784826
CAC,0.36829860964718436
CAG,0.5735126063030561
CAU,0.6104162029038487
CCA,0.31193442500516183
CCC,1.8126511199032571
CCG,0.43449072651869586
CCU,1.4586040206655717
CGA,0.4823940540037189
CGC,0.5112610941926442
CGG,1.3998963155223012
CGU,0.2819953947958029
CUA,1.2292010522655523
CUC,3.402096844678307
CUG,1.161244340467058
CUU,3.9730973813827744
GAA,0.2719720549043919
GAC,0.27828755019764145
GAG,0.43379777644248985
GAU,0.5064737171117847
GCA,0.32131179306991925
GCC,0.4528161457394038
GCG,0.7120276112572446
GCU,0.2294174599927809
GGA,0.8266219958841631
GGC,0.1495698879111526
GGG,0.6342247084748169
GGU,0.3616809012181881
GUA,0.32486508659625735
GUC,0.41737596133866767
GUG,0.7693683013651111
GUU,0.20057398013774366
UAC,0.37052642577469086
UAU,0.6063522981325701
UCA,0.37421558330598986
UCC,0.4695100037835123
UCG,0.6459405475244703
UCU,0.24530716625387183
UGC,0.5161360836295403
UGG,0.21440953333215818
UGU,0.7658475428849284
UUA,0.5199137991143148
UUC,0.30000819527126316
UUG,0.24146499275649985
UUU,0.5307276152091238
