codon,average_decoding_time
AAA,0.45709377124345024
AAC,0.3272436111471073
AAG,0.16129514828347868
AAU,0.5595750277122071
ACA,0.35145469351226444
ACC,0.44632265529132914
ACG,0.6839793724188699
ACU,0.22989064567704504
AGA,0.147889503905804
AGC,1.3948084552808453
AGG,1.8013061289425272
AGU,1.7477365669114087
AUA,0.4456404891071239
AUC,0.45745999389912984
AUG,0.521500269401169
AUU,0.2786732675620921
CAA,0.3000592528418995
CAC,0.37070190413573745
CAG,2.4164368032441828
CAU,0.6075318866467552
CCA,0.3127480749874666
CCC,1.8060965010413064
CCG,0.3898282211529669
CCU,1.76697913978124
CGA,0.48225059663690534
CGC,0.5120783054983149
CGG,1.3978948858324118
CGU,0.28168445718374546
CUA,1.2361227481004886
CUC,3.4061654233553655
CUG,1.098677705426494
CUU,1.1663428536017337
GAA,0.3037206384667077
GAC,0.28077489664273514
GAG,2.160086906909828
GAU,0.505806900070465
GCA,0.32666332247385776
GCC,0.4801395191018954
GCG,0.8544502751200281
GCU,0.22723073144280492
GGA,1.0244595219778183
GGC,0.17174222384299198
GGG,0.6828345252762851
GGU,0.384989286590536
GUA,0.4064727310484258
GUC,0.5004587489041304
GUG,2.0715458642258144
GUU,0.28308294637212683
UAC,0.5335463725299224
UAU,0.7905608975882028
UCA,0.37900521090918954
UCC,0.5064525267312581
UCG,0.7899799819480192
UCU,0.31089897066952615
UGC,0.7039993506752177
UGG,0.3521353460543359
UGU,0.9801778802854566
UUA,0.5759560825714933
UUC,0.34310065245591737
UUG,0.3089916674741093
UUU,0.5752744469677168
