codon,average_decoding_time
AAA,0.460333356847332
AAC,0.32808850009219254
AAG,0.1603977796532919
AAU,0.5614919205254673
ACA,0.34920287775373554
ACC,0.44434481104275314
ACG,0.6877583999361078
ACU,0.2258271437982189
AGA,0.14766745236678708
AGC,1.3980988508823997
AGG,0.30655541157959115
AGU,1.7470333734864418
AUA,0.4449419625734525
AUC,0.45682457345776156
AUG,0.5486439750537879
AUU,0.2661778144032399
CAA,0.300261543659611
CAC,0.36893091582153903
CAG,2.4287966798902487
CAU,0.6106571030710015
CCA,0.31044580883441675
CCC,1.8036125972792856
CCG,0.3879161512299999
CCU,1.4507093519315208
CGA,0.4811864791451345
CGC,0.5116601282656943
CGG,2.091883955820158
CGU,0.2811608388675883
CUA,1.235836099690247
CUC,3.3858452301491524
CUG,1.1619554729300605
CUU,3.982184307283486
GAA,0.3047898160000628
GAC,0.2787026534191
GAG,2.1747987144692678
GAU,0.5048252876937666
GCA,0.32549028773000976
GCC,0.4811226948650708
GCG,0.855375539782413
GCU,0.2567640793515915
GGA,1.027471000226009
GGC,0.17164284610609776
GGG,0.6847278871526966
GGU,0.38788745032407124
GUA,0.4047584641961634
GUC,0.499902170849125
GUG,0.9990903990547145
GUU,0.2723052688889879
UAC,0.36923035740540655
UAU,0.6066877158245428
UCA,0.37247803078374936
UCC,0.468065074629192
UCG,0.6507717939807803
UCU,0.2464148813938086
UGC,0.5152282125235759
UGG,0.33670930830959284
UGU,0.7655894268727566
UUA,0.5242978073579855
UUC,0.3001820507857177
UUG,0.21216678722772678
UUU,0.5294517442851009
