codon,average_decoding_time
AAA,0.4586797010442409
AAC,0.32669126099019674
AAG,0.23043777094363238
AAU,0.5577782863125647
ACA,0.35076708900221676
ACC,0.4448313256760946
ACG,0.5794662820455079
ACU,0.2302736383991472
AGA,0.1483572791264557
AGC,1.3945511666764503
AGG,0.2915948457988606
AGU,1.7532175871339688
AUA,0.4430599555189956
AUC,0.4570439530101498
AUG,0.525864881371956
AUU,0.2795818668666231
CAA,0.29983208719048826
CAC,0.3697713433715176
CAG,0.5741495175595304
CAU,0.6090897158593951
CCA,0.31286863567313633
CCC,1.8215849771411534
CCG,1.4883540447477235
CCU,1.7689782387874058
CGA,0.4813372823562666
CGC,0.5095077957513439
CGG,1.9296080096511872
CGU,0.2809493260867468
CUA,1.2412256591551165
CUC,3.400902815666996
CUG,1.0546827650201525
CUU,1.1525774072251083
GAA,0.30478620737987333
GAC,0.2795790249438291
GAG,0.46468005258023926
GAU,0.508377239490165
GCA,0.32495771015772135
GCC,0.4789352913207556
GCG,0.7428072922492177
GCU,0.22628539575884057
GGA,1.0251246995235628
GGC,0.17149394372881144
GGG,1.3588447464506292
GGU,0.3856392692333477
GUA,0.4030797119439786
GUC,0.4990321249763512
GUG,2.0811531295544965
GUU,0.28550564049530947
UAC,0.5320042680095279
UAU,0.7970246372629389
UCA,0.3760937984802651
UCC,0.5059679246281709
UCG,2.915057288366273
UCU,0.31184878983978254
UGC,0.7045258255782266
UGG,0.3248097567254834
UGU,0.9862575453747299
UUA,0.5803672225366044
UUC,0.3446600294088314
UUG,0.3089453343272893
UUU,0.5831945801678919
