codon,average_decoding_time
AAA,0.4581428650223514
AAC,0.3252866471481093
AAG,0.2290978781820127
AAU,0.5606724293620897
ACA,0.3489553637119411
ACC,0.4459612794928164
ACG,0.665011648412793
ACU,0.22334082408863756
AGA,0.14830478756708593
AGC,1.4011772876455446
AGG,1.8013937396160324
AGU,1.7395891225842606
AUA,0.44422908240597486
AUC,0.4558249610825078
AUG,0.5495267762877576
AUU,0.2639148320585494
CAA,0.2985024602993504
CAC,0.3707329624517087
CAG,0.5757979267004164
CAU,0.6076729551347164
CCA,0.3107288509047054
CCC,1.8094351887306916
CCG,0.4316853602972615
CCU,1.4455492887431791
CGA,0.4807272330086812
CGC,0.5127546589208325
CGG,1.3976999092648275
CGU,0.2813188099136716
CUA,1.2370141672781259
CUC,3.40258110103107
CUG,1.1612482393706418
CUU,3.9677420726689836
GAA,0.27249225113446707
GAC,0.2803128813888751
GAG,0.43494689845907436
GAU,0.5084729203126516
GCA,0.32223430582451335
GCC,0.450507343943428
GCG,0.7106263623690844
GCU,0.22985123645155564
GGA,0.8277697866156135
GGC,0.149012877586754
GGG,0.6329279115841905
GGU,0.36206420626220964
GUA,0.32425377861087445
GUC,0.41838166515974146
GUG,0.8617844382481931
GUU,0.19969091952192083
UAC,0.3697313847248866
UAU,0.6052140077887186
UCA,0.37279780208168706
UCC,0.4710427379835867
UCG,0.643325565913569
UCU,0.24576249454284013
UGC,0.5097418327870229
UGG,0.21324534676475046
UGU,0.7648733235908097
UUA,0.5167642936660595
UUC,0.300691746405317
UUG,0.21344251360255273
UUU,0.5280561193624528
