codon,average_decoding_time
AAA,0.4603303462572409
AAC,0.3259974671053866
AAG,0.16144096865769902
AAU,0.5617650961506818
ACA,0.35065624671484613
ACC,0.44486248385460664
ACG,0.6887018056733941
ACU,0.22490612952139047
AGA,0.14770132053521043
AGC,1.3933836030415556
AGG,1.806718587969892
AGU,1.754823287665825
AUA,0.4447047167391018
AUC,0.45546315036284635
AUG,0.5231139643771839
AUU,0.2644183098403619
CAA,0.29884612658463616
CAC,0.37146973821984886
CAG,2.4225582197481437
CAU,0.6069593457476812
CCA,0.3121879304509027
CCC,1.7989573876008913
CCG,0.38874494947521804
CCU,1.4411529594376649
CGA,0.48024694356195186
CGC,0.5098221356938137
CGG,1.4007811982885425
CGU,0.2831934468120171
CUA,1.2333469681496385
CUC,3.4106657257641886
CUG,1.0499619776245337
CUU,3.964249191159114
GAA,0.3039428639692962
GAC,0.2787759397665375
GAG,2.161407881275935
GAU,0.5086026318734856
GCA,0.3254818553581688
GCC,0.4809836801023397
GCG,0.8544433596259506
GCU,0.2571822473003884
GGA,1.022497846928788
GGC,0.17116913660895317
GGG,0.6823872750774149
GGU,0.3874773297949487
GUA,0.4055090364632121
GUC,0.4989368865678645
GUG,2.0772769687764483
GUU,0.2716049351591165
UAC,0.3721429513691812
UAU,0.6072808663338671
UCA,0.3740753125025373
UCC,0.46983163706074227
UCG,0.6458358760153721
UCU,0.24554618933134018
UGC,0.513332142900836
UGG,0.21507276191702426
UGU,0.7704762061763475
UUA,0.5200633298296535
UUC,0.30030861390951213
UUG,0.19407429177496677
UUU,0.5290628858322483
