codon,average_decoding_time
AAA,0.4594863186852761
AAC,0.3274719240843775
AAG,0.1618598492680273
AAU,0.559278271559394
ACA,0.34965371841678555
ACC,0.44543549026832746
ACG,0.6670694434906612
ACU,0.22953977968536657
AGA,0.14784098104999718
AGC,1.3958268046560942
AGG,0.30700365675789093
AGU,1.7426770637202456
AUA,0.4427060164695933
AUC,0.45716325065605545
AUG,0.5238838909874317
AUU,0.277636696776627
CAA,0.2968462166504787
CAC,0.37249323655482797
CAG,2.4262196603300454
CAU,0.6099872988243545
CCA,0.31186941349255526
CCC,1.811636808519849
CCG,0.43528920824441325
CCU,1.7652671212168225
CGA,0.4784396984467974
CGC,0.5098929687565477
CGG,2.0907236468765036
CGU,0.28151148072269344
CUA,1.2360444964980932
CUC,3.4063326300796364
CUG,1.0574412765324788
CUU,1.1565439854902684
GAA,0.27200270653285347
GAC,0.2790339967729062
GAG,1.9364965688059095
GAU,0.5051384700662007
GCA,0.32313011588579843
GCC,0.45071792540879074
GCG,0.7125810126597311
GCU,0.208903830116928
GGA,0.8233887704324471
GGC,0.14861681764510098
GGG,0.6320568229048837
GGU,0.36131350445798344
GUA,0.32548591721931164
GUC,0.41756961987496766
GUG,1.5657571325158592
GUU,0.21350795290553426
UAC,0.5309588566659431
UAU,0.7839530617343217
UCA,0.37634042772540016
UCC,0.5068015546220619
UCG,0.7860416598106879
UCU,0.3119238592495178
UGC,0.7054405668587792
UGG,0.3550829244372864
UGU,0.9836636526672474
UUA,0.5819596050985053
UUC,0.3440059842078433
UUG,0.30867310444060053
UUU,0.5794067974446765
