codon,average_decoding_time
AAA,0.4598821177761405
AAC,0.3285688059420827
AAG,0.16293856028005047
AAU,0.559114731426902
ACA,0.349998481733974
ACC,0.44500368955483516
ACG,0.6890022929446233
ACU,0.2240012670137912
AGA,0.14737133980868
AGC,1.3966066628676115
AGG,1.8068928128390724
AGU,1.7455028834185047
AUA,0.44497854234342665
AUC,0.4586182641202813
AUG,0.5197723708152352
AUU,0.26533183649478426
CAA,0.299116025711887
CAC,0.37033272418591373
CAG,2.4133793757226933
CAU,0.6071531258665561
CCA,0.3126223649081734
CCC,1.8025063550623681
CCG,0.3887839464194349
CCU,1.4529195757236806
CGA,0.4825563028698166
CGC,0.5130290545589766
CGG,1.39819995571996
CGU,0.2808203593045575
CUA,1.2361290026404002
CUC,3.394485991006916
CUG,1.0941022859723573
CUU,3.9691529164981296
GAA,0.305246927448571
GAC,0.2787018917818115
GAG,2.157162073825964
GAU,0.5077721276976345
GCA,0.32583923943429277
GCC,0.4791551201629929
GCG,0.8561092082228156
GCU,0.25725616093229997
GGA,1.0228378638198088
GGC,0.17179957745879082
GGG,0.6821022186427393
GGU,0.3865050165446954
GUA,0.40453913265473734
GUC,0.49848944824633806
GUG,2.076628613405291
GUU,0.2726194663122671
UAC,0.3692248485681171
UAU,0.6091615915014751
UCA,0.3724743474490648
UCC,0.4716900473023807
UCG,0.6461251022253663
UCU,0.2439293615587476
UGC,0.5085284022646008
UGG,0.21424498835648817
UGU,0.7677618833703024
UUA,0.5203916558925499
UUC,0.3026554223566898
UUG,0.22621103222668665
UUU,0.5266725888193613
