codon,average_decoding_time
AAA,0.4608227598479878
AAC,0.32476930378120916
AAG,0.1614110419717375
AAU,0.5580698249715897
ACA,0.3503969704579101
ACC,0.4443654977052619
ACG,0.665871442889293
ACU,0.2292762054490811
AGA,0.14808676205034155
AGC,1.3909331350893777
AGG,0.3076339131112057
AGU,1.7419490442567478
AUA,0.4451362841169622
AUC,0.45864769863577914
AUG,0.5501346168004585
AUU,0.2773826281746183
CAA,0.30035239516456386
CAC,0.37085720419818957
CAG,2.422959800650959
CAU,0.608608397828474
CCA,0.3116276058258551
CCC,1.807565639609678
CCG,0.4336253228949825
CCU,1.7671648533047926
CGA,0.48023271777174065
CGC,0.5096897442215332
CGG,2.083987385918754
CGU,0.28268983346985593
CUA,1.232072349708454
CUC,3.424462572584472
CUG,1.165161025111006
CUU,1.1576805489526625
GAA,0.2742636422981157
GAC,0.2813017373157885
GAG,1.9213122466005026
GAU,0.5069542864514827
GCA,0.32316507727671356
GCC,0.4499310168076338
GCG,0.7094982578092162
GCU,0.20798636638105575
GGA,0.8281734691942282
GGC,0.14901052864136868
GGG,0.6318040264359203
GGU,0.3609554482454141
GUA,0.3248122924496927
GUC,0.4181849599581455
GUG,0.7708160687440891
GUU,0.21289412007613315
UAC,0.5321629789127578
UAU,0.7905501578123906
UCA,0.3784429559750164
UCC,0.5065299420778807
UCG,0.7884224711763882
UCU,0.3105100353175269
UGC,0.700765065167591
UGG,0.3553469697404996
UGU,0.9834402065092365
UUA,0.5790710435227922
UUC,0.34332544021117073
UUG,0.3244635247384134
UUU,0.5770697298284408
