codon,average_decoding_time
AAA,0.4583776905448468
AAC,0.32744194222581197
AAG,0.1616812781752112
AAU,0.5615771679473492
ACA,0.34988335117029584
ACC,0.44541608826411727
ACG,0.6886881418310681
ACU,0.22977055018001108
AGA,0.14800253845888262
AGC,1.3925793182742578
AGG,1.8079453106676837
AGU,1.7415423085460178
AUA,0.4460978504140631
AUC,0.45558029304630326
AUG,0.550817023528039
AUU,0.2776932362111789
CAA,0.2994332058859058
CAC,0.37104078345260466
CAG,2.4200753373722548
CAU,0.605463389633428
CCA,0.3123319575407184
CCC,1.8024539334616907
CCG,0.3877108012522401
CCU,1.7727200649706178
CGA,0.48065531143833273
CGC,0.5104661831370066
CGG,1.403579118371229
CGU,0.28364179551509294
CUA,1.2375814749480494
CUC,3.402525493489698
CUG,1.1192148586444524
CUU,1.1616405194320751
GAA,0.302820791012695
GAC,0.27883297761467146
GAG,2.1545979762346943
GAU,0.5084803389661889
GCA,0.32525519110228196
GCC,0.4794013456144043
GCG,0.8536036338816507
GCU,0.2266561910870513
GGA,1.0261052739226206
GGC,0.1713614582912209
GGG,0.6844492562336437
GGU,0.387224906303364
GUA,0.4043746135379746
GUC,0.49917870347774906
GUG,1.0010934342356552
GUU,0.2865434796510768
UAC,0.5319795149087001
UAU,0.7929752469132295
UCA,0.37956582876001477
UCC,0.5066917215782456
UCG,0.7864024628682951
UCU,0.31129067252968556
UGC,0.705268782083973
UGG,0.35304984153342694
UGU,0.9800941098488662
UUA,0.5798320804312911
UUC,0.34344040232545775
UUG,0.26380455184914303
UUU,0.579032268432673
