codon,average_decoding_time
AAA,0.4581857472212191
AAC,0.3256606085441124
AAG,0.23092720152386043
AAU,0.5582051272512659
ACA,0.35001736694058255
ACC,0.4465636006146904
ACG,0.6627927868172585
ACU,0.2295959965286473
AGA,0.14772488281139406
AGC,1.3980524898182227
AGG,1.8026547957629766
AGU,1.7422387560529495
AUA,0.4443293344129064
AUC,0.4571027125436932
AUG,0.5491618600701009
AUU,0.2773833372547755
CAA,0.3002709455760489
CAC,0.3709550315821744
CAG,0.5748869931167766
CAU,0.6087405763926566
CCA,0.3130934461104044
CCC,1.8141435639072987
CCG,0.4346679359008064
CCU,1.7719448697584446
CGA,0.48075646481103185
CGC,0.5085767351730336
CGG,1.3932619414524978
CGU,0.2828355548913535
CUA,1.2377381473901734
CUC,3.3885895398472745
CUG,1.1166947771000204
CUU,1.1607595861749145
GAA,0.27145162748282714
GAC,0.28126649077057814
GAG,0.43510155363034797
GAU,0.5038906325669774
GCA,0.3223611067042147
GCC,0.45144350920581405
GCG,0.7093864693692372
GCU,0.20831262400937342
GGA,0.8291176261914018
GGC,0.1486824214364471
GGG,0.6310754609598146
GGU,0.36227947936196586
GUA,0.3249353395001914
GUC,0.41774704488876846
GUG,0.7731993460151172
GUU,0.21257871097825923
UAC,0.5342202777389078
UAU,0.7891336632009591
UCA,0.3766941141752393
UCC,0.5059936869717787
UCG,0.7866526196514682
UCU,0.30879379263905327
UGC,0.7086707617741541
UGG,0.3525369320079251
UGU,0.9832973346174486
UUA,0.5819060744837877
UUC,0.34301847965984794
UUG,0.3270767333342412
UUU,0.5785535546195621
