codon,average_decoding_time
AAA,0.4571858573910978
AAC,0.32726106407924266
AAG,0.16136223961202104
AAU,0.5601612072386444
ACA,0.3488120744157097
ACC,0.44640807081071837
ACG,0.664200032669529
ACU,0.22484002962195548
AGA,0.14744498022896443
AGC,1.3904161519155667
AGG,0.30784833905789893
AGU,1.7488189769766418
AUA,0.4428780811445088
AUC,0.4584783793942575
AUG,0.5214539520419664
AUU,0.2654835111161292
CAA,0.2993094087703323
CAC,0.3721677004879932
CAG,2.4121092062114644
CAU,0.6095856061250463
CCA,0.31110721619173926
CCC,1.8103443200988174
CCG,0.4312394400945011
CCU,1.4488071010021395
CGA,0.48256909093294076
CGC,0.5116155648162293
CGG,2.093167196837516
CGU,0.28405745769840446
CUA,1.232682621268224
CUC,3.399152073334176
CUG,1.0983315814640386
CUU,3.989445777891828
GAA,0.2738853705695657
GAC,0.2797939713705801
GAG,1.9362270551606275
GAU,0.508064761620713
GCA,0.3209608064009652
GCC,0.45021291544927605
GCG,0.709217376981161
GCU,0.22982220818848242
GGA,0.8328049347605222
GGC,0.1482243187414205
GGG,0.6333944941070339
GGU,0.36131749027869553
GUA,0.3247757382240874
GUC,0.41780116249637606
GUG,1.7629765326659765
GUU,0.19975257535898527
UAC,0.3708071154526669
UAU,0.6084962003411021
UCA,0.3719562698680546
UCC,0.46974977748252655
UCG,0.6452162058162193
UCU,0.2468247256656521
UGC,0.5126036133844396
UGG,0.33374406498271236
UGU,0.765805191048442
UUA,0.521057692293986
UUC,0.29966220150558504
UUG,0.20098023420075747
UUU,0.5288261832694452
