codon,average_decoding_time
AAA,0.4602579062531989
AAC,0.32796829933557353
AAG,0.16172940318059173
AAU,0.5608438731964227
ACA,0.35015450692517064
ACC,0.44372554428848476
ACG,0.6849691006401635
ACU,0.22404432958494136
AGA,0.1474967077513866
AGC,1.3993242600969156
AGG,1.8058642138147654
AGU,1.7449756722905496
AUA,0.44261594121030096
AUC,0.45733860188001263
AUG,0.551418645545113
AUU,0.26453921358940696
CAA,0.3013471670833473
CAC,0.3710763302165487
CAG,2.4246275150103744
CAU,0.6089134741883424
CCA,0.31302188241414675
CCC,1.8004527838728448
CCG,0.3879509716842126
CCU,1.4473196117714604
CGA,0.48130001119550986
CGC,0.5089209057079969
CGG,1.39994070292099
CGU,0.2816136033095233
CUA,1.2340105036773148
CUC,3.391190860964194
CUG,1.1210414196496945
CUU,3.9709664668200264
GAA,0.3042232371602382
GAC,0.2791931363956979
GAG,2.1587260963397013
GAU,0.5077164152555528
GCA,0.32498316785106074
GCC,0.48135460768568994
GCG,0.8538981195822452
GCU,0.25653944631309755
GGA,1.029755381062086
GGC,0.17137181254653028
GGG,0.6812973172294189
GGU,0.38686004884733294
GUA,0.4040982016878899
GUC,0.49892396869193706
GUG,0.9980501300933114
GUU,0.27249380291549385
UAC,0.3707954708326927
UAU,0.6082201879834986
UCA,0.37290377264306995
UCC,0.47002882142542907
UCG,0.6490461782027587
UCU,0.2466113323274772
UGC,0.5159434591751986
UGG,0.215486384391469
UGU,0.763324548605288
UUA,0.5188848826848129
UUC,0.29937669561529134
UUG,0.23163673500510212
UUU,0.5286838651683338
