codon,average_decoding_time
AAA,0.4596266725132753
AAC,0.3280292265937304
AAG,0.2294669600642325
AAU,0.5602962012613372
ACA,0.34945562368668653
ACC,0.4451769590693598
ACG,0.6636156040091707
ACU,0.22990640755581365
AGA,0.14812497829017654
AGC,1.3988191663762857
AGG,1.7946118035839094
AGU,1.750812851866489
AUA,0.44292590586659375
AUC,0.4572657423421801
AUG,0.552747483891867
AUU,0.2787243928720415
CAA,0.3007763694125393
CAC,0.37136900693592373
CAG,0.5729200344432764
CAU,0.6082418228983312
CCA,0.31239151982946656
CCC,1.804741547279181
CCG,0.43354979935171534
CCU,1.7699055751502761
CGA,0.4826426220033304
CGC,0.5132458267438178
CGG,1.4019394308529933
CGU,0.2817821910631817
CUA,1.232897618510106
CUC,3.409825029199113
CUG,1.1159815508777868
CUU,1.1674022456291084
GAA,0.2745630711044879
GAC,0.27893427822966854
GAG,0.43526669255598033
GAU,0.5070104961790743
GCA,0.32253206177394356
GCC,0.4514638179187365
GCG,0.7109802445383328
GCU,0.20698169559101115
GGA,0.8267844598328692
GGC,0.14837048287929971
GGG,0.6342952020417599
GGU,0.36248942213191226
GUA,0.32550765851983854
GUC,0.41852799631958065
GUG,0.7708580420733101
GUU,0.21205978420519234
UAC,0.5329912131316404
UAU,0.793663848416085
UCA,0.37684047114993036
UCC,0.5060175009847173
UCG,0.7832858058408491
UCU,0.30934416428450967
UGC,0.702284994329287
UGG,0.35308749072635875
UGU,0.981288653599402
UUA,0.5804412216111668
UUC,0.3431609206138136
UUG,0.3265115056777007
UUU,0.5768319610585706
