codon,average_decoding_time
AAA,0.4588839997272546
AAC,0.3262645890118827
AAG,0.1615783286709507
AAU,0.5573601175573398
ACA,0.3500059897300958
ACC,0.444824413930272
ACG,0.5833369159366409
ACU,0.22944650545627304
AGA,0.14777243986620964
AGC,1.3927550974149348
AGG,0.29218275227246815
AGU,1.7519618711195935
AUA,0.44420092196196065
AUC,0.45688067542123945
AUG,0.521078783969586
AUU,0.2778482001500369
CAA,0.2992007687967533
CAC,0.3685937536520481
CAG,2.4368126519635016
CAU,0.6054941204860732
CCA,0.31196134623094846
CCC,1.8108302014003423
CCG,1.489962415207013
CCU,1.7658650907399842
CGA,0.48151737336910094
CGC,0.5086509648607629
CGG,1.9222053092280837
CGU,0.28293946494555383
CUA,1.2296938304978768
CUC,3.4028913032128285
CUG,1.0940502366575653
CUU,1.1541117018152354
GAA,0.30362326210735807
GAC,0.2789845490355388
GAG,2.1586227457423464
GAU,0.5060337572763473
GCA,0.32534552287067536
GCC,0.4816470993274559
GCG,0.7410429025966211
GCU,0.22579187769025102
GGA,1.0203390525876224
GGC,0.17155886565320944
GGG,1.3579423305434644
GGU,0.387251128720969
GUA,0.40593892287253236
GUC,0.4973062927220316
GUG,2.0784960018399175
GUU,0.2851787754099084
UAC,0.5330455505626593
UAU,0.7887154430341636
UCA,0.37632327119501047
UCC,0.5044354528807432
UCG,2.927196674431274
UCU,0.31055402259193254
UGC,0.7017744994033837
UGG,0.3226470184574796
UGU,0.9812317854963222
UUA,0.5772680916563827
UUC,0.3426177080708848
UUG,0.25160898716492314
UUU,0.5792650203356466
