codon,average_decoding_time
AAA,0.45953430297285086
AAC,0.3264600678849086
AAG,0.16203026024075798
AAU,0.5580269532846167
ACA,0.348991615156623
ACC,0.4461537535411524
ACG,0.5757271576774105
ACU,0.2246245239084871
AGA,0.14797430846787338
AGC,1.38912179774007
AGG,0.29177704084443146
AGU,1.7492679960316253
AUA,0.44480546486987294
AUC,0.46025209133745243
AUG,0.5206868975203582
AUU,0.2658608081460891
CAA,0.3011605463707353
CAC,0.3703210215771858
CAG,2.4246371964738547
CAU,0.6077427619449126
CCA,0.31096144171799506
CCC,1.804220699438078
CCG,1.4868227148148088
CCU,1.4542821351439226
CGA,0.4824531669601408
CGC,0.5114798016549056
CGG,1.9026724516361218
CGU,0.2819919293469297
CUA,1.23489523744676
CUC,3.412999662479146
CUG,1.0993925821525137
CUU,3.9704657343648706
GAA,0.3024472006559313
GAC,0.27944395358822316
GAG,2.154921499116561
GAU,0.5088363670557354
GCA,0.32614450809724377
GCC,0.4806170659335715
GCG,0.7441754489200809
GCU,0.2565688755992547
GGA,1.020519908812839
GGC,0.17041442999870837
GGG,1.3645229924544098
GGU,0.38569933078422614
GUA,0.4047491899861586
GUC,0.4993781478947432
GUG,2.077392205002664
GUU,0.2719370374752019
UAC,0.3703454366677934
UAU,0.6053842448252883
UCA,0.37298802225702476
UCC,0.46864894414684527
UCG,2.3179797658658146
UCU,0.24607789642269265
UGC,0.5119480755950545
UGG,0.303588863573707
UGU,0.7636288161635503
UUA,0.5187675041735755
UUC,0.30261027229960286
UUG,0.20142882166422357
UUU,0.5298824428326586
