codon,average_decoding_time
AAA,0.4562729430470991
AAC,0.32619249768262076
AAG,0.16113543740632355
AAU,0.5622536017645363
ACA,0.3504805927392048
ACC,0.4456037418075326
ACG,0.5806643674494398
ACU,0.22360472410301366
AGA,0.1473680319754848
AGC,1.3946427413042184
AGG,0.2916187002667995
AGU,1.7544503029049288
AUA,0.4436079708772397
AUC,0.4592122655642008
AUG,0.5209740529902561
AUU,0.2652299092903305
CAA,0.29895541602552456
CAC,0.37093355281675844
CAG,2.416650064877258
CAU,0.610289000392904
CCA,0.3117788417108607
CCC,1.8111122016651195
CCG,1.485204644036507
CCU,1.456167946586858
CGA,0.48184731399132885
CGC,0.5102734921214652
CGG,1.9092580020638026
CGU,0.28222892019298573
CUA,1.2408844328762483
CUC,3.416300562410123
CUG,1.0988851022758936
CUU,3.962914639693005
GAA,0.3042607242814615
GAC,0.27993744400544013
GAG,2.1592256761245197
GAU,0.5077064891913248
GCA,0.32757854411834264
GCC,0.4819919499191243
GCG,0.7392264728945558
GCU,0.2551889348464551
GGA,1.0260883411297357
GGC,0.17162059602659213
GGG,1.3647603755143096
GGU,0.38422266789724524
GUA,0.4045392985700603
GUC,0.49813529367890946
GUG,2.0880581241802245
GUU,0.27136882476844404
UAC,0.3705963119436523
UAU,0.6118323334682944
UCA,0.373113618054935
UCC,0.4715887429348508
UCG,2.299522672992263
UCU,0.24529252153839176
UGC,0.5138844459542259
UGG,0.30549036634644766
UGU,0.7708817413279886
UUA,0.5219160811126066
UUC,0.2993605769427873
UUG,0.20149847282633415
UUU,0.5293998343993856
