codon,average_decoding_time
AAA,0.4574556999468511
AAC,0.32855748396958073
AAG,0.22910434884529823
AAU,0.560866764845835
ACA,0.348380786828708
ACC,0.382477240940841
ACG,0.6884201142264975
ACU,0.2228706977397136
AGA,0.14751371712652256
AGC,1.393068246345862
AGG,0.30841523625636563
AGU,1.7416444024838649
AUA,0.44449158540197037
AUC,0.47232626303868647
AUG,0.5228782668547048
AUU,0.2662948386160153
CAA,0.4657629451210994
CAC,0.5311496036600899
CAG,0.6438057525880466
CAU,0.789433701959997
CCA,0.3164716939595688
CCC,2.196185425276604
CCG,0.44908939858063496
CCU,1.6177589352595378
CGA,0.5105906724820074
CGC,0.6339977022393837
CGG,2.199949377412808
CGU,0.3927717892420138
CUA,1.3721392912593033
CUC,1.2131121078246434
CUG,1.399383124404145
CUU,4.439529087899989
GAA,0.3054756946598794
GAC,0.2785958835531935
GAG,0.46572788685795213
GAU,0.5063478352633621
GCA,0.3273205012939862
GCC,0.3699266817708493
GCG,0.8540530737886658
GCU,0.2555346262723511
GGA,1.024205921269421
GGC,0.1718102004883948
GGG,0.681096333710027
GGU,0.38449482960389353
GUA,0.4053458877805978
GUC,0.5135199579702381
GUG,2.078141675096115
GUU,0.27220713886566855
UAC,0.37047838367180724
UAU,0.6051485736960162
UCA,0.3736204794991415
UCC,0.5332104305655734
UCG,0.6441172618923133
UCU,0.2443197154919232
UGC,0.5122288736177817
UGG,0.33578718419935694
UGU,0.7674729141539559
UUA,0.5198857196669485
UUC,0.29922331971804345
UUG,0.19399249867504478
UUU,0.5286819991428334
