codon,average_decoding_time
AAA,0.45923288285238334
AAC,0.3276572128794522
AAG,0.16098483463114724
AAU,0.5588873355731443
ACA,0.34920385262354486
ACC,0.3816260811284592
ACG,0.6868959326578794
ACU,0.22387622360569276
AGA,0.14834350834674534
AGC,1.3978829883116521
AGG,0.30754808634600345
AGU,1.7366698340659705
AUA,0.44414374159418823
AUC,0.47291180676749367
AUG,0.5506536923098178
AUU,0.2660242922251136
CAA,0.4621680136527145
CAC,0.5331884441775939
CAG,3.4649145931535905
CAU,0.7933239908281281
CCA,0.3186102745837479
CCC,2.185671709065364
CCG,0.450094976871606
CCU,1.621643028420464
CGA,0.5097770367506935
CGC,0.635519278991886
CGG,2.198126731024065
CGU,0.39330435823323656
CUA,1.3637840913080497
CUC,1.2070925240025958
CUG,1.4641370125760353
CUU,4.438746781194503
GAA,0.30400450612200053
GAC,0.27907352046133677
GAG,2.1537754250177
GAU,0.508884281237426
GCA,0.3268223587630311
GCC,0.36961860578666506
GCG,0.8528015763101982
GCU,0.25633852833843956
GGA,1.0216789362301246
GGC,0.1722212506770153
GGG,0.681188408683769
GGU,0.38653794737119096
GUA,0.40463224344669463
GUC,0.5121620366085302
GUG,0.9951214529154031
GUU,0.2725628176928174
UAC,0.37102052278976017
UAU,0.6068694784457799
UCA,0.37385343263561205
UCC,0.5355098179651544
UCG,0.6434946132302004
UCU,0.24395109896906667
UGC,0.5123463437913528
UGG,0.3360990014527462
UGU,0.7668699547271052
UUA,0.5216057772455612
UUC,0.299279509148947
UUG,0.21253610780405233
UUU,0.5292692413138843
