codon,average_decoding_time
AAA,0.4607275193719583
AAC,0.32659511970612953
AAG,0.22977737452841454
AAU,0.5592469604487664
ACA,0.34922858826212944
ACC,0.3808970535385568
ACG,0.6863414524263503
ACU,0.22823672536622033
AGA,0.14913816316668935
AGC,1.392870281544415
AGG,0.30735197401402087
AGU,1.744342964056604
AUA,0.4432670421765837
AUC,0.47085918103462704
AUG,0.5506536450358286
AUU,0.2785439188044741
CAA,0.46709967024092447
CAC,0.5308687245752801
CAG,0.6482526812290547
CAU,0.7911171614920474
CCA,0.3169779632605402
CCC,2.192308851963388
CCG,0.4486754004312818
CCU,1.792189876710336
CGA,0.5108840913632883
CGC,0.632704404924793
CGG,2.2118458654047815
CGU,0.3934641344467651
CUA,1.3627423545153412
CUC,1.210989220747702
CUG,1.4685871811795788
CUU,1.287803952413083
GAA,0.306252813831747
GAC,0.28120256329508364
GAG,0.4675964047545401
GAU,0.5061536614035146
GCA,0.32532702814520037
GCC,0.37032809017137575
GCG,0.8583547172224515
GCU,0.2267522708609618
GGA,1.0206412785042838
GGC,0.1708545229507398
GGG,0.6827604670282497
GGU,0.3869136230899548
GUA,0.4050971186428071
GUC,0.5135909834837966
GUG,1.0011033874408433
GUU,0.2846281227054694
UAC,0.5310538315588225
UAU,0.7867275579690343
UCA,0.37791102330167736
UCC,0.5402686206293327
UCG,0.790936507978047
UCU,0.3110016339901281
UGC,0.7064442387016222
UGG,0.35604407559865575
UGU,0.9800721905660235
UUA,0.5795015950717342
UUC,0.34205885327655466
UUG,0.26427544438413236
UUU,0.5800746753442342
