codon,average_decoding_time
AAA,0.4598381548313454
AAC,0.3264711750547377
AAG,0.16226261080648702
AAU,0.5602316485897859
ACA,0.3498148024591787
ACC,0.3803678631118631
ACG,0.687934631371639
ACU,0.22874813638878994
AGA,0.14757200375066498
AGC,1.396148563181591
AGG,0.3066122510507709
AGU,1.7504476998878582
AUA,0.4441362471016695
AUC,0.47266013296312304
AUG,0.5519321334206403
AUU,0.2776436301251354
CAA,0.4658595231100813
CAC,0.5317463815773783
CAG,3.487865282392597
CAU,0.7863150811630818
CCA,0.3168555841460528
CCC,2.1956962239568725
CCG,0.450389041523628
CCU,1.7906674624342056
CGA,0.5104982725215584
CGC,0.630683949044241
CGG,2.1990670621917183
CGU,0.39244059145945087
CUA,1.3699498556676324
CUC,1.2114723394399975
CUG,1.4662284323478438
CUU,1.2869587246638539
GAA,0.3013971231163034
GAC,0.2789414273584185
GAG,2.1667790152144
GAU,0.5057518566802788
GCA,0.3272366699101324
GCC,0.36898729769296224
GCG,0.8501518250820846
GCU,0.22489404695708964
GGA,1.028572577353603
GGC,0.1712637898744741
GGG,0.6828879629120813
GGU,0.3871254411946139
GUA,0.4055848977540938
GUC,0.5124896637741159
GUG,0.9987668954731248
GUU,0.2846402704140295
UAC,0.5289539287362669
UAU,0.7878356893282554
UCA,0.3755612343932602
UCC,0.5405413520214095
UCG,0.7864692353559349
UCU,0.3104563454724247
UGC,0.7048230340579017
UGG,0.35397242524812134
UGU,0.9815552654601459
UUA,0.5772568142834381
UUC,0.34240398415794165
UUG,0.2638124314125663
UUU,0.5793553208551125
