codon,average_decoding_time
AAA,0.46030653748577277
AAC,0.32702442576922347
AAG,0.1615174016247875
AAU,0.5586551826990992
ACA,0.3499693004004736
ACC,0.3834522688244673
ACG,0.6880093164422801
ACU,0.22454324913400447
AGA,0.14738641536490174
AGC,1.3906193367801076
AGG,1.7960765911086578
AGU,1.7488114424327552
AUA,0.4441798352317159
AUC,0.47198260859654867
AUG,0.5515361621312616
AUU,0.2648384971821656
CAA,0.4683472384452642
CAC,0.5320278125777581
CAG,3.4554517035522774
CAU,0.7909420633828358
CCA,0.31824805768902914
CCC,2.196120388529648
CCG,0.44758571836815025
CCU,1.6212472304089403
CGA,0.5097461106901503
CGC,0.6309808845013485
CGG,2.1966778477778455
CGU,0.39537769830554376
CUA,1.3674935983974887
CUC,1.2049235728890446
CUG,1.4673786167442595
CUU,4.4340950229487115
GAA,0.30265426676656565
GAC,0.28004468514250536
GAG,2.151156473282598
GAU,0.5050287775566146
GCA,0.3265187564971592
GCC,0.3684017497421684
GCG,0.8529625708832486
GCU,0.2566247180721724
GGA,1.0245708045026252
GGC,0.17101391961253767
GGG,0.6829827215911428
GGU,0.38685161960846526
GUA,0.40452556370004095
GUC,0.5152052998427783
GUG,0.9975800444147738
GUU,0.27284897491429794
UAC,0.36967805110840934
UAU,0.608633291136561
UCA,0.37410187139841605
UCC,0.5337617777243827
UCG,0.647318224453525
UCU,0.24407024953391684
UGC,0.5144980898143036
UGG,0.21471600713837727
UGU,0.7685267694218832
UUA,0.518899705343776
UUC,0.3005607789200503
UUG,0.21289901420576052
UUU,0.5267130279296806
