codon,average_decoding_time
AAA,0.45988073321434453
AAC,0.3259827431458361
AAG,0.16133898340374297
AAU,0.5586686993557904
ACA,0.35098250487014304
ACC,0.3832514816175833
ACG,0.6829909015254598
ACU,0.23054895921469556
AGA,0.1470545950744211
AGC,1.390516551212412
AGG,1.803128784350411
AGU,1.7457657566900209
AUA,0.44515431648716475
AUC,0.46930534634188664
AUG,0.521307031110504
AUU,0.27906527455551566
CAA,0.4630793233063173
CAC,0.5340974299107933
CAG,3.447988091014308
CAU,0.7903299293409244
CCA,0.3182756248331193
CCC,2.1932818402265353
CCG,0.4486479206474901
CCU,1.7879263160013295
CGA,0.5115321821175197
CGC,0.6355035883692342
CGG,2.196400649033784
CGU,0.3932040513947604
CUA,1.3683961733436714
CUC,1.2071260273222086
CUG,1.3960442682854814
CUU,1.2815603581327915
GAA,0.30249098112565925
GAC,0.2811231481637839
GAG,2.1605153441463503
GAU,0.5063309930163953
GCA,0.3275205947117669
GCC,0.3704908941616186
GCG,0.8502065090745969
GCU,0.2251825266591503
GGA,1.0240211538914379
GGC,0.1718108165794175
GGG,0.6827578940730243
GGU,0.3868488910938333
GUA,0.40668809890935553
GUC,0.5131976171624756
GUG,2.0705770932160252
GUU,0.2847362030873706
UAC,0.5304926316415548
UAU,0.7915680603067214
UCA,0.3775611061631243
UCC,0.5384206063065919
UCG,0.7888805817209283
UCU,0.3104032389583932
UGC,0.7085217198856805
UGG,0.351217220032213
UGU,0.9785541002898583
UUA,0.5790021533567066
UUC,0.34408585350721643
UUG,0.3089723376118414
UUU,0.5787358265168919
