codon,average_decoding_time
AAA,0.4610958219400805
AAC,0.3282400916167336
AAG,0.22905312082378435
AAU,0.5583682212756632
ACA,0.35041679326074465
ACC,0.3812360760961533
ACG,0.6894378442409286
ACU,0.22322568170313706
AGA,0.14835803827264957
AGC,1.392135956010731
AGG,1.80923043345177
AGU,1.7489351380881062
AUA,0.4427784940017873
AUC,0.4738343603546974
AUG,0.5212850185516948
AUU,0.2663718407205513
CAA,0.46452595299527594
CAC,0.5331065663562761
CAG,0.6448529443149782
CAU,0.7927550948432576
CCA,0.31715944138447166
CCC,2.19115823842273
CCG,0.4485110655458506
CCU,1.627113975017445
CGA,0.5062141460054838
CGC,0.6336989422673195
CGG,2.1961250650876
CGU,0.3935470738289133
CUA,1.371519024597221
CUC,1.207298204897758
CUG,1.401663896038628
CUU,4.436027174911589
GAA,0.302831452546109
GAC,0.2801114008748661
GAG,0.46674171445470247
GAU,0.5072066142482127
GCA,0.3262749010305561
GCC,0.36961376378055155
GCG,0.8507789961763278
GCU,0.25711261977891214
GGA,1.0176641262151949
GGC,0.17126442896577418
GGG,0.6844681286824045
GGU,0.3852726734965575
GUA,0.4056462968382498
GUC,0.5132303516149234
GUG,2.0700252097307836
GUU,0.2719460254532971
UAC,0.3691786925949571
UAU,0.6069086323303856
UCA,0.3750829899543631
UCC,0.5361421170334697
UCG,0.6465197951717236
UCU,0.24525553237010897
UGC,0.5138885200444216
UGG,0.214945296300765
UGU,0.7650248624451764
UUA,0.5201181795317394
UUC,0.29911597231889486
UUG,0.19383928359771363
UUU,0.5291200602968547
