codon,average_decoding_time
AAA,0.46037093952670083
AAC,0.32619554381272386
AAG,0.23034149578844815
AAU,0.5588708438226888
ACA,0.34941041748154406
ACC,0.3831557853825833
ACG,0.6862868248532097
ACU,0.22976784604950368
AGA,0.14808302920515617
AGC,1.3953491133047458
AGG,1.7994064249576576
AGU,1.7461251674135507
AUA,0.4421172395369558
AUC,0.4700660783033434
AUG,0.5496229650787487
AUU,0.28005025044477605
CAA,0.46475643240954095
CAC,0.5315147793776945
CAG,0.647092771205122
CAU,0.7889656628535507
CCA,0.31783595799351205
CCC,2.1894074366487004
CCG,0.4480347532820432
CCU,1.7821478973943912
CGA,0.5091007361732033
CGC,0.6359257966936958
CGG,2.189889600814576
CGU,0.3921614449978858
CUA,1.368965924069608
CUC,1.2035695642472566
CUG,1.4696822295101168
CUU,1.2921533419195657
GAA,0.3047208694553616
GAC,0.28040937500501345
GAG,0.46379651320487203
GAU,0.5066547250125745
GCA,0.3259306169847106
GCC,0.36998906339866544
GCG,0.8544509564921259
GCU,0.22638003497273712
GGA,1.019911452291814
GGC,0.17085143902225983
GGG,0.6832057188473941
GGU,0.3873963920562666
GUA,0.4045586596526757
GUC,0.5105741868301582
GUG,0.9976014205085815
GUU,0.28368718955408156
UAC,0.5323502863695361
UAU,0.7921152970851203
UCA,0.3741101142459484
UCC,0.541184102474379
UCG,0.7853223578543959
UCU,0.3113623358659252
UGC,0.7062825845590585
UGG,0.35492674864106144
UGU,0.9803314025218095
UUA,0.5811087867407557
UUC,0.34119184648681405
UUG,0.3274659764630865
UUU,0.5788275929710723
