codon,average_decoding_time
AAA,0.4601815013220434
AAC,0.3282243743737807
AAG,0.23076133661364598
AAU,0.5594927910969277
ACA,0.3515347830962575
ACC,0.3822519060693022
ACG,0.6649983260418645
ACU,0.22497346935620338
AGA,0.1477677082324911
AGC,1.4001574705662103
AGG,0.3063677351681131
AGU,1.7501545888821655
AUA,0.44240718091865
AUC,0.47183724867342397
AUG,0.5208438282387895
AUU,0.26518561502559196
CAA,0.4624293285046473
CAC,0.5331471719640151
CAG,0.6449217331056202
CAU,0.7891761898864302
CCA,0.3184259140976759
CCC,2.1890028191827
CCG,0.5079816566245728
CCU,1.6215029762016042
CGA,0.5088536369652673
CGC,0.6351941910577082
CGG,2.1888617372581396
CGU,0.3930637634412574
CUA,1.3694870425098566
CUC,1.2082772837536453
CUG,1.4046001026297383
CUU,4.44419400508839
GAA,0.273570274959866
GAC,0.2812313083084466
GAG,0.43556665571146214
GAU,0.5044545326818156
GCA,0.3199831891840145
GCC,0.3487968649571376
GCG,0.7116949734214532
GCU,0.22919094849337432
GGA,0.8311309680703032
GGC,0.14849312518969338
GGG,0.6335986290159346
GGU,0.361350893140903
GUA,0.32482383435590706
GUC,0.4343312652359629
GUG,1.7633664059566272
GUU,0.20023664082755024
UAC,0.37041746804933534
UAU,0.6070468572159113
UCA,0.3726006768386034
UCC,0.5336288551030128
UCG,0.6456352360787817
UCU,0.24642357671863008
UGC,0.5127138848667523
UGG,0.33425026578657374
UGU,0.769253437941738
UUA,0.520664406071258
UUC,0.29924426027219464
UUG,0.19307031327787239
UUU,0.5295455470539144
