codon,average_decoding_time
AAA,0.45919341933910374
AAC,0.32773511945229256
AAG,0.23057179303634
AAU,0.5595288981782972
ACA,0.3488139876528168
ACC,0.38137953832023597
ACG,0.6670133146312278
ACU,0.22465943324155419
AGA,0.1481627490624356
AGC,1.3971215594292412
AGG,0.30762223176250614
AGU,1.7459409846113905
AUA,0.44326876136204774
AUC,0.4709664356678791
AUG,0.5240790877280911
AUU,0.26651415451349647
CAA,0.46539158757876803
CAC,0.5355193068246418
CAG,0.6420654139580992
CAU,0.7887405507420316
CCA,0.3164794477962607
CCC,2.1955886387895585
CCG,0.5088376287857955
CCU,1.6202744013352222
CGA,0.5084977915759811
CGC,0.6323869790636293
CGG,2.1848179050863714
CGU,0.3919658805127149
CUA,1.3758575719256012
CUC,1.2059669152110892
CUG,1.3899092982119297
CUU,4.445947126436829
GAA,0.2721325187342357
GAC,0.2799489636290172
GAG,0.43620212709885686
GAU,0.50657701258926
GCA,0.32376935182098127
GCC,0.348263495134302
GCG,0.7099739472470566
GCU,0.22737726340664724
GGA,0.8289036350806849
GGC,0.1478489040236376
GGG,0.63367782592777
GGU,0.36159907787797324
GUA,0.3253507074488414
GUC,0.4321513964452386
GUG,1.7624484442000021
GUU,0.19982425006231616
UAC,0.370728079779958
UAU,0.6097156783073207
UCA,0.37295455872542904
UCC,0.53696280419528
UCG,0.6450588038016611
UCU,0.24657816372180197
UGC,0.5111525211460768
UGG,0.3344482065677779
UGU,0.7677902961351897
UUA,0.5231522133808192
UUC,0.2991552853588803
UUG,0.19479274854477965
UUU,0.5288038399741241
