codon,average_decoding_time
AAA,0.458218648879486
AAC,0.32814765697734155
AAG,0.1601169845623647
AAU,0.5607628975545178
ACA,0.35030547512733656
ACC,0.3799503472809599
ACG,0.6685832104803651
ACU,0.23060594094998407
AGA,0.14772207927774395
AGC,1.3865788638072214
AGG,0.3067077656340369
AGU,1.743623090938402
AUA,0.44265861408954227
AUC,0.4729249518337663
AUG,0.5520863954499561
AUU,0.27791970772268626
CAA,0.46582457911756986
CAC,0.534077329362712
CAG,3.4521398567383748
CAU,0.7893844663451067
CCA,0.3161680376351973
CCC,2.190959707436305
CCG,0.506388706720079
CCU,1.7961949560370043
CGA,0.5106235166269959
CGC,0.6314332010010872
CGG,2.192672805257067
CGU,0.39162300429052643
CUA,1.3710112271484325
CUC,1.20710207079447
CUG,1.4646929447898505
CUU,1.287873432529043
GAA,0.2725456903187795
GAC,0.27933717007537107
GAG,1.9347098986870828
GAU,0.5070214929830755
GCA,0.3217258004120271
GCC,0.34869142444310214
GCG,0.7109082687651871
GCU,0.20685956732699043
GGA,0.8336219479856413
GGC,0.14913144476985096
GGG,0.6348973868783134
GGU,0.359888408066851
GUA,0.3234133155582465
GUC,0.4333850728681645
GUG,0.8580957866737454
GUU,0.21065074560567165
UAC,0.5333590210939907
UAU,0.7904256000407626
UCA,0.37821772805036163
UCC,0.5438783523752296
UCG,0.7866625878335196
UCU,0.31100483156866116
UGC,0.7042528293411083
UGG,0.353071677069153
UGU,0.9854102085292088
UUA,0.5750693346197246
UUC,0.3414537998084617
UUG,0.26384371008601115
UUU,0.5779923458710249
