codon,average_decoding_time
AAA,0.4610417433968735
AAC,0.3292210396922239
AAG,0.2307074688208597
AAU,0.5585339486004617
ACA,0.349399733596126
ACC,0.3825385188505524
ACG,0.6667532953357279
ACU,0.23043752416359473
AGA,0.14815000300511583
AGC,1.397018830385457
AGG,1.8069735038179329
AGU,1.7552114647767894
AUA,0.44518835399145873
AUC,0.47188829235224977
AUG,0.5540168809994233
AUU,0.27931152168341944
CAA,0.46401799441224983
CAC,0.5354711086151925
CAG,0.6464575811994588
CAU,0.7901594709413368
CCA,0.3183913717856128
CCC,2.190647994560455
CCG,0.5054751446531641
CCU,1.803699517940245
CGA,0.5109149691087032
CGC,0.6355880367529176
CGG,2.1900132868419746
CGU,0.39165033455029186
CUA,1.3718033220311883
CUC,1.207597304560053
CUG,1.4631970953381064
CUU,1.2959757296504486
GAA,0.27226767201401014
GAC,0.2791237618448723
GAG,0.434616459035767
GAU,0.5057022769872203
GCA,0.3234154579768565
GCC,0.34919277037649527
GCG,0.7127322939053415
GCU,0.20777475965665868
GGA,0.8281887875021159
GGC,0.1485014907450603
GGG,0.6322576661192878
GGU,0.36181190876787084
GUA,0.325605592767979
GUC,0.4329990272784626
GUG,0.8573698118087326
GUU,0.21244348976639393
UAC,0.5333839708288344
UAU,0.7871772776221476
UCA,0.37687237583935845
UCC,0.5435581984843788
UCG,0.7887458955435406
UCU,0.3096174453264465
UGC,0.7055061040719199
UGG,0.35369437747832877
UGU,0.9806680477210192
UUA,0.5812507951613264
UUC,0.34378219560588674
UUG,0.2631903597686952
UUU,0.5783195911752835
