codon,average_decoding_time
AAA,0.45847667439897494
AAC,0.3272237505948621
AAG,0.22997832038756394
AAU,0.5604746653167292
ACA,0.3490233600555041
ACC,0.37987886051417386
ACG,0.6653714870110806
ACU,0.22418112175682436
AGA,0.1476263203157509
AGC,1.3877564161861449
AGG,0.30669578321705326
AGU,1.746162543412818
AUA,0.44239966114465484
AUC,0.4705159224273206
AUG,0.5224693153590374
AUU,0.26471629460605234
CAA,0.46565907514321647
CAC,0.537324164373287
CAG,0.6464396052134096
CAU,0.7927202937174974
CCA,0.31839041608971574
CCC,2.193847266236734
CCG,0.5064990657713783
CCU,1.6347029551663532
CGA,0.5095809605868811
CGC,0.6325119582250557
CGG,2.200359138282208
CGU,0.3910799301345716
CUA,1.3726179546656294
CUC,1.2080846298730674
CUG,1.406864949886446
CUU,4.447080433336822
GAA,0.2716398451912571
GAC,0.28012882039685105
GAG,0.43332333630849484
GAU,0.5074951031361922
GCA,0.32186663914573377
GCC,0.34944238781311476
GCG,0.7074915878004486
GCU,0.22786650365087385
GGA,0.8315361770619937
GGC,0.14900745866386128
GGG,0.6322976782604774
GGU,0.3610447513547281
GUA,0.32465308067231946
GUC,0.43234511177514307
GUG,1.7593170217272622
GUU,0.1997039568878019
UAC,0.36927960614845184
UAU,0.6102689931920249
UCA,0.3733034370592979
UCC,0.5371311512255598
UCG,0.6428668433457744
UCU,0.24517335221418182
UGC,0.5162710446997056
UGG,0.33327413317751714
UGU,0.7683437399419711
UUA,0.5214312569687581
UUC,0.2994392539109357
UUG,0.20053982761937594
UUU,0.5309685153497938
