codon,average_decoding_time
AAA,0.45898595292284755
AAC,0.3255526316599445
AAG,0.1617187934091563
AAU,0.5581249531841046
ACA,0.3511046448330559
ACC,0.38058566498799234
ACG,0.5781316205490448
ACU,0.2232534001241462
AGA,0.14823379153891364
AGC,1.3930012865129322
AGG,1.6265030511924439
AGU,1.7477760667879751
AUA,0.4455965371979994
AUC,0.4720502642248877
AUG,0.5515740534518074
AUU,0.26420804205105575
CAA,0.46482438103166984
CAC,0.5325527932660608
CAG,3.4482116068338002
CAU,0.7892931402673152
CCA,0.31765851287948443
CCC,2.19727526049279
CCG,1.842930207026045
CCU,1.614740854716849
CGA,0.5100520579721896
CGC,0.6344836151534414
CGG,2.0293458571767955
CGU,0.39110192740378014
CUA,1.3716792171118801
CUC,1.2078739856350853
CUG,1.4652825501249584
CUU,4.441228763354589
GAA,0.30347163679447126
GAC,0.2788442752732951
GAG,2.1624448245451857
GAU,0.5063696714871884
GCA,0.3253011019529998
GCC,0.36991522460953985
GCG,0.7402348750685454
GCU,0.25594420009113394
GGA,1.02539998465393
GGC,0.17082288744984328
GGG,1.3588473325887127
GGU,0.3866708364785443
GUA,0.4028664031468959
GUC,0.5140734695578818
GUG,0.998226345673645
GUU,0.2715810198444115
UAC,0.36947581440283594
UAU,0.6092747635689114
UCA,0.3733378163878966
UCC,0.5364229527711766
UCG,2.3022232034638788
UCU,0.24529021649326083
UGC,0.5128471165084829
UGG,0.18382060549047982
UGU,0.7692681854082679
UUA,0.5178175102844922
UUC,0.29922889273012276
UUG,0.20389578384794313
UUU,0.5278751390219315
