codon,average_decoding_time
AAA,0.4569889085565498
AAC,0.3241539546742406
AAG,0.22957088446179455
AAU,0.5596136299977458
ACA,0.34978269961051955
ACC,0.38260159727900295
ACG,0.6655331831717433
ACU,0.2308072850399392
AGA,0.14714347043529613
AGC,1.384947817885435
AGG,1.8045067055417872
AGU,1.7523747722502923
AUA,0.44538510349839255
AUC,0.47203164346613696
AUG,0.5215360559335899
AUU,0.2780081153905586
CAA,0.462738936494254
CAC,0.5372790755508564
CAG,0.644019701779048
CAU,0.7875699195781893
CCA,0.3169923940146298
CCC,2.1912012893174397
CCG,0.5054524682105805
CCU,1.7883919048128667
CGA,0.5089554187276031
CGC,0.6317592663784604
CGG,2.2025568096246126
CGU,0.3924604311364452
CUA,1.380608326577987
CUC,1.2085109559866225
CUG,1.4001213677584465
CUU,1.285770827510869
GAA,0.2724852393837307
GAC,0.28049796933915033
GAG,0.4345108721444555
GAU,0.5072022157863275
GCA,0.323872464101098
GCC,0.3499802369995864
GCG,0.7106542312029275
GCU,0.2077046450077087
GGA,0.8321405636322607
GGC,0.14934564332281464
GGG,0.6345729785405847
GGU,0.3632964159131821
GUA,0.3238339273231747
GUC,0.43310078696722265
GUG,1.5579334728083256
GUU,0.21407852438584873
UAC,0.5335875995609157
UAU,0.791604619594126
UCA,0.37587543980436267
UCC,0.5421834810940604
UCG,0.7874853443271582
UCU,0.3109216925437196
UGC,0.7033938570214447
UGG,0.35383961764130234
UGU,0.9812676824489689
UUA,0.5808411627603977
UUC,0.3438202599793814
UUG,0.308173121319913
UUU,0.5798616028023154
