codon,average_decoding_time
AAA,0.45582460724751234
AAC,0.32678566411791526
AAG,0.16138863803576992
AAU,0.5601577643145447
ACA,0.35022729828133153
ACC,0.38376902120475764
ACG,0.6909607623869892
ACU,0.22933131767410556
AGA,0.14780906510685854
AGC,1.3914891042469535
AGG,0.30625082785812285
AGU,1.7473810446919507
AUA,0.44453586698952124
AUC,0.473137520319445
AUG,0.5514306631796579
AUU,0.2770846943946191
CAA,0.46588003232734926
CAC,0.5365314212201555
CAG,3.454160970886832
CAU,0.7885314682776624
CCA,0.31574609442520374
CCC,2.202622661073286
CCG,0.44976214315071716
CCU,1.7870123434489424
CGA,0.5086559367618051
CGC,0.6342812813697634
CGG,2.199544327406857
CGU,0.3929757846164682
CUA,1.3648916724910252
CUC,1.2061176360730037
CUG,1.458462996724051
CUU,1.2860683213682707
GAA,0.3038410954342802
GAC,0.2799981373944999
GAG,2.1653424973127495
GAU,0.507470243142486
GCA,0.32639170888351104
GCC,0.3690346092891698
GCG,0.8562707416846786
GCU,0.22734028483827656
GGA,1.0228135206843854
GGC,0.17093193817807315
GGG,0.6809252518435924
GGU,0.38737793258764547
GUA,0.4034091938154341
GUC,0.5136779187660754
GUG,0.9973234709900984
GUU,0.28563859385932383
UAC,0.5353773081731465
UAU,0.7891209310557696
UCA,0.3777722374202945
UCC,0.5412299505116951
UCG,0.7868469854097211
UCU,0.30968598644497786
UGC,0.7100761066024575
UGG,0.35388493496964957
UGU,0.9824997312399435
UUA,0.5811081262083538
UUC,0.3421869845755762
UUG,0.32753070675353
UUU,0.5756890630968722
