codon,average_decoding_time
AAA,0.45791043588499436
AAC,0.32692719789654295
AAG,0.16150544482654652
AAU,0.5591047271199066
ACA,0.3502467865270296
ACC,0.38296253525994434
ACG,0.6838476492708799
ACU,0.22814834296483438
AGA,0.14862142344244586
AGC,1.3929398071840309
AGG,1.8189311799539942
AGU,1.7404139634308315
AUA,0.441782113974773
AUC,0.47121095752241193
AUG,0.5519833073648917
AUU,0.2772218824741331
CAA,0.4635906217788272
CAC,0.5332306896258682
CAG,3.452218574115229
CAU,0.790657986864991
CCA,0.31691927742760295
CCC,2.190830028914216
CCG,0.4501467403951399
CCU,1.791486101826925
CGA,0.5092205910939207
CGC,0.6336537578362768
CGG,2.1971968830005077
CGU,0.39144479342705235
CUA,1.362800463711466
CUC,1.2082683628325956
CUG,1.4608190237566459
CUU,1.2956128937540936
GAA,0.3023317915750943
GAC,0.2795897604237823
GAG,2.1576166413461335
GAU,0.5078905552972809
GCA,0.3266707069710311
GCC,0.3679690641326011
GCG,0.8513248957804143
GCU,0.2253219344969898
GGA,1.024807267416666
GGC,0.1718395589873692
GGG,0.6842047578809934
GGU,0.3860680098715508
GUA,0.4045746214014354
GUC,0.5133347318037502
GUG,1.0034710451268571
GUU,0.284581089389062
UAC,0.5325470593791712
UAU,0.7872862659018492
UCA,0.37719868488776687
UCC,0.5438791834195709
UCG,0.7864691132503757
UCU,0.3092052087871012
UGC,0.7058416390694484
UGG,0.3531150011071113
UGU,0.9794456121517894
UUA,0.5781587735887777
UUC,0.3461798619866749
UUG,0.26296137653064533
UUU,0.5797695029547494
