codon,average_decoding_time
AAA,0.4589997005539391
AAC,0.32815235438665996
AAG,0.1612819923666347
AAU,0.5600987986504345
ACA,0.34952535082198627
ACC,0.38208385039689585
ACG,0.5792727908315399
ACU,0.22400386924582574
AGA,0.14850954808662983
AGC,1.3983090998516559
AGG,0.29169632702924503
AGU,1.7538172595257089
AUA,0.4425697377490773
AUC,0.4710879703525008
AUG,0.5228229659417906
AUU,0.2662880370035808
CAA,0.4635092335938898
CAC,0.534765330681739
CAG,3.4560256252896933
CAU,0.7860441593912249
CCA,0.31571275066406945
CCC,2.1999265167927837
CCG,1.8412568376002394
CCU,1.6245170524298858
CGA,0.5146130078752256
CGC,0.6326095094554919
CGG,2.03180082878348
CGU,0.38999501859372243
CUA,1.362907572566256
CUC,1.2100756750046857
CUG,1.4044668689839557
CUU,4.455469415396264
GAA,0.3040286460378007
GAC,0.2805480304061176
GAG,2.1707011559186467
GAU,0.508811227871825
GCA,0.32471423851687353
GCC,0.36839813082172806
GCG,0.7424210024489976
GCU,0.2558468035408437
GGA,1.0213721142672245
GGC,0.17002620527033846
GGG,1.3629881664001462
GGU,0.3857336583270443
GUA,0.40458665803497823
GUC,0.5106304164155565
GUG,2.06718456193436
GUU,0.2708014256790505
UAC,0.3705939348001875
UAU,0.607611693872949
UCA,0.37449973086514504
UCC,0.5344826168813408
UCG,2.309380775909784
UCU,0.2449435965367216
UGC,0.5132143915521271
UGG,0.303410172450722
UGU,0.7708565250227759
UUA,0.519698111790544
UUC,0.29990765036063843
UUG,0.1939190299343449
UUU,0.5299272181551853
