codon,average_decoding_time
AAA,0.4595324604947999
AAC,0.32600579817108744
AAG,0.23062509509235024
AAU,0.5580653281495576
ACA,0.3512716968224806
ACC,0.38340866141131724
ACG,0.6661366285170826
ACU,0.22855180646114703
AGA,0.14794005264261706
AGC,1.3876867101686683
AGG,1.8027301012926942
AGU,1.7455466478747055
AUA,0.44456460146249777
AUC,0.4725912666146101
AUG,0.5210954021670544
AUU,0.2791614972309672
CAA,0.4650556290988726
CAC,0.5336549858807319
CAG,0.643327424885373
CAU,0.789926635399696
CCA,0.31517721237647417
CCC,2.197223768913172
CCG,0.5076686515055118
CCU,1.7965058852785034
CGA,0.5076003783438952
CGC,0.629371041924183
CGG,2.198945551884255
CGU,0.39337370208953654
CUA,1.3669361118491579
CUC,1.215501915283424
CUG,1.3949359693958776
CUU,1.2914300582937932
GAA,0.27326080458191115
GAC,0.27905279894607293
GAG,0.43507571620502816
GAU,0.5073151223620449
GCA,0.3214840315308309
GCC,0.3490373022000818
GCG,0.7096275900948509
GCU,0.20813774697735712
GGA,0.83237340383996
GGC,0.14900146718403376
GGG,0.6326503613421182
GGU,0.361868589602251
GUA,0.3255383346272093
GUC,0.43193836697264815
GUG,1.759143050229291
GUU,0.21305418660844797
UAC,0.5336795983582426
UAU,0.7928086293262187
UCA,0.37916940278742134
UCC,0.5443240251535386
UCG,0.7910518414010743
UCU,0.30965564513167615
UGC,0.7072537120129404
UGG,0.3534202113086652
UGU,0.9817201469238956
UUA,0.5786308942984524
UUC,0.34083140695156705
UUG,0.25433803060668814
UUU,0.575700651869733
