codon,average_decoding_time
AAA,0.45937084050614435
AAC,0.32756795618097717
AAG,0.22872407612744733
AAU,0.5606762017293752
ACA,0.3515117180564222
ACC,0.3817753356090617
ACG,0.579421164706042
ACU,0.2299654519800744
AGA,0.14810902201243875
AGC,1.392851621904581
AGG,1.6230447679789297
AGU,1.7456559762815633
AUA,0.44251209985478507
AUC,0.46923140375934286
AUG,0.5207991811774955
AUU,0.2783450784410855
CAA,0.46284033691930315
CAC,0.5327646642638236
CAG,0.6436878658937063
CAU,0.7910480894279257
CCA,0.3167936418558519
CCC,2.1985610618251505
CCG,1.8346492647141337
CCU,1.7895390899590875
CGA,0.5131486306264151
CGC,0.6321895456664091
CGG,2.0384439062933173
CGU,0.3935777899271751
CUA,1.370428323746917
CUC,1.2093384207048827
CUG,1.400597327418648
CUU,1.2896480798573835
GAA,0.3035328904595759
GAC,0.27933258311436127
GAG,0.46500742900706304
GAU,0.5076622968355436
GCA,0.3263520198948302
GCC,0.36882629543184825
GCG,0.7440914874544794
GCU,0.22655676997648025
GGA,1.024200969456384
GGC,0.17058163580617608
GGG,1.3666454126944472
GGU,0.38598732198592783
GUA,0.40475344492120013
GUC,0.5141304057161943
GUG,2.0778341281213417
GUU,0.2840870373492199
UAC,0.5306390790175352
UAU,0.7891937307945575
UCA,0.3778826380958779
UCC,0.5426292225488833
UCG,2.924148139370246
UCU,0.31149233198877774
UGC,0.7041782138970557
UGG,0.32372739486665253
UGU,0.9814664980463902
UUA,0.5764485805879664
UUC,0.34301163547773816
UUG,0.2522974856008736
UUU,0.5762205313509983
