codon,average_decoding_time
AAA,0.46040692628568797
AAC,0.32828897511643373
AAG,0.23015170013153965
AAU,0.5593124311999598
ACA,0.3479206918139748
ACC,0.38195894900419647
ACG,0.6849672542399016
ACU,0.22235046596300825
AGA,0.14872415506640355
AGC,1.395245073712389
AGG,1.801678513021816
AGU,1.7402587421862192
AUA,0.44540121729298726
AUC,0.47084309920216694
AUG,0.5194956705500531
AUU,0.2654180814197305
CAA,0.46432508825361524
CAC,0.5327443762301116
CAG,0.6439762169933092
CAU,0.789192539350027
CCA,0.3167775707825225
CCC,2.1844583926295127
CCG,0.45007909634230947
CCU,1.625723863467926
CGA,0.5082525906408022
CGC,0.6359382465664721
CGG,2.196786532493044
CGU,0.392385061144751
CUA,1.377524861907134
CUC,1.203502704260923
CUG,1.3911710832431126
CUU,4.4307507166408255
GAA,0.30215374380297827
GAC,0.28053695323573985
GAG,0.46505704960978256
GAU,0.5059391790859425
GCA,0.32602926496285517
GCC,0.36953267902247405
GCG,0.8482587686044833
GCU,0.2562348793872092
GGA,1.0240577189686177
GGC,0.17057806256970917
GGG,0.6827311196483112
GGU,0.3869528534468901
GUA,0.4049281664546588
GUC,0.5154933059148908
GUG,2.0829540091017016
GUU,0.2717631992640008
UAC,0.3717613182137378
UAU,0.6072629416740948
UCA,0.37341007703941764
UCC,0.5370264748297872
UCG,0.646489755294252
UCU,0.24500705098614994
UGC,0.5141302027300069
UGG,0.2142285063957741
UGU,0.765537280931077
UUA,0.5201915041996096
UUC,0.3018016220745978
UUG,0.1942262342016178
UUU,0.5312741957706766
