codon,average_decoding_time
AAA,0.4603366321402292
AAC,0.32645611417238646
AAG,0.22981699607271822
AAU,0.5576678828780546
ACA,0.35134004211586917
ACC,0.3829556500524647
ACG,0.6623506883211144
ACU,0.2315238268042262
AGA,0.14815639522900798
AGC,1.3912687986746985
AGG,0.3057570455110843
AGU,1.7525731881872728
AUA,0.4426514430744324
AUC,0.47149074191414975
AUG,0.5524436429884834
AUU,0.27829461759942603
CAA,0.46286233912600844
CAC,0.5313429923695807
CAG,0.6448605202362162
CAU,0.7892860681662556
CCA,0.31591074101687805
CCC,2.196001771491112
CCG,0.5072061343439124
CCU,1.7995010182660702
CGA,0.5107394981400938
CGC,0.6340434812638063
CGG,2.2072091957895563
CGU,0.39239870386841336
CUA,1.3728728901227556
CUC,1.2093585810784724
CUG,1.4701661593456756
CUU,1.2949398206273415
GAA,0.27134712357486923
GAC,0.2811208945634484
GAG,0.43397306762018734
GAU,0.5072235205793002
GCA,0.3233799334523404
GCC,0.34982379913785566
GCG,0.709136103414868
GCU,0.20792201960204196
GGA,0.8281820395224435
GGC,0.1486714446594316
GGG,0.6330741873755671
GGU,0.3619152411842129
GUA,0.32395339634265746
GUC,0.4315516254593438
GUG,0.8606937584380216
GUU,0.21299365376458693
UAC,0.5323683640668799
UAU,0.7934603691475347
UCA,0.3767431460261437
UCC,0.538596016215348
UCG,0.7866162550827038
UCU,0.3093216824817536
UGC,0.704076879724747
UGG,0.35276951107870713
UGU,0.9784733159441708
UUA,0.5766875171673181
UUC,0.3434471138520957
UUG,0.2653537761474035
UUU,0.5768902712652995
