codon,average_decoding_time
AAA,0.46203020718434373
AAC,0.32718267129970313
AAG,0.230253638273447
AAU,0.561031882132288
ACA,0.3498738194088998
ACC,0.3811677961303389
ACG,0.5796287704077863
ACU,0.22970726325671625
AGA,0.14858032992468667
AGC,1.3933068694226554
AGG,1.628091103436911
AGU,1.7442804232769247
AUA,0.4424839184536289
AUC,0.470819253151592
AUG,0.5206203092637918
AUU,0.27769075681736066
CAA,0.4666591189238156
CAC,0.5314371805521673
CAG,0.6482548960185568
CAU,0.7888707678199722
CCA,0.3157914629895644
CCC,2.188874908027819
CCG,1.8506109241561246
CCU,1.8063363800575927
CGA,0.5097273123972457
CGC,0.6327376298718217
CGG,2.0365454886504226
CGU,0.39420761450520125
CUA,1.3790897372559754
CUC,1.2046085855657227
CUG,1.398717910782648
CUU,1.2853075180403188
GAA,0.3036475890534553
GAC,0.2808190068594928
GAG,0.4664046775472213
GAU,0.5051245022437302
GCA,0.32792928281104655
GCC,0.3704997313340409
GCG,0.7453138071370803
GCU,0.22547746192428458
GGA,1.025118100790106
GGC,0.17103733026095994
GGG,1.3600536433537764
GGU,0.38626109687336274
GUA,0.4068221509438076
GUC,0.5122976732891842
GUG,2.0800935938040985
GUU,0.2845642992903506
UAC,0.5314030204303812
UAU,0.7936689661791365
UCA,0.37831500970306603
UCC,0.5423328414941073
UCG,2.9123177368679443
UCU,0.30972181366076906
UGC,0.7072214315861346
UGG,0.3237395442916686
UGU,0.98023323583216
UUA,0.5795079176111886
UUC,0.34298849194058634
UUG,0.30784115007130836
UUU,0.5797249677849037
