codon,average_decoding_time
AAA,0.45747569691538637
AAC,0.32475836366562383
AAG,0.23053624233606576
AAU,0.5586718042633374
ACA,0.34937717569338805
ACC,0.38443770133027966
ACG,0.5781487429852925
ACU,0.2292325940107341
AGA,0.1481746549845381
AGC,1.3895343083212173
AGG,1.6356794069232332
AGU,1.7527315029062662
AUA,0.4433344131227312
AUC,0.4711117528198419
AUG,0.5217640237171697
AUU,0.27903398840968874
CAA,0.46382649688510597
CAC,0.5301965153703513
CAG,0.6439025930483543
CAU,0.7922035439369388
CCA,0.31730290228298175
CCC,2.1977052447654017
CCG,1.8461704847566491
CCU,1.7912554047434615
CGA,0.5105032747804702
CGC,0.6342870885795138
CGG,2.02850396077671
CGU,0.3921489991303294
CUA,1.3732776762827954
CUC,1.210976688834237
CUG,1.4057309501480804
CUU,1.2872199376988103
GAA,0.3036083912800585
GAC,0.2775180425141021
GAG,0.46444530632405157
GAU,0.5079898701986053
GCA,0.32689039715775076
GCC,0.36867289915852314
GCG,0.7463565421124012
GCU,0.22436962523656825
GGA,1.0253405360877907
GGC,0.17116791096570164
GGG,1.3672447787870594
GGU,0.3862385690848686
GUA,0.4046063455858762
GUC,0.511220791841552
GUG,2.0665580106174857
GUU,0.28454893409486465
UAC,0.5329958469588485
UAU,0.7878412105418011
UCA,0.37873226934056786
UCC,0.5409711053277863
UCG,2.9232495516546506
UCU,0.3103512550152726
UGC,0.7087762009682738
UGG,0.3243169606106516
UGU,0.9784033179706706
UUA,0.5776127089663741
UUC,0.34288495757622905
UUG,0.30697980699533195
UUU,0.577418890239147
