codon,average_decoding_time
AAA,0.45886260522544353
AAC,0.328241663644439
AAG,0.23043445687131403
AAU,0.5607947942581499
ACA,0.3509291442887543
ACC,0.38160403017353356
ACG,0.6872451242308029
ACU,0.22371642270222455
AGA,0.14802951215747254
AGC,1.3832454088072796
AGG,1.7956207724111204
AGU,1.7376016418886733
AUA,0.4457148431760643
AUC,0.47154904812949183
AUG,0.554566819119311
AUU,0.2643725022094383
CAA,0.4632903232700443
CAC,0.5320031735258974
CAG,0.646542809309296
CAU,0.791289315614072
CCA,0.31618504188857727
CCC,2.2007489697954328
CCG,0.4492965728165381
CCU,1.6163777087472784
CGA,0.5107944784601435
CGC,0.6311250452774544
CGG,2.197889474312416
CGU,0.39518514548699585
CUA,1.3711569915390134
CUC,1.2028488362994159
CUG,1.4666497263545957
CUU,4.430361293978048
GAA,0.3043108334725562
GAC,0.28021314765610555
GAG,0.46269042546112704
GAU,0.5095721353223477
GCA,0.3278202140660818
GCC,0.3688056913066705
GCG,0.8500849224840891
GCU,0.2577077786336386
GGA,1.0257095831285457
GGC,0.17059869722277418
GGG,0.6835727728878391
GGU,0.38655522331053843
GUA,0.4076058926768117
GUC,0.5137450373898487
GUG,0.9977765588398553
GUU,0.2735349151626634
UAC,0.3707036346956169
UAU,0.6065210144960054
UCA,0.374500667003526
UCC,0.535077753346413
UCG,0.6500857608785965
UCU,0.24578963163193418
UGC,0.5140678418292279
UGG,0.21325406854738216
UGU,0.7673095619362245
UUA,0.5175535455621193
UUC,0.30022282631598807
UUG,0.24106938600554623
UUU,0.5298337601279528
