codon,average_decoding_time
AAA,0.45945804260705786
AAC,0.3249196018844236
AAG,0.23003861074053236
AAU,0.5606696357945714
ACA,0.34926228908316553
ACC,0.3818448095919345
ACG,0.579323135930893
ACU,0.2245154814120907
AGA,0.1485848649555516
AGC,1.3947732997150466
AGG,1.63822456650781
AGU,1.744896404514932
AUA,0.44154133800291756
AUC,0.4730052612642452
AUG,0.5231209940182874
AUU,0.2653214275855542
CAA,0.4616944917916328
CAC,0.5311315475577929
CAG,0.6448683034434177
CAU,0.784750254079035
CCA,0.31756633175239857
CCC,2.1956284353451023
CCG,1.8481682958333598
CCU,1.6262595193539318
CGA,0.5102827138812637
CGC,0.6329928459228813
CGG,2.0319627125761426
CGU,0.3924355107835339
CUA,1.373316020718984
CUC,1.2038521942579226
CUG,1.4080825601620353
CUU,4.434670356911229
GAA,0.30335959648567207
GAC,0.27910998498725015
GAG,0.46677785735541444
GAU,0.5067518974383652
GCA,0.3262389950595075
GCC,0.3698497346461913
GCG,0.743775684446914
GCU,0.2567975052450172
GGA,1.0250789661581257
GGC,0.17158645581246318
GGG,1.3626430139910866
GGU,0.38836331538334257
GUA,0.4047243411039914
GUC,0.5128187823842686
GUG,2.0700828881580815
GUU,0.27150491947939925
UAC,0.3687645235036789
UAU,0.6068371957896375
UCA,0.37402283730850017
UCC,0.5354345754937105
UCG,2.30644358539167
UCU,0.24643986836168827
UGC,0.5165952778510665
UGG,0.18428630681961555
UGU,0.772235254246707
UUA,0.5218058867787175
UUC,0.3001660047348903
UUG,0.1941660412472004
UUU,0.5303208569786738
