codon,average_decoding_time
AAA,0.45936274677884736
AAC,0.32639229737673425
AAG,0.22914399180989753
AAU,0.5617264161697914
ACA,0.349075456809966
ACC,0.38102185628536706
ACG,0.6852690826022136
ACU,0.2300146838602594
AGA,0.14877096897750594
AGC,1.3896812456309797
AGG,1.7923888598634266
AGU,1.7529384608778038
AUA,0.4430604246431742
AUC,0.4718241237115601
AUG,0.5225662057344279
AUU,0.2771864353294673
CAA,0.4640353904022274
CAC,0.5328015064122913
CAG,0.6434445477274894
CAU,0.7891921524266124
CCA,0.3173106235762475
CCC,2.1874020764586835
CCG,0.45081517140958627
CCU,1.7985167901454007
CGA,0.5123763655599443
CGC,0.6328688159000703
CGG,2.1911897409142904
CGU,0.3905210194958569
CUA,1.3678766146885273
CUC,1.2105046746713373
CUG,1.40381267966958
CUU,1.2889818736104992
GAA,0.3038896025267498
GAC,0.27987631194850326
GAG,0.4638027119980522
GAU,0.5083698619781603
GCA,0.32517708730191264
GCC,0.36957303824785764
GCG,0.8557813952536255
GCU,0.22716051304485563
GGA,1.0269453287099672
GGC,0.1714877887942755
GGG,0.6838957204200952
GGU,0.38657101215623535
GUA,0.4044651771032944
GUC,0.5121680970947582
GUG,2.0891442773442086
GUU,0.2859846422239816
UAC,0.5375421354637168
UAU,0.7880202679290479
UCA,0.3772258765284826
UCC,0.5406204201901603
UCG,0.7883693517029117
UCU,0.30992461838018165
UGC,0.7053916162285001
UGG,0.3530146768989342
UGU,0.9867313193206463
UUA,0.5780692547821712
UUC,0.3417069122210281
UUG,0.311140133573462
UUU,0.5771328387548695
