codon,average_decoding_time
AAA,0.4609592230468649
AAC,0.32621915045563143
AAG,0.22877335665639123
AAU,0.5594698261342386
ACA,0.3516492323912953
ACC,0.3823814601277652
ACG,0.6859109316909952
ACU,0.2287842642878096
AGA,0.1478111229234022
AGC,1.39636765044826
AGG,0.30769999834600437
AGU,1.7460232679984786
AUA,0.44440613112427263
AUC,0.47315389905754973
AUG,0.5194843113175144
AUU,0.2779169991698959
CAA,0.4649899653402627
CAC,0.5327299266691465
CAG,0.6464760783471216
CAU,0.7914579582176426
CCA,0.3176207251776557
CCC,2.1938552349944898
CCG,0.4459467687319275
CCU,1.7887766014502393
CGA,0.5111437864166141
CGC,0.6343807549081174
CGG,2.195322161282928
CGU,0.39302295202405835
CUA,1.3694513955718728
CUC,1.2078111379161454
CUG,1.3966376959656117
CUU,1.2837073535625063
GAA,0.30402382908609
GAC,0.2798324352849833
GAG,0.46485840900852266
GAU,0.5072748857387487
GCA,0.3275487406596341
GCC,0.3704911262665056
GCG,0.8530152397120456
GCU,0.22650987991747315
GGA,1.0219421447084553
GGC,0.17151001934736973
GGG,0.6863044102410768
GGU,0.3856712362454757
GUA,0.4069808468418337
GUC,0.5147462780687111
GUG,2.0826232676299745
GUU,0.2849447982988663
UAC,0.5342765781890858
UAU,0.7897938796943564
UCA,0.377576982361735
UCC,0.5396019190011787
UCG,0.7901337778508835
UCU,0.30968385845399776
UGC,0.7074474629948464
UGG,0.3537995380874791
UGU,0.9814353592552204
UUA,0.577784195497614
UUC,0.3447989561434249
UUG,0.25346703835345413
UUU,0.5777456555072001
