codon,average_decoding_time
AAA,0.4609661391560836
AAC,0.32709278164003847
AAG,0.16191776681364295
AAU,0.5593999180017365
ACA,0.3494448522565466
ACC,0.38281018948152945
ACG,0.6838692292910847
ACU,0.22439908241226833
AGA,0.14890283340640972
AGC,1.3919615041870592
AGG,1.8002771463074303
AGU,1.7424963779183773
AUA,0.4436710154907551
AUC,0.47226677473335377
AUG,0.5522354037957565
AUU,0.2650225119803559
CAA,0.4640858154265179
CAC,0.5317782488998569
CAG,3.4616866153621433
CAU,0.7859806864220169
CCA,0.3166239972655926
CCC,2.1898636304133765
CCG,0.44945930609211476
CCU,1.6216642279216062
CGA,0.5107101086568921
CGC,0.6344700246996101
CGG,2.208863393061729
CGU,0.39295990736125314
CUA,1.369787674314364
CUC,1.2073627564568843
CUG,1.4662183258707062
CUU,4.434684936754541
GAA,0.30446827047925695
GAC,0.27955356181918267
GAG,2.1678416948927577
GAU,0.5101502449280295
GCA,0.32733749016378
GCC,0.3693081606511121
GCG,0.8548021009118048
GCU,0.2546781541048851
GGA,1.023463980077587
GGC,0.17143817448182708
GGG,0.6843717643768709
GGU,0.3861745156930374
GUA,0.40576887972938436
GUC,0.5121161076958738
GUG,0.9975277980021978
GUU,0.2722984085696423
UAC,0.36917765386750034
UAU,0.606080410654821
UCA,0.37430281745922905
UCC,0.5357851677153184
UCG,0.6470434701877918
UCU,0.24728607830393648
UGC,0.5150514439280732
UGG,0.21473547532154338
UGU,0.7627895385046559
UUA,0.5199768388641545
UUC,0.29996639480070003
UUG,0.2423358068155236
UUU,0.5298214298962066
