codon,average_decoding_time
AAA,0.4624495252406277
AAC,0.3244389716976529
AAG,0.22858120147706776
AAU,0.5609713352607169
ACA,0.34969569831412534
ACC,0.3829821804346476
ACG,0.6848728157363353
ACU,0.22914025627124193
AGA,0.14760037685785507
AGC,1.3914596267539983
AGG,0.30761271146906727
AGU,1.7489388124106682
AUA,0.44403222650502727
AUC,0.470824187926855
AUG,0.5504692158740904
AUU,0.28033687791217987
CAA,0.4653444913373606
CAC,0.5325016463723996
CAG,0.6454344980144341
CAU,0.791269669455306
CCA,0.31597716078673993
CCC,2.168895232687599
CCG,0.4496675322340595
CCU,1.7961812215477455
CGA,0.5095556804530953
CGC,0.6312367793094921
CGG,2.202114635721126
CGU,0.39258638831556425
CUA,1.363180169366069
CUC,1.2071988192571463
CUG,1.4703403549604779
CUU,1.289292349111139
GAA,0.30152992598852546
GAC,0.278520911031471
GAG,0.4651695710869699
GAU,0.5090689003351857
GCA,0.32599839136023395
GCC,0.3700763200375969
GCG,0.8552828632454884
GCU,0.22576703683421145
GGA,1.0225272644525933
GGC,0.17083696159700168
GGG,0.6846055899569622
GGU,0.38687670453880646
GUA,0.40623204303809585
GUC,0.5135844893437675
GUG,0.9933660799072862
GUU,0.28506838714473554
UAC,0.5334688550126596
UAU,0.7955175796798668
UCA,0.37792451302699215
UCC,0.541711624181735
UCG,0.7923115005193517
UCU,0.310253934088774
UGC,0.7031126481811459
UGG,0.3533617810782423
UGU,0.9840103153764514
UUA,0.576972303005863
UUC,0.34194348243753725
UUG,0.3274967116738806
UUU,0.5780852041034584
