codon,average_decoding_time
AAA,0.4590286603858775
AAC,0.3276433258176024
AAG,0.23023660515500408
AAU,0.5626280672141647
ACA,0.3508991106600182
ACC,0.38157367762830924
ACG,0.5794262465337716
ACU,0.22379949610718833
AGA,0.14774929171757092
AGC,1.3952159159862425
AGG,1.6385457525803562
AGU,1.7414496247478681
AUA,0.4438558666939506
AUC,0.46970584933553566
AUG,0.5218848157625449
AUU,0.2655785818626841
CAA,0.46131077202946436
CAC,0.5326554126340027
CAG,0.6456152200573251
CAU,0.7919115902916477
CCA,0.31629442796562995
CCC,2.1974521945616226
CCG,1.8511409709987452
CCU,1.6268351340272775
CGA,0.5116218719513558
CGC,0.6315484154897073
CGG,2.0175072217270835
CGU,0.3941800881753666
CUA,1.3669280377934248
CUC,1.2083549159105016
CUG,1.3978779856179486
CUU,4.433944719098308
GAA,0.30424529548756163
GAC,0.2788629943269194
GAG,0.46621064850075605
GAU,0.5094336696107662
GCA,0.32546709391233575
GCC,0.3689590317096874
GCG,0.7413759397267886
GCU,0.2558115590212565
GGA,1.02435651945622
GGC,0.17097080455174452
GGG,1.3652120827609158
GGU,0.3867767870483278
GUA,0.4038537402582904
GUC,0.5123981645718899
GUG,2.084629300260195
GUU,0.2729843680123495
UAC,0.3701972610221234
UAU,0.6084377044567804
UCA,0.3724355713976951
UCC,0.5333112402851543
UCG,2.305767271522798
UCU,0.2444733157637293
UGC,0.5172363675825983
UGG,0.1848977265886141
UGU,0.7696185990248738
UUA,0.5192675610984623
UUC,0.29950970554517836
UUG,0.2131119900271409
UUU,0.5286169515829849
