codon,average_decoding_time
AAA,0.4612163109199492
AAC,0.3261796965249145
AAG,0.22868586468293714
AAU,0.5621754193588259
ACA,0.350711796270899
ACC,0.3818374474365089
ACG,0.5778417820621095
ACU,0.22963024153349568
AGA,0.14902486200589043
AGC,1.3872591768821376
AGG,0.29317562514629475
AGU,1.7383882579033325
AUA,0.4445870612841672
AUC,0.46987489958993806
AUG,0.5207959468609402
AUU,0.27701605147311775
CAA,0.46251229750117023
CAC,0.5322195278040827
CAG,0.6455722789497771
CAU,0.791309489714505
CCA,0.3168680130264344
CCC,2.191474024696295
CCG,1.8449320294057743
CCU,1.7890180104466908
CGA,0.510651801940636
CGC,0.6334525535708125
CGG,2.01308826538406
CGU,0.39431837166685635
CUA,1.3723722846337267
CUC,1.205743081188891
CUG,1.3989586257941895
CUU,1.2949576266694476
GAA,0.30479501092581646
GAC,0.28089486139340714
GAG,0.465287103518116
GAU,0.5077006922974022
GCA,0.32528387491427746
GCC,0.3707470121457878
GCG,0.7444937654491689
GCU,0.2255557185322935
GGA,1.024597474265105
GGC,0.1711408384391218
GGG,1.366005750502539
GGU,0.3865651655092581
GUA,0.4053456682406996
GUC,0.5118336673904411
GUG,2.0731680162234323
GUU,0.28590448913775757
UAC,0.5327730421463253
UAU,0.7901845500656806
UCA,0.37878737879273416
UCC,0.5386706518147627
UCG,2.907946348588239
UCU,0.3097602290887652
UGC,0.7048818094683678
UGG,0.3251298194398062
UGU,0.9820060178242209
UUA,0.5772011554789271
UUC,0.34301511986903793
UUG,0.30920564432709574
UUU,0.578623042789357
