codon,average_decoding_time
AAA,0.4583961761979048
AAC,0.3261007023143863
AAG,0.23085296578675482
AAU,0.5559638293651193
ACA,0.34961090921196936
ACC,0.3820322266605235
ACG,0.5786414434572282
ACU,0.2243084534813575
AGA,0.14849875853978023
AGC,1.391968990565325
AGG,1.6373546683859224
AGU,1.7457565841004419
AUA,0.44428054476032636
AUC,0.4698523735489702
AUG,0.5198579537355796
AUU,0.26591927215347705
CAA,0.4637887013136811
CAC,0.5305130069176065
CAG,0.6462477521101545
CAU,0.7899978440597459
CCA,0.31709245736697367
CCC,2.182127970529732
CCG,1.839998772829035
CCU,1.6252018545582088
CGA,0.5111610344300908
CGC,0.6331835334816859
CGG,2.0229796668173896
CGU,0.3937874557437736
CUA,1.3723675699842752
CUC,1.2005170574437107
CUG,1.393067089245728
CUU,4.441024309851548
GAA,0.3053472879128545
GAC,0.28086720084474776
GAG,0.4652963755422181
GAU,0.5060891429645834
GCA,0.32658645397028574
GCC,0.3680603637859444
GCG,0.7425057042502864
GCU,0.255498023790146
GGA,1.0246083745484948
GGC,0.17089407831658127
GGG,1.3679487711635974
GGU,0.38729070711641306
GUA,0.40436449396888063
GUC,0.5119065945119354
GUG,2.0655015011741504
GUU,0.2725910139871561
UAC,0.37118872056741614
UAU,0.6110511150081674
UCA,0.3744086166614298
UCC,0.5382965925946287
UCG,2.318538294090255
UCU,0.24798563373035343
UGC,0.5161555292016561
UGG,0.18501285229023165
UGU,0.7680451480796321
UUA,0.5209469196939077
UUC,0.30055385176480226
UUG,0.22634069044275623
UUU,0.529484687262676
