codon,average_decoding_time
AAA,0.45690484599636416
AAC,0.32704016144286496
AAG,0.16109587838993059
AAU,0.5585271347008174
ACA,0.34927486308609673
ACC,0.3812626872306378
ACG,0.6891417129808708
ACU,0.22941168107972534
AGA,0.1474937724192987
AGC,1.3986036189958122
AGG,1.8013812697696203
AGU,1.7497989864316896
AUA,0.4447145676098769
AUC,0.47166849033617936
AUG,0.5207869842390835
AUU,0.2781541759699309
CAA,0.4652338144411969
CAC,0.5334205983124114
CAG,3.453939322757731
CAU,0.7878587614777471
CCA,0.316633685495869
CCC,2.212295865885437
CCG,0.4495896457516384
CCU,1.7936744917583096
CGA,0.5098682181732473
CGC,0.6333069376548135
CGG,2.2105422916883932
CGU,0.3933819372087163
CUA,1.3620895923650909
CUC,1.2057002399130807
CUG,1.393193276707015
CUU,1.2863794609494092
GAA,0.3035162406540167
GAC,0.27980201141964206
GAG,2.153461815198419
GAU,0.5067820289612092
GCA,0.32572617697622974
GCC,0.36966759610716843
GCG,0.8545355793956817
GCU,0.22523782513061338
GGA,1.0182180231284155
GGC,0.17051043696632198
GGG,0.6834082842481036
GGU,0.3864728953061457
GUA,0.40428367515889846
GUC,0.5130893862841308
GUG,2.067980860746537
GUU,0.28600328701298794
UAC,0.5322399653302932
UAU,0.7926418566242353
UCA,0.37758203076345614
UCC,0.543639940320896
UCG,0.7886782364927051
UCU,0.3107507174543021
UGC,0.705221658050619
UGG,0.3529031032107794
UGU,0.981271830978835
UUA,0.5794527100292914
UUC,0.3422382626111938
UUG,0.30929240306405564
UUU,0.5770114175301534
