codon,average_decoding_time
AAA,0.46009850184597584
AAC,0.3260452005876116
AAG,0.16120896345505092
AAU,0.560914009172604
ACA,0.3503788275564184
ACC,0.38020487967556305
ACG,0.5788212322369279
ACU,0.23000541640026106
AGA,0.14752351309474235
AGC,1.3970543967968376
AGG,1.627499827141608
AGU,1.7541082791635583
AUA,0.44418763350670337
AUC,0.4714868502183747
AUG,0.519338293356014
AUU,0.2772900014166536
CAA,0.4640543499609336
CAC,0.5338118841262184
CAG,3.479807295937016
CAU,0.7898504460909234
CCA,0.31570848747234087
CCC,2.1914737974684075
CCG,1.836217980120782
CCU,1.792188307902644
CGA,0.5091384385547245
CGC,0.6315697661227876
CGG,2.036357349449696
CGU,0.3934624607558833
CUA,1.3673406766418128
CUC,1.2009060953463309
CUG,1.3963306402626898
CUU,1.2858861430214916
GAA,0.303268218972936
GAC,0.27969734650569356
GAG,2.155703946554886
GAU,0.5078080490848244
GCA,0.3258800414337336
GCC,0.3693371564813155
GCG,0.7443950982006878
GCU,0.2256251256375895
GGA,1.020709255141094
GGC,0.171658069941822
GGG,1.3623733906092375
GGU,0.3854017088003272
GUA,0.4045401403061137
GUC,0.5125651000284622
GUG,2.0813608971872135
GUU,0.2849364117578659
UAC,0.5327323336131524
UAU,0.7919410890294718
UCA,0.3749205603152309
UCC,0.5421340538981639
UCG,2.921190765068469
UCU,0.30982946240911546
UGC,0.7060059578460727
UGG,0.3235519508046521
UGU,0.9821842060464803
UUA,0.5763918970911646
UUC,0.3423889152446987
UUG,0.3096397972707255
UUU,0.577759538420154
