codon,average_decoding_time
AAA,0.4584890436999368
AAC,0.32667592249322175
AAG,0.1617538281632023
AAU,0.5604143004524853
ACA,0.35138315746219806
ACC,0.38111687673038946
ACG,0.6645091008794161
ACU,0.22439230532448917
AGA,0.14789809766787115
AGC,1.3942770494833039
AGG,0.30736203879449514
AGU,1.7486974489213873
AUA,0.4432038159177904
AUC,0.4693259315123997
AUG,0.5212417870956796
AUU,0.26519646817242004
CAA,0.46611189611084786
CAC,0.5331491982409906
CAG,3.4689388343057326
CAU,0.7904527427933371
CCA,0.3164510257322485
CCC,2.200809229067194
CCG,0.5040370390469439
CCU,1.622540124771503
CGA,0.5124595037954733
CGC,0.6322970011448045
CGG,2.214740104352927
CGU,0.3922219261817743
CUA,1.3790809560978192
CUC,1.2132093977085847
CUG,1.3996480537071643
CUU,4.436154308152626
GAA,0.2716969674083717
GAC,0.2801303348931728
GAG,1.9295274553454411
GAU,0.507081786457262
GCA,0.32357876201642577
GCC,0.3492381027245718
GCG,0.7132049938330602
GCU,0.23006598598846428
GGA,0.8303420085243386
GGC,0.14917701124495839
GGG,0.6279603898977697
GGU,0.3614174807288542
GUA,0.32442917846159003
GUC,0.43251803622987084
GUG,1.7615327956861968
GUU,0.19997569475966095
UAC,0.3681732843383838
UAU,0.6080694087867594
UCA,0.37230136777876405
UCC,0.5353337877960838
UCG,0.6465887593607603
UCU,0.2451375700573276
UGC,0.5118850984252061
UGG,0.33382292400747826
UGU,0.767221148968918
UUA,0.5210707514641035
UUC,0.30058847197533545
UUG,0.19421112808248778
UUU,0.5286005791434347
