codon,average_decoding_time
AAA,0.45807490734944034
AAC,0.3271858852284681
AAG,0.16126163727698653
AAU,0.5615353344858758
ACA,0.3497318756402809
ACC,0.38365784081929327
ACG,0.6658414490922835
ACU,0.22349601867816138
AGA,0.14791486208447022
AGC,1.3961105315196858
AGG,1.8066290096589743
AGU,1.7427605227955312
AUA,0.4437224979580777
AUC,0.4703140019009636
AUG,0.5196775053624756
AUU,0.26546213189916157
CAA,0.4640904250062028
CAC,0.5340932295368783
CAG,3.445204225267216
CAU,0.787809322405406
CCA,0.31739141578854674
CCC,2.1925676317783416
CCG,0.5065343760345623
CCU,1.6304686800164037
CGA,0.5082802462195121
CGC,0.6337890706940223
CGG,2.200298257339857
CGU,0.3950693999503085
CUA,1.3673598131408502
CUC,1.2055469925008766
CUG,1.3966029601040337
CUU,4.418301086824961
GAA,0.2733458341711
GAC,0.2809603657889637
GAG,1.93982775234902
GAU,0.5067566124250505
GCA,0.32299914753925235
GCC,0.3486473198593063
GCG,0.7129370416948579
GCU,0.22945968738578823
GGA,0.8346296638692666
GGC,0.14837074075370701
GGG,0.6342651451474486
GGU,0.36259015932674427
GUA,0.3250733226351322
GUC,0.4323631487251686
GUG,1.5655484671780158
GUU,0.19964573263649948
UAC,0.37015147756792294
UAU,0.605361084906989
UCA,0.3733494650028014
UCC,0.5351583868677241
UCG,0.6460122651664778
UCU,0.24485258561261974
UGC,0.5122437126273223
UGG,0.21398497586393767
UGU,0.766992090002832
UUA,0.5191500456665644
UUC,0.2998981724850335
UUG,0.22497028426987495
UUU,0.5280669679923572
