codon,average_decoding_time
AAA,0.45918164962043656
AAC,0.32688377826893533
AAG,0.22969437952572636
AAU,0.5582019540762421
ACA,0.3507927540934447
ACC,0.38283845100516434
ACG,0.6676102098641467
ACU,0.2238718740572116
AGA,0.14784559784830356
AGC,1.3973953850890588
AGG,0.30713072975691297
AGU,1.7420241992443721
AUA,0.4439474011020812
AUC,0.47077004930022776
AUG,0.5510087457347019
AUU,0.26632757191010803
CAA,0.46658143058486834
CAC,0.5332066761529792
CAG,0.6438813273909458
CAU,0.7912699337021225
CCA,0.31663340166550497
CCC,2.1907837530488816
CCG,0.5060491210714284
CCU,1.6285721889180984
CGA,0.5111474582557667
CGC,0.6303781345458392
CGG,2.210001824901574
CGU,0.3913486335333648
CUA,1.367252110787633
CUC,1.208611959632227
CUG,1.4677402042406482
CUU,4.453133356635456
GAA,0.27265616738826476
GAC,0.2800220995642254
GAG,0.4345366500445339
GAU,0.507030151351761
GCA,0.3215388582202819
GCC,0.35121539045491007
GCG,0.7108406085926556
GCU,0.22957117317406378
GGA,0.8285449372693678
GGC,0.14721971492763272
GGG,0.6308772277183047
GGU,0.36129193214688043
GUA,0.3247516017075479
GUC,0.43309947602829335
GUG,0.7726964418472518
GUU,0.1992658623917671
UAC,0.36842916799636116
UAU,0.6087591810211496
UCA,0.37391693137932447
UCC,0.5370492852768343
UCG,0.6494847133331146
UCU,0.2445387449711778
UGC,0.513378031571399
UGG,0.33508097125617764
UGU,0.7663652653434389
UUA,0.5195645570933635
UUC,0.3003450600649998
UUG,0.24243551804653424
UUU,0.5302252063205121
