codon,average_decoding_time
AAA,0.455712358709381
AAC,0.32675267415783243
AAG,0.16175078918188981
AAU,0.5613253357790557
ACA,0.34997345219511944
ACC,0.38215169586319686
ACG,0.5801068218897354
ACU,0.223564765945456
AGA,0.14779053441987777
AGC,1.3912918598155195
AGG,0.291980361925655
AGU,1.7388516650453145
AUA,0.44267190826602326
AUC,0.4699484654358626
AUG,0.5481378693133053
AUU,0.2677828422329087
CAA,0.463044490545666
CAC,0.5301375328200554
CAG,3.4348639638929184
CAU,0.7911192800694826
CCA,0.3175543458696124
CCC,2.182779446392585
CCG,1.8326835742040848
CCU,1.6178977577189737
CGA,0.5106783068230032
CGC,0.6303949921227882
CGG,2.028190671454811
CGU,0.39501494578163765
CUA,1.3677025701158299
CUC,1.2092928673782264
CUG,1.4651921668975876
CUU,4.428725774535602
GAA,0.30381842463282965
GAC,0.2780993689238123
GAG,2.1619041836214965
GAU,0.5091933489895589
GCA,0.3266628686919544
GCC,0.3701821899355761
GCG,0.7400693213036328
GCU,0.25558643316572366
GGA,1.0236106951410475
GGC,0.17235168030964695
GGG,1.3645045852028035
GGU,0.3867474359126527
GUA,0.4043576884562814
GUC,0.5133067511428573
GUG,0.999572147345196
GUU,0.2728310411464742
UAC,0.3682176754458721
UAU,0.6075294687464674
UCA,0.37421557263915145
UCC,0.5351596462127154
UCG,2.2919785600871125
UCU,0.24606545943044977
UGC,0.5127473904331056
UGG,0.3039429455150931
UGU,0.7662092170174011
UUA,0.5186674259017949
UUC,0.30007784240326485
UUG,0.24224406734266332
UUU,0.5268028019121147
