codon,average_decoding_time
AAA,0.4591970652572152
AAC,0.32745074471833946
AAG,0.23022496226883996
AAU,0.5595748443859887
ACA,0.3489758739574496
ACC,0.38240237667853494
ACG,0.6639932145343763
ACU,0.22980678006816152
AGA,0.1477747240235391
AGC,1.3953369998457523
AGG,1.8016762349303708
AGU,1.7486067175118378
AUA,0.4419340682140335
AUC,0.4711455173112148
AUG,0.5217910894506819
AUU,0.2766762803573272
CAA,0.46502639022171244
CAC,0.5338786379913941
CAG,0.6453418795263028
CAU,0.7869992714554738
CCA,0.31733543585662954
CCC,2.1889763872442765
CCG,0.5060365419999736
CCU,1.785518185051553
CGA,0.5104697120421993
CGC,0.6327628589941565
CGG,2.195312434090924
CGU,0.39408931509057404
CUA,1.3643473187728685
CUC,1.2105526607060058
CUG,1.3970464418069162
CUU,1.289711905291704
GAA,0.2711741091152285
GAC,0.27847548617704454
GAG,0.43621519462347436
GAU,0.5072463842389032
GCA,0.32334646876263423
GCC,0.35075536122249534
GCG,0.7116111283012546
GCU,0.20694831233172548
GGA,0.8330632337808791
GGC,0.14842930590655268
GGG,0.6308355787490756
GGU,0.36283780465253895
GUA,0.3242576899086823
GUC,0.4324709425434406
GUG,1.7642504303791302
GUU,0.21188719980290846
UAC,0.53509680224211
UAU,0.7896940431516153
UCA,0.3769150019920183
UCC,0.5417553907873405
UCG,0.7878755574249473
UCU,0.30958522019623974
UGC,0.7045940929433238
UGG,0.3529666522278711
UGU,0.9838377287720931
UUA,0.577023380270552
UUC,0.34273519944441616
UUG,0.2523168602676386
UUU,0.5769409563749911
