codon,average_decoding_time
AAA,0.46094548944688674
AAC,0.3266554762104066
AAG,0.16295807451910296
AAU,0.5610597469543002
ACA,0.35074086119437925
ACC,0.3813334521165572
ACG,0.5776925063239337
ACU,0.228485172617719
AGA,0.1475336950952385
AGC,1.3892912104047677
AGG,1.6397284926126001
AGU,1.7439047121758613
AUA,0.4445795744972142
AUC,0.4704386258442456
AUG,0.5213456753868467
AUU,0.2788149879384915
CAA,0.4654315534569288
CAC,0.5345013220281877
CAG,3.4719549287473956
CAU,0.7922482866717843
CCA,0.3157970119048403
CCC,2.1853182635873605
CCG,1.8423053471919015
CCU,1.7904469824956195
CGA,0.5078887078936074
CGC,0.635442583674668
CGG,2.026423681721669
CGU,0.3899771779496994
CUA,1.3735984802123418
CUC,1.2065243638592216
CUG,1.4048312482366423
CUU,1.2890217945259679
GAA,0.30340102092358684
GAC,0.2792201352864984
GAG,2.163459928277333
GAU,0.5075073750095204
GCA,0.32564373226603777
GCC,0.36974438410603333
GCG,0.7446715522039349
GCU,0.2257837468605982
GGA,1.0252858328925365
GGC,0.17215093300938483
GGG,1.3587133943377994
GGU,0.3850548560770967
GUA,0.40503251497733733
GUC,0.5129626006714094
GUG,2.072245489839669
GUU,0.28425844282166113
UAC,0.5334933842674667
UAU,0.7863688760358007
UCA,0.3777960807960004
UCC,0.5417381507943333
UCG,2.914399671145196
UCU,0.31231147370746715
UGC,0.7055419794394515
UGG,0.32317540100330905
UGU,0.9817029390567937
UUA,0.5788449141918296
UUC,0.34293479084650935
UUG,0.3080045847372531
UUU,0.5777895960601602
