codon,average_decoding_time
AAA,0.45791404841140715
AAC,0.32629451359652606
AAG,0.1609285251166324
AAU,0.5598072869552873
ACA,0.351067227511216
ACC,0.38246003393678707
ACG,0.5795501202125681
ACU,0.22324887357699807
AGA,0.14826155178893438
AGC,1.3942918570572007
AGG,0.29145193594500646
AGU,1.750440627735459
AUA,0.44538694215017816
AUC,0.47121513752913236
AUG,0.5197158806604978
AUU,0.265265928758917
CAA,0.4639047712614746
CAC,0.5327817229550378
CAG,3.452610872352516
CAU,0.7888836131270898
CCA,0.3204045836349773
CCC,2.1962675861961602
CCG,1.8479366726865876
CCU,1.629173771755697
CGA,0.5108726615719562
CGC,0.633040690303646
CGG,2.041106985630641
CGU,0.3919835758403773
CUA,1.3708793402847703
CUC,1.1973297394225264
CUG,1.398335882435618
CUU,4.424275865537889
GAA,0.30499183790034673
GAC,0.2794499865259942
GAG,2.1615525257757935
GAU,0.5058422278949577
GCA,0.32709208375277876
GCC,0.36923293276483266
GCG,0.740826244931366
GCU,0.25656106263016193
GGA,1.0260865978021914
GGC,0.17122731303991773
GGG,1.3603756030284837
GGU,0.38684986074042854
GUA,0.4045027170811941
GUC,0.5140342812700303
GUG,2.0769107338093136
GUU,0.2718735437056955
UAC,0.3671597157498006
UAU,0.608437348685357
UCA,0.37369433600751706
UCC,0.5340608405587249
UCG,2.3049527513031354
UCU,0.24577708793289219
UGC,0.5141478027335171
UGG,0.3049271735091123
UGU,0.7689901640907937
UUA,0.5190430303036181
UUC,0.2994915776286425
UUG,0.22434295871556878
UUU,0.5274233658247944
