codon,average_decoding_time
AAA,0.45810509640369984
AAC,0.3259320023415647
AAG,0.16187623198671122
AAU,0.5586945956377364
ACA,0.35038362266701034
ACC,0.3817396352052635
ACG,0.5755561109548684
ACU,0.22378197141693856
AGA,0.1483467368720843
AGC,1.399313632214469
AGG,0.2925289184435543
AGU,1.7425578381830715
AUA,0.4427673237443152
AUC,0.4718634472255963
AUG,0.5211805502908917
AUU,0.2671690608044133
CAA,0.46446234573360906
CAC,0.5314842149845095
CAG,3.4582686164926755
CAU,0.7898782377907446
CCA,0.3186796494362451
CCC,2.1832433718267734
CCG,1.8486887712984894
CCU,1.627391717408577
CGA,0.5124199368854174
CGC,0.6354194731691772
CGG,2.032414253754468
CGU,0.39137038650658923
CUA,1.373102038209754
CUC,1.208407746980006
CUG,1.3976987851456273
CUU,4.4615056187804685
GAA,0.3040561553977577
GAC,0.27905518156588704
GAG,2.159486030691465
GAU,0.5090834759142517
GCA,0.3265386455294512
GCC,0.3702564146531202
GCG,0.7451416399142908
GCU,0.2555512456994007
GGA,1.024111542244703
GGC,0.17189060578975465
GGG,1.3645455874713246
GGU,0.38701070474030264
GUA,0.40534379029071804
GUC,0.514350370712551
GUG,2.0692314834560133
GUU,0.27277372004833955
UAC,0.37223640544439934
UAU,0.6061887236310345
UCA,0.3730676161878563
UCC,0.5349555426366697
UCG,2.3194819449551796
UCU,0.24529934695460381
UGC,0.5170576097348963
UGG,0.3037556948699473
UGU,0.7677782610662207
UUA,0.521458786709187
UUC,0.3015459713321608
UUG,0.20091600705648685
UUU,0.5294909499622528
