codon,average_decoding_time
AAA,0.45901761192684915
AAC,0.32839421542725283
AAG,0.16152609662954862
AAU,0.5604474985886583
ACA,0.3517342435577221
ACC,0.3819576746716152
ACG,0.666807384471659
ACU,0.22938888006897715
AGA,0.14805800452075307
AGC,1.3956113265398562
AGG,1.80395947244479
AGU,1.7346607232444178
AUA,0.4448221307696793
AUC,0.47048565154260236
AUG,0.520188927879101
AUU,0.27501359411641696
CAA,0.46583123770226453
CAC,0.5340029922052436
CAG,3.4521102446557985
CAU,0.7889954116739067
CCA,0.31772606483304183
CCC,2.190421163056457
CCG,0.505133352646809
CCU,1.7934858220854348
CGA,0.5125192826370002
CGC,0.6332159757804787
CGG,2.2065336756152965
CGU,0.3932676053944984
CUA,1.3667772751411253
CUC,1.214024313188017
CUG,1.4002040473129798
CUU,1.291819681456384
GAA,0.27246677628697463
GAC,0.28050378153530375
GAG,1.9359448568791817
GAU,0.5079552295304569
GCA,0.32189435003807354
GCC,0.349289625796312
GCG,0.7113480388491895
GCU,0.2077067537389054
GGA,0.8283145347757225
GGC,0.14820912903181138
GGG,0.631005181703696
GGU,0.3613809387822888
GUA,0.32336256213740167
GUC,0.43124429015657423
GUG,1.7632132552528157
GUU,0.21241918107180674
UAC,0.5316730664347936
UAU,0.7867313351202878
UCA,0.3796799763140253
UCC,0.5428136615822778
UCG,0.7885133688344892
UCU,0.3119654834131439
UGC,0.7026102824863801
UGG,0.35354841136940884
UGU,0.9776501461442465
UUA,0.5764893860826135
UUC,0.34445058146700375
UUG,0.25329688094936426
UUU,0.5784320502193854
