codon,average_decoding_time
AAA,0.45975098849610113
AAC,0.32801423546574776
AAG,0.22967270860664118
AAU,0.5612660708973796
ACA,0.350772119450644
ACC,0.38193881639690136
ACG,0.6925802610595775
ACU,0.22995951371248738
AGA,0.14878436999843037
AGC,1.3989270019035687
AGG,0.3089133802167782
AGU,1.7462522984591862
AUA,0.44432418402972595
AUC,0.47122010003561554
AUG,0.5211625162971315
AUU,0.2800677212579693
CAA,0.4684787479198556
CAC,0.5328759638567658
CAG,0.6456215424411157
CAU,0.7918733818569889
CCA,0.3174983680118298
CCC,2.1844643344159578
CCG,0.44945483365615374
CCU,1.7843032264769283
CGA,0.512384442231463
CGC,0.6346337494516682
CGG,2.2030695893894623
CGU,0.3900165341071141
CUA,1.3736329343795088
CUC,1.2085779602341675
CUG,1.398510566356497
CUU,1.2934130133246284
GAA,0.30367502799063895
GAC,0.2799700108323985
GAG,0.4636404861553495
GAU,0.5057574901680985
GCA,0.3265440742461714
GCC,0.3695952844668147
GCG,0.8580873986334271
GCU,0.22598105770748297
GGA,1.0229175125617314
GGC,0.17039724455649785
GGG,0.6837729197158362
GGU,0.38664285863158754
GUA,0.4039919632129564
GUC,0.5121774354107334
GUG,2.0860232911958905
GUU,0.28542396481712107
UAC,0.5312206009283129
UAU,0.7867094804233268
UCA,0.3780006292288583
UCC,0.5429495010994929
UCG,0.7888983550087397
UCU,0.30995565979936246
UGC,0.7021363611297073
UGG,0.3530616492681595
UGU,0.9841148111750336
UUA,0.5818674383737837
UUC,0.34296930913470935
UUG,0.3086886835851189
UUU,0.5798143201241589
