codon,average_decoding_time
AAA,0.45962746240525293
AAC,0.32886878947750936
AAG,0.22947379105066934
AAU,0.559490264547599
ACA,0.3500310199002882
ACC,0.3822762411826643
ACG,0.6672488798959496
ACU,0.22940806088387286
AGA,0.14836628339132218
AGC,1.381660218551763
AGG,0.3082611653761271
AGU,1.748893341348522
AUA,0.44566239043254596
AUC,0.47246000751081796
AUG,0.5229995825577919
AUU,0.27794353563108426
CAA,0.4644544916729275
CAC,0.5330034560495462
CAG,0.6458198950632441
CAU,0.7922413845851629
CCA,0.31674329854354577
CCC,2.1801594068058363
CCG,0.5042437409768422
CCU,1.7996200608976651
CGA,0.5094377284166153
CGC,0.6299665347634288
CGG,2.2014706106418087
CGU,0.39287232265735234
CUA,1.3689296999024012
CUC,1.213240364492162
CUG,1.402145098249081
CUU,1.2899395939699567
GAA,0.27189632301976
GAC,0.2789384050212915
GAG,0.4338595107784104
GAU,0.5070966422424493
GCA,0.3234737138125556
GCC,0.35054381625029857
GCG,0.7069709382572126
GCU,0.20659648961121785
GGA,0.8321212775884753
GGC,0.1484401889682546
GGG,0.6350106965619318
GGU,0.36193889986728967
GUA,0.32329935308042956
GUC,0.4322019344347592
GUG,1.7693667694688062
GUU,0.21256422799083638
UAC,0.5339183225559998
UAU,0.7902169503705745
UCA,0.3785278366974499
UCC,0.5399895373178605
UCG,0.7851205716381884
UCU,0.31096559467466456
UGC,0.7046126888988211
UGG,0.3532063643326527
UGU,0.9803108562872994
UUA,0.5796115381563882
UUC,0.343772903044461
UUG,0.2536631822274746
UUU,0.5776594124732588
