codon,average_decoding_time
AAA,0.4583660858954999
AAC,0.32577262001318563
AAG,0.1609088521071805
AAU,0.5598470670917783
ACA,0.3497104133089471
ACC,0.3837366044737853
ACG,0.6868954941139981
ACU,0.22158634397783633
AGA,0.1473908764837479
AGC,1.3898606869480292
AGG,1.8059256801899282
AGU,1.74131106253387
AUA,0.4421521508441742
AUC,0.47122053608286063
AUG,0.5504609608710728
AUU,0.26408203148140874
CAA,0.46230713901846787
CAC,0.5310837698831747
CAG,3.4436752350455673
CAU,0.7901065007855225
CCA,0.3179225013053043
CCC,2.1942392216254496
CCG,0.45021815400407533
CCU,1.6266143002370155
CGA,0.5082880152608507
CGC,0.6312257232558912
CGG,2.204751776088963
CGU,0.39269381946270776
CUA,1.3703239377578968
CUC,1.2109852220536375
CUG,1.4670143234802582
CUU,4.444568606064705
GAA,0.30228076883156857
GAC,0.2788147975791641
GAG,2.168203190362396
GAU,0.5085807855717994
GCA,0.3280140021065902
GCC,0.3697942739337622
GCG,0.8509385635659846
GCU,0.2565021589345225
GGA,1.0307955918073783
GGC,0.17139867665895497
GGG,0.6806586470307195
GGU,0.38603608698207337
GUA,0.4061360016666543
GUC,0.5142070462373818
GUG,0.9952545935444859
GUU,0.2723700225426368
UAC,0.37028357100753756
UAU,0.6054122226575435
UCA,0.37324416834629764
UCC,0.5358709494765959
UCG,0.646779955310639
UCU,0.24620425453594846
UGC,0.5151683421195906
UGG,0.2142443417985457
UGU,0.7664471064083063
UUA,0.5214746783827736
UUC,0.29794104689685186
UUG,0.22995064504536425
UUU,0.5269051098143407
