codon,average_decoding_time
AAA,0.46245232852593604
AAC,0.3266878896530277
AAG,0.16123502051851743
AAU,0.5584610128997274
ACA,0.35032523847764513
ACC,0.38214772927409196
ACG,0.666560039783843
ACU,0.22980732335634543
AGA,0.14854977525898255
AGC,1.3963655101243342
AGG,1.8123190898142045
AGU,1.7431346862556674
AUA,0.44481178751819583
AUC,0.474235382811093
AUG,0.5488907432771234
AUU,0.2785190219519639
CAA,0.4649326791277848
CAC,0.5323024889646768
CAG,3.4516977230364447
CAU,0.785847136614385
CCA,0.3162849975493251
CCC,2.1931846693704937
CCG,0.5058454244751209
CCU,1.7876516520633892
CGA,0.5123400386505621
CGC,0.63349635122465
CGG,2.1995802788721934
CGU,0.39074256718063555
CUA,1.3686940849472868
CUC,1.2112742817515842
CUG,1.4602747497251505
CUU,1.291991111941216
GAA,0.27231299799336534
GAC,0.2797299299092301
GAG,1.940061500464039
GAU,0.5098038742091374
GCA,0.32263268316833965
GCC,0.34991942392217484
GCG,0.7146966791678955
GCU,0.20742070604134205
GGA,0.8321397890128193
GGC,0.14884641615516525
GGG,0.6344766018228939
GGU,0.36079111244032397
GUA,0.32378913500033873
GUC,0.4322068659589028
GUG,0.8597511580310174
GUU,0.21143184193404765
UAC,0.5332463729223281
UAU,0.788923924206076
UCA,0.37692296428393957
UCC,0.5407517902266545
UCG,0.7887852005233997
UCU,0.31042443517487345
UGC,0.7047578240663055
UGG,0.3547638358587889
UGU,0.9854140589736228
UUA,0.5775377782012612
UUC,0.3430572720170453
UUG,0.2644997097351593
UUU,0.5775883246707855
