codon,average_decoding_time
AAA,0.4592433459208899
AAC,0.3256977192588048
AAG,0.22942291087568611
AAU,0.5591784033005786
ACA,0.34818028925399813
ACC,0.38127930295507356
ACG,0.6871964177998899
ACU,0.22948948061252958
AGA,0.14803045367903203
AGC,1.396472848901004
AGG,0.30738404426541
AGU,1.7512606831541107
AUA,0.44309538406131055
AUC,0.4731818921049074
AUG,0.5464443077397787
AUU,0.27955722581000814
CAA,0.46688927078875075
CAC,0.5307601379076552
CAG,0.6446186189223565
CAU,0.789030977945922
CCA,0.31867420732958507
CCC,2.20090988484317
CCG,0.4501595747380358
CCU,1.7908597532713428
CGA,0.5093494566298163
CGC,0.6334055541262833
CGG,2.2032030409725216
CGU,0.3928708854627954
CUA,1.3754978946097065
CUC,1.2120919900571314
CUG,1.4652678995692154
CUU,1.3010165475386188
GAA,0.30473509752755235
GAC,0.27774066317185236
GAG,0.4648128183303252
GAU,0.5059964919432813
GCA,0.32641089828853054
GCC,0.36861331492475
GCG,0.8519758980552565
GCU,0.22533568595906625
GGA,1.023402283857386
GGC,0.17072660837073392
GGG,0.6815621485803675
GGU,0.38473033543720214
GUA,0.40716451518840274
GUC,0.5140885866777058
GUG,0.9991217109200904
GUU,0.2835771243608126
UAC,0.5330065813641504
UAU,0.7915243170379966
UCA,0.37886296611282033
UCC,0.539462006754948
UCG,0.7907511244614174
UCU,0.3090685078099239
UGC,0.705646517628891
UGG,0.3546589533005499
UGU,0.9833207948287211
UUA,0.57787738390386
UUC,0.34202780838916536
UUG,0.32540348695870247
UUU,0.5802407968094461
