codon,average_decoding_time
AAA,0.45705463139024904
AAC,0.3275427671032973
AAG,0.16127565467319238
AAU,0.5592443645881331
ACA,0.34854340413843754
ACC,0.3834433084487387
ACG,0.5827114506110875
ACU,0.22265649983667637
AGA,0.14757309916428757
AGC,1.3975268067242996
AGG,0.29189409896885926
AGU,1.7391270628691602
AUA,0.44387428734978085
AUC,0.4717341168237781
AUG,0.551567448580728
AUU,0.2649469611147478
CAA,0.4643275618627951
CAC,0.5331828601352375
CAG,3.476541094430557
CAU,0.7911305948232841
CCA,0.31646206374276636
CCC,2.194811553204149
CCG,1.8400087126727513
CCU,1.624624940277529
CGA,0.5097791128247587
CGC,0.6327671843424263
CGG,2.020365665149645
CGU,0.39166979692993564
CUA,1.37109646504554
CUC,1.2096638284463528
CUG,1.4634383407979208
CUU,4.45206465706602
GAA,0.3048159942056623
GAC,0.28045762180935196
GAG,2.156150383884717
GAU,0.5076049118645698
GCA,0.32518782487016773
GCC,0.37103839281040046
GCG,0.7426660586859053
GCU,0.2560736606792651
GGA,1.026040820345351
GGC,0.1718574543049609
GGG,1.367666880907257
GGU,0.3869092014724228
GUA,0.4047603391888162
GUC,0.5130879948893181
GUG,0.9993179983620569
GUU,0.2729873280460137
UAC,0.3691146880762266
UAU,0.608235887142767
UCA,0.37271383851908957
UCC,0.5367734101464837
UCG,2.3074835523899075
UCU,0.246730555175871
UGC,0.5160168953352167
UGG,0.30421161639836763
UGU,0.7695304411809807
UUA,0.5205946956000375
UUC,0.3001268748504437
UUG,0.23182616987203572
UUU,0.5292323996846956
