codon,average_decoding_time
AAA,0.4617269185474473
AAC,0.32519404041005234
AAG,0.23008985317672745
AAU,0.559746178099694
ACA,0.3489155868335893
ACC,0.38221267221373156
ACG,0.5784375591459953
ACU,0.22313891231658414
AGA,0.14820719717794334
AGC,1.3918710309250222
AGG,0.29225374118683956
AGU,1.7505267073794213
AUA,0.4432623140909789
AUC,0.47237008105797484
AUG,0.5547779748147008
AUU,0.2654435018187485
CAA,0.4653428300172865
CAC,0.5319167621529904
CAG,0.6472509938719717
CAU,0.7930302960575384
CCA,0.3164578018915084
CCC,2.2010873029952465
CCG,1.8356769902267103
CCU,1.610574080516446
CGA,0.5114960219223255
CGC,0.6334105811788527
CGG,2.034182207659992
CGU,0.39107800690413475
CUA,1.3709779146842505
CUC,1.2137547992164714
CUG,1.4705377598770506
CUU,4.412007155307216
GAA,0.30369157668196906
GAC,0.2804896848631899
GAG,0.46552254164181917
GAU,0.5061281532037202
GCA,0.32658944965720044
GCC,0.36904368254957065
GCG,0.746052455464498
GCU,0.257324294598803
GGA,1.022290776202669
GGC,0.1707485864269174
GGG,1.3633446488737468
GGU,0.3861442978981168
GUA,0.404031083762494
GUC,0.5124481172632668
GUG,0.9943423571669044
GUU,0.2712255296017178
UAC,0.36958054489713293
UAU,0.6079687773252844
UCA,0.3737481202894857
UCC,0.5356395709444766
UCG,2.3088252819114725
UCU,0.24520465843528355
UGC,0.5122448397405508
UGG,0.304533323151691
UGU,0.7714347871873659
UUA,0.5182885404299581
UUC,0.30023961325753246
UUG,0.23055991085389455
UUU,0.5274855503840002
