codon,average_decoding_time
AAA,0.46052861791198146
AAC,0.32684954353370294
AAG,0.23056089479893108
AAU,0.5616215689981523
ACA,0.3486974847463283
ACC,0.38092683742569233
ACG,0.684097604939699
ACU,0.22294110134258088
AGA,0.14772848738112238
AGC,1.3945987721557402
AGG,0.3063820552142796
AGU,1.753732731407149
AUA,0.44261994561808193
AUC,0.4703143469141077
AUG,0.5491440164290832
AUU,0.26780703993807686
CAA,0.4649809505379435
CAC,0.5327211303186252
CAG,0.6460938524817211
CAU,0.7877358341758698
CCA,0.3190085409624544
CCC,2.179831776087467
CCG,0.45212477058175277
CCU,1.624664966141872
CGA,0.509229715481584
CGC,0.6299661074912315
CGG,2.194923798889626
CGU,0.39383687241130233
CUA,1.3745460315192517
CUC,1.2022058665633968
CUG,1.4741379096777172
CUU,4.437379625998158
GAA,0.3043482245240555
GAC,0.2796604232204066
GAG,0.46440305907225765
GAU,0.5061267748269312
GCA,0.3254017531057524
GCC,0.3693201760235598
GCG,0.8531385608608821
GCU,0.256641157976591
GGA,1.0217135148222203
GGC,0.17243937477324137
GGG,0.6835070515734948
GGU,0.3848072179063328
GUA,0.4029772686435042
GUC,0.5141543916129276
GUG,1.0014119771272065
GUU,0.2720485193869693
UAC,0.37125598757974426
UAU,0.6078144949958981
UCA,0.3724351216452544
UCC,0.5352549481076216
UCG,0.6475832858904721
UCU,0.2455361169587166
UGC,0.5146592307232405
UGG,0.3341844318497738
UGU,0.7654990091657589
UUA,0.5213810578545537
UUC,0.3001604556024903
UUG,0.23159166160699726
UUU,0.5287821321113813
