codon,average_decoding_time
AAA,0.45854618491764226
AAC,0.3266380540362037
AAG,0.2295915398745258
AAU,0.5593024214438865
ACA,0.35014911009232935
ACC,0.38275620136188826
ACG,0.5796167527081184
ACU,0.22412646636403075
AGA,0.1476353326116117
AGC,1.389418112380287
AGG,1.6269471542008525
AGU,1.7351750811422548
AUA,0.4454625608501057
AUC,0.4741439536563534
AUG,0.5536807949738656
AUU,0.2663983554685923
CAA,0.4644052147539474
CAC,0.5357066226641855
CAG,0.6445550975308401
CAU,0.7919511348589922
CCA,0.3168370275730398
CCC,2.18251185150715
CCG,1.8453862333138116
CCU,1.6221858843623957
CGA,0.5094354299251839
CGC,0.6349736134262228
CGG,2.030849155425776
CGU,0.39334576221799106
CUA,1.3672374969998848
CUC,1.206494239160169
CUG,1.45905772178825
CUU,4.4493346092389405
GAA,0.30418456414163114
GAC,0.279748321500173
GAG,0.4645298627819691
GAU,0.5071436348592238
GCA,0.3258125074926024
GCC,0.37117786006945863
GCG,0.7419767365356635
GCU,0.25545941656538423
GGA,1.0242810361674919
GGC,0.17211208527551772
GGG,1.3669998140591029
GGU,0.3857032714109379
GUA,0.4062554878737637
GUC,0.5130001966708128
GUG,0.9982815654530517
GUU,0.27269894529730077
UAC,0.36983408756969294
UAU,0.608635958185566
UCA,0.3726215098181811
UCC,0.5351100668389381
UCG,2.3126584807607378
UCU,0.2465543675131412
UGC,0.5111474281689421
UGG,0.18417139094921978
UGU,0.7691815203822026
UUA,0.5189057537235298
UUC,0.30083782638446066
UUG,0.24481106158321275
UUU,0.5292032643955683
