codon,average_decoding_time
AAA,0.45573182838651577
AAC,0.3260829764105518
AAG,0.22996039331863405
AAU,0.5607908900622421
ACA,0.3495124610512823
ACC,0.3835445490210759
ACG,0.5813764702977948
ACU,0.2293522599473406
AGA,0.14850204589592858
AGC,1.3927634616569098
AGG,0.29026940351122366
AGU,1.7497562562316418
AUA,0.4455912351428552
AUC,0.4713732731677847
AUG,0.5211382653551492
AUU,0.2803850046487885
CAA,0.46410240288259563
CAC,0.5349746615313652
CAG,0.6465405656678737
CAU,0.7898620453804327
CCA,0.3161791660102014
CCC,2.1788806007172528
CCG,1.841904671445418
CCU,1.797273791846108
CGA,0.5091863603625955
CGC,0.633408728379264
CGG,2.028124038344584
CGU,0.3936537346060406
CUA,1.3736144867246367
CUC,1.2032582210839233
CUG,1.4028586266040746
CUU,1.2870089782860652
GAA,0.3049300692069629
GAC,0.2812415316151869
GAG,0.4656745107777402
GAU,0.509140146751944
GCA,0.3260293908004824
GCC,0.3694528499840283
GCG,0.7422346633537685
GCU,0.22637405043716516
GGA,1.0204923449898315
GGC,0.17164348566684337
GGG,1.3672048357090867
GGU,0.3866880181535517
GUA,0.4064579297281427
GUC,0.5146219622443867
GUG,2.0759567922897446
GUU,0.28501505152772105
UAC,0.5329689230145344
UAU,0.7877108339752913
UCA,0.37544746853052335
UCC,0.5424105234109019
UCG,2.9219481826123928
UCU,0.310935946679737
UGC,0.7087987292364043
UGG,0.3240037827697342
UGU,0.9784944302540636
UUA,0.5827102448463286
UUC,0.343652503725844
UUG,0.2542864151315664
UUU,0.5778393789687261
