codon,average_decoding_time
AAA,0.4588599173723913
AAC,0.32744293983450745
AAG,0.16105823426435664
AAU,0.5572813899039314
ACA,0.35191550731079513
ACC,0.38104690202547475
ACG,0.581820311796598
ACU,0.2303862272035829
AGA,0.14796804092692
AGC,1.403884660986204
AGG,1.6323054420546503
AGU,1.7478800034892568
AUA,0.4459095843873289
AUC,0.470927518467964
AUG,0.5496899335718832
AUU,0.27668222177630464
CAA,0.4658756253503705
CAC,0.5313294165679746
CAG,3.4584069787538496
CAU,0.786183978336926
CCA,0.3169714487869439
CCC,2.1915214339337328
CCG,1.8451899544038193
CCU,1.793519179278695
CGA,0.5097854821810113
CGC,0.6319566543793642
CGG,2.026767328499974
CGU,0.392449055356859
CUA,1.371178866719172
CUC,1.2132770661695056
CUG,1.464581597091782
CUU,1.289924213528701
GAA,0.30331855198680774
GAC,0.2803223975443177
GAG,2.1545013107222974
GAU,0.5084622368794599
GCA,0.3260410204591853
GCC,0.370553335332087
GCG,0.7439242759555298
GCU,0.22527181502062324
GGA,1.0248958710285638
GGC,0.17207871811750275
GGG,1.3689052982151075
GGU,0.3864486947545516
GUA,0.40458090522568907
GUC,0.5130352047558825
GUG,0.9942526516319051
GUU,0.2863038586128113
UAC,0.5302493589907422
UAU,0.7879665550479251
UCA,0.37821438861621043
UCC,0.5403212333333846
UCG,2.9093776604442327
UCU,0.31115938713804375
UGC,0.7037511424275683
UGG,0.3224237324110884
UGU,0.9794947065791724
UUA,0.5783693282194058
UUC,0.34234800489817446
UUG,0.26363065779082756
UUU,0.576460250427944
