codon,average_decoding_time
AAA,0.458621389492749
AAC,0.3267720643264184
AAG,0.16142720694105706
AAU,0.5626373451520194
ACA,0.3514808693095655
ACC,0.38171409291063124
ACG,0.6628696742417917
ACU,0.2301537342884343
AGA,0.14758192625906652
AGC,1.398391730497508
AGG,0.3073892803822777
AGU,1.739916121420867
AUA,0.4428283953096685
AUC,0.46971750843287785
AUG,0.5493810449332132
AUU,0.2774437737633183
CAA,0.46239491715350384
CAC,0.5322272323556707
CAG,3.457888285910932
CAU,0.7871148617661261
CCA,0.3181544593858943
CCC,2.1945795621485096
CCG,0.5078683536443591
CCU,1.7896808038652756
CGA,0.5110185912414518
CGC,0.6322248188377635
CGG,2.1875725260868495
CGU,0.3917847144232492
CUA,1.375830475878332
CUC,1.2096328219614216
CUG,1.4612360012253072
CUU,1.2873870172180413
GAA,0.2703934851050179
GAC,0.27745644809986253
GAG,1.9297061876867514
GAU,0.508037650920676
GCA,0.3236335356288859
GCC,0.34836475614334356
GCG,0.7140027460132332
GCU,0.20693213063208243
GGA,0.8304783755523388
GGC,0.1493539134738811
GGG,0.631532110299251
GGU,0.361313889497622
GUA,0.32469834644355433
GUC,0.43152752370791103
GUG,0.7726164796087858
GUU,0.2140331396097193
UAC,0.5326286402262007
UAU,0.7887560172862123
UCA,0.3785768294182013
UCC,0.539452666916153
UCG,0.7900302296918951
UCU,0.3114089955622804
UGC,0.7084078733192815
UGG,0.35344246873171514
UGU,0.9813637547710556
UUA,0.5782215053185017
UUC,0.3446994484043226
UUG,0.3265732265364133
UUU,0.5785208255947327
