codon,average_decoding_time
AAA,0.45955579319512196
AAC,0.326029577070623
AAG,0.22936766723856367
AAU,0.5584143491393753
ACA,0.3500330453778669
ACC,0.38191147130990294
ACG,0.6649653066123089
ACU,0.22898167074399037
AGA,0.14845947283347755
AGC,1.393550578042017
AGG,0.30611511195531477
AGU,1.7450883730248676
AUA,0.44350494704800403
AUC,0.4716704953635691
AUG,0.5484695356184909
AUU,0.2778745625795402
CAA,0.46599908845085675
CAC,0.5315400267888915
CAG,0.6444756935319782
CAU,0.7908283441977197
CCA,0.31731536318483755
CCC,2.18719679062207
CCG,0.5054724039643882
CCU,1.7948249054031709
CGA,0.5095385567205393
CGC,0.6314434206254274
CGG,2.1909447529350308
CGU,0.3931263065412017
CUA,1.373413796264682
CUC,1.207516450282295
CUG,1.4667086853111246
CUU,1.2856760520682418
GAA,0.2730953041648347
GAC,0.27955266775334103
GAG,0.4360526007497097
GAU,0.50827337464423
GCA,0.32380956223624885
GCC,0.3496105058722592
GCG,0.710866369072664
GCU,0.20796953981536903
GGA,0.8225130922066103
GGC,0.14896321668012855
GGG,0.6334983576149535
GGU,0.3610210250314064
GUA,0.32365707307271857
GUC,0.4318757949706653
GUG,0.7712479890320495
GUU,0.21256026642235018
UAC,0.5327464105607123
UAU,0.7892811722528759
UCA,0.37400011284804385
UCC,0.5421722702440858
UCG,0.7862997855034651
UCU,0.313420703541727
UGC,0.7046730727826173
UGG,0.3505257293577206
UGU,0.9848543518432324
UUA,0.5785571769640585
UUC,0.3422757676924789
UUG,0.32611238824041394
UUU,0.5754469300122421
