codon,average_decoding_time
AAA,0.46243566865037566
AAC,0.32667356753305726
AAG,0.22998912139882796
AAU,0.5598909049552703
ACA,0.3506313082256166
ACC,0.3823531088710119
ACG,0.6866429454618544
ACU,0.22388457336798787
AGA,0.14787809288847503
AGC,1.3925892683403698
AGG,1.791639275735247
AGU,1.744597054789384
AUA,0.4427646625427846
AUC,0.4708866637417068
AUG,0.5529880305727496
AUU,0.2655595321573246
CAA,0.46510546378677514
CAC,0.535575762209518
CAG,0.6429604084371928
CAU,0.7912665322368877
CCA,0.3176271121425556
CCC,2.1833130785448955
CCG,0.44890450076603905
CCU,1.6197215848575117
CGA,0.5113005621526222
CGC,0.6320022828010371
CGG,2.1969116927780026
CGU,0.393557897972331
CUA,1.3744349287385917
CUC,1.2104939505432837
CUG,1.4605320388290954
CUU,4.437720394207122
GAA,0.3053133145974961
GAC,0.27990682856944776
GAG,0.46553467568474555
GAU,0.5067103319742852
GCA,0.32513598495799034
GCC,0.3688079662608776
GCG,0.8507924724703914
GCU,0.2563530057604118
GGA,1.0151019147808664
GGC,0.17107863817519453
GGG,0.683193587093448
GGU,0.38735983693968745
GUA,0.4059605011818732
GUC,0.5127421751790362
GUG,1.0013812173568515
GUU,0.27128143382590564
UAC,0.3683225530245327
UAU,0.6076986615517143
UCA,0.3729710544849204
UCC,0.5379780282677199
UCG,0.6492907165349678
UCU,0.2447776024975258
UGC,0.5128677128628396
UGG,0.2135152883103536
UGU,0.7665585070552481
UUA,0.5192670505270534
UUC,0.29967615869154984
UUG,0.23082232725846807
UUU,0.5308879032691424
