codon,average_decoding_time
AAA,0.4571020943614322
AAC,0.3255350125125778
AAG,0.16259394802244334
AAU,0.5585521250399176
ACA,0.35021870166063884
ACC,0.38304945447006766
ACG,0.5778103084972357
ACU,0.22397592572040115
AGA,0.14690871578555947
AGC,1.3995940826553075
AGG,0.2921246526363086
AGU,1.7309482015760334
AUA,0.44226798731423533
AUC,0.4715592018289608
AUG,0.551887086824648
AUU,0.26451285528391694
CAA,0.46281958425619507
CAC,0.5333574353667776
CAG,3.4457186529251826
CAU,0.7886580103056777
CCA,0.31611000791349897
CCC,2.189201417264693
CCG,1.8395852132399577
CCU,1.6087097468091167
CGA,0.510204951406774
CGC,0.6324162863314502
CGG,2.0253189090958754
CGU,0.39343161932427595
CUA,1.369492269179336
CUC,1.211698974415873
CUG,1.4635272597319895
CUU,4.437778837196966
GAA,0.30374270140793674
GAC,0.2799159126865887
GAG,2.1721073374020334
GAU,0.5069522628265491
GCA,0.32587976056935525
GCC,0.36874319318241794
GCG,0.7450194856111749
GCU,0.2566420980722704
GGA,1.0257811519290145
GGC,0.17067546672448702
GGG,1.3605661566998384
GGU,0.3860894522696217
GUA,0.40652611378995657
GUC,0.5137497128777382
GUG,1.0027206117437324
GUU,0.2710239973825949
UAC,0.37033812523309256
UAU,0.6088710312275142
UCA,0.37203020136967047
UCC,0.536582526765185
UCG,2.2990147592396863
UCU,0.2459778649931381
UGC,0.5138532548135075
UGG,0.3042731988206495
UGU,0.7701631833409921
UUA,0.5166237699037055
UUC,0.2993189704166928
UUG,0.2048398380631307
UUU,0.5324715240231673
