codon,average_decoding_time
AAA,0.458730817298454
AAC,0.3268310410991998
AAG,0.23141394422497774
AAU,0.5585176300613257
ACA,0.352145566650773
ACC,0.38174473335563375
ACG,0.6907078649062115
ACU,0.22508888834079935
AGA,0.14722480211790234
AGC,1.3915760811720428
AGG,0.3069362987622144
AGU,1.745674806659152
AUA,0.4430041703982962
AUC,0.47160486697841225
AUG,0.5267880685446628
AUU,0.267395585776768
CAA,0.46438316079595876
CAC,0.5329257671513877
CAG,0.645712103157663
CAU,0.7882172946609302
CCA,0.3173569072191816
CCC,2.1810839101917177
CCG,0.45013013580836875
CCU,1.6215301735712973
CGA,0.5099432635065411
CGC,0.6314714721843558
CGG,2.1916099051187445
CGU,0.3932712962309193
CUA,1.3744729795366322
CUC,1.2078568226274211
CUG,1.3978092352734315
CUU,4.4491420192402895
GAA,0.3038263497564883
GAC,0.2804161973971513
GAG,0.4673637637473408
GAU,0.5045378210605048
GCA,0.3265610643355617
GCC,0.3674281535898066
GCG,0.8540264314165289
GCU,0.25689156367419236
GGA,1.0256273029825127
GGC,0.17173163016424844
GGG,0.6813816590802001
GGU,0.3877916089072373
GUA,0.40643139540294
GUC,0.5143761953482613
GUG,2.075275285040367
GUU,0.27113032258778685
UAC,0.3704456988368972
UAU,0.608995384522497
UCA,0.37297370893457965
UCC,0.5377351580585717
UCG,0.6494157653919865
UCU,0.2457788099245721
UGC,0.5114532839218108
UGG,0.33274883752806
UGU,0.7665884487704006
UUA,0.5192125104605976
UUC,0.29791415471319294
UUG,0.21397632148422058
UUU,0.5289519249374662
