codon,average_decoding_time
AAA,0.45849482854320983
AAC,0.3271114743291435
AAG,0.22865452427990596
AAU,0.5603285450471276
ACA,0.35037508497489617
ACC,0.3833271419155599
ACG,0.6889523436832828
ACU,0.2296392240912372
AGA,0.14731917075147324
AGC,1.398403139077797
AGG,1.7998210729980924
AGU,1.7515857129097538
AUA,0.44463275236339717
AUC,0.4711630868999198
AUG,0.5201457789781041
AUU,0.2783045245032312
CAA,0.4659799963216033
CAC,0.534537376477308
CAG,0.6452652976997163
CAU,0.7915062629835675
CCA,0.3173131054873818
CCC,2.1938953595685917
CCG,0.44885309199632895
CCU,1.7923755472277862
CGA,0.512516104213701
CGC,0.6334557342777914
CGG,2.1881400840953447
CGU,0.39221849414501353
CUA,1.36120244602805
CUC,1.2101918156238733
CUG,1.4043361296669536
CUU,1.2918635181020859
GAA,0.3040773870455247
GAC,0.2778686118691436
GAG,0.46532631562390736
GAU,0.5085873695577077
GCA,0.32666524971174216
GCC,0.37033873541481094
GCG,0.8548164914942095
GCU,0.2267699170869256
GGA,1.0194374925557916
GGC,0.17167170024826836
GGG,0.684164701005905
GGU,0.3858493082214273
GUA,0.4047715660611125
GUC,0.5132943338012389
GUG,2.0634953521857597
GUU,0.2868447620361174
UAC,0.5325958060381654
UAU,0.7901108515410653
UCA,0.37753952198277607
UCC,0.5440858131245491
UCG,0.7828404950463252
UCU,0.3101378345288124
UGC,0.7081829123791736
UGG,0.35468706099260433
UGU,0.9831832948920491
UUA,0.5764099631693375
UUC,0.3419346247182025
UUG,0.3093445004038982
UUU,0.5792730216033988
