codon,average_decoding_time
AAA,0.458810705483496
AAC,0.3267761226697124
AAG,0.16105507525311608
AAU,0.558384011958342
ACA,0.3504523670437357
ACC,0.38252674255786506
ACG,0.6900063589504842
ACU,0.2289074241423631
AGA,0.1478191179571775
AGC,1.3950267960776916
AGG,0.3062746731045166
AGU,1.7428729366962743
AUA,0.44400739882292517
AUC,0.47246711763702676
AUG,0.5223355089134395
AUU,0.2777307239576852
CAA,0.46275632181564796
CAC,0.5334757382115131
CAG,3.4677657989127537
CAU,0.7906425124104932
CCA,0.31709642274266314
CCC,2.194003232513904
CCG,0.4499314271768819
CCU,1.8007131494925654
CGA,0.5115645458278028
CGC,0.6332724533491215
CGG,2.1977261086902224
CGU,0.3917542434257717
CUA,1.3686709957158916
CUC,1.1987308844949105
CUG,1.3979342339037308
CUU,1.2963962383645031
GAA,0.30553485590637003
GAC,0.2805717529920063
GAG,2.1636981495638787
GAU,0.5060175437498514
GCA,0.32596075060148766
GCC,0.36924194600078625
GCG,0.8589512722004397
GCU,0.2263728922737868
GGA,1.0211036407258265
GGC,0.17238161878165986
GGG,0.6816706342771325
GGU,0.3866647412003351
GUA,0.40437172701168034
GUC,0.5141078181088029
GUG,2.083342565162245
GUU,0.2843646459153654
UAC,0.532967043796303
UAU,0.787104147145791
UCA,0.37804290548940883
UCC,0.5410581365063227
UCG,0.7915885393211504
UCU,0.3108967934905354
UGC,0.7029323042451288
UGG,0.3551657506368426
UGU,0.9788746711230901
UUA,0.5788761072407805
UUC,0.34162264226184036
UUG,0.30760580150168093
UUU,0.5773087956275288
