codon,average_decoding_time
AAA,0.45705331035259833
AAC,0.32766260804411573
AAG,0.16168518317902336
AAU,0.557803062971533
ACA,0.3480141241339302
ACC,0.38156146215837633
ACG,0.6873960683751633
ACU,0.2223122332220977
AGA,0.14830042841176636
AGC,1.385010622865459
AGG,0.3061307172432878
AGU,1.7495202729048853
AUA,0.44240532977857433
AUC,0.4749900561224581
AUG,0.5245047124812872
AUU,0.26677907929054717
CAA,0.46410106656060635
CAC,0.5336689377188577
CAG,3.4326033970516945
CAU,0.792447861305697
CCA,0.31633149425779006
CCC,2.18454233942372
CCG,0.44940604595466577
CCU,1.6247830493724376
CGA,0.5114093859497952
CGC,0.634800980533246
CGG,2.1972832380063565
CGU,0.39436760085577943
CUA,1.37093426829201
CUC,1.2112901949581065
CUG,1.3955102439002969
CUU,4.416647434745098
GAA,0.3040429384712028
GAC,0.28020023308779496
GAG,2.160163695182505
GAU,0.5080848473572781
GCA,0.32707810387899744
GCC,0.3691868767192493
GCG,0.8510987538226653
GCU,0.25586281570776004
GGA,1.0230983339329083
GGC,0.17060776081264975
GGG,0.6844740682557593
GGU,0.3855174799030275
GUA,0.4061737804760284
GUC,0.5125038396656287
GUG,2.0788278033789758
GUU,0.27074442107888436
UAC,0.3694133766727962
UAU,0.6051650954777983
UCA,0.3707954690145705
UCC,0.5362565687929747
UCG,0.644747280832099
UCU,0.24464729948614652
UGC,0.5135096528234323
UGG,0.3321059842780459
UGU,0.7672247722464791
UUA,0.5226305879501805
UUC,0.2997566541649146
UUG,0.1945288553139786
UUU,0.5292067330055604
