codon,average_decoding_time
AAA,0.46188858070659955
AAC,0.3257063551979497
AAG,0.23135900089491987
AAU,0.5599853904749726
ACA,0.34942529474579603
ACC,0.38237220920712855
ACG,0.6897460304697508
ACU,0.2238578135330628
AGA,0.14951404018597378
AGC,1.3959202623579579
AGG,1.80143676818385
AGU,1.7472000350112618
AUA,0.44363024938884454
AUC,0.4721293218388794
AUG,0.5222287520201502
AUU,0.26338410439390186
CAA,0.4643253601048584
CAC,0.5319975098730049
CAG,0.6467401625722758
CAU,0.7893139443177604
CCA,0.3189241109570847
CCC,2.185313227418585
CCG,0.4483490165400958
CCU,1.620277263174517
CGA,0.511665922899509
CGC,0.6334139939067314
CGG,2.209462075147684
CGU,0.3919756743989598
CUA,1.3658079128289005
CUC,1.2074007515116556
CUG,1.3993674005261973
CUU,4.432276635356564
GAA,0.3031163857860325
GAC,0.278812875011653
GAG,0.4673679227422445
GAU,0.5082578401462016
GCA,0.32680129209813263
GCC,0.3691416986045128
GCG,0.847657704297327
GCU,0.2558445057197526
GGA,1.028682242954086
GGC,0.1719775983507045
GGG,0.6838683805910779
GGU,0.38657893472945376
GUA,0.40729770218638717
GUC,0.5143108310914956
GUG,2.0879183396814125
GUU,0.27115635666859317
UAC,0.36982720812697895
UAU,0.6066280727477141
UCA,0.37216650416276903
UCC,0.5351226956270008
UCG,0.646024790749595
UCU,0.2450162497655875
UGC,0.5142537615359565
UGG,0.21643372342585626
UGU,0.7693867434548166
UUA,0.5179827027336465
UUC,0.3005539491946983
UUG,0.21261816759674967
UUU,0.5292369233145863
