codon,average_decoding_time
AAA,0.45853526553154056
AAC,0.3257980987504488
AAG,0.16115948134494226
AAU,0.5608722205681534
ACA,0.3499812349013971
ACC,0.3813078234134843
ACG,0.5793508030700011
ACU,0.2290087218747669
AGA,0.1477510889707961
AGC,1.400006000451223
AGG,0.2914471288027713
AGU,1.745297515412324
AUA,0.44213453572011835
AUC,0.47077591079398395
AUG,0.5441348876734841
AUU,0.27686826206001003
CAA,0.4613997503032672
CAC,0.5348397238118272
CAG,3.4405429150641056
CAU,0.7903748884284691
CCA,0.31667041582484695
CCC,2.1836523287967715
CCG,1.8381105619180425
CCU,1.7924743490523252
CGA,0.5119168128046784
CGC,0.6330654468108432
CGG,2.0322080491255607
CGU,0.3934077727710149
CUA,1.3725534159504162
CUC,1.207236164923223
CUG,1.4600731935354936
CUU,1.2888022854866346
GAA,0.30330945474604554
GAC,0.2796757842863219
GAG,2.1651761818708817
GAU,0.5069574336180451
GCA,0.32489072395407415
GCC,0.3701135869083505
GCG,0.7437010836575074
GCU,0.22698928805161878
GGA,1.0269239259066667
GGC,0.17087522973913055
GGG,1.3622916736080521
GGU,0.38423211415841907
GUA,0.4048378760545588
GUC,0.5119944943275664
GUG,0.9981689005870512
GUU,0.285185475470331
UAC,0.5317110827909837
UAU,0.7890281107598265
UCA,0.37879374620863526
UCC,0.542921347789048
UCG,2.9042694659999087
UCU,0.31026706261819703
UGC,0.7013004538725462
UGG,0.32273203492622493
UGU,0.983827528656043
UUA,0.5794517011252677
UUC,0.3416565375763568
UUG,0.32784474122352286
UUU,0.5770248381798492
