codon,average_decoding_time
AAA,0.4592375083010645
AAC,0.32562524263916626
AAG,0.16126915419348184
AAU,0.5590362027069513
ACA,0.3504918007194905
ACC,0.38180213171568606
ACG,0.5787381836534377
ACU,0.2290428324396108
AGA,0.14754934514704132
AGC,1.394810319176947
AGG,0.29198327081431863
AGU,1.7507391327688033
AUA,0.4442036798757533
AUC,0.4727436943189339
AUG,0.5214442287715011
AUU,0.27815130250804154
CAA,0.4624408976479041
CAC,0.533578773618489
CAG,3.4715281817318187
CAU,0.7883876490260573
CCA,0.315917473868382
CCC,2.192465789953483
CCG,1.8351070228445043
CCU,1.7938583110582142
CGA,0.5101394015674876
CGC,0.6317220638549089
CGG,2.038053187528396
CGU,0.3926778983748093
CUA,1.3716352232665354
CUC,1.210787238427446
CUG,1.3942466629393016
CUU,1.2899263718709049
GAA,0.30306471285025943
GAC,0.27868040602579414
GAG,2.1372238708286746
GAU,0.5089012290668561
GCA,0.3276031249157944
GCC,0.36889174010731496
GCG,0.7442412791899524
GCU,0.22497011182600557
GGA,1.0200005460513097
GGC,0.1717981651601166
GGG,1.3706158744216304
GGU,0.387236891319477
GUA,0.40495674382010116
GUC,0.5138532369682657
GUG,2.084238311720813
GUU,0.2858955575347622
UAC,0.5298936902898742
UAU,0.7920111353772746
UCA,0.3793797828006058
UCC,0.5408691162105886
UCG,2.9184287866601086
UCU,0.31033197931220863
UGC,0.7057606787278026
UGG,0.3222516101586081
UGU,0.979327713373448
UUA,0.576894104149882
UUC,0.34382059552460986
UUG,0.30902916170457095
UUU,0.578254401918546
