codon,average_decoding_time
AAA,0.4593982829923927
AAC,0.3263431952403452
AAG,0.22978257259483853
AAU,0.5598747470079376
ACA,0.35026720007280404
ACC,0.38164542985063055
ACG,0.6872035202911777
ACU,0.22921283657333982
AGA,0.14867068226074953
AGC,1.3936131085975323
AGG,0.30722820388608874
AGU,1.7362643571199543
AUA,0.4430899303629486
AUC,0.47297924534301916
AUG,0.5516751506078552
AUU,0.2808956061784944
CAA,0.4641305766514929
CAC,0.5317633599340943
CAG,0.6449359653840643
CAU,0.7920167579429523
CCA,0.3159323195887966
CCC,2.192913288802337
CCG,0.4504477503129353
CCU,1.7991653709898494
CGA,0.5090309456868871
CGC,0.632537641440395
CGG,2.20303991630976
CGU,0.391792683958382
CUA,1.376051062265276
CUC,1.2076821467868042
CUG,1.4614574125001314
CUU,1.2870022127671783
GAA,0.304475127454875
GAC,0.28089573238774285
GAG,0.46652316244687586
GAU,0.5060701803359193
GCA,0.32694902947956417
GCC,0.36841970594562007
GCG,0.8518389915036212
GCU,0.22658318615928008
GGA,1.0221018245210716
GGC,0.17160889394825166
GGG,0.6838256619760203
GGU,0.3865783051851107
GUA,0.40398245801871635
GUC,0.5139971542746542
GUG,1.0032805174498802
GUU,0.28452633661309706
UAC,0.5301369082179641
UAU,0.7902157716512814
UCA,0.37756627835739925
UCC,0.5424565659989313
UCG,0.7894060404765975
UCU,0.31035493902316363
UGC,0.7097190269742609
UGG,0.354531637995987
UGU,0.9836984692652984
UUA,0.5753937004792408
UUC,0.3435929535891401
UUG,0.2637443380949396
UUU,0.578167138381963
