codon,average_decoding_time
AAA,0.461516099969441
AAC,0.3263616307951487
AAG,0.2312052808003679
AAU,0.5571658455428935
ACA,0.3500157441898201
ACC,0.3835428430236227
ACG,0.5789656160187994
ACU,0.22358354060819857
AGA,0.1478988169549674
AGC,1.3927440351949898
AGG,0.2926043929932189
AGU,1.7392057849828475
AUA,0.44545876814109564
AUC,0.4730240203673229
AUG,0.5167923172955085
AUU,0.2656925808803893
CAA,0.4642443653134662
CAC,0.5344471404528153
CAG,0.6448243316502543
CAU,0.7879785008419463
CCA,0.3163935388909792
CCC,2.2054016965800183
CCG,1.8414833805139397
CCU,1.6219566548005782
CGA,0.5079897831139686
CGC,0.6313551440598794
CGG,2.0302752090629057
CGU,0.3905350474593505
CUA,1.367917525028245
CUC,1.207908968895573
CUG,1.3939120512964638
CUU,4.430992343040722
GAA,0.30608784070304595
GAC,0.2792514846153135
GAG,0.4645243023485892
GAU,0.5051464601947169
GCA,0.32756032973330884
GCC,0.3702226270326572
GCG,0.7448105698099399
GCU,0.2571155930834376
GGA,1.026312344396155
GGC,0.1719450766431816
GGG,1.372909535142767
GGU,0.3873919489579824
GUA,0.40512345678558803
GUC,0.5138252226431563
GUG,2.07125279393122
GUU,0.27229153812191387
UAC,0.36839026419552406
UAU,0.607171193822848
UCA,0.3744325629203168
UCC,0.5346480394730874
UCG,2.3014314728903424
UCU,0.24634553270831988
UGC,0.515066740618559
UGG,0.304267285419533
UGU,0.7673289287002181
UUA,0.5194814455312973
UUC,0.30195366221915354
UUG,0.2118430025974984
UUU,0.5304776415576817
