codon,average_decoding_time
AAA,0.45785096356023003
AAC,0.3279412950553109
AAG,0.16136360994423843
AAU,0.5580008710138157
ACA,0.3517194361486067
ACC,0.38333236332175497
ACG,0.579455002163763
ACU,0.223801456230891
AGA,0.14744841228124902
AGC,1.3899254913320807
AGG,1.6346285091455666
AGU,1.7464615772547154
AUA,0.4436506057555238
AUC,0.47194186112493886
AUG,0.5498681290610902
AUU,0.2662251203649886
CAA,0.4641906201250929
CAC,0.532961065043405
CAG,3.472419195651968
CAU,0.7924333215711877
CCA,0.3178765087496155
CCC,2.187550481968887
CCG,1.8353273415391287
CCU,1.6187001921580708
CGA,0.5090561280558146
CGC,0.6367806785729584
CGG,2.029003087882992
CGU,0.3905360008965953
CUA,1.3740281538394827
CUC,1.2101145810134275
CUG,1.4662928780344924
CUU,4.464566768073524
GAA,0.3037640932530554
GAC,0.27975851665824963
GAG,2.1592944425884855
GAU,0.5067300829899506
GCA,0.32607938108260864
GCC,0.36935542544886063
GCG,0.7445898982914579
GCU,0.2551791761731276
GGA,1.0297256105252064
GGC,0.17175898214189544
GGG,1.366623895336771
GGU,0.38622241962860027
GUA,0.40404251519573153
GUC,0.5132426331517458
GUG,0.989333407088415
GUU,0.274332866122941
UAC,0.37084282696019305
UAU,0.60985450906913
UCA,0.3739421830725366
UCC,0.5346869195597561
UCG,2.326214465652121
UCU,0.24548673717202835
UGC,0.5150541246819896
UGG,0.18442121346970894
UGU,0.768151263892141
UUA,0.5231214887068557
UUC,0.2993383312175104
UUG,0.2428529451651978
UUU,0.5304890219681634
