codon,average_decoding_time
AAA,0.45963887529853514
AAC,0.32652711601377343
AAG,0.22996362851423405
AAU,0.5591578187759937
ACA,0.3511032423095331
ACC,0.3827941511891756
ACG,0.6626126784768283
ACU,0.22982530319631375
AGA,0.14832115401025295
AGC,1.3973495787679542
AGG,0.30669736986507434
AGU,1.74730948338331
AUA,0.4436916239760134
AUC,0.46850765807688605
AUG,0.5212806463142431
AUU,0.2765452508700411
CAA,0.4643636367459578
CAC,0.5344355210617955
CAG,0.6456758502508273
CAU,0.7880215047326847
CCA,0.31769471773838626
CCC,2.188625034059001
CCG,0.5068172733516656
CCU,1.7824557509667271
CGA,0.5114076075950637
CGC,0.6333724900733018
CGG,2.1964469411119674
CGU,0.3929512460950109
CUA,1.369931270538788
CUC,1.2118275419940137
CUG,1.397348315926276
CUU,1.2935390375738263
GAA,0.2728736925826618
GAC,0.2804831877239905
GAG,0.4341403006627466
GAU,0.5079052690155378
GCA,0.32231268778383193
GCC,0.3503411543407929
GCG,0.7097373299754696
GCU,0.20725404841413697
GGA,0.8240755895704216
GGC,0.148999867565516
GGG,0.6306143003387285
GGU,0.3604273982812495
GUA,0.32291378361895734
GUC,0.4330187349288411
GUG,1.7592384003579802
GUU,0.21105839696668566
UAC,0.5342624772315743
UAU,0.7864394648209513
UCA,0.377590199526394
UCC,0.5414711498367175
UCG,0.7885334651880185
UCU,0.3094611502447982
UGC,0.7015125891674642
UGG,0.3522052758469621
UGU,0.9857944725140407
UUA,0.5798453140609653
UUC,0.3434893724749258
UUG,0.2524909983722676
UUU,0.5779423398191896
