codon,average_decoding_time
AAA,0.458117654283627
AAC,0.3252082516945519
AAG,0.1618489590615647
AAU,0.5587835764205269
ACA,0.3498452504047283
ACC,0.3826614703249415
ACG,0.5751231774602895
ACU,0.22545796978483645
AGA,0.14790663384242175
AGC,1.3947486907004483
AGG,1.6248074581297887
AGU,1.7520689194565813
AUA,0.4426784271625829
AUC,0.4708080173450172
AUG,0.5222151960100615
AUU,0.26557196784264603
CAA,0.4645112551076823
CAC,0.5341879171606664
CAG,3.4517871363027743
CAU,0.7905432941032619
CCA,0.31806501946205223
CCC,2.1876900009164912
CCG,1.8384244502628944
CCU,1.6217756668863106
CGA,0.5086553797891652
CGC,0.6355426353928922
CGG,2.0297661320360874
CGU,0.3915830457312448
CUA,1.3671741907596944
CUC,1.2052064510398333
CUG,1.3959259910326163
CUU,4.4388724645476865
GAA,0.3045089670975157
GAC,0.27845373882522295
GAG,2.1553291945824147
GAU,0.5070015169040353
GCA,0.3270751845887906
GCC,0.3688783481518118
GCG,0.7429904423345289
GCU,0.25727158780158754
GGA,1.0220611155393335
GGC,0.17047450644898315
GGG,1.3716554343861642
GGU,0.38507735766641155
GUA,0.40584318342997067
GUC,0.5119186066969267
GUG,2.0793152588099186
GUU,0.27305541992033044
UAC,0.37185128331208667
UAU,0.6061419560892608
UCA,0.37170013769528937
UCC,0.5359630596058644
UCG,2.3154452683382702
UCU,0.24480341882825926
UGC,0.5129318168677215
UGG,0.18441036947411832
UGU,0.7674058906380224
UUA,0.5179700875190832
UUC,0.29968416920907975
UUG,0.19470474237670296
UUU,0.5298359672065113
