codon,average_decoding_time
AAA,0.4573016265346902
AAC,0.32469551162069243
AAG,0.23051917349102138
AAU,0.5581935213913638
ACA,0.3515606906565118
ACC,0.3805114128859992
ACG,0.5780534828217471
ACU,0.22403202828742547
AGA,0.14776632457267336
AGC,1.3881461173695953
AGG,1.6334842363783488
AGU,1.7529331228087406
AUA,0.443669933532345
AUC,0.47266612685962106
AUG,0.5218962932284908
AUU,0.2666436585197851
CAA,0.4663373757255166
CAC,0.5318756025566059
CAG,0.6439213660803955
CAU,0.7887556214468109
CCA,0.31747978324367654
CCC,2.1803023359199143
CCG,1.8431341155223593
CCU,1.6301484649885298
CGA,0.5095486031409598
CGC,0.6312060575746793
CGG,2.036353427997916
CGU,0.3900103183296705
CUA,1.3712863752594555
CUC,1.2079097308758335
CUG,1.398832027129086
CUU,4.446096687439763
GAA,0.30270002317156863
GAC,0.2802488806385
GAG,0.4667937301797553
GAU,0.5068939327648828
GCA,0.32620351064226283
GCC,0.3702467613391867
GCG,0.7428348204354086
GCU,0.25677675774943093
GGA,1.0224147520494673
GGC,0.17142809463596623
GGG,1.3651425295556896
GGU,0.3851414925619299
GUA,0.4054323648378668
GUC,0.5120479356577972
GUG,2.0751094498867717
GUU,0.27335417908782844
UAC,0.3685139532465407
UAU,0.6079548086267209
UCA,0.3749082196715259
UCC,0.5365130273940594
UCG,2.300566339111197
UCU,0.24596865668394527
UGC,0.5121792507479839
UGG,0.18518184913503283
UGU,0.7670237900171755
UUA,0.5193077821460023
UUC,0.299512861531916
UUG,0.19386442087529154
UUU,0.5303883799777349
