codon,average_decoding_time
AAA,0.458617638148251
AAC,0.326214911211635
AAG,0.22919005841506027
AAU,0.5576476857441671
ACA,0.35064137042665294
ACC,0.3815283785718945
ACG,0.5812377213433256
ACU,0.2300364190470455
AGA,0.14866238280358857
AGC,1.3940538217311749
AGG,0.2906305579804494
AGU,1.7539504930529661
AUA,0.4433433213567988
AUC,0.47193946445143803
AUG,0.5527114668263091
AUU,0.2782329395835852
CAA,0.4639177269096897
CAC,0.5332736333896397
CAG,0.6434436132129214
CAU,0.7910276245986223
CCA,0.3179007640192078
CCC,2.1885426257849736
CCG,1.8386794228148065
CCU,1.7892725286845825
CGA,0.5093832813482857
CGC,0.6305739706837039
CGG,2.031242027614552
CGU,0.39353984347838195
CUA,1.3674224463687663
CUC,1.206282630411371
CUG,1.4658030356596405
CUU,1.2968730486728177
GAA,0.3050384942363847
GAC,0.278394190057263
GAG,0.46567525737932386
GAU,0.5084024630192249
GCA,0.32668424661537226
GCC,0.369421172011782
GCG,0.7445025345013427
GCU,0.22626108606454476
GGA,1.0258243635114017
GGC,0.1711475860216098
GGG,1.3644867280879993
GGU,0.38912063074055625
GUA,0.40515170245551346
GUC,0.514936783281012
GUG,0.9978305656635472
GUU,0.2848680920123635
UAC,0.5339267252529523
UAU,0.7875084149212995
UCA,0.3784085937029306
UCC,0.5417119650248403
UCG,2.910751996510606
UCU,0.30909250111152137
UGC,0.7089475606596074
UGG,0.323545382466716
UGU,0.9832216059731494
UUA,0.57875627643243
UUC,0.3429997256584615
UUG,0.2630481787807152
UUU,0.5788759150774481
