codon,average_decoding_time
AAA,0.45705519091199115
AAC,0.3256795680785425
AAG,0.2294467787323969
AAU,0.5587527667875821
ACA,0.3517061941855791
ACC,0.3822343850213142
ACG,0.5792098008869888
ACU,0.23067537927170598
AGA,0.14841645072849852
AGC,1.393838409047521
AGG,1.6304236113726482
AGU,1.7458011510288844
AUA,0.44299560518485753
AUC,0.47296079676258107
AUG,0.5222247494795953
AUU,0.27924339567903483
CAA,0.4647048877505047
CAC,0.5300357674271555
CAG,0.6459707841257577
CAU,0.7946413174929324
CCA,0.3179639859086626
CCC,2.192361410944736
CCG,1.8406418854808548
CCU,1.7900488043890472
CGA,0.5119751886329189
CGC,0.6306903118566439
CGG,2.0319812390207854
CGU,0.3926838715654756
CUA,1.3694914736220278
CUC,1.2133802584527693
CUG,1.4001183530314867
CUU,1.290009501936066
GAA,0.3041303868082552
GAC,0.2779917136624869
GAG,0.4653463590839891
GAU,0.5065447784336428
GCA,0.32606330601056366
GCC,0.3699344875953366
GCG,0.7488306946822203
GCU,0.22691232204947007
GGA,1.0243010970335407
GGC,0.17117839010364558
GGG,1.3595130875620187
GGU,0.38597716215754657
GUA,0.4052073566361718
GUC,0.5143935822500791
GUG,2.0758152349629926
GUU,0.2846696143945107
UAC,0.5341077044804468
UAU,0.7914267001138322
UCA,0.3766084797016553
UCC,0.5404670638658773
UCG,2.9185652362046897
UCU,0.31020239637231595
UGC,0.7057413189372831
UGG,0.32365211617397394
UGU,0.9839395985145711
UUA,0.5775749071143556
UUC,0.3425512055040828
UUG,0.3080653464959698
UUU,0.5754581659167453
