codon,average_decoding_time
AAA,0.4604299941192665
AAC,0.3283289731892034
AAG,0.22988041099615206
AAU,0.5611221400269117
ACA,0.34928872430569
ACC,0.3820196895306402
ACG,0.6868690687923636
ACU,0.22908819143395184
AGA,0.148278722607473
AGC,1.3907831388287404
AGG,1.7974521781200765
AGU,1.7446798774080086
AUA,0.44393380908166125
AUC,0.47176041875228636
AUG,0.5206831307649284
AUU,0.27814565485058645
CAA,0.46415594742254174
CAC,0.5353943878672406
CAG,0.6461719719777294
CAU,0.7899228204836843
CCA,0.3169744013729294
CCC,2.1897189707987867
CCG,0.45077957143358144
CCU,1.7983757495980175
CGA,0.5097214604970682
CGC,0.6297349280261295
CGG,2.1895540145673005
CGU,0.39213183177522776
CUA,1.3758509220818997
CUC,1.2013141909992076
CUG,1.4005884423284893
CUU,1.2916840352008372
GAA,0.30365322907410247
GAC,0.2798215904930075
GAG,0.4656319934727701
GAU,0.5059546986837729
GCA,0.3260144770496023
GCC,0.3699832751242899
GCG,0.8506076999507067
GCU,0.22622783004902666
GGA,1.0221551960551638
GGC,0.17117988650102656
GGG,0.6816087039546654
GGU,0.3874801402658681
GUA,0.4062763572164685
GUC,0.5136709568282819
GUG,2.07401931093109
GUU,0.2837483855623247
UAC,0.5333737671037887
UAU,0.7934927196833225
UCA,0.37751308706394054
UCC,0.5420130767362237
UCG,0.7889445025232171
UCU,0.3102629889678444
UGC,0.7049436886736916
UGG,0.3541615985647907
UGU,0.9870422770957363
UUA,0.5804211383623272
UUC,0.3428799330112385
UUG,0.2526334924533682
UUU,0.5770485336388509
