codon,average_decoding_time
AAA,0.46095524510621705
AAC,0.3256845664210635
AAG,0.16026219016857376
AAU,0.5573856877583517
ACA,0.3506974934168451
ACC,0.3825045048156737
ACG,0.5785918479083454
ACU,0.22927125130630746
AGA,0.14855294656243315
AGC,1.3930338315713842
AGG,1.6366375311206052
AGU,1.738439729219921
AUA,0.44472726276457375
AUC,0.47174712892230736
AUG,0.5224445275104653
AUU,0.278585646300179
CAA,0.46444421820572046
CAC,0.5329852587488402
CAG,3.4445160805626296
CAU,0.7883511369648425
CCA,0.318402444137599
CCC,2.185106182546558
CCG,1.8371402136767725
CCU,1.7939519635968944
CGA,0.5098694846879889
CGC,0.6327975451111921
CGG,2.02606037442563
CGU,0.39324281904939234
CUA,1.373558115822261
CUC,1.206422138673467
CUG,1.4077107263535038
CUU,1.288216685926662
GAA,0.3038215711776252
GAC,0.2807352331804355
GAG,2.164703838443153
GAU,0.5060582972445521
GCA,0.3265340420581926
GCC,0.36773402012878115
GCG,0.7437132994135823
GCU,0.22684867755862836
GGA,1.0263572954573237
GGC,0.1711224486318702
GGG,1.3696750819933619
GGU,0.3862434815775304
GUA,0.40653472718725725
GUC,0.5145807165610681
GUG,2.0784059100579815
GUU,0.2859927559049936
UAC,0.5318616937906125
UAU,0.7889991797207299
UCA,0.3772440602458905
UCC,0.5412673502816006
UCG,2.9369276103796174
UCU,0.3096257894071009
UGC,0.7036120597094541
UGG,0.32400078676576965
UGU,0.9797497416311971
UUA,0.5805899594317682
UUC,0.342278508314453
UUG,0.2534610758714641
UUU,0.5781230377749118
