codon,average_decoding_time
AAA,0.4596876094381572
AAC,0.32607544051336296
AAG,0.1612234996856365
AAU,0.5603958291798536
ACA,0.34997667724017373
ACC,0.38312947965858907
ACG,0.6853719548290049
ACU,0.22980665712784426
AGA,0.14860196022653724
AGC,1.3975614289445837
AGG,1.7996457688409668
AGU,1.7413401039388503
AUA,0.44435325416838967
AUC,0.4734532195623143
AUG,0.5530314599112699
AUU,0.2793948575978495
CAA,0.4645298918219791
CAC,0.5302168932431006
CAG,3.453116123482095
CAU,0.7920425787009704
CCA,0.31636368990758806
CCC,2.193751642936681
CCG,0.44969847400660307
CCU,1.7920745316945697
CGA,0.5121293457107139
CGC,0.6329072041722387
CGG,2.210540460313399
CGU,0.3925486614181358
CUA,1.374659431827437
CUC,1.208235733902722
CUG,1.4636839073093235
CUU,1.2865429704743547
GAA,0.30386405015533496
GAC,0.2793181293546731
GAG,2.1574227280453635
GAU,0.5080487378558413
GCA,0.3274490394071513
GCC,0.37036637454256766
GCG,0.8535793279826268
GCU,0.2250668576468215
GGA,1.0217776318911695
GGC,0.17096217579402284
GGG,0.6826713239290826
GGU,0.38776975182622264
GUA,0.40649397949179694
GUC,0.5131572933780921
GUG,0.9919587605450979
GUU,0.2839580242308362
UAC,0.5329799656234712
UAU,0.7924251828419581
UCA,0.3771190703094766
UCC,0.5436652603313326
UCG,0.7868565982725038
UCU,0.3116182006170353
UGC,0.7056357214379548
UGG,0.3527282826492096
UGU,0.9829858637735718
UUA,0.5793433168012906
UUC,0.34524646918978963
UUG,0.26402419683244865
UUU,0.5753639059818728
