codon,average_decoding_time
AAA,0.4607772074463052
AAC,0.3261654643408969
AAG,0.2305721609918545
AAU,0.5590923172930065
ACA,0.350794315071072
ACC,0.38293864688035195
ACG,0.6873843987587183
ACU,0.22435683539476212
AGA,0.1480117856620426
AGC,1.4020548015777574
AGG,0.30749103546491546
AGU,1.7509254442200428
AUA,0.4447020338722923
AUC,0.4706105748922712
AUG,0.5197993832045384
AUU,0.2650662941112059
CAA,0.46702452432638564
CAC,0.528916745626627
CAG,0.6435055783693213
CAU,0.7887390638251455
CCA,0.31804281113510785
CCC,2.2012064207987367
CCG,0.44997271973477143
CCU,1.6271527944035167
CGA,0.5108431950154723
CGC,0.6324198847008058
CGG,2.2035487029745715
CGU,0.39359177535425965
CUA,1.368080018841821
CUC,1.2093634657583945
CUG,1.3981062854979789
CUU,4.453053860583377
GAA,0.3035163285292242
GAC,0.2802799420684939
GAG,0.4652893819140759
GAU,0.5080152938450596
GCA,0.32525179538877463
GCC,0.368416284627114
GCG,0.8522961013083938
GCU,0.25613995395923195
GGA,1.0188085638140223
GGC,0.17099810767472307
GGG,0.6806110903016253
GGU,0.3881536444543306
GUA,0.4044699756154825
GUC,0.5113827094486858
GUG,2.0782867420068496
GUU,0.27204255941474087
UAC,0.3698436614773985
UAU,0.6079314815544841
UCA,0.3731927018898286
UCC,0.5360652655088374
UCG,0.646691656158352
UCU,0.24611737947471898
UGC,0.5129580124970067
UGG,0.33406566062384074
UGU,0.7684596736793319
UUA,0.5212706613184023
UUC,0.29971024863051704
UUG,0.2253984794409634
UUU,0.5316412462726829
