codon,average_decoding_time
AAA,0.45740227693112084
AAC,0.3254628561991609
AAG,0.22948207309885257
AAU,0.5587878122892225
ACA,0.35053677848370063
ACC,0.3816422776049612
ACG,0.6668454691400555
ACU,0.2300566410394847
AGA,0.1480726384212707
AGC,1.3986162834405507
AGG,1.8097578672549803
AGU,1.7506941606569666
AUA,0.44375077168388344
AUC,0.47072784534890777
AUG,0.522028193028476
AUU,0.27779685282980704
CAA,0.46338439234583007
CAC,0.5316508076497718
CAG,0.6440457399978312
CAU,0.7862590655335902
CCA,0.3180035417365759
CCC,2.1907456352875134
CCG,0.5073619485453514
CCU,1.7859123067454215
CGA,0.5093891113600949
CGC,0.6330455033306864
CGG,2.20765496629033
CGU,0.39199031377809124
CUA,1.3602514173675846
CUC,1.2091958627140533
CUG,1.4055730909715185
CUU,1.284914257709605
GAA,0.27220352951860943
GAC,0.28000240335236914
GAG,0.43375627207154765
GAU,0.5063483173233375
GCA,0.3238981725504845
GCC,0.34953150823780976
GCG,0.711103773989876
GCU,0.2073522042195306
GGA,0.8248271458445336
GGC,0.1490125146195799
GGG,0.6343705551772875
GGU,0.36192058527476123
GUA,0.3232857580332633
GUC,0.431841979262385
GUG,1.5628178898432807
GUU,0.21263137788161787
UAC,0.5316131313547348
UAU,0.7887498029656697
UCA,0.3766392185578656
UCC,0.5428321957589536
UCG,0.7830491794308403
UCU,0.31146243979525917
UGC,0.7053633485585189
UGG,0.35291966221541365
UGU,0.983400990390413
UUA,0.5803255155964957
UUC,0.3442834876628195
UUG,0.3076346329157009
UUU,0.5784509324958732
