codon,average_decoding_time
AAA,0.45695388161021705
AAC,0.3244349853740662
AAG,0.23042653123798904
AAU,0.5600813776780551
ACA,0.34935689536199355
ACC,0.38110003354227867
ACG,0.5796159725707468
ACU,0.22458106502298222
AGA,0.14836489432927338
AGC,1.3904919992205942
AGG,0.29077150791178563
AGU,1.7395132413656527
AUA,0.44351607981481206
AUC,0.47373046686328596
AUG,0.5231521102663061
AUU,0.26690711060533323
CAA,0.4651645814498718
CAC,0.5285635228674388
CAG,0.6476260709444251
CAU,0.78959916795942
CCA,0.3182096333952885
CCC,2.1948443488803764
CCG,1.844478822266141
CCU,1.6225435904105223
CGA,0.5098772812159134
CGC,0.631215335607774
CGG,2.04042565684784
CGU,0.39322440453865454
CUA,1.3696819847210437
CUC,1.2060940194859735
CUG,1.4064499984648007
CUU,4.439976513859319
GAA,0.3039658332290535
GAC,0.2816800372515903
GAG,0.4649481537809378
GAU,0.5082801740028329
GCA,0.3268269847893919
GCC,0.3696332159294293
GCG,0.7456849332706194
GCU,0.2547219617790629
GGA,1.0221601174022141
GGC,0.17129386140503208
GGG,1.3693799781763498
GGU,0.38575626560264265
GUA,0.40575870184776214
GUC,0.5117859996472006
GUG,2.075112296746529
GUU,0.27247882079462155
UAC,0.3716295829312561
UAU,0.6044231536838994
UCA,0.37175975629018054
UCC,0.5370183778183423
UCG,2.3050306132638667
UCU,0.24639189066180478
UGC,0.5141852680617728
UGG,0.3029800697479721
UGU,0.767984034650624
UUA,0.5201545198908386
UUC,0.3012073165321104
UUG,0.2000923472238323
UUU,0.5292669168725849
