codon,average_decoding_time
AAA,0.45676462581523614
AAC,0.32578956397028797
AAG,0.23060615437438298
AAU,0.5568469967633155
ACA,0.34927758734204356
ACC,0.38255556521943446
ACG,0.6882810151807166
ACU,0.2291962679948917
AGA,0.14871276770132363
AGC,1.4002031199275597
AGG,1.8051109061374486
AGU,1.7389713718246416
AUA,0.4445211894621913
AUC,0.4742949285649568
AUG,0.5504411104770481
AUU,0.27829358721206093
CAA,0.4673810998251616
CAC,0.5318078481338325
CAG,0.6469089361411426
CAU,0.7884424553948686
CCA,0.3170878886648395
CCC,2.1797448135689734
CCG,0.44972206334805725
CCU,1.7984111679699653
CGA,0.5113157925738606
CGC,0.6304486340203806
CGG,2.1935309013774615
CGU,0.39324095987047314
CUA,1.3742443233834116
CUC,1.2079946146163112
CUG,1.4713001338822973
CUU,1.2872074311629589
GAA,0.3031738226167831
GAC,0.27972511093986113
GAG,0.46710202751771035
GAU,0.5085212033186035
GCA,0.3256623557532353
GCC,0.3704180334091241
GCG,0.8548665731031886
GCU,0.2251256552444972
GGA,1.0172975327823586
GGC,0.17204337052717866
GGG,0.6813566885602939
GGU,0.387378422816093
GUA,0.4059650114368413
GUC,0.5126772537233295
GUG,0.9981969362299856
GUU,0.28562691278351826
UAC,0.5351348808852779
UAU,0.792238783237637
UCA,0.3769556551848467
UCC,0.5403010711786417
UCG,0.7912335363986054
UCU,0.3104558848909736
UGC,0.7030293238950384
UGG,0.35343683299128376
UGU,0.9830071596213036
UUA,0.5782018838003264
UUC,0.3440467043332009
UUG,0.2649248040500735
UUU,0.577549431382787
