codon,average_decoding_time
AAA,0.459183047077229
AAC,0.3269742228981247
AAG,0.22995259653753405
AAU,0.5600885767645387
ACA,0.34892439825088256
ACC,0.3824151107696999
ACG,0.6856024895676428
ACU,0.22402878122863262
AGA,0.1494981414954991
AGC,1.40319247686637
AGG,1.8012171902275236
AGU,1.7451315984367626
AUA,0.44286374600561257
AUC,0.473864846167156
AUG,0.5502256529660726
AUU,0.2652982243879701
CAA,0.46250834137204566
CAC,0.534626390946439
CAG,0.6423350388982922
CAU,0.791562124179922
CCA,0.3173815074998264
CCC,2.183628505834353
CCG,0.4485465280092255
CCU,1.6208553376731454
CGA,0.5112692676459389
CGC,0.633668680256891
CGG,2.19316364949086
CGU,0.3945587899529263
CUA,1.3715927977650042
CUC,1.208524896211338
CUG,1.463326973897171
CUU,4.460169686971078
GAA,0.30316008462956184
GAC,0.280967681582407
GAG,0.46627494659937846
GAU,0.5059514441099787
GCA,0.3263119342975481
GCC,0.36983569760361884
GCG,0.8524268859141083
GCU,0.25581352618576475
GGA,1.025958393411486
GGC,0.17150808553001498
GGG,0.6846967356477307
GGU,0.385310109378915
GUA,0.4034406682308444
GUC,0.512554459074694
GUG,0.9941269226350687
GUU,0.27218309839411436
UAC,0.3710675435255928
UAU,0.6059931175010619
UCA,0.37312339539055317
UCC,0.5332919001374598
UCG,0.6485114368423425
UCU,0.24575872984979086
UGC,0.5139895478575444
UGG,0.21472268213282503
UGU,0.7699660716279867
UUA,0.517791502614237
UUC,0.29783493962085805
UUG,0.21230948263432373
UUU,0.5291028974734239
