codon,average_decoding_time
AAA,0.45993291042588136
AAC,0.32620064246478103
AAG,0.1610293478850677
AAU,0.5601367108100875
ACA,0.35126810029608496
ACC,0.3830970104534541
ACG,0.6848117413086725
ACU,0.22376556680442325
AGA,0.14728176106705335
AGC,1.3943118869460616
AGG,1.8115227854062717
AGU,1.7482448188211237
AUA,0.44273120704663227
AUC,0.4723027097455469
AUG,0.5198063055737148
AUU,0.26513172992686246
CAA,0.46502366219911717
CAC,0.5330600061819686
CAG,3.4774826107094774
CAU,0.7880248858793614
CCA,0.3188472688574119
CCC,2.1916917844647794
CCG,0.4492600813237155
CCU,1.6154474894749207
CGA,0.5096460178877338
CGC,0.635832493932333
CGG,2.2043845177359103
CGU,0.3933174090143045
CUA,1.3702332436749711
CUC,1.203411836188423
CUG,1.3989515351041975
CUU,4.44671013071679
GAA,0.3049559240182409
GAC,0.2805080077682558
GAG,2.169412858112416
GAU,0.5065249579811362
GCA,0.3268722268020399
GCC,0.37026646757739967
GCG,0.8539433706422824
GCU,0.2566384022026833
GGA,1.0232931984891374
GGC,0.17140646235242787
GGG,0.6838563817313271
GGU,0.3879385978464106
GUA,0.40454920548310574
GUC,0.5156898231182659
GUG,2.0785617149662494
GUU,0.27289855123994866
UAC,0.3703281182301155
UAU,0.6089426781021454
UCA,0.3718168002239458
UCC,0.5349468039895902
UCG,0.6464543113350896
UCU,0.24579483717162934
UGC,0.5175626075471662
UGG,0.21420645974310432
UGU,0.7706860282374175
UUA,0.5224348549527282
UUC,0.3000386399046542
UUG,0.20167047157337675
UUU,0.5319802716352258
