codon,average_decoding_time
AAA,0.45866969929376783
AAC,0.3272398862961051
AAG,0.16107864649062173
AAU,0.561419082547777
ACA,0.3508271239199317
ACC,0.38243363615265785
ACG,0.6666503872348981
ACU,0.22482083921117688
AGA,0.14709689153190397
AGC,1.3842499880638526
AGG,1.8037498787025492
AGU,1.7435790174674632
AUA,0.4435862024963333
AUC,0.47262421452475717
AUG,0.5215681818578131
AUU,0.263554276001789
CAA,0.46606910459465783
CAC,0.5320298023980943
CAG,3.453527443363428
CAU,0.7880702057813824
CCA,0.3185587467457161
CCC,2.188547169999952
CCG,0.5069921933667827
CCU,1.615077058163058
CGA,0.509621232947507
CGC,0.6307444605366802
CGG,2.1974113927685472
CGU,0.3927309450364311
CUA,1.3683706655202894
CUC,1.2084481676281962
CUG,1.397199016194774
CUU,4.440014149303771
GAA,0.2704774910487542
GAC,0.280286615101406
GAG,1.9341406503615761
GAU,0.5075778107794781
GCA,0.3221267021174215
GCC,0.3501057517961015
GCG,0.7091895138681777
GCU,0.22918313523636707
GGA,0.8305446776541368
GGC,0.14871236191763235
GGG,0.6337212982967182
GGU,0.36111411587379405
GUA,0.32518249153375967
GUC,0.433588514185136
GUG,1.773698366938239
GUU,0.1998546558267339
UAC,0.3691290237000739
UAU,0.6053604313432275
UCA,0.37338257945354647
UCC,0.5368341030305744
UCG,0.6466834953360642
UCU,0.24482507640404885
UGC,0.5127714518398782
UGG,0.21375406743462233
UGU,0.765339217123299
UUA,0.5203268764244797
UUC,0.3001952265287952
UUG,0.20289347487556944
UUU,0.5309881700966506
