codon,average_decoding_time
AAA,0.46003082546543345
AAC,0.32686810878413186
AAG,0.23056246068122935
AAU,0.5617324552647412
ACA,0.35080903264758795
ACC,0.38220929182451263
ACG,0.665879785134439
ACU,0.22832529323242978
AGA,0.14771454710192522
AGC,1.393227307609629
AGG,0.3065966761862255
AGU,1.745288610905817
AUA,0.4433947444552043
AUC,0.4711367375881624
AUG,0.5517636399618077
AUU,0.2795975136038103
CAA,0.4650863325146308
CAC,0.5345342059682956
CAG,0.6436503499652314
CAU,0.7913249426972266
CCA,0.31753679439771587
CCC,2.1819964322624803
CCG,0.5078225245274439
CCU,1.7984171564635723
CGA,0.5094649312361862
CGC,0.6316644250726035
CGG,2.198962537455559
CGU,0.3931867171384554
CUA,1.3745971012004365
CUC,1.2006788015603247
CUG,1.4602343343851227
CUU,1.286799612104843
GAA,0.2723127692339636
GAC,0.2794769730015924
GAG,0.43452721121915805
GAU,0.509785097072528
GCA,0.3229262343344824
GCC,0.3492403089425906
GCG,0.7117986138565117
GCU,0.2081032938878858
GGA,0.8294665324481537
GGC,0.14840298814098477
GGG,0.6359753955451005
GGU,0.3610050188373352
GUA,0.32481071484131846
GUC,0.4309143600467063
GUG,0.8603613726155485
GUU,0.2125574680773064
UAC,0.5328557664475786
UAU,0.7923449224179873
UCA,0.37816136452514043
UCC,0.5408165154365758
UCG,0.7915704508191486
UCU,0.30889885640489445
UGC,0.7032584216581299
UGG,0.35462893827251263
UGU,0.9811426924280422
UUA,0.5767561867090215
UUC,0.34246951244189366
UUG,0.26401503166993784
UUU,0.5804159775681459
