codon,average_decoding_time
AAA,0.4611512633166592
AAC,0.3272965832306989
AAG,0.1609924636343141
AAU,0.5588280382732937
ACA,0.35140613151605105
ACC,0.382338468308358
ACG,0.578326214941033
ACU,0.22895072241510414
AGA,0.14836666499685552
AGC,1.3952441246655511
AGG,1.6302958087961077
AGU,1.7460555564706173
AUA,0.44407463090390287
AUC,0.47145268894733017
AUG,0.5533312478923581
AUU,0.27863493986308907
CAA,0.46618965476254615
CAC,0.5337548621983979
CAG,3.4610296127695444
CAU,0.7896991089573919
CCA,0.3176623308100885
CCC,2.1931398358829535
CCG,1.8340862789824663
CCU,1.7977873895226755
CGA,0.510120811566061
CGC,0.6361893388504071
CGG,2.0388082015678037
CGU,0.3913125234617881
CUA,1.3669279447528044
CUC,1.2133471256884882
CUG,1.4649912315066458
CUU,1.296570656052896
GAA,0.3043486767190001
GAC,0.27960015424934254
GAG,2.1602710365702698
GAU,0.5062833988111534
GCA,0.32766297740934724
GCC,0.37043201513075985
GCG,0.7436453731145146
GCU,0.22644606564527892
GGA,1.0244147483499635
GGC,0.17106180863143997
GGG,1.3620268915480047
GGU,0.3861143948691039
GUA,0.4065657816055145
GUC,0.5127275476005372
GUG,0.9943997520416825
GUU,0.28437393515235565
UAC,0.5348441294407298
UAU,0.7886274261470408
UCA,0.3763898909548363
UCC,0.5414671180141792
UCG,2.9109840916981207
UCU,0.31025471592942405
UGC,0.7076642240234345
UGG,0.32333080490117394
UGU,0.9819673894861055
UUA,0.5790278403035877
UUC,0.3429408754020424
UUG,0.2623998550175405
UUU,0.5805360735174249
