codon,average_decoding_time
AAA,0.45795663768012657
AAC,0.32607604701777265
AAG,0.22913782394372986
AAU,0.5598493586284168
ACA,0.3508336682730796
ACC,0.3821655250753303
ACG,0.5786751495473383
ACU,0.22355201908789465
AGA,0.1480434546235296
AGC,1.3941561059297514
AGG,1.6345633309481422
AGU,1.7477092196550157
AUA,0.4438974592454815
AUC,0.47183799042345315
AUG,0.5494117114926764
AUU,0.2652235530503053
CAA,0.46357239296931685
CAC,0.5356745692215328
CAG,0.6463328900073412
CAU,0.7926997860111873
CCA,0.31821344258422124
CCC,2.1926261115806955
CCG,1.8338847188564003
CCU,1.6213919745327448
CGA,0.508077647785566
CGC,0.6333968820392115
CGG,2.0261505315097303
CGU,0.39219645347583354
CUA,1.3749335815831538
CUC,1.2068007899616915
CUG,1.4716951314904962
CUU,4.451958015341014
GAA,0.30609942111237765
GAC,0.2789914072377615
GAG,0.4664325485004681
GAU,0.5060052483023839
GCA,0.32582889924876507
GCC,0.37116781109013836
GCG,0.7424628839415829
GCU,0.25595492306065876
GGA,1.0220246781173428
GGC,0.17094696592425723
GGG,1.3591908344357098
GGU,0.386149521583316
GUA,0.4071541428854227
GUC,0.5136577199110524
GUG,0.9968016822637518
GUU,0.27185634659446245
UAC,0.3713299933865868
UAU,0.6057434069149908
UCA,0.3718875319713294
UCC,0.5359804414955717
UCG,2.3064674341647047
UCU,0.24543847420098405
UGC,0.5151487575939614
UGG,0.18442241485124328
UGU,0.765843077251212
UUA,0.5194876347581143
UUC,0.2997393793717479
UUG,0.20525058025220144
UUU,0.5310826352915297
