codon,average_decoding_time
AAA,0.45815784889876215
AAC,0.32779762972458537
AAG,0.1610831300856748
AAU,0.5587267337411396
ACA,0.3495135833133583
ACC,0.3827646505754912
ACG,0.577987220653969
ACU,0.2244423612244747
AGA,0.14852154404965615
AGC,1.3921325931371993
AGG,1.6424312828885492
AGU,1.759538428726078
AUA,0.4419143381077797
AUC,0.4722052122321915
AUG,0.5509020439338012
AUU,0.2652449927874183
CAA,0.46546221733239884
CAC,0.5338047985831235
CAG,3.48004071227872
CAU,0.7910704692443431
CCA,0.3158523836139637
CCC,2.1843980778766747
CCG,1.8255643341203194
CCU,1.622255818124365
CGA,0.5112528954079891
CGC,0.6339907667549446
CGG,2.0290423526859604
CGU,0.3930027208614318
CUA,1.3726732755161595
CUC,1.2043943583181829
CUG,1.4604546198937527
CUU,4.4401167994949615
GAA,0.3034437131871257
GAC,0.27863690328597457
GAG,2.1752925716601066
GAU,0.508032296332775
GCA,0.3266695185333373
GCC,0.36880033640090254
GCG,0.7457098790249863
GCU,0.2569082509413523
GGA,1.0239795610713225
GGC,0.17110175946442796
GGG,1.3685620301283725
GGU,0.38758675063522796
GUA,0.40424494438198794
GUC,0.5123130068768024
GUG,0.995256990288684
GUU,0.27274903214453405
UAC,0.37014497812269614
UAU,0.6074671391589503
UCA,0.3736759308950079
UCC,0.5358882387796509
UCG,2.2968645749342538
UCU,0.24550892059723303
UGC,0.5132021643523701
UGG,0.18507988153529398
UGU,0.7667428962234875
UUA,0.519734566389906
UUC,0.29975678073500445
UUG,0.23151753301645953
UUU,0.5290361687256614
