codon,average_decoding_time
AAA,0.46051490196777656
AAC,0.32845892247565694
AAG,0.2303130837600319
AAU,0.5586529900043797
ACA,0.35082651759025507
ACC,0.3812924410948869
ACG,0.6662249804899597
ACU,0.23088286409617714
AGA,0.1485288730269939
AGC,1.391672331680473
AGG,1.7985995771550558
AGU,1.75197741688847
AUA,0.4447292240007354
AUC,0.4683492730217109
AUG,0.5195823662487336
AUU,0.27800063472159453
CAA,0.46478350454037537
CAC,0.5347340801487195
CAG,0.6460936762643802
CAU,0.788110797066842
CCA,0.3155548301856046
CCC,2.1891072457320484
CCG,0.5049697867474672
CCU,1.7907389232192663
CGA,0.5108110523969704
CGC,0.6323908205987131
CGG,2.195644543546033
CGU,0.3925596298889654
CUA,1.3627626853959667
CUC,1.2037789061201492
CUG,1.4064782640012803
CUU,1.2942014738416283
GAA,0.2729203086218049
GAC,0.2763259635628396
GAG,0.43462515291631026
GAU,0.5073215879767259
GCA,0.32237408288537295
GCC,0.35016872706085256
GCG,0.710579922799958
GCU,0.20797574370434965
GGA,0.8311735329441238
GGC,0.1494456059662504
GGG,0.6341545753402466
GGU,0.3612941897619148
GUA,0.3237901504816582
GUC,0.43219915161936545
GUG,1.7657331980532378
GUU,0.21131899874427792
UAC,0.5321569318312189
UAU,0.786693071092605
UCA,0.37855417502363986
UCC,0.5407685628919514
UCG,0.788946279540429
UCU,0.3095617861837589
UGC,0.7039941797470273
UGG,0.3532907246192674
UGU,0.9787440139416652
UUA,0.5777641906528185
UUC,0.34483758315996704
UUG,0.2543542173531636
UUU,0.5771590920702213
