codon,average_decoding_time
AAA,0.4616273633814077
AAC,0.32642708393043873
AAG,0.22965935866355125
AAU,0.5586439169375763
ACA,0.3518032157418227
ACC,0.3839957823364399
ACG,0.6667961301123753
ACU,0.22902653977243861
AGA,0.14860143275780818
AGC,1.39051209796362
AGG,0.3083221374373791
AGU,1.735098334874131
AUA,0.4430764183461236
AUC,0.4712496080239147
AUG,0.523681453043096
AUU,0.2775750190444319
CAA,0.4642103413832982
CAC,0.5333097409766797
CAG,0.6451131047515042
CAU,0.7897199494975382
CCA,0.3158718042526608
CCC,2.1978870302391598
CCG,0.5034777442695393
CCU,1.7966707143259604
CGA,0.5086964946804515
CGC,0.6314277691808716
CGG,2.1992473079728327
CGU,0.3903866093236235
CUA,1.36921079595596
CUC,1.205357549665913
CUG,1.3963924529725078
CUU,1.2865370099464488
GAA,0.2720094295436058
GAC,0.2795598441542891
GAG,0.4345379794338987
GAU,0.5060098935597118
GCA,0.3229946655475306
GCC,0.34915531398089117
GCG,0.7110478501104456
GCU,0.2079902548856044
GGA,0.8280161012846075
GGC,0.14913711772300195
GGG,0.6352665054827424
GGU,0.3601935426405754
GUA,0.3242396323314621
GUC,0.4327887889806261
GUG,1.5688490463194804
GUU,0.21336660984087025
UAC,0.5334304194810711
UAU,0.7859765639484968
UCA,0.37726781347854654
UCC,0.5424839337924005
UCG,0.7907782644518728
UCU,0.3113617273395629
UGC,0.7047026888202133
UGG,0.3533289720440804
UGU,0.9853346502824963
UUA,0.5767963427643686
UUC,0.34208212162485785
UUG,0.30829050070728226
UUU,0.578533079492259
