codon,average_decoding_time
AAA,0.4555287751052127
AAC,0.3267456948055959
AAG,0.16057676213730718
AAU,0.5602808418489914
ACA,0.34941967451439115
ACC,0.38182197050699296
ACG,0.6868868896557659
ACU,0.22291375183365753
AGA,0.14713309833058755
AGC,1.397351287621565
AGG,1.8020349311433963
AGU,1.7573115837504365
AUA,0.44101035546750245
AUC,0.47205690036586007
AUG,0.5234098497433589
AUU,0.2666322394168663
CAA,0.46481308971132285
CAC,0.5345955243599932
CAG,3.4533006199123104
CAU,0.7879337008440026
CCA,0.31679347261374996
CCC,2.1852720696607304
CCG,0.4486912823962977
CCU,1.6227463797365906
CGA,0.5115195816152204
CGC,0.6319600743404546
CGG,2.198873595899907
CGU,0.3930672557527345
CUA,1.3702790839425503
CUC,1.2101480419705133
CUG,1.3983024352083915
CUU,4.440086309167333
GAA,0.3037015921534161
GAC,0.27783842147552196
GAG,2.1654178110898004
GAU,0.5075920106121968
GCA,0.3243421658524336
GCC,0.3687710875644887
GCG,0.8549877565818944
GCU,0.257363412504745
GGA,1.0315401187049507
GGC,0.17057227144962395
GGG,0.6814438390809421
GGU,0.3873095586122449
GUA,0.40551514980504244
GUC,0.5133158735937071
GUG,2.084136758720026
GUU,0.2722664043712549
UAC,0.37147462524229513
UAU,0.6079581229485687
UCA,0.3719720615018671
UCC,0.5367145844077744
UCG,0.6469508337173667
UCU,0.24660080069872456
UGC,0.5114116277473135
UGG,0.21547847336815074
UGU,0.7679590274363389
UUA,0.5179000285741476
UUC,0.30035158050451405
UUG,0.22565599461162958
UUU,0.5285349809713931
