codon,average_decoding_time
AAA,0.4576635864124132
AAC,0.3269727518982891
AAG,0.16085144172789892
AAU,0.5591732277209962
ACA,0.35159325127177987
ACC,0.381103918797933
ACG,0.6643795667576665
ACU,0.22424234194058354
AGA,0.1477998263970744
AGC,1.3870706927207372
AGG,0.30802062384890566
AGU,1.7462313045200915
AUA,0.44362748989619927
AUC,0.4722278915428459
AUG,0.5516930013628499
AUU,0.2655430709220668
CAA,0.4665402878879986
CAC,0.5340605475281875
CAG,3.46162397037864
CAU,0.789734244050622
CCA,0.3175232387972102
CCC,2.196950856501123
CCG,0.5066349596162089
CCU,1.6199074919300651
CGA,0.5119544989791599
CGC,0.633999640621203
CGG,2.2026352048813616
CGU,0.3941720934425576
CUA,1.3732912494945817
CUC,1.2067830067827248
CUG,1.4637831227114468
CUU,4.461670679623357
GAA,0.27288283117419637
GAC,0.27897531929074665
GAG,1.930094325999536
GAU,0.5059545667361672
GCA,0.3219078421272932
GCC,0.35027942922421207
GCG,0.7099166298333993
GCU,0.22933921264407078
GGA,0.8314741156309944
GGC,0.14871167582196365
GGG,0.6343873871586422
GGU,0.3600279573703739
GUA,0.3241551517122128
GUC,0.4336455367228886
GUG,0.8579265238304772
GUU,0.20008902815560853
UAC,0.3707416831563081
UAU,0.607452498555406
UCA,0.37312444796719696
UCC,0.5370346421004158
UCG,0.6474542126615813
UCU,0.24524509780197695
UGC,0.5151517088779015
UGG,0.334473029453238
UGU,0.7685516334772958
UUA,0.5204442876887527
UUC,0.2992811383376555
UUG,0.2124514032669328
UUU,0.530863807183864
