codon,average_decoding_time
AAA,0.45769673112101317
AAC,0.32870638303202404
AAG,0.16239098447052555
AAU,0.5591899701629048
ACA,0.3495186437545771
ACC,0.3832242581151123
ACG,0.6889926227767503
ACU,0.2296131005596618
AGA,0.14902630228244226
AGC,1.3901136741114501
AGG,0.3077382636052614
AGU,1.7398153254555733
AUA,0.4442767364080606
AUC,0.4704434403356478
AUG,0.550677250274541
AUU,0.27775924227826415
CAA,0.46488670958914285
CAC,0.5318400146826836
CAG,3.457517463295541
CAU,0.7886254892019616
CCA,0.3164920304668133
CCC,2.1938255732339016
CCG,0.44930208950181993
CCU,1.7877219301412959
CGA,0.5096200378668666
CGC,0.6334399779875375
CGG,2.205441794698594
CGU,0.3937751790811007
CUA,1.371952996991104
CUC,1.2095214722871181
CUG,1.4663556973190341
CUU,1.2851632527337329
GAA,0.3038846103329439
GAC,0.28047166133136636
GAG,2.1520000036564215
GAU,0.5092995857181967
GCA,0.32578767593057917
GCC,0.36942684923384356
GCG,0.8441302751814406
GCU,0.2261563804901915
GGA,1.0224748253986338
GGC,0.17170949061154056
GGG,0.6855736930693519
GGU,0.38600774626170575
GUA,0.4046438935053494
GUC,0.5121031656324053
GUG,0.9940385058340709
GUU,0.28621404017387925
UAC,0.529577171571446
UAU,0.7879715373244115
UCA,0.37876796845323696
UCC,0.5423509345792867
UCG,0.7915013566934488
UCU,0.31061966203827085
UGC,0.7089291915686926
UGG,0.3519070705606683
UGU,0.9814879238835844
UUA,0.5809597028124015
UUC,0.34329933045134764
UUG,0.26434739954809294
UUU,0.5799074911654363
