codon,average_decoding_time
AAA,0.4605337716501966
AAC,0.3265334334023871
AAG,0.1616413690717727
AAU,0.5602704010690656
ACA,0.35062014755072635
ACC,0.3824526240315646
ACG,0.6662727990230605
ACU,0.22993527646409842
AGA,0.1478562042277186
AGC,1.3896230235536784
AGG,1.8095092516773263
AGU,1.7414654635617157
AUA,0.4450203364112066
AUC,0.47180311665791264
AUG,0.5220394211257308
AUU,0.27804473148987857
CAA,0.464024616444704
CAC,0.533074813868448
CAG,3.471623715518279
CAU,0.7867068797677165
CCA,0.31733321615972127
CCC,2.190662192546942
CCG,0.5056703801404797
CCU,1.795113908761988
CGA,0.5110407692160918
CGC,0.6332459538900644
CGG,2.190394284331838
CGU,0.39192052480994577
CUA,1.3737890779123476
CUC,1.203758102222206
CUG,1.4069710617435045
CUU,1.2877470286358648
GAA,0.269590582828791
GAC,0.28104296364161035
GAG,1.9374923088297624
GAU,0.5083855957363406
GCA,0.322615345715049
GCC,0.35004938853600104
GCG,0.7105327095685287
GCU,0.20819000467009963
GGA,0.8325233587759576
GGC,0.14830528552705052
GGG,0.6355999261833871
GGU,0.3624443918903976
GUA,0.32449217412904124
GUC,0.43185528579763194
GUG,1.566193747156699
GUU,0.2118698901461549
UAC,0.5332795304829336
UAU,0.79143452490086
UCA,0.3761024888626822
UCC,0.5386954510723427
UCG,0.7907840221714693
UCU,0.3115967710888804
UGC,0.7026427557623506
UGG,0.3546304415081397
UGU,0.9823313930381377
UUA,0.5793360213728871
UUC,0.3429009345276337
UUG,0.3089295120324023
UUU,0.5764825546864419
