codon,average_decoding_time
AAA,0.4588344220560184
AAC,0.3254234409083213
AAG,0.1616085270691381
AAU,0.5602494717381088
ACA,0.35043137110411166
ACC,0.3825027310869726
ACG,0.5798856903323609
ACU,0.2238822269034374
AGA,0.14865939970882622
AGC,1.3866199541534212
AGG,0.2909085907464568
AGU,1.7423031728608072
AUA,0.4448018478131252
AUC,0.4701630136675864
AUG,0.522521671830552
AUU,0.26511959908363014
CAA,0.46606006604280353
CAC,0.5333644872144985
CAG,3.451133596656022
CAU,0.7894621933750541
CCA,0.3166579862481322
CCC,2.1750862036783922
CCG,1.8417020724805246
CCU,1.6279772257553582
CGA,0.5107334361491429
CGC,0.6320621894352807
CGG,2.033846977793487
CGU,0.3940553016978854
CUA,1.3701943974850013
CUC,1.2064205325360444
CUG,1.3931024382689787
CUU,4.465832439278299
GAA,0.3047605032904116
GAC,0.2788709169968045
GAG,2.155477069850396
GAU,0.506567589006743
GCA,0.32642920251108337
GCC,0.3696688083389969
GCG,0.7481432337182926
GCU,0.2573175144598794
GGA,1.0263728586404872
GGC,0.17102230778780805
GGG,1.3641679970902953
GGU,0.3864670413954789
GUA,0.40496113987885496
GUC,0.512792417411379
GUG,2.086267545061617
GUU,0.27245253160531135
UAC,0.36970626470203394
UAU,0.6097838942976507
UCA,0.3715048553323524
UCC,0.5336872430116346
UCG,2.304961130472274
UCU,0.2458850856724998
UGC,0.5126620700640183
UGG,0.3045913910585245
UGU,0.7659761260065929
UUA,0.5190189048498656
UUC,0.2992661758684983
UUG,0.1941139897566125
UUU,0.5274981602071002
