codon,average_decoding_time
AAA,0.456609600903935
AAC,0.32538227815206905
AAG,0.16234745867225037
AAU,0.5573714430663762
ACA,0.3498050196023926
ACC,0.38216882802139374
ACG,0.5766530428428238
ACU,0.224601840173772
AGA,0.14825938515573286
AGC,1.3856720021934215
AGG,1.633303760515607
AGU,1.7429147820199793
AUA,0.4431462618192233
AUC,0.4713049815734681
AUG,0.5213559585316112
AUU,0.2643082240830832
CAA,0.46371956925969515
CAC,0.532177675251313
CAG,3.4528441247823265
CAU,0.789949837791422
CCA,0.31567211043686383
CCC,2.192365820464567
CCG,1.8445336506506185
CCU,1.6342270564017454
CGA,0.5093048002804124
CGC,0.6327214416471402
CGG,2.0276799078980456
CGU,0.3914275895352273
CUA,1.3745580456651187
CUC,1.2102672254982711
CUG,1.400102115248887
CUU,4.442145033455433
GAA,0.30507839080448945
GAC,0.27896339823955485
GAG,2.1633408809849586
GAU,0.5067062237371074
GCA,0.3264703227928091
GCC,0.3691250409058309
GCG,0.7420219037103853
GCU,0.256276956598026
GGA,1.019774077452989
GGC,0.17187571337320318
GGG,1.356203630096423
GGU,0.3860123505250311
GUA,0.4044950156842894
GUC,0.5142480795270868
GUG,2.0804050421196902
GUU,0.2710202428147618
UAC,0.3707088627570259
UAU,0.6082565857924196
UCA,0.37304821416374623
UCC,0.5338120274296958
UCG,2.3164312103426696
UCU,0.2469598869868525
UGC,0.5134233481864052
UGG,0.18433163499759692
UGU,0.764485367867148
UUA,0.5202029312048604
UUC,0.29843393073545843
UUG,0.19229240296209438
UUU,0.5299824356586641
