codon,average_decoding_time
AAA,0.45932716906287896
AAC,0.3267838702354767
AAG,0.22872903703982603
AAU,0.5592506321334705
ACA,0.3494727332911857
ACC,0.3831954456297724
ACG,0.6874634909022532
ACU,0.22843571643828317
AGA,0.1479916015118251
AGC,1.4017773598633378
AGG,1.8120583925952063
AGU,1.752664150190089
AUA,0.4432148148385072
AUC,0.4700744676010497
AUG,0.5222761809311267
AUU,0.2783007553863479
CAA,0.46362770584639984
CAC,0.5357936956111647
CAG,0.644920719536681
CAU,0.7901455054414105
CCA,0.31756267624052203
CCC,2.18400797526153
CCG,0.44745839683870436
CCU,1.795795771670181
CGA,0.5095908890706304
CGC,0.6327951618523493
CGG,2.198079271573879
CGU,0.3902049914988183
CUA,1.3736944320764664
CUC,1.2035264860625436
CUG,1.3975197435821378
CUU,1.2956238701675373
GAA,0.30335055290879354
GAC,0.2788005710347273
GAG,0.4627567472689458
GAU,0.5067933856727159
GCA,0.3256214657555745
GCC,0.36902961022003844
GCG,0.8517070729938285
GCU,0.22540251727655658
GGA,1.0242926150078187
GGC,0.1704809395192036
GGG,0.6837803337151713
GGU,0.3868696118854377
GUA,0.40541094026163643
GUC,0.511846345906987
GUG,2.0757235326654646
GUU,0.28399544104886104
UAC,0.5318723237313926
UAU,0.789854930036883
UCA,0.3753065548961693
UCC,0.5401269546244655
UCG,0.7897399508520765
UCU,0.31129891240805946
UGC,0.7038563218637697
UGG,0.35468362204502935
UGU,0.9757580356006227
UUA,0.5772406439824064
UUC,0.34345495376112084
UUG,0.3102005081777501
UUU,0.5744429165032762
