codon,average_decoding_time
AAA,0.4631767361964805
AAC,0.32550223551394303
AAG,0.16053207948012457
AAU,0.5607601646550261
ACA,0.34892336406089736
ACC,0.3816233829228639
ACG,0.5766426098346868
ACU,0.22429112390375097
AGA,0.14852852674512154
AGC,1.392231735934919
AGG,0.29034838632495613
AGU,1.7364946801971772
AUA,0.44239027348395316
AUC,0.47130695179852533
AUG,0.5525006058437123
AUU,0.2648888617498818
CAA,0.46486980571209796
CAC,0.5317408370245115
CAG,3.441538653238032
CAU,0.7903327500666258
CCA,0.31704949625994505
CCC,2.1808543220031824
CCG,1.840921668874154
CCU,1.6165577577481456
CGA,0.5098677748263337
CGC,0.6337011399373637
CGG,2.029991639443878
CGU,0.39363691075908036
CUA,1.369921158895699
CUC,1.210300263354403
CUG,1.4668352582361153
CUU,4.447788594440105
GAA,0.3032520242674107
GAC,0.27909286353352536
GAG,2.1537547030400908
GAU,0.5072256261578643
GCA,0.32557072790093006
GCC,0.3703711153997371
GCG,0.7405847573051767
GCU,0.25636099951762514
GGA,1.0246754598438268
GGC,0.17030899271206265
GGG,1.358927018549942
GGU,0.38473139871938855
GUA,0.40497845857896037
GUC,0.5152697760373917
GUG,0.9899801327127689
GUU,0.2729785378255421
UAC,0.36995885685126645
UAU,0.608304835509646
UCA,0.37245543078583637
UCC,0.5352212919280387
UCG,2.302225642114989
UCU,0.24478151456200548
UGC,0.5150791262478909
UGG,0.30311590112264997
UGU,0.7672536333345581
UUA,0.5212655781170578
UUC,0.2987343909465725
UUG,0.2116832388866978
UUU,0.5293611763530341
