codon,average_decoding_time
AAA,0.4570698481126722
AAC,0.3259524616907198
AAG,0.1616757412556737
AAU,0.5603334061987275
ACA,0.3490598640243535
ACC,0.3826193417256933
ACG,0.6898749720893109
ACU,0.22881191255652056
AGA,0.14897121557120682
AGC,1.3944755477241706
AGG,0.30459542903810294
AGU,1.7517875450141698
AUA,0.44262785315127323
AUC,0.4715924798729255
AUG,0.5526101071448328
AUU,0.27821578294058086
CAA,0.463122505744944
CAC,0.53194295289509
CAG,3.475358577737327
CAU,0.7893712972575313
CCA,0.31741209934296527
CCC,2.186709044829087
CCG,0.44844737407179047
CCU,1.7939114348685503
CGA,0.509411940258803
CGC,0.6322128706127442
CGG,2.2027537054601214
CGU,0.3931488167512206
CUA,1.3730699773584958
CUC,1.201049150760453
CUG,1.4623248803172797
CUU,1.2968852158525324
GAA,0.30522479279888276
GAC,0.2789771398756366
GAG,2.1672574311692068
GAU,0.5051816373481824
GCA,0.3264580901862747
GCC,0.37042483094323003
GCG,0.8469883518382884
GCU,0.22659013765813568
GGA,1.0186828590612633
GGC,0.1706635215224182
GGG,0.6830395260083056
GGU,0.38635764353111307
GUA,0.40611225630297965
GUC,0.510853608171604
GUG,0.9951877437058914
GUU,0.28472736147655864
UAC,0.533477315515915
UAU,0.7928884294276193
UCA,0.3764714954744878
UCC,0.5417990878995493
UCG,0.7902429886023692
UCU,0.3104667503735581
UGC,0.7080397341697949
UGG,0.35395731808572806
UGU,0.9811543357359996
UUA,0.5785603697722659
UUC,0.3418317652057226
UUG,0.26368977386234727
UUU,0.5773358057164799
