codon,average_decoding_time
AAA,0.46107427845094084
AAC,0.32662203825561203
AAG,0.16257441732324535
AAU,0.5600935633289614
ACA,0.3509102991071755
ACC,0.3812671179548685
ACG,0.5782461464041725
ACU,0.2228247215965988
AGA,0.1481544330019
AGC,1.3965408465738467
AGG,1.6245831348382878
AGU,1.7412171419056257
AUA,0.44523723905488294
AUC,0.4727720795983276
AUG,0.548372800735593
AUU,0.26409441275197726
CAA,0.4649555922332922
CAC,0.533890657154721
CAG,3.4664136931126253
CAU,0.7889438454964026
CCA,0.3160696095028063
CCC,2.190112171310945
CCG,1.844721395647943
CCU,1.6216887321937092
CGA,0.5095464877452428
CGC,0.6328744812488595
CGG,2.0320832105482585
CGU,0.3907131257516857
CUA,1.3737904512765649
CUC,1.207603971311745
CUG,1.465949842902529
CUU,4.4332038567232805
GAA,0.3043483802659478
GAC,0.27851714822720414
GAG,2.1637616650247877
GAU,0.5081608350377298
GCA,0.3271490228229196
GCC,0.3706391520794372
GCG,0.7394591305914608
GCU,0.25683516420390684
GGA,1.0205843394895584
GGC,0.17176538325907661
GGG,1.3638130069311503
GGU,0.38681800975157427
GUA,0.4060782309210999
GUC,0.5141400342814598
GUG,0.9990287994452002
GUU,0.270777399577468
UAC,0.37075410042825824
UAU,0.6070764778052093
UCA,0.3719144412166329
UCC,0.5338000952392808
UCG,2.311976749343598
UCU,0.24591107903610854
UGC,0.5129527982839646
UGG,0.18494344343007219
UGU,0.7680907952116187
UUA,0.5189789179126473
UUC,0.2994695337511519
UUG,0.23136898210666124
UUU,0.5291012666404686
