codon,average_decoding_time
AAA,0.46000875491950804
AAC,0.3270597204909176
AAG,0.23014311673464258
AAU,0.5609335192318419
ACA,0.3516501023115717
ACC,0.38208888865059887
ACG,0.6668203400012506
ACU,0.22859017357975325
AGA,0.1479564022816135
AGC,1.394703108919256
AGG,0.30756521537760056
AGU,1.7458270599554426
AUA,0.4417898547760531
AUC,0.47253955773881956
AUG,0.5473361696752955
AUU,0.27938401160925086
CAA,0.46351280543383916
CAC,0.530631814087331
CAG,0.6453373481428429
CAU,0.7927410857817792
CCA,0.31713112720807224
CCC,2.189341097452827
CCG,0.5070950551931916
CCU,1.7970662154548307
CGA,0.5089976726880364
CGC,0.634491963590751
CGG,2.191766974211531
CGU,0.39011358681720065
CUA,1.3767466280522584
CUC,1.2047246149783521
CUG,1.4637592998459679
CUU,1.290571059892515
GAA,0.2728873255899248
GAC,0.2796837243348731
GAG,0.43650129017377237
GAU,0.5058131672590083
GCA,0.3222389635496385
GCC,0.34988640468535953
GCG,0.7088106776249986
GCU,0.2065371013653451
GGA,0.8313109825854056
GGC,0.1490725824800506
GGG,0.6346019632198652
GGU,0.36089259243472205
GUA,0.32423835599353934
GUC,0.43300480060752605
GUG,0.7714277103676402
GUU,0.21337247420099043
UAC,0.5328050643574238
UAU,0.7900773637670219
UCA,0.3761818539818552
UCC,0.5441992208098865
UCG,0.7867094875422598
UCU,0.31145927604840457
UGC,0.7023536161656148
UGG,0.3518200885823396
UGU,0.9805609562563017
UUA,0.5789724447994735
UUC,0.34501555249077637
UUG,0.3258155897254442
UUU,0.5787260300474537
