codon,average_decoding_time
AAA,0.4589797848324581
AAC,0.3268046207232655
AAG,0.16122850140784648
AAU,0.5601497781757744
ACA,0.35066361624087267
ACC,0.381749772266014
ACG,0.6843625964667797
ACU,0.22364814650271425
AGA,0.14749654982118082
AGC,1.396939350369739
AGG,0.3062756347416437
AGU,1.7396372478522575
AUA,0.4439513920958417
AUC,0.4712547931216275
AUG,0.5516427923188063
AUU,0.26655883699960714
CAA,0.46375918933232707
CAC,0.5321752014263422
CAG,3.4580348734010915
CAU,0.7877215549957067
CCA,0.31538761064555304
CCC,2.190291222540608
CCG,0.44926953097933875
CCU,1.6169980878708075
CGA,0.5083646392850503
CGC,0.6356363875535158
CGG,2.2006879061179743
CGU,0.39388811639684623
CUA,1.3713819529675721
CUC,1.2048106398401262
CUG,1.4696508963011687
CUU,4.434617550448403
GAA,0.30225110020614715
GAC,0.2795871415715621
GAG,2.1630278183071074
GAU,0.5066090624281732
GCA,0.3261504937811567
GCC,0.36957899005524913
GCG,0.8529026097251202
GCU,0.2559529690426572
GGA,1.0277952743062597
GGC,0.1713315187621665
GGG,0.6848608938644656
GGU,0.3859238371677467
GUA,0.4056123788673001
GUC,0.5126516733737471
GUG,0.996760914907039
GUU,0.27258466186081204
UAC,0.3688932666302994
UAU,0.6104126517376446
UCA,0.37302873738934256
UCC,0.5320452599076985
UCG,0.6475180502253075
UCU,0.24524464474934582
UGC,0.5107059608256439
UGG,0.33113068595669376
UGU,0.7676986498640175
UUA,0.5205646424232784
UUC,0.29810155804563127
UUG,0.20485281367496777
UUU,0.5286190616469485
