codon,average_decoding_time
AAA,0.4597756437078281
AAC,0.3253006185576303
AAG,0.16146553590088106
AAU,0.561665795393643
ACA,0.35045224144585396
ACC,0.38331951610795506
ACG,0.5773640205931783
ACU,0.2292515502489529
AGA,0.14779158837633125
AGC,1.387819078500016
AGG,0.29286450420374494
AGU,1.7504689660214332
AUA,0.4444699125811846
AUC,0.4722480386086481
AUG,0.5221164944812541
AUU,0.27972148523722096
CAA,0.46331129234157675
CAC,0.5324930470887411
CAG,3.4761066976344916
CAU,0.7912530390825777
CCA,0.3177961562671669
CCC,2.1984418156118872
CCG,1.8399007072311526
CCU,1.795431439158221
CGA,0.5105338494240566
CGC,0.6327310498380023
CGG,2.019152215248397
CGU,0.392675887261557
CUA,1.370475678669024
CUC,1.2061705903308777
CUG,1.3981188506803985
CUU,1.2838700971215251
GAA,0.30267029569028614
GAC,0.2803027609850173
GAG,2.163697939651731
GAU,0.5067273501381112
GCA,0.3262300413230479
GCC,0.36868198941996205
GCG,0.7428003746884042
GCU,0.2260126988735453
GGA,1.0216717367010435
GGC,0.1716045204642988
GGG,1.3627315720715139
GGU,0.38695078031526814
GUA,0.40521701126873266
GUC,0.5147360660483296
GUG,2.0920317440190366
GUU,0.2840925907388466
UAC,0.5338726403539279
UAU,0.7913424245277891
UCA,0.37624563071833234
UCC,0.5419586615752096
UCG,2.9157992016769168
UCU,0.30847512015759976
UGC,0.7016123594954161
UGG,0.3249165156799112
UGU,0.9803627284240557
UUA,0.5802149654605782
UUC,0.34218117113861807
UUG,0.2537793062528852
UUU,0.5751226475208627
