codon,average_decoding_time
AAA,0.45731790488992735
AAC,0.3253880750589116
AAG,0.16048541572514802
AAU,0.5597841290834188
ACA,0.3522202437427964
ACC,0.38249951668444476
ACG,0.6646747309045444
ACU,0.22382861370066373
AGA,0.14965563527641765
AGC,1.3887072676261523
AGG,1.8068470660450762
AGU,1.7394090724356968
AUA,0.4418344811290273
AUC,0.47180078985596985
AUG,0.5553572403122761
AUU,0.2645243436023877
CAA,0.4626584049964623
CAC,0.5326399752765253
CAG,3.4545316323988384
CAU,0.7926962909950733
CCA,0.3184755639041425
CCC,2.18316688256202
CCG,0.5043779956464767
CCU,1.6095703846487004
CGA,0.5109791222533341
CGC,0.6315985278237208
CGG,2.1914824097497183
CGU,0.392124035813972
CUA,1.3778891550288082
CUC,1.2010955804810755
CUG,1.4650018125709732
CUU,4.451827826235926
GAA,0.2732942707130429
GAC,0.2780381229600154
GAG,1.932835866383115
GAU,0.5080630991840315
GCA,0.324409555479585
GCC,0.35035172964469014
GCG,0.7124821711641532
GCU,0.22991691059308816
GGA,0.8291485590155878
GGC,0.149856915667663
GGG,0.6326652793640756
GGU,0.36193909134577845
GUA,0.32389472890551274
GUC,0.43334510430148804
GUG,0.8556277991462122
GUU,0.19889362930201815
UAC,0.3701768517874807
UAU,0.6107908752973054
UCA,0.3744598981969222
UCC,0.5370829093271684
UCG,0.6441475061616079
UCU,0.2443396351685913
UGC,0.5141664856432638
UGG,0.21458125439546763
UGU,0.7645439251036071
UUA,0.5224040582188961
UUC,0.30096124116755973
UUG,0.21127419397853112
UUU,0.5266587386358922
