codon,average_decoding_time
AAA,0.458216341993009
AAC,0.32876017227530074
AAG,0.22943917143208786
AAU,0.5607455810237939
ACA,0.34938659759248925
ACC,0.3835802037314107
ACG,0.687455206241473
ACU,0.2242737139901333
AGA,0.147893698331498
AGC,1.389212303726869
AGG,0.30650105466886535
AGU,1.74624828336426
AUA,0.4441427716994052
AUC,0.47098483357092863
AUG,0.5534541346278491
AUU,0.2654715527928917
CAA,0.46366490751414746
CAC,0.5313338477116045
CAG,0.6465859817323713
CAU,0.7883116129600602
CCA,0.31565995636509914
CCC,2.1907460685858737
CCG,0.4503301597559585
CCU,1.6258709696317062
CGA,0.5102988923861438
CGC,0.6304733742759457
CGG,2.195512244759622
CGU,0.393504530534357
CUA,1.3662329615568702
CUC,1.2077411012156305
CUG,1.4668461932376098
CUU,4.439612979065772
GAA,0.30363111724894876
GAC,0.28013643739944677
GAG,0.4638187409110269
GAU,0.5067674936706444
GCA,0.3277529692357717
GCC,0.3686921645885939
GCG,0.8525543938500598
GCU,0.2567464463870689
GGA,1.0196297235287246
GGC,0.17258813143795032
GGG,0.6872559481964541
GGU,0.38863031213568633
GUA,0.40559162618688477
GUC,0.5117112262113893
GUG,0.9909668372087911
GUU,0.27195411905374434
UAC,0.3716172045102289
UAU,0.6095646276077402
UCA,0.3720517329287547
UCC,0.5379666157253722
UCG,0.6507418218692719
UCU,0.24675295154289797
UGC,0.5162708808546601
UGG,0.3337812276882469
UGU,0.7662295300867873
UUA,0.5173543449690349
UUC,0.30069406762410084
UUG,0.2052675817978223
UUU,0.5292503433105168
