codon,average_decoding_time
AAA,0.46035622582033836
AAC,0.32692998521933164
AAG,0.16111655881538026
AAU,0.560138236365869
ACA,0.3496039045052083
ACC,0.38360059953182735
ACG,0.5774971144827956
ACU,0.22962523883107816
AGA,0.14913994535216468
AGC,1.399333026485236
AGG,1.6340686598545773
AGU,1.7463617813713168
AUA,0.44467045563176644
AUC,0.4720920505355379
AUG,0.5212149770887181
AUU,0.27850506083953847
CAA,0.4631377468337762
CAC,0.5350583708545577
CAG,3.482427881208938
CAU,0.7889600107229888
CCA,0.3177827864029566
CCC,2.1859104860593863
CCG,1.8386414927077936
CCU,1.7906262111768743
CGA,0.5127789146755665
CGC,0.6292180837895784
CGG,2.035970105136884
CGU,0.39417211200323865
CUA,1.370786912179845
CUC,1.2084920933544354
CUG,1.399553441241473
CUU,1.2919160958276419
GAA,0.30378809105198573
GAC,0.2802175793201854
GAG,2.1520505798007035
GAU,0.5058987161801614
GCA,0.3261196356050768
GCC,0.3690649665210739
GCG,0.7471143604693634
GCU,0.2265574038667935
GGA,1.0255050110388477
GGC,0.1712404671607528
GGG,1.3624463465415404
GGU,0.3866911159003732
GUA,0.40481410639253
GUC,0.5121758035588716
GUG,2.0659970526448412
GUU,0.2836830483753855
UAC,0.529741173344852
UAU,0.7910248282345946
UCA,0.3782368970675775
UCC,0.542081849958515
UCG,2.9106674227479328
UCU,0.312154988661715
UGC,0.7071496807113572
UGG,0.3224740854426295
UGU,0.9881903111890936
UUA,0.578215729814683
UUC,0.34290563387167244
UUG,0.30758220662867175
UUU,0.577474394587148
