codon,average_decoding_time
AAA,0.45940017456188165
AAC,0.3282216620606098
AAG,0.16109537997600176
AAU,0.5584181902377837
ACA,0.348266017612806
ACC,0.3820885318641675
ACG,0.6670097399042868
ACU,0.22999138712558273
AGA,0.14808277921723212
AGC,1.3880021884851208
AGG,0.3066227985086116
AGU,1.7529521078316335
AUA,0.44298649883327845
AUC,0.47071666182536764
AUG,0.5230993627643346
AUU,0.27766637093161073
CAA,0.46350772639820503
CAC,0.5335991336105156
CAG,3.4503192347695277
CAU,0.7875893871999828
CCA,0.31734583423280377
CCC,2.185898220741708
CCG,0.5087190490798608
CCU,1.8012754262875186
CGA,0.5096682928938232
CGC,0.6365331921564055
CGG,2.195733776735575
CGU,0.3925069691193952
CUA,1.3699933408058853
CUC,1.2110195886716093
CUG,1.403627597933557
CUU,1.2898697933137857
GAA,0.27243988226392246
GAC,0.2800680620123972
GAG,1.9272817437432561
GAU,0.5075342184590944
GCA,0.3229106241598737
GCC,0.3506614028087161
GCG,0.7135234598659207
GCU,0.2077821132843611
GGA,0.8309638153093992
GGC,0.14755315702834715
GGG,0.6304162124400421
GGU,0.36274106520937066
GUA,0.3244316359718081
GUC,0.432215693731998
GUG,1.7671633147914838
GUU,0.21297930140261312
UAC,0.5371028981666021
UAU,0.7917539419520586
UCA,0.37758269200992006
UCC,0.5401513193801204
UCG,0.7863682100258332
UCU,0.31078482090633636
UGC,0.7008716911406402
UGG,0.3517143503009927
UGU,0.9796314609398202
UUA,0.5785803935820343
UUC,0.3448630319510153
UUG,0.25361258290881744
UUU,0.5764070704278433
