codon,average_decoding_time
AAA,0.4597661340248033
AAC,0.3266626431980199
AAG,0.22983337322680533
AAU,0.5605233964453765
ACA,0.35060458536868255
ACC,0.38300614248685144
ACG,0.6855244067801965
ACU,0.2303255304689532
AGA,0.14849829368413264
AGC,1.3908206557923453
AGG,0.30622393362217787
AGU,1.7569703927553448
AUA,0.44347737255256964
AUC,0.47279208251175053
AUG,0.522698830251052
AUU,0.2809276759125829
CAA,0.4631642848305481
CAC,0.5324232832296308
CAG,0.6438274121510351
CAU,0.7861235359820827
CCA,0.31736982225137095
CCC,2.1903157198287193
CCG,0.44881602813121046
CCU,1.8003664310524334
CGA,0.5094907897022548
CGC,0.6361077832908673
CGG,2.192200044126096
CGU,0.39363617396313894
CUA,1.3688647495412425
CUC,1.2078835589299854
CUG,1.4055773867410384
CUU,1.2894295004539194
GAA,0.30553667177576327
GAC,0.2798071453029395
GAG,0.4652894431967703
GAU,0.5082294421263335
GCA,0.32542792082475125
GCC,0.36919525752606613
GCG,0.8535838095780659
GCU,0.22723022864601727
GGA,1.0170766961540012
GGC,0.17156079024525248
GGG,0.6841055665419302
GGU,0.3866883038916181
GUA,0.40544633172310374
GUC,0.5135884535291447
GUG,2.0783361177891377
GUU,0.28444728507972694
UAC,0.5334036267858774
UAU,0.7900194616803596
UCA,0.37822849924947294
UCC,0.5413637313142365
UCG,0.7903925319057348
UCU,0.30946057987500414
UGC,0.7056495077147265
UGG,0.3548903973517464
UGU,0.9848248460219474
UUA,0.5797480806017646
UUC,0.34264806467928544
UUG,0.25274382020858877
UUU,0.579005615213988
