codon,average_decoding_time
AAA,0.4588973988923467
AAC,0.3247895550853584
AAG,0.16171840635148055
AAU,0.5600872643322496
ACA,0.34952510944472603
ACC,0.3824220886404312
ACG,0.6672254840484937
ACU,0.2238273419919295
AGA,0.14701603905097096
AGC,1.3971467858696192
AGG,1.81460490523082
AGU,1.7400365369295734
AUA,0.4431212352861175
AUC,0.4722797376961646
AUG,0.5192974574794639
AUU,0.26559394527104335
CAA,0.46605147269914654
CAC,0.533776838566008
CAG,3.465982716997794
CAU,0.7903700420014067
CCA,0.3155021474088398
CCC,2.180507297350995
CCG,0.5068604023418921
CCU,1.628034795657741
CGA,0.5110933128715739
CGC,0.631300740703024
CGG,2.2020933013425044
CGU,0.39388447143837285
CUA,1.3668421442364804
CUC,1.2086982245864393
CUG,1.403635742459696
CUU,4.42073361212515
GAA,0.27116024337112815
GAC,0.2792303658126518
GAG,1.9200695288561709
GAU,0.5077180894252049
GCA,0.32162268847558206
GCC,0.3492031809376865
GCG,0.7093137214252064
GCU,0.22951810253527782
GGA,0.8261917690681222
GGC,0.14929644510232773
GGG,0.6321038107410227
GGU,0.36165468086758107
GUA,0.3251005035011241
GUC,0.4343201298082774
GUG,1.7653807333410156
GUU,0.19973215032364297
UAC,0.3701514821007975
UAU,0.6063310106479216
UCA,0.37181671567997854
UCC,0.5353897799669797
UCG,0.6429707714898067
UCU,0.24576903316760723
UGC,0.5159021427892962
UGG,0.214265743349682
UGU,0.7688198756936059
UUA,0.5176630920133324
UUC,0.2998330980620892
UUG,0.20074971211070458
UUU,0.530126682877292
