codon,average_decoding_time
AAA,0.45796165031967767
AAC,0.32864032951532457
AAG,0.2289858612537019
AAU,0.5609631996751475
ACA,0.3504300167590287
ACC,0.3816085095752707
ACG,0.6879114714542315
ACU,0.22288637299079914
AGA,0.14802845541364498
AGC,1.390925863684022
AGG,0.3061732805130956
AGU,1.742488501688175
AUA,0.44377664797443506
AUC,0.4701966121817769
AUG,0.5217698532576374
AUU,0.2652860525659906
CAA,0.4632738141148144
CAC,0.5301802770276248
CAG,0.6448626536385907
CAU,0.7922549134010027
CCA,0.3176161098551542
CCC,2.195337382315722
CCG,0.4476529786798435
CCU,1.6312995381609126
CGA,0.5102847786691874
CGC,0.635726158283219
CGG,2.1980377940603626
CGU,0.3937436764198517
CUA,1.3651792210112426
CUC,1.2057739769915323
CUG,1.3960642160403245
CUU,4.4169102742023805
GAA,0.3048165391308169
GAC,0.27830660362452464
GAG,0.4648964450859691
GAU,0.5048103688136892
GCA,0.326611425820856
GCC,0.36863752471247707
GCG,0.8492120150300013
GCU,0.25660277276081805
GGA,1.0209040540146146
GGC,0.17000920065177222
GGG,0.6821988885094026
GGU,0.38703980236788915
GUA,0.4036595327758778
GUC,0.5142940307075704
GUG,2.086216395116071
GUU,0.2728463847070728
UAC,0.3693316974049194
UAU,0.6096890177918118
UCA,0.3698615772140163
UCC,0.5370305256993063
UCG,0.6499941131775105
UCU,0.2458003527642428
UGC,0.5160063672894353
UGG,0.3341860505846205
UGU,0.7706227023613929
UUA,0.5193610582641346
UUC,0.2996065012568041
UUG,0.21386351778955925
UUU,0.5288119170913234
