codon,average_decoding_time
AAA,0.45692868778282275
AAC,0.3268335798371711
AAG,0.2296707505700557
AAU,0.5608522144195848
ACA,0.35042268623117956
ACC,0.3837441996311684
ACG,0.6680344232289767
ACU,0.22930024708359054
AGA,0.14759438601712657
AGC,1.401382105368909
AGG,0.30648512369608666
AGU,1.7550345732180532
AUA,0.44461015756237976
AUC,0.47145020888735845
AUG,0.5219584387583811
AUU,0.27835004340664876
CAA,0.46733236961214286
CAC,0.5322407900684184
CAG,0.644600869190965
CAU,0.7879579558831542
CCA,0.3136865977798672
CCC,2.1947294821139485
CCG,0.5068842977757153
CCU,1.785566330503181
CGA,0.508049621077155
CGC,0.6320581363620257
CGG,2.2067115794815835
CGU,0.3933737492211375
CUA,1.367116116068595
CUC,1.2085204997309358
CUG,1.4001963336938412
CUU,1.291844289324032
GAA,0.27150075016162
GAC,0.277715362996484
GAG,0.4343031503228578
GAU,0.5065126520076273
GCA,0.3208485221278828
GCC,0.35052514782497934
GCG,0.711553620384455
GCU,0.2079672937769643
GGA,0.8268798829404784
GGC,0.1485728776822362
GGG,0.6342631895670312
GGU,0.3620912121481636
GUA,0.3242262548428406
GUC,0.43200434921504566
GUG,1.7602667480104672
GUU,0.2123469735058534
UAC,0.5302631876619933
UAU,0.7897390827533685
UCA,0.37626702162351955
UCC,0.5396531795887123
UCG,0.785098823528293
UCU,0.31293609476044215
UGC,0.7011332180956511
UGG,0.35514811673432667
UGU,0.9843110591945724
UUA,0.58097640908883
UUC,0.3429665115271224
UUG,0.25162163982388597
UUU,0.578211183149415
