codon,average_decoding_time
AAA,0.4582259923379787
AAC,0.32557593790941736
AAG,0.23008628841202675
AAU,0.5606076522330473
ACA,0.34900065891954296
ACC,0.3834409217444278
ACG,0.6871557814427265
ACU,0.22401372880173426
AGA,0.14732928152914315
AGC,1.3938266456982296
AGG,1.7938724732890445
AGU,1.7474230631748584
AUA,0.4428410162690867
AUC,0.47178839694244545
AUG,0.5226394005995525
AUU,0.265172310730606
CAA,0.46191627964688453
CAC,0.5319247514327489
CAG,0.642909941367518
CAU,0.7866246591658886
CCA,0.3186167710497191
CCC,2.187410931658749
CCG,0.4507879144993167
CCU,1.6332921584483953
CGA,0.5086334202160249
CGC,0.6361243402631209
CGG,2.2063441945062774
CGU,0.3939161666516451
CUA,1.3705830444031692
CUC,1.2079024743718245
CUG,1.4086970775051684
CUU,4.449303567319604
GAA,0.3045441358080435
GAC,0.27951138890008814
GAG,0.46550354331590066
GAU,0.5082403188008785
GCA,0.3262237476720968
GCC,0.3698922621529763
GCG,0.8535202049731824
GCU,0.25674599372383883
GGA,1.025107195826498
GGC,0.17209678717407628
GGG,0.6818968406719269
GGU,0.38522533897318006
GUA,0.40670970998850736
GUC,0.5134076623087879
GUG,2.075371081290029
GUU,0.27223776183385917
UAC,0.3707313170088343
UAU,0.6094522068296482
UCA,0.37501081933648295
UCC,0.536235942591123
UCG,0.6472443910618604
UCU,0.245050621531188
UGC,0.5147945597510231
UGG,0.2138180156463532
UGU,0.765213614367374
UUA,0.517627256560688
UUC,0.2989079368473195
UUG,0.20168874588096405
UUU,0.530210483153098
