codon,average_decoding_time
AAA,0.45741357389495185
AAC,0.32720219744714146
AAG,0.16171505776387113
AAU,0.5580582111251288
ACA,0.34968835405830395
ACC,0.3830910329613022
ACG,0.6657554361258837
ACU,0.22260993827579711
AGA,0.1485632222826477
AGC,1.3869680201237296
AGG,1.8017912823756592
AGU,1.744216687183987
AUA,0.4458227078693515
AUC,0.4710989761765856
AUG,0.5545131848540069
AUU,0.2650833416766216
CAA,0.46482923369691226
CAC,0.5349769370993003
CAG,3.460033133063955
CAU,0.7864792437407232
CCA,0.3184386810794324
CCC,2.188292191441321
CCG,0.5053725930364839
CCU,1.6277577358082695
CGA,0.5098660956859002
CGC,0.6361309869262037
CGG,2.2013142251765268
CGU,0.39263943993860995
CUA,1.3714288419935103
CUC,1.2018240250599947
CUG,1.46411350720775
CUU,4.436972442178483
GAA,0.27080233330541953
GAC,0.2809324217592648
GAG,1.9427301728300936
GAU,0.5074010257361292
GCA,0.32289576860016134
GCC,0.34900069664942057
GCG,0.7098482671575385
GCU,0.22804477078445376
GGA,0.8287486038801493
GGC,0.14793300003467535
GGG,0.6320040762279262
GGU,0.36034231762564795
GUA,0.32480785088091285
GUC,0.43205275144313016
GUG,0.7695289507989723
GUU,0.19994891182942467
UAC,0.3725572026087273
UAU,0.6090746474354075
UCA,0.37209961207487585
UCC,0.5369550327976714
UCG,0.6475828942825587
UCU,0.24616188838177702
UGC,0.5133046345838785
UGG,0.21451898699358835
UGU,0.7656781380512859
UUA,0.5176945349601241
UUC,0.301901894823215
UUG,0.23201036958543367
UUU,0.5294802389705566
