codon,average_decoding_time
AAA,0.4582389397554104
AAC,0.3267444524552792
AAG,0.23002281086549622
AAU,0.5586590394624168
ACA,0.3500571912748104
ACC,0.3816797692346711
ACG,0.6630574413706462
ACU,0.22925962839781047
AGA,0.14755001775197932
AGC,1.3876542581997149
AGG,1.8011507980432258
AGU,1.7492838795450738
AUA,0.4428740314981716
AUC,0.4727457012949041
AUG,0.5529943281569878
AUU,0.2781966509417216
CAA,0.46506000672266207
CAC,0.5345236677916128
CAG,0.6415966077462449
CAU,0.7873622992406802
CCA,0.316838161075082
CCC,2.185648830758718
CCG,0.5052042008971669
CCU,1.7911012046858676
CGA,0.50873312789232
CGC,0.6313912755711549
CGG,2.1960971230243445
CGU,0.39254112098317234
CUA,1.3652368641712325
CUC,1.2059720553721778
CUG,1.4623791804892994
CUU,1.2954088010324987
GAA,0.2708771367001467
GAC,0.2794292872629947
GAG,0.43455331056309654
GAU,0.5062874041514511
GCA,0.3220474881006969
GCC,0.3514379149041246
GCG,0.7125140142108186
GCU,0.20801595205227216
GGA,0.8231912993797004
GGC,0.14889182896688857
GGG,0.6309856768908215
GGU,0.3625609924225012
GUA,0.3253510289546729
GUC,0.4325228049490921
GUG,0.7682863985213252
GUU,0.21135561548565415
UAC,0.5319868578065682
UAU,0.7908094598030434
UCA,0.37689070766182353
UCC,0.5415129460384714
UCG,0.7872084462349559
UCU,0.31098712156189634
UGC,0.702406671508101
UGG,0.35325162154390904
UGU,0.9788579368778291
UUA,0.581914745558997
UUC,0.3427730441080778
UUG,0.32789853995857704
UUU,0.5802929674153722
