codon,average_decoding_time
AAA,0.4583475206200382
AAC,0.32695442003846703
AAG,0.22966391041550482
AAU,0.5610898161429646
ACA,0.3502252629779899
ACC,0.3815309356456469
ACG,0.6890607590369043
ACU,0.22824500094682137
AGA,0.14750378812078427
AGC,1.3960005555388693
AGG,0.3079790672038244
AGU,1.7474076130577272
AUA,0.4450801466411499
AUC,0.47172403634988097
AUG,0.5197554120159045
AUU,0.2781468419984064
CAA,0.464838255511486
CAC,0.5322365766873187
CAG,0.6463774887386311
CAU,0.7944597674368912
CCA,0.3170447816861026
CCC,2.1979084122213055
CCG,0.4518388642316277
CCU,1.8023463811086418
CGA,0.5101618478446375
CGC,0.6354181124422171
CGG,2.1825630432025407
CGU,0.392926276903912
CUA,1.369583463741316
CUC,1.2085335829137418
CUG,1.4047955948385218
CUU,1.2885520152620014
GAA,0.3035310916208326
GAC,0.27948477729257715
GAG,0.465112431492446
GAU,0.5059909346243971
GCA,0.32753991099339097
GCC,0.3698145178031695
GCG,0.858948370848215
GCU,0.22537021372814822
GGA,1.023292450448753
GGC,0.17111301917542027
GGG,0.6840249556488209
GGU,0.3863514461114076
GUA,0.4042435239543178
GUC,0.5134707310596484
GUG,2.081731445530498
GUU,0.2843493801236528
UAC,0.5331974307666677
UAU,0.7893854089692734
UCA,0.376922192344872
UCC,0.5430961347550602
UCG,0.793623231787275
UCU,0.3118927247441372
UGC,0.7057796025168155
UGG,0.3517389412608373
UGU,0.9791998453312294
UUA,0.5810846975298966
UUC,0.3434430267484321
UUG,0.2532385524678939
UUU,0.5736795900976928
