codon,average_decoding_time
AAA,0.45602913840153575
AAC,0.32695256763773806
AAG,0.16165140613644047
AAU,0.5587296163026205
ACA,0.3511656269824495
ACC,0.38296111177837777
ACG,0.6881557530340692
ACU,0.2234909654683142
AGA,0.1477914854244905
AGC,1.3903648947843648
AGG,0.30695273448680743
AGU,1.7465258590471706
AUA,0.4426701851195215
AUC,0.4733735596929178
AUG,0.5209910518099765
AUU,0.26404478370850376
CAA,0.4637070297787145
CAC,0.531443970533404
CAG,3.471946900174815
CAU,0.7882897157251756
CCA,0.3183006522371423
CCC,2.19002583471058
CCG,0.4477352824488954
CCU,1.6226163839154777
CGA,0.5115464882148801
CGC,0.6322174605350696
CGG,2.2059307672588133
CGU,0.39199413887583306
CUA,1.3637525319256028
CUC,1.2055044766155638
CUG,1.4004081526913235
CUU,4.442236358537016
GAA,0.30456228865903723
GAC,0.27934280137395745
GAG,2.1526089527752537
GAU,0.5054918132437001
GCA,0.3267871748827686
GCC,0.36997758319909996
GCG,0.8520926768547004
GCU,0.25609308272465625
GGA,1.025903164174144
GGC,0.1714460295508078
GGG,0.6833396356095701
GGU,0.3869832523781237
GUA,0.40429242951691885
GUC,0.5124153559506439
GUG,2.079735204525161
GUU,0.27149363226452505
UAC,0.36739557563848896
UAU,0.6043722553829487
UCA,0.37186233310964567
UCC,0.5352960686825886
UCG,0.6449687465615466
UCU,0.24555869070433972
UGC,0.5152834869078603
UGG,0.33351937061982717
UGU,0.7643688297614664
UUA,0.520998759018895
UUC,0.30109699522672634
UUG,0.19353104396556683
UUU,0.5293896595584235
