codon,average_decoding_time
AAA,0.457237368142881
AAC,0.32725742416985226
AAG,0.23006299014851986
AAU,0.5607898942613805
ACA,0.3502493068659998
ACC,0.3815666409364951
ACG,0.5778422308050817
ACU,0.22474456009829336
AGA,0.14953161502452966
AGC,1.389820563983812
AGG,0.29191947541972973
AGU,1.7492183960008245
AUA,0.44338162218449995
AUC,0.47106551055884704
AUG,0.5536802915188928
AUU,0.2663242722944341
CAA,0.46327622284616554
CAC,0.5307928964307876
CAG,0.6462733859325194
CAU,0.7912873642121956
CCA,0.3162973468131415
CCC,2.191667709730446
CCG,1.8384374620078061
CCU,1.6278062537861575
CGA,0.5101545338309946
CGC,0.6342226711813056
CGG,2.0214144980501727
CGU,0.3921266586668331
CUA,1.3664992399852258
CUC,1.2097424607810239
CUG,1.4632778306479568
CUU,4.429574096850701
GAA,0.304290327767742
GAC,0.2794906318251885
GAG,0.4667957293882254
GAU,0.5083212176009502
GCA,0.325918885306696
GCC,0.3680404273759391
GCG,0.7448987945196379
GCU,0.25619614684517783
GGA,1.027912134840714
GGC,0.17164331260041393
GGG,1.3588809553214547
GGU,0.3882611775348759
GUA,0.40423909270231906
GUC,0.5121344831810777
GUG,0.997601996404839
GUU,0.2717911430829012
UAC,0.37004876021577876
UAU,0.6072686711089152
UCA,0.37276442210811567
UCC,0.5353324728543061
UCG,2.299575123732307
UCU,0.24533588578548
UGC,0.513657030065355
UGG,0.30266897106062524
UGU,0.7670718557381332
UUA,0.5195495070743072
UUC,0.29998285197336666
UUG,0.2315753798499657
UUU,0.529693234881663
