codon,average_decoding_time
AAA,0.45897692407737284
AAC,0.32587583549853355
AAG,0.1613532932212672
AAU,0.5597728062072177
ACA,0.3492212910612281
ACC,0.38293468823209287
ACG,0.5804169770393848
ACU,0.22923183672790798
AGA,0.14835151198069457
AGC,1.3892352907614953
AGG,0.2908214656264926
AGU,1.7477678198899465
AUA,0.44305168967362574
AUC,0.4708359270006185
AUG,0.5222654408614712
AUU,0.27747242223825236
CAA,0.4678578716230437
CAC,0.5332231003134709
CAG,3.4471398766513897
CAU,0.7857853416523111
CCA,0.315948960084066
CCC,2.189971729869557
CCG,1.8408786933826755
CCU,1.802421190429363
CGA,0.509385233601869
CGC,0.6355005279850084
CGG,2.033086014380467
CGU,0.3913486581327711
CUA,1.3689090238738324
CUC,1.211873094902509
CUG,1.4017709989524065
CUU,1.2887304822803436
GAA,0.3033212722851035
GAC,0.27779330652554096
GAG,2.162954016738857
GAU,0.507784883618842
GCA,0.3256787437694466
GCC,0.3708209136771606
GCG,0.743328059585969
GCU,0.22678407625792843
GGA,1.0203492376124508
GGC,0.17151528080377887
GGG,1.3667310475960235
GGU,0.386534437045171
GUA,0.40670717774039933
GUC,0.5136653325257127
GUG,2.0809212354476703
GUU,0.28413169804001626
UAC,0.5344275621325313
UAU,0.7874906324011803
UCA,0.3771604380424818
UCC,0.540931278365362
UCG,2.917327466330919
UCU,0.311366512762733
UGC,0.7042651732265587
UGG,0.32247737504311963
UGU,0.9859890270177589
UUA,0.5817847277313497
UUC,0.3444227927680947
UUG,0.25176837220710613
UUU,0.5754751586545196
