codon,average_decoding_time
AAA,0.4591921926319351
AAC,0.3282605438486927
AAG,0.2302183532258231
AAU,0.5613169692964075
ACA,0.35094483399365295
ACC,0.38193254593437925
ACG,0.6646818349189163
ACU,0.22307954754515208
AGA,0.14761172400864173
AGC,1.3916567941693316
AGG,0.3077700961105111
AGU,1.7411458486811766
AUA,0.44385355912163665
AUC,0.4715293206457954
AUG,0.5485072919912345
AUU,0.26489851192947106
CAA,0.4654116064899777
CAC,0.5334297132592946
CAG,0.6415481659748752
CAU,0.785664900442217
CCA,0.3156174014952184
CCC,2.1926730994343546
CCG,0.5078802328135907
CCU,1.6186771814375402
CGA,0.5092909860045934
CGC,0.6341806052406268
CGG,2.205124158579174
CGU,0.39247762401105313
CUA,1.3758426600371274
CUC,1.2028554372837643
CUG,1.464912124416523
CUU,4.418929638685484
GAA,0.27270427843311956
GAC,0.2800710692007999
GAG,0.4338836590976562
GAU,0.5068404380315504
GCA,0.3243040701850446
GCC,0.350097798178567
GCG,0.7131296405576772
GCU,0.228923171029325
GGA,0.8270813903728704
GGC,0.1491942065149036
GGG,0.632525677580111
GGU,0.36080962429672897
GUA,0.32402435870551133
GUC,0.4317922767423874
GUG,0.7715745597564001
GUU,0.19935045664707132
UAC,0.370394639960129
UAU,0.6072516766366591
UCA,0.3728051569501423
UCC,0.5353285196448714
UCG,0.647672024972925
UCU,0.24673304243403607
UGC,0.5109783936141921
UGG,0.33230610885633827
UGU,0.7678058683723381
UUA,0.5183773625666459
UUC,0.3014965317838261
UUG,0.24288525242345899
UUU,0.5279997422289849
