codon,average_decoding_time
AAA,0.456795152181584
AAC,0.32694690239168966
AAG,0.2296578601488369
AAU,0.5600773037791401
ACA,0.3505985952842765
ACC,0.3807349714933926
ACG,0.6644277438065009
ACU,0.22292276557910495
AGA,0.147820068005226
AGC,1.3863218338248573
AGG,1.7923120994015298
AGU,1.7437878976995198
AUA,0.4427707369264354
AUC,0.4692876656731927
AUG,0.5514012912349194
AUU,0.26560354661088353
CAA,0.463077976798837
CAC,0.5298366276450813
CAG,0.6441390083992226
CAU,0.7933821306460834
CCA,0.31729030652207785
CCC,2.1923249117764936
CCG,0.5070104634519483
CCU,1.6197015185747898
CGA,0.5118417639066556
CGC,0.6313135192494282
CGG,2.198854430349291
CGU,0.3940288968812758
CUA,1.3794840006082731
CUC,1.205594199881158
CUG,1.462454645277898
CUU,4.438939784779771
GAA,0.2724319392906334
GAC,0.2776408862310913
GAG,0.43386090351172696
GAU,0.507190561129643
GCA,0.32371481435100513
GCC,0.34898857596807503
GCG,0.7094285455795301
GCU,0.22893006569040036
GGA,0.8272325488956618
GGC,0.14859190500621045
GGG,0.6345936067779613
GGU,0.3616978928481781
GUA,0.32498488021466837
GUC,0.4323864865660497
GUG,0.7727104243276012
GUU,0.2006405166378713
UAC,0.3696088107972704
UAU,0.6044651948747876
UCA,0.37267608068401137
UCC,0.5356243886109279
UCG,0.6428969755788205
UCU,0.24424435158683705
UGC,0.5122939423764767
UGG,0.21365367705148935
UGU,0.7675787442384877
UUA,0.5208329432445925
UUC,0.2978489343713082
UUG,0.2430896730216109
UUU,0.5267721301096824
