codon,average_decoding_time
AAA,0.45969090346356795
AAC,0.326119157544984
AAG,0.16131842550277817
AAU,0.5621354568391197
ACA,0.3509995082449455
ACC,0.3825458458649112
ACG,0.6675084989084414
ACU,0.2231116569734569
AGA,0.1486253020274604
AGC,1.3961078048889182
AGG,1.80770162062804
AGU,1.7341424538579893
AUA,0.4447133882928353
AUC,0.4713325188180184
AUG,0.5185157184846406
AUU,0.2657246900347757
CAA,0.46573446128348633
CAC,0.5346123741326181
CAG,3.4402584225882276
CAU,0.7877146557431858
CCA,0.31800473522230926
CCC,2.1841140758191813
CCG,0.5082154420802879
CCU,1.6180216227925723
CGA,0.5084598875807841
CGC,0.6325010001320367
CGG,2.205576039944671
CGU,0.39278874465586117
CUA,1.3660275083521436
CUC,1.2080176065223174
CUG,1.397883981208153
CUU,4.438655612466338
GAA,0.2723664124369871
GAC,0.2792799524087611
GAG,1.9404861480276019
GAU,0.5075611128382591
GCA,0.3215225680433531
GCC,0.35003178199952517
GCG,0.7124799297327088
GCU,0.22860615113360455
GGA,0.831790076538485
GGC,0.14976005661120573
GGG,0.6320348880896635
GGU,0.36095375375899347
GUA,0.3237210165461936
GUC,0.4341640352008285
GUG,1.7644587814300714
GUU,0.2006250535534275
UAC,0.37081354053138793
UAU,0.6066871078706358
UCA,0.3745563332659108
UCC,0.5364245263540995
UCG,0.6460124018545171
UCU,0.24476165626387447
UGC,0.5151135090253814
UGG,0.21624826181585693
UGU,0.7651028269295889
UUA,0.5233522846837495
UUC,0.29912073090502217
UUG,0.20140790628917235
UUU,0.5307728825257081
