codon,average_decoding_time
AAA,0.4609800542434315
AAC,0.32669068007903107
AAG,0.2312901280101267
AAU,0.5609376750660907
ACA,0.3509536274136744
ACC,0.3824933015384725
ACG,0.6898867676160917
ACU,0.22934682675864904
AGA,0.1486001943954799
AGC,1.3910220935994573
AGG,0.3066154981272864
AGU,1.7412706537090294
AUA,0.4423148608982949
AUC,0.47396526293152236
AUG,0.5193612301123136
AUU,0.2768819192245026
CAA,0.46707390637837043
CAC,0.536096457819196
CAG,0.6443054302221424
CAU,0.7860855985887222
CCA,0.3158941335625185
CCC,2.187532238636427
CCG,0.4498791598599354
CCU,1.7914272542242744
CGA,0.5087831412510982
CGC,0.6343716116065545
CGG,2.2072228179421383
CGU,0.3929380357574003
CUA,1.3683935740303415
CUC,1.1987115325883282
CUG,1.4030515229900364
CUU,1.2875229777875983
GAA,0.3033272546191286
GAC,0.27907471903004044
GAG,0.4658500354754726
GAU,0.5072900689167443
GCA,0.3259504424875445
GCC,0.36933742220341015
GCG,0.8539015187625938
GCU,0.22501664432164153
GGA,1.0173628413262719
GGC,0.17174020038857826
GGG,0.6798083434001665
GGU,0.3867600051676887
GUA,0.40475610931483547
GUC,0.5104183929784444
GUG,2.0721076800614964
GUU,0.284770074880343
UAC,0.5335637085511967
UAU,0.7868434184212092
UCA,0.377719314573286
UCC,0.5412469723542875
UCG,0.7870041433269767
UCU,0.31056848262090797
UGC,0.7074752151985337
UGG,0.3543351628371082
UGU,0.9818048610264808
UUA,0.5791658000935092
UUC,0.3433679081203412
UUG,0.30721684635165597
UUU,0.5763607259631747
