codon,average_decoding_time
AAA,0.4606020394563762
AAC,0.3275321206660274
AAG,0.16153317284199914
AAU,0.5603134640755412
ACA,0.34901626166285576
ACC,0.38242757679497413
ACG,0.5784186499642863
ACU,0.22839937826161597
AGA,0.14780227101713786
AGC,1.3944954596574994
AGG,0.2914887324602128
AGU,1.7390833045707053
AUA,0.4410579392186446
AUC,0.47328476345399706
AUG,0.521740909492272
AUU,0.27887396414128945
CAA,0.4626784868933367
CAC,0.533624388692703
CAG,3.475881105530572
CAU,0.7917909279989142
CCA,0.31738658258824465
CCC,2.1986266750891437
CCG,1.8367996648937142
CCU,1.7963351812094135
CGA,0.5079077137054251
CGC,0.6325593045325067
CGG,2.0381148653974877
CGU,0.39264838797716
CUA,1.3714413329671307
CUC,1.2041588166231896
CUG,1.3943325696043112
CUU,1.2965487845723251
GAA,0.30538709302521855
GAC,0.278724217180121
GAG,2.1514262830198483
GAU,0.5062710263912681
GCA,0.32669702359383274
GCC,0.3686360292984493
GCG,0.7465858282122122
GCU,0.2268330514896888
GGA,1.0202170736471514
GGC,0.17051815423022698
GGG,1.3661775100387679
GGU,0.38672419273343467
GUA,0.4048509759152859
GUC,0.5139847217008081
GUG,2.0734314331098016
GUU,0.2865808874935715
UAC,0.5314669348360397
UAU,0.7875306044399991
UCA,0.3777998168142666
UCC,0.5391862263029169
UCG,2.9103378413065943
UCU,0.3114648024576653
UGC,0.7054070023883885
UGG,0.3212422453679843
UGU,0.9812891255510956
UUA,0.5812187465457894
UUC,0.3426037755965312
UUG,0.2523665992480708
UUU,0.5795787468239214
