codon,average_decoding_time
AAA,0.46087623163457697
AAC,0.3271037912436662
AAG,0.23046648083419416
AAU,0.5622856880918945
ACA,0.3505129116462717
ACC,0.3827777148566922
ACG,0.5799221894972337
ACU,0.22962906687196213
AGA,0.14828974550740787
AGC,1.395201762044936
AGG,0.29076106897648935
AGU,1.7411259467095925
AUA,0.442314253193999
AUC,0.47214704453060374
AUG,0.5211269702398034
AUU,0.27894650629303824
CAA,0.46303613923907877
CAC,0.5327417503076958
CAG,0.6437986180401298
CAU,0.7929126919303505
CCA,0.3179868240058731
CCC,2.1870104903896754
CCG,1.8428562584652977
CCU,1.8092124515446248
CGA,0.5079655472458886
CGC,0.6321042536451809
CGG,2.024522782197249
CGU,0.39200120931830584
CUA,1.3736230732721413
CUC,1.2020703762660392
CUG,1.3937372285284362
CUU,1.2923727334033326
GAA,0.30636157823394516
GAC,0.280329537587958
GAG,0.464574237446107
GAU,0.5073606541170073
GCA,0.327563828355953
GCC,0.37055268299001365
GCG,0.7451585043922526
GCU,0.22531983616128592
GGA,1.0243621935152554
GGC,0.17183370810470303
GGG,1.363347456385181
GGU,0.386131057559858
GUA,0.40425383923006836
GUC,0.5137077833471851
GUG,2.077634321602773
GUU,0.28430195851968587
UAC,0.5336976791423905
UAU,0.7882146530512336
UCA,0.3772457712731718
UCC,0.5412154906053833
UCG,2.9129643946852513
UCU,0.309720070898203
UGC,0.7094712001529226
UGG,0.32345657556838875
UGU,0.9825555564438399
UUA,0.5760712663074569
UUC,0.3412774420099317
UUG,0.3072434026792146
UUU,0.5785678261121774
