codon,average_decoding_time
AAA,0.4581356073378794
AAC,0.3256873019021289
AAG,0.1613753187132491
AAU,0.5592397644140877
ACA,0.35012313220734803
ACC,0.3809675423408114
ACG,0.6640347145523522
ACU,0.22479715174484974
AGA,0.14784802572758468
AGC,1.397929359136461
AGG,0.3060642164444637
AGU,1.7461592399544383
AUA,0.4428004434103068
AUC,0.4696064723607058
AUG,0.5232700793195649
AUU,0.2666800493684881
CAA,0.46630994075856746
CAC,0.5345700172182066
CAG,3.443583565321084
CAU,0.789584326427746
CCA,0.3150477821672948
CCC,2.1792008876337796
CCG,0.5086434403741277
CCU,1.6200375847924284
CGA,0.509478713058163
CGC,0.6345433608649746
CGG,2.2004286554759376
CGU,0.3922921951887862
CUA,1.370589128292264
CUC,1.2026392314223189
CUG,1.4021964866385324
CUU,4.4532213441194015
GAA,0.27430127780598546
GAC,0.28180220767010217
GAG,1.9221918702356524
GAU,0.5078903935353585
GCA,0.3220424814443919
GCC,0.35043775789547416
GCG,0.7132826723081294
GCU,0.22939980166208904
GGA,0.8329651718051112
GGC,0.14831079078828882
GGG,0.6304196366077952
GGU,0.3615533628708812
GUA,0.3248921500925838
GUC,0.43276935413201645
GUG,1.7605706056947947
GUU,0.19866071269661062
UAC,0.36831140844868954
UAU,0.6053776507065926
UCA,0.3724523863846455
UCC,0.5339293228029318
UCG,0.6441260129858518
UCU,0.24610566216973503
UGC,0.5136267053751691
UGG,0.33293569751432384
UGU,0.7674469225113916
UUA,0.5217327126396463
UUC,0.30098902199415833
UUG,0.1933625627603461
UUU,0.5288197630442971
