codon,average_decoding_time
AAA,0.45781587434239135
AAC,0.3278844834614184
AAG,0.2298669858342646
AAU,0.5613159611668351
ACA,0.3487196701035782
ACC,0.38125361108881495
ACG,0.6648199358332476
ACU,0.22912834184225755
AGA,0.14864253261939958
AGC,1.3899654230856768
AGG,1.8085354647177854
AGU,1.7408255931660912
AUA,0.44532926791941385
AUC,0.472109214140107
AUG,0.5529106992330782
AUU,0.27835637767078325
CAA,0.46228853310480483
CAC,0.5330975443400393
CAG,0.6464826941655348
CAU,0.791230870566435
CCA,0.3184229217514364
CCC,2.2015275688997695
CCG,0.5054487818082336
CCU,1.7938040314567718
CGA,0.5074843393141073
CGC,0.6332616830397209
CGG,2.199929474252486
CGU,0.392824081704027
CUA,1.3686708203190576
CUC,1.2122976086898025
CUG,1.457206136125543
CUU,1.289228664866327
GAA,0.2736770651798162
GAC,0.2796221546419997
GAG,0.4344370387333647
GAU,0.5088450183947033
GCA,0.32129260093941847
GCC,0.3504933129511303
GCG,0.7125840302922101
GCU,0.20829861138428354
GGA,0.8308631222963867
GGC,0.14946811983881197
GGG,0.6336955427407753
GGU,0.360771046823
GUA,0.32411788674829806
GUC,0.4322683606121636
GUG,0.8638533280829819
GUU,0.21217938721419727
UAC,0.5332778964071997
UAU,0.7908744845108151
UCA,0.37749867323784114
UCC,0.5437143178947867
UCG,0.7869501496676635
UCU,0.31062005175058655
UGC,0.7048796728285049
UGG,0.35316071418620787
UGU,0.9813523336960781
UUA,0.5809085503850622
UUC,0.34304001382566884
UUG,0.2643609630087188
UUU,0.5761749572101817
