codon,average_decoding_time
AAA,0.4598822110741284
AAC,0.3282810914834834
AAG,0.16076467309516126
AAU,0.5592071992211449
ACA,0.34989362691426124
ACC,0.38205846949482825
ACG,0.6871786223407448
ACU,0.2297396542720086
AGA,0.14830740509436188
AGC,1.4001051933441162
AGG,0.30796376961064764
AGU,1.7482144800056931
AUA,0.44157644939367513
AUC,0.47088400919880596
AUG,0.5503435903181321
AUU,0.2790643013392505
CAA,0.4659513158084462
CAC,0.5321249590764937
CAG,3.4579691787092974
CAU,0.7875144491217674
CCA,0.3162831026043612
CCC,2.2019279728870536
CCG,0.45035147421817245
CCU,1.785500969626827
CGA,0.5114961592050988
CGC,0.6335683122610232
CGG,2.1955106749580495
CGU,0.3914915020797469
CUA,1.3784017444318881
CUC,1.199438700993818
CUG,1.4630764048436744
CUU,1.2914061999977016
GAA,0.3038740363307961
GAC,0.27695423409596165
GAG,2.155144528736699
GAU,0.5069074055218217
GCA,0.32658786634146747
GCC,0.36874451910097417
GCG,0.8546371534634214
GCU,0.22554026233994995
GGA,1.024803316362962
GGC,0.17094765503303222
GGG,0.6861472742506308
GGU,0.386441832000713
GUA,0.40770938204334195
GUC,0.5136426866488812
GUG,0.9913990495558217
GUU,0.2855698167888341
UAC,0.5346481511624296
UAU,0.7884391029168303
UCA,0.3778840919618576
UCC,0.5392208051957721
UCG,0.7880732171623962
UCU,0.31126743120793143
UGC,0.7038116756292937
UGG,0.35363245464216947
UGU,0.9880314324619632
UUA,0.5759211809887084
UUC,0.342997434618733
UUG,0.32639227867794174
UUU,0.578673144274288
