codon,average_decoding_time
AAA,0.4600749121972316
AAC,0.32574564301171605
AAG,0.23086290068727758
AAU,0.5598106449507361
ACA,0.35006775122606754
ACC,0.38311114198991797
ACG,0.6877050977969642
ACU,0.22424631161806743
AGA,0.14839590276712936
AGC,1.3891586338455209
AGG,1.8075458507111097
AGU,1.7398049518742558
AUA,0.4432169467457005
AUC,0.4733912804607566
AUG,0.522098598151392
AUU,0.26603983814375987
CAA,0.4667629441138324
CAC,0.5312246626375048
CAG,0.6470214873654044
CAU,0.7892730819781999
CCA,0.3164524101595019
CCC,2.19327217477391
CCG,0.45050569355280706
CCU,1.6168276838751388
CGA,0.5100665230213486
CGC,0.6314520424377608
CGG,2.2020262687975376
CGU,0.3917867714149447
CUA,1.372587082510331
CUC,1.2122317828199696
CUG,1.4084521878462883
CUU,4.4422024350091185
GAA,0.3053177113761924
GAC,0.2791338337504792
GAG,0.4659039737085949
GAU,0.5072865172542774
GCA,0.3267704849791221
GCC,0.36970254328326946
GCG,0.8524413195039028
GCU,0.25570469625380116
GGA,1.024363663878404
GGC,0.1719494064769187
GGG,0.6816684761165506
GGU,0.3873492698960768
GUA,0.407824271224611
GUC,0.5134297864932341
GUG,2.0772522312008426
GUU,0.27260294009336766
UAC,0.3707518864434585
UAU,0.6119005271668729
UCA,0.3720355941585993
UCC,0.5352454526642919
UCG,0.6460482810066452
UCU,0.2462650751467951
UGC,0.5118880442259549
UGG,0.2141620066644738
UGU,0.7682256381720832
UUA,0.5191589908092752
UUC,0.29911392824810995
UUG,0.2257931437376524
UUU,0.5283911542418875
