codon,average_decoding_time
AAA,0.4595749574582441
AAC,0.32665473555635843
AAG,0.23014490019216483
AAU,0.5589460910367214
ACA,0.3495018490889681
ACC,0.3804401564478472
ACG,0.5817542574186889
ACU,0.22997956623434074
AGA,0.14781428617961626
AGC,1.3959471892579767
AGG,1.632394813193029
AGU,1.7533402427002107
AUA,0.443128370579096
AUC,0.47139975451446886
AUG,0.5216393724151669
AUU,0.2784270170248839
CAA,0.46665566272139186
CAC,0.5308152659568466
CAG,0.6451899508806132
CAU,0.789504480013798
CCA,0.31559316201309706
CCC,2.1741912586141887
CCG,1.8383232083449612
CCU,1.7938861946011422
CGA,0.5110751200551806
CGC,0.6312814498329006
CGG,2.018225747980282
CGU,0.3932928930988206
CUA,1.3765842784817734
CUC,1.2046636736591825
CUG,1.3957556970144307
CUU,1.2878926530733972
GAA,0.30426134855692694
GAC,0.2788840425470548
GAG,0.4654365049751159
GAU,0.5072821859376814
GCA,0.3264505923025216
GCC,0.3691757323350473
GCG,0.7433632351076923
GCU,0.22623872855607963
GGA,1.0314892529696926
GGC,0.1712166118006482
GGG,1.369754529270687
GGU,0.3848328606367949
GUA,0.40495029545372313
GUC,0.5131549352208351
GUG,2.065566186532051
GUU,0.2857817114083777
UAC,0.5334926822588594
UAU,0.7883183353160916
UCA,0.37832021639099933
UCC,0.5412907636453894
UCG,2.9067536991443816
UCU,0.3095811859117031
UGC,0.708664958122649
UGG,0.32271782665952237
UGU,0.9813903180179042
UUA,0.5817827597493019
UUC,0.3421516321271565
UUG,0.25285175526646314
UUU,0.5785111486298155
