codon,average_decoding_time
AAA,0.45952314668654626
AAC,0.32854792971377395
AAG,0.16160358638962838
AAU,0.5592327612928877
ACA,0.35044720021090753
ACC,0.38148835497783484
ACG,0.6686754905881778
ACU,0.22982219160163647
AGA,0.14885217566372894
AGC,1.389000863714091
AGG,0.3068872049710425
AGU,1.7493871549024587
AUA,0.44473357838787736
AUC,0.47127510724034205
AUG,0.5242054991867757
AUU,0.2786873554635851
CAA,0.4659436191785989
CAC,0.5329651673601242
CAG,3.449345512353927
CAU,0.7892016808030864
CCA,0.3173178724062889
CCC,2.1797656504696374
CCG,0.5072980608810116
CCU,1.791079479463003
CGA,0.508514534352517
CGC,0.6352080703349916
CGG,2.189844385927341
CGU,0.3935593074861139
CUA,1.3743497414837555
CUC,1.205923229994725
CUG,1.393800069473871
CUU,1.2902322559822734
GAA,0.2715656335472712
GAC,0.27987052235163296
GAG,1.9297791892512626
GAU,0.50801049659348
GCA,0.3241749479590439
GCC,0.3480986918294086
GCG,0.7129539533250546
GCU,0.20885337585552727
GGA,0.8322598935751159
GGC,0.14838007635705142
GGG,0.6334708495989285
GGU,0.3606818588252169
GUA,0.32354906388564725
GUC,0.4329934339251326
GUG,1.5717831673500684
GUU,0.2123696254446689
UAC,0.5353951335122146
UAU,0.7888375126472591
UCA,0.37699373841282396
UCC,0.5411025276393207
UCG,0.7897876939771146
UCU,0.31124326462534346
UGC,0.7093535000125238
UGG,0.34978290659762484
UGU,0.9796774281194227
UUA,0.579155959103891
UUC,0.34434619211827294
UUG,0.30604798382458825
UUU,0.5776053162148383
