codon,average_decoding_time
AAA,0.456252329681051
AAC,0.3278988271538106
AAG,0.1608639498657741
AAU,0.5578685621293067
ACA,0.3499122355528911
ACC,0.3826806005881275
ACG,0.6862602868770781
ACU,0.22969477192534654
AGA,0.14861293230731412
AGC,1.3919097712656037
AGG,0.3078571649085948
AGU,1.7397977820301
AUA,0.4424998825213902
AUC,0.47074308031384193
AUG,0.5223124685023759
AUU,0.27802398388661215
CAA,0.46467955615180023
CAC,0.5299565683955836
CAG,3.4768949719585693
CAU,0.7858341122027956
CCA,0.31980734027609475
CCC,2.1731062287938427
CCG,0.4490210750739842
CCU,1.7907965584609935
CGA,0.5080793253331587
CGC,0.6324260493538628
CGG,2.194597148375942
CGU,0.3939907611810689
CUA,1.369505514343579
CUC,1.204658306726536
CUG,1.3990300465913996
CUU,1.3004771574896803
GAA,0.3030393146643072
GAC,0.2795380083080422
GAG,2.152967896392908
GAU,0.5073878457097772
GCA,0.32523755686102795
GCC,0.3703899989778722
GCG,0.8546006771568618
GCU,0.22548906781279227
GGA,1.0253066759449778
GGC,0.17022802407330176
GGG,0.6825739732129658
GGU,0.38584930313006843
GUA,0.4039414872446455
GUC,0.5147805693517856
GUG,2.0707943237236375
GUU,0.2857031803829539
UAC,0.5324651570076376
UAU,0.7904813332532256
UCA,0.37858981589907975
UCC,0.5425902903162583
UCG,0.7918734974872956
UCU,0.3110775753098383
UGC,0.7046820139768735
UGG,0.3517252898833283
UGU,0.9808939696210143
UUA,0.5784926038372201
UUC,0.3422484893278973
UUG,0.2529978246193856
UUU,0.5780098420082674
