codon,average_decoding_time
AAA,0.4597827196395334
AAC,0.3274547885440406
AAG,0.23089053957657893
AAU,0.5595537026014938
ACA,0.3500067653477053
ACC,0.3839883965871932
ACG,0.664624441347281
ACU,0.22958943593793582
AGA,0.14790993369797678
AGC,1.3838836519780495
AGG,1.7939462473439995
AGU,1.7479080903061208
AUA,0.4425939377339491
AUC,0.4718008388397661
AUG,0.5504334324261095
AUU,0.27716238842901886
CAA,0.4658266631022293
CAC,0.5352133525713652
CAG,0.6448605481641548
CAU,0.789614289422219
CCA,0.3156581027526955
CCC,2.1903050636867945
CCG,0.5042110387755069
CCU,1.7902718951716015
CGA,0.5098393249789976
CGC,0.6305752618600196
CGG,2.1919083224478406
CGU,0.3937987841917749
CUA,1.3675408985349067
CUC,1.207507943959492
CUG,1.4697246223325853
CUU,1.2828648970070438
GAA,0.2723694522508158
GAC,0.280656999935006
GAG,0.4344312550082874
GAU,0.5099841125373089
GCA,0.3222524868251327
GCC,0.35036941319188947
GCG,0.711162011911329
GCU,0.20869789322993854
GGA,0.8323950836379012
GGC,0.15001774227182144
GGG,0.6318219919601716
GGU,0.3625212328134251
GUA,0.3221666667496823
GUC,0.43358081098586393
GUG,0.7732054149873314
GUU,0.21192299285030472
UAC,0.5310939090190769
UAU,0.7896555356621346
UCA,0.37597096151329745
UCC,0.5430780737825701
UCG,0.7909951891133927
UCU,0.3111693691074146
UGC,0.704126668677715
UGG,0.3535446834926139
UGU,0.9731843253296112
UUA,0.5742655261253401
UUC,0.34206019228955137
UUG,0.326703433483268
UUU,0.5795255842175324
