codon,average_decoding_time
AAA,0.4586020515118091
AAC,0.3267103061202851
AAG,0.16015023486648433
AAU,0.5594803722267975
ACA,0.3496982972549993
ACC,0.38147955798732713
ACG,0.6684112869303159
ACU,0.22382177442655257
AGA,0.1479553857662019
AGC,1.3861240323376387
AGG,1.797833644183155
AGU,1.7465978738931212
AUA,0.4443578332405808
AUC,0.47172487662346774
AUG,0.5522802807128269
AUU,0.26572515557341586
CAA,0.4626431821398394
CAC,0.5325380178109458
CAG,3.457948311093802
CAU,0.7877152464064745
CCA,0.31625522771163606
CCC,2.1720665818186466
CCG,0.5058511396440916
CCU,1.6148600014418075
CGA,0.5085259231972238
CGC,0.6324339106799116
CGG,2.192172513307001
CGU,0.39290604444235216
CUA,1.372368153450899
CUC,1.2069795131291858
CUG,1.4593448905182909
CUU,4.444698492316569
GAA,0.2734478275171807
GAC,0.27912112175099113
GAG,1.9453719020539333
GAU,0.508152130427827
GCA,0.32360483292938197
GCC,0.35000358788473057
GCG,0.7102866619138073
GCU,0.22950830607726988
GGA,0.8291373977865146
GGC,0.14827301137848176
GGG,0.6324073005713219
GGU,0.36235523722209795
GUA,0.32519679785872946
GUC,0.43334445615516454
GUG,0.7666923570330753
GUU,0.1981892297224427
UAC,0.36997573212465557
UAU,0.6089097027787909
UCA,0.37251663195705464
UCC,0.5346510441534708
UCG,0.6465052604169538
UCU,0.2441254414022703
UGC,0.5133660874466802
UGG,0.21549616230766194
UGU,0.7654700384990952
UUA,0.5191634729486663
UUC,0.2997905634006061
UUG,0.2301130199576476
UUU,0.5314618463921474
