codon,average_decoding_time
AAA,0.45767126527578045
AAC,0.32704647515890306
AAG,0.22977129532960383
AAU,0.5607265239060465
ACA,0.3501775757249929
ACC,0.3821411943411567
ACG,0.5788863933257907
ACU,0.22863373629070863
AGA,0.1476025526593622
AGC,1.4006570111500083
AGG,0.29273812848021025
AGU,1.749436900276649
AUA,0.44414204652449224
AUC,0.47247843478465634
AUG,0.5244867237082018
AUU,0.2765856382730567
CAA,0.4626008318338876
CAC,0.5325075786840735
CAG,0.6469560329312097
CAU,0.7875813033951115
CCA,0.3177075217368555
CCC,2.1810974961195835
CCG,1.8390456762139133
CCU,1.7934713634311785
CGA,0.5114215559942004
CGC,0.6319522794588269
CGG,2.0276384858048653
CGU,0.393526565074925
CUA,1.3641033685585027
CUC,1.208931680508635
CUG,1.404744846512817
CUU,1.2820905198509946
GAA,0.30506573630513145
GAC,0.28052550745090604
GAG,0.46376894292076926
GAU,0.5041374464527336
GCA,0.32626477545712196
GCC,0.3690311709231873
GCG,0.7442321383199767
GCU,0.22516450671975588
GGA,1.0234197487089167
GGC,0.17233524396832098
GGG,1.3614209963818966
GGU,0.38640541461762873
GUA,0.4057305001355993
GUC,0.5134671087383412
GUG,2.076350852102799
GUU,0.28472040726853354
UAC,0.5333925490928392
UAU,0.788342739899042
UCA,0.3770061530654913
UCC,0.541690563799261
UCG,2.9170627353903757
UCU,0.31202247328534766
UGC,0.7041178549417657
UGG,0.32318100003844125
UGU,0.9785057782717156
UUA,0.5774105700918502
UUC,0.3411896453184823
UUG,0.2536669180442618
UUU,0.5794876376533811
