codon,average_decoding_time
AAA,0.45928631679569887
AAC,0.32541649987828064
AAG,0.16124792820181988
AAU,0.5603330741377369
ACA,0.3485689097996302
ACC,0.3814311395481068
ACG,0.6641879887813047
ACU,0.23014159830181186
AGA,0.14785301911086682
AGC,1.3844264500350916
AGG,1.799405882458885
AGU,1.7415281063232553
AUA,0.4419023187089237
AUC,0.47242945863149527
AUG,0.5217433535675069
AUU,0.27804836672612365
CAA,0.46446109776007366
CAC,0.52916252419916
CAG,3.4489786725203246
CAU,0.7869097477664146
CCA,0.3163018167127473
CCC,2.1955824936706105
CCG,0.505225123368086
CCU,1.7942845463986976
CGA,0.510025827648256
CGC,0.6334519403145071
CGG,2.2089143445497093
CGU,0.3942183679998241
CUA,1.3763860861754076
CUC,1.208628234965385
CUG,1.3983076809127095
CUU,1.2859927262140702
GAA,0.2705627036718525
GAC,0.28059213956418017
GAG,1.929272406909255
GAU,0.5063308069391771
GCA,0.3226945487577681
GCC,0.349287586343272
GCG,0.7085106362584035
GCU,0.20773141486080993
GGA,0.8282670013584735
GGC,0.14887822863476222
GGG,0.635997635957527
GGU,0.3627562005208583
GUA,0.32522206658491026
GUC,0.4345636042279128
GUG,1.558631259833871
GUU,0.21306274921608878
UAC,0.5347320738470493
UAU,0.7946495325848821
UCA,0.3756763267255445
UCC,0.5417546740889118
UCG,0.7897307477565142
UCU,0.3106404527036496
UGC,0.7049762647042684
UGG,0.3566229918234384
UGU,0.9808258802992941
UUA,0.5790054163420973
UUC,0.34308482366873794
UUG,0.30789804724079745
UUU,0.5776389515008388
