codon,average_decoding_time
AAA,0.4592516773717345
AAC,0.3275366193022382
AAG,0.160683152360387
AAU,0.5596063783132802
ACA,0.3503028639922956
ACC,0.38256726243027306
ACG,0.5778699813171978
ACU,0.22990571288982406
AGA,0.14769058271022567
AGC,1.3998569283640272
AGG,0.2923704007593846
AGU,1.740052373194662
AUA,0.4434136115753921
AUC,0.4735779835658566
AUG,0.5503810768755025
AUU,0.27867819602884103
CAA,0.4660910438041467
CAC,0.5327099556308776
CAG,3.4732538190827142
CAU,0.7866104824759533
CCA,0.31742106205916293
CCC,2.191989689923509
CCG,1.8408099077930604
CCU,1.7949909291543704
CGA,0.5107980333708725
CGC,0.6346249272018086
CGG,2.028152786736396
CGU,0.39216666886402896
CUA,1.3799056441524953
CUC,1.2056551913488518
CUG,1.4626201575437812
CUU,1.287303547607825
GAA,0.3034670897073257
GAC,0.27885059517783556
GAG,2.155511294181284
GAU,0.5064284856619672
GCA,0.3270395087334008
GCC,0.37005478048371654
GCG,0.7432032751629045
GCU,0.22670722075962876
GGA,1.0222913041520512
GGC,0.1723652444213839
GGG,1.3654402835310222
GGU,0.3874284221509922
GUA,0.4048700038524147
GUC,0.5137842621363022
GUG,0.9970541227828381
GUU,0.28402690103664213
UAC,0.5374954332155244
UAU,0.7913569487480261
UCA,0.3772233229992096
UCC,0.5411578075320291
UCG,2.917527873263786
UCU,0.31001663141848684
UGC,0.7076729448666214
UGG,0.32370810581365733
UGU,0.9757872993782909
UUA,0.5789915739187059
UUC,0.343732824674618
UUG,0.3250624484131962
UUU,0.5779112997999393
