codon,average_decoding_time
AAA,0.4598412717649492
AAC,0.327849848853936
AAG,0.16061383210531022
AAU,0.556829946252688
ACA,0.34925495164548986
ACC,0.3820972630745889
ACG,0.6650992728129658
ACU,0.22438384208720363
AGA,0.14900330858728886
AGC,1.394153226766849
AGG,1.8147325144551971
AGU,1.7503230039545847
AUA,0.44458559532637154
AUC,0.4705635189821966
AUG,0.5200005750643135
AUU,0.2664852091100093
CAA,0.4648410773612449
CAC,0.5337544823669952
CAG,3.462697181441459
CAU,0.7881203296263924
CCA,0.3166436836232105
CCC,2.1849131633075793
CCG,0.5045657813896086
CCU,1.619571634344292
CGA,0.5122975993831332
CGC,0.6349219421460591
CGG,2.1953901809976126
CGU,0.3956825499613043
CUA,1.3747291438498928
CUC,1.2043033661433404
CUG,1.4043919252026633
CUU,4.469437385713259
GAA,0.27147094888638623
GAC,0.27892724706440164
GAG,1.9400186888585202
GAU,0.5063765422166226
GCA,0.32280815759743514
GCC,0.35056096804287346
GCG,0.7119945825931913
GCU,0.22847000686635582
GGA,0.8289317953697894
GGC,0.1495982940126742
GGG,0.6316498525770672
GGU,0.36020717435498606
GUA,0.324919225870847
GUC,0.43245316982354653
GUG,1.7684017189320564
GUU,0.1993422960863044
UAC,0.3695626735054991
UAU,0.6089397511740601
UCA,0.3730349436081172
UCC,0.5362981158951035
UCG,0.6455742980007455
UCU,0.24631145307997565
UGC,0.5135711279841145
UGG,0.21574097182706678
UGU,0.7640716182047563
UUA,0.5225147911015131
UUC,0.2993857814838779
UUG,0.19387006176509855
UUU,0.5280636612248627
