codon,average_decoding_time
AAA,0.45681778301793
AAC,0.3267576078815987
AAG,0.1608727825155764
AAU,0.5577552315051107
ACA,0.34971705414509247
ACC,0.38128624811199385
ACG,0.5785878479758545
ACU,0.22931188930564508
AGA,0.14835088842956756
AGC,1.3988963908282357
AGG,1.63557898124066
AGU,1.7431689280556393
AUA,0.44255584036920237
AUC,0.4712941506203223
AUG,0.5522935143161378
AUU,0.2765592626997895
CAA,0.4633016435091784
CAC,0.5356195271333744
CAG,3.463223995030372
CAU,0.7858099031486769
CCA,0.3175260207700458
CCC,2.1899028670848666
CCG,1.844652467892754
CCU,1.7954867561461296
CGA,0.5079213559350935
CGC,0.6325239930688437
CGG,2.029715298867875
CGU,0.3936852159387428
CUA,1.3668167913284281
CUC,1.2007209358814457
CUG,1.4638306297307282
CUU,1.2962716822448086
GAA,0.3028637267505058
GAC,0.2787715758405434
GAG,2.165916733515187
GAU,0.5038768695256677
GCA,0.3259600926747784
GCC,0.3692794763642437
GCG,0.743091078629381
GCU,0.22614007766578506
GGA,1.0316792682072546
GGC,0.1705433442628342
GGG,1.3642259270255264
GGU,0.38597801537548576
GUA,0.4043402802555214
GUC,0.5129855861631214
GUG,0.9956492039498579
GUU,0.28439146903875206
UAC,0.5362047059893099
UAU,0.7896283631066641
UCA,0.3757310992534795
UCC,0.5398011218085861
UCG,2.9258401474572615
UCU,0.30989984376423163
UGC,0.710280447994625
UGG,0.3231649763708645
UGU,0.9825945366462914
UUA,0.5795823148304814
UUC,0.3414626966894301
UUG,0.2650692767610009
UUU,0.5774184675646731
