codon,average_decoding_time
AAA,0.45893491665973607
AAC,0.3267235499738192
AAG,0.16123079924717723
AAU,0.560458414424197
ACA,0.3496402173671157
ACC,0.3819534812325712
ACG,0.5806601553123591
ACU,0.22994610685692973
AGA,0.1475545410288991
AGC,1.3925709681547267
AGG,1.6296616740839687
AGU,1.7425835746703817
AUA,0.4456171593768106
AUC,0.4707055283236447
AUG,0.5506751408353309
AUU,0.27895971944296166
CAA,0.46326981357265623
CAC,0.5323420022863675
CAG,3.4804286958465904
CAU,0.7888090014074643
CCA,0.3179843791268623
CCC,2.1857725343651904
CCG,1.8403340543295306
CCU,1.8038548751348638
CGA,0.5125681057821054
CGC,0.6327861578496051
CGG,2.03625636478069
CGU,0.39339776543245164
CUA,1.3724872072684884
CUC,1.2096587393378717
CUG,1.459127019861821
CUU,1.2838887505768193
GAA,0.30529280274849774
GAC,0.28004204711371233
GAG,2.170311503769658
GAU,0.5068708462133789
GCA,0.32665939256658877
GCC,0.37056642171124193
GCG,0.7415717255565973
GCU,0.22566284177993884
GGA,1.0226241936093674
GGC,0.17097271040552184
GGG,1.3596397229213437
GGU,0.38585232632871375
GUA,0.4042638527888624
GUC,0.5139274641563668
GUG,1.0034679004224396
GUU,0.2837809301109166
UAC,0.5350178863674647
UAU,0.7893003330592044
UCA,0.3782760202520495
UCC,0.5426522017011143
UCG,2.926300880392282
UCU,0.31084754569606415
UGC,0.7017059654341475
UGG,0.3243870552443261
UGU,0.9838110408677313
UUA,0.5759775854265825
UUC,0.34369864029461394
UUG,0.3263372513361582
UUU,0.5761475809631884
