codon,average_decoding_time
AAA,0.4588729892588554
AAC,0.3270581251869995
AAG,0.16125180570018982
AAU,0.5596779866944398
ACA,0.3491312834071716
ACC,0.38250430961528553
ACG,0.6658815691321874
ACU,0.2312160255028765
AGA,0.14802752045800663
AGC,1.391761784639152
AGG,1.8123113826562955
AGU,1.753366870531322
AUA,0.4435293366079234
AUC,0.4701230814913135
AUG,0.5508643694277733
AUU,0.2785073186719145
CAA,0.4630766055092825
CAC,0.5331020373441234
CAG,3.4651627369135363
CAU,0.7913236909310231
CCA,0.3175024674563262
CCC,2.185539036490989
CCG,0.5048263798950982
CCU,1.7903840884192177
CGA,0.5101368480972688
CGC,0.6344797131414271
CGG,2.196515456374851
CGU,0.39220417186791956
CUA,1.3654088232123087
CUC,1.2092879817214348
CUG,1.4587246711930963
CUU,1.2876586056740804
GAA,0.27189574933252325
GAC,0.2789535572305541
GAG,1.9315027584831705
GAU,0.5079923922416987
GCA,0.32232931958483435
GCC,0.3499203929556794
GCG,0.7086674405923259
GCU,0.20700539098163284
GGA,0.8289866169982952
GGC,0.14894223448017133
GGG,0.6323532057428631
GGU,0.3628226499632609
GUA,0.3252877967630092
GUC,0.4332207670272737
GUG,0.7738862240718726
GUU,0.2119190441309269
UAC,0.5325702509703448
UAU,0.7908789677371938
UCA,0.3792286433483837
UCC,0.5423445729819746
UCG,0.7882911029921759
UCU,0.309341085062886
UGC,0.7049594058827959
UGG,0.35330388576442934
UGU,0.9808356575418394
UUA,0.5817172447869832
UUC,0.3436624696836896
UUG,0.32636868374616484
UUU,0.5770272962795664
