codon,average_decoding_time
AAA,0.45926054488484835
AAC,0.32615450400631607
AAG,0.16115745646195284
AAU,0.558975176714159
ACA,0.3496665193927239
ACC,0.3835504020353866
ACG,0.6665502867529868
ACU,0.2233418501396284
AGA,0.14857503591527538
AGC,1.393526528506872
AGG,1.8059877346585407
AGU,1.7425049073728098
AUA,0.4428858490217475
AUC,0.4703065182544007
AUG,0.5508380824826307
AUU,0.26561944723210673
CAA,0.46600935687727457
CAC,0.5338862484701719
CAG,3.455392238998604
CAU,0.790700765325847
CCA,0.31613661296897877
CCC,2.1861471966756585
CCG,0.5053546037191438
CCU,1.6174974941845925
CGA,0.5093639918402334
CGC,0.6317745512202185
CGG,2.2061283290556113
CGU,0.3932419977755959
CUA,1.3740548826943142
CUC,1.2075377509927758
CUG,1.4591542386240515
CUU,4.440968718808419
GAA,0.2735346536549558
GAC,0.2795231210090426
GAG,1.9383878918945778
GAU,0.5090843952548383
GCA,0.3215245912024688
GCC,0.3495499601445085
GCG,0.7121342522645789
GCU,0.2290727595259649
GGA,0.8311281069496461
GGC,0.14911346322122213
GGG,0.6343630604885141
GGU,0.36071362609124596
GUA,0.32419341413303693
GUC,0.43224642155557763
GUG,0.8625729874060344
GUU,0.20020987196986764
UAC,0.37163373980962083
UAU,0.6093933432381047
UCA,0.3720529670745267
UCC,0.5368781485814749
UCG,0.647728225814033
UCU,0.24495184384262847
UGC,0.5129214592640726
UGG,0.21472799987014154
UGU,0.7701787830235209
UUA,0.5180709782326118
UUC,0.29924972228895025
UUG,0.21294161066355072
UUU,0.5293040075700092
