codon,average_decoding_time
AAA,0.4607542693908616
AAC,0.32494663465811546
AAG,0.230714379669894
AAU,0.5608395647212678
ACA,0.34985127570817337
ACC,0.38091086176906036
ACG,0.6660190359751764
ACU,0.22409492991694707
AGA,0.1482017557061309
AGC,1.3884584532349533
AGG,1.8110227853835086
AGU,1.7465192921463313
AUA,0.44531027204145407
AUC,0.4728822080468039
AUG,0.5203209434810665
AUU,0.2667206793798712
CAA,0.4638349881372805
CAC,0.5323880909602985
CAG,0.6454484167002752
CAU,0.790984859775306
CCA,0.31810413506307605
CCC,2.186635148662309
CCG,0.5057444362203347
CCU,1.6195326485630213
CGA,0.5079319405119791
CGC,0.6352464416423861
CGG,2.184554303280005
CGU,0.39269062477562117
CUA,1.373572601790679
CUC,1.2109240617695962
CUG,1.400721825339608
CUU,4.422219425438513
GAA,0.2707675666880665
GAC,0.2781707259284645
GAG,0.43385323097360246
GAU,0.5074630986402938
GCA,0.32248113155199787
GCC,0.35015392706823584
GCG,0.7152653814326796
GCU,0.22852938917077995
GGA,0.8237767855447071
GGC,0.1485187030948971
GGG,0.633404405304339
GGU,0.3620705539417138
GUA,0.3236495062085682
GUC,0.4322514578252525
GUG,1.577327493035072
GUU,0.19826375777118366
UAC,0.37003413769830457
UAU,0.6060579530204071
UCA,0.37293035655354384
UCC,0.5373496790483884
UCG,0.6501453020761288
UCU,0.24561829483452938
UGC,0.5134433007693932
UGG,0.21388413405254153
UGU,0.7678389657168899
UUA,0.5179232253990115
UUC,0.29922156117926657
UUG,0.2141240676309172
UUU,0.5290677321465771
