codon,average_decoding_time
AAA,0.45879666304530903
AAC,0.3276710478116022
AAG,0.16138450741247304
AAU,0.5617000513204999
ACA,0.3507959509825424
ACC,0.3827026100694995
ACG,0.6885896624592248
ACU,0.22826949949446546
AGA,0.148375285915951
AGC,1.4038169415473485
AGG,1.8042114698162353
AGU,1.7518954323951377
AUA,0.44478442936492407
AUC,0.47202442724986077
AUG,0.5499998322957316
AUU,0.2769575060221644
CAA,0.4652506613319046
CAC,0.5329909434903828
CAG,3.453910205895259
CAU,0.7867105501108091
CCA,0.3165344939035095
CCC,2.1808905515054757
CCG,0.4492002885588075
CCU,1.782545979290193
CGA,0.5111113157898555
CGC,0.6314341266056235
CGG,2.1969221657526665
CGU,0.390393475735933
CUA,1.3710126722706044
CUC,1.209819706923644
CUG,1.4650348444995716
CUU,1.2865270509503872
GAA,0.3046614383849775
GAC,0.279931227842032
GAG,2.1614797599949602
GAU,0.5062587042149268
GCA,0.32610562937262466
GCC,0.3690233587526805
GCG,0.8558892802212903
GCU,0.22666370176715364
GGA,1.0258658543592147
GGC,0.1713810599843112
GGG,0.6838852716655848
GGU,0.3875076005730973
GUA,0.40531609535021523
GUC,0.5118855839845865
GUG,0.9925725652443179
GUU,0.2850299964358649
UAC,0.5327625639665058
UAU,0.7911321139423962
UCA,0.3787237888799965
UCC,0.541783777951654
UCG,0.7856291915216796
UCU,0.3097600151709239
UGC,0.7071919998748034
UGG,0.3535245253755175
UGU,0.9808163452105051
UUA,0.5779897286116672
UUC,0.34374088686163884
UUG,0.3276308987445769
UUU,0.5774364902179248
