codon,average_decoding_time
AAA,0.45988816132775734
AAC,0.32638650377903766
AAG,0.1613239026097713
AAU,0.5569317449632073
ACA,0.3503135777148495
ACC,0.38343246327330577
ACG,0.6883446110657692
ACU,0.22285019980929588
AGA,0.14687790720146174
AGC,1.3878104875605708
AGG,1.7879215466000475
AGU,1.7583369959948152
AUA,0.4458122020570352
AUC,0.4703689888774904
AUG,0.519264172359385
AUU,0.2656741692780263
CAA,0.4633030887004582
CAC,0.5333546611838355
CAG,3.4694195695274637
CAU,0.7905561687385567
CCA,0.3157557594926568
CCC,2.194809393602184
CCG,0.44893120649942997
CCU,1.6215406289755123
CGA,0.508415646357286
CGC,0.6326443306570572
CGG,2.1889217830474617
CGU,0.3914367194670571
CUA,1.367758080300509
CUC,1.2058642919198168
CUG,1.4020959541825644
CUU,4.436283786552961
GAA,0.304596660218252
GAC,0.2785796019856094
GAG,2.154963695655326
GAU,0.5061454228423221
GCA,0.326121829777924
GCC,0.3677614405244417
GCG,0.8541375658679535
GCU,0.25652761365516213
GGA,1.029097706090171
GGC,0.17171788404654148
GGG,0.6838893395053581
GGU,0.38663350278152525
GUA,0.40513006431735166
GUC,0.5140942034259901
GUG,2.077381300654673
GUU,0.2741618201895419
UAC,0.3678904529831456
UAU,0.6074007245705341
UCA,0.3727217151298254
UCC,0.5367031323359105
UCG,0.6475012179108516
UCU,0.24618278349731026
UGC,0.5128885607494865
UGG,0.21473478710390537
UGU,0.7669606022621858
UUA,0.5183314409962646
UUC,0.29890755990252554
UUG,0.19281858870873955
UUU,0.527987198827435
