codon,average_decoding_time
AAA,0.45860887955207474
AAC,0.3254305394274126
AAG,0.23084048187547088
AAU,0.559288328875661
ACA,0.3488173065425189
ACC,0.3834456225862029
ACG,0.6888996027247548
ACU,0.2238785049310971
AGA,0.1486075871823893
AGC,1.3909018154396147
AGG,1.7997974252356403
AGU,1.7450643924161973
AUA,0.4445004017696632
AUC,0.4711555759874986
AUG,0.5186440599317262
AUU,0.26720957127854317
CAA,0.4649898913037665
CAC,0.5321996640709318
CAG,0.6445170915199682
CAU,0.7921481413654484
CCA,0.3154672552749868
CCC,2.1956522821515376
CCG,0.4507516005619345
CCU,1.6297100338844637
CGA,0.5114135746926292
CGC,0.631355441891227
CGG,2.1970974589660215
CGU,0.39063611776250806
CUA,1.374470395638811
CUC,1.2094746313135725
CUG,1.3988900395299542
CUU,4.463659675048536
GAA,0.3023124810168884
GAC,0.27821458976442665
GAG,0.46556003586146094
GAU,0.5052489107611944
GCA,0.3267887488342609
GCC,0.3699798069893597
GCG,0.8551095869189548
GCU,0.2564107133522124
GGA,1.02339712653699
GGC,0.1715517880556352
GGG,0.6846006322667361
GGU,0.3874029434625187
GUA,0.40562973923603635
GUC,0.5122099167861331
GUG,2.0762137949409034
GUU,0.2732229149264816
UAC,0.36796118110172554
UAU,0.6098379496212039
UCA,0.3736003324265886
UCC,0.536522178045541
UCG,0.6470260828245455
UCU,0.24591416336423186
UGC,0.5147951094760973
UGG,0.21534635992215284
UGU,0.7697167487544659
UUA,0.5176706628566394
UUC,0.3005059587569959
UUG,0.1937491412079864
UUU,0.528823097532619
