codon,average_decoding_time
AAA,0.4589877081510721
AAC,0.32674038652399273
AAG,0.16200325650686928
AAU,0.5576498918494139
ACA,0.3495775600965652
ACC,0.38234711909944447
ACG,0.6846922863660289
ACU,0.22424146883281854
AGA,0.148264504823748
AGC,1.3914598223120398
AGG,1.8018352635176516
AGU,1.7449546575963835
AUA,0.44406175231623624
AUC,0.4719792980222745
AUG,0.5504981579933939
AUU,0.26484057541945777
CAA,0.4619170038320507
CAC,0.5329555327042217
CAG,3.4616279897629894
CAU,0.7920410927793705
CCA,0.31704726317800197
CCC,2.201121327019211
CCG,0.44946913376891456
CCU,1.6133048000782233
CGA,0.5111766391062035
CGC,0.6347752464848158
CGG,2.200591300586347
CGU,0.3909264739199811
CUA,1.3719658730853634
CUC,1.197270287894965
CUG,1.4621176685823483
CUU,4.4357772544325655
GAA,0.30323122324324164
GAC,0.27886785185879953
GAG,2.1554698197711435
GAU,0.5092827230977467
GCA,0.3254037731262467
GCC,0.3711122623315002
GCG,0.8500442782903607
GCU,0.25632335698423653
GGA,1.0268694244728174
GGC,0.17100169785162903
GGG,0.6855764108161263
GGU,0.3854202935427611
GUA,0.40492726518926525
GUC,0.5133596312337148
GUG,1.0007781978907695
GUU,0.272777310514685
UAC,0.36931044597632257
UAU,0.6075028597910352
UCA,0.37534160335430583
UCC,0.535636792011822
UCG,0.6439208272887188
UCU,0.24522473890374036
UGC,0.5139294210196879
UGG,0.21530120132531855
UGU,0.7698337323902997
UUA,0.51875107137359
UUC,0.2989619135051456
UUG,0.24298145721933462
UUU,0.5296031552119528
