codon,average_decoding_time
AAA,0.46018841346698586
AAC,0.32550023849138426
AAG,0.2304002391220875
AAU,0.5585621241146017
ACA,0.3496010450034839
ACC,0.38231161050444096
ACG,0.5758278378702606
ACU,0.22462823488338993
AGA,0.14748170038686842
AGC,1.3869314281254923
AGG,0.2917254252590624
AGU,1.7481845105532376
AUA,0.4438515240910405
AUC,0.47093816840778113
AUG,0.5523430852664981
AUU,0.26576253164310765
CAA,0.4664075754857946
CAC,0.5331101799820253
CAG,0.6462302987368869
CAU,0.7889992524074471
CCA,0.31692466915095413
CCC,2.1871141667245677
CCG,1.842068638203681
CCU,1.621097884044713
CGA,0.5080347055438237
CGC,0.6329586016160758
CGG,2.022252540970873
CGU,0.39187928516652687
CUA,1.3754620298532307
CUC,1.2099374515618295
CUG,1.4608182346864904
CUU,4.442536505028122
GAA,0.3047003851304189
GAC,0.27833415744954526
GAG,0.4662286220428353
GAU,0.5093842294886017
GCA,0.3259174821046147
GCC,0.36916130824734267
GCG,0.7424427325951591
GCU,0.2560799550546201
GGA,1.0209114014879752
GGC,0.17071566319152665
GGG,1.3649940262418976
GGU,0.38664330223823484
GUA,0.40418331029918736
GUC,0.5151081215380122
GUG,0.9968540957482739
GUU,0.27163482541590794
UAC,0.3700934650891944
UAU,0.6045221732587227
UCA,0.3717613425882368
UCC,0.5351381561450803
UCG,2.3094287057673424
UCU,0.24533639934930948
UGC,0.5154543880748809
UGG,0.30476113804220817
UGU,0.7676571821208134
UUA,0.519553366074087
UUC,0.2991201326131096
UUG,0.2421643448126188
UUU,0.5285951902081674
