codon,average_decoding_time
AAA,0.46035260046618154
AAC,0.3266511395609333
AAG,0.23047662685406053
AAU,0.5604743870816878
ACA,0.34998113857549595
ACC,0.38191400142944226
ACG,0.6698463345980593
ACU,0.22300361636434507
AGA,0.14863032726026057
AGC,1.3952843143466571
AGG,0.30782195897166087
AGU,1.7496098497240988
AUA,0.44207364638636654
AUC,0.47244683736391946
AUG,0.5549305581997508
AUU,0.2668159685055643
CAA,0.4664559035291443
CAC,0.5315569743106624
CAG,0.6448323588106135
CAU,0.7874460828563649
CCA,0.31705348820086376
CCC,2.1825762926972208
CCG,0.5063438276513191
CCU,1.6229457854603027
CGA,0.5109825165493538
CGC,0.6340418370969502
CGG,2.2069397644422613
CGU,0.3924244334668233
CUA,1.3691523671058614
CUC,1.2065483061523454
CUG,1.4610298953948266
CUU,4.465251933167402
GAA,0.27232681600480874
GAC,0.2814309980904822
GAG,0.4346298168853477
GAU,0.5082477350844636
GCA,0.32142273495921947
GCC,0.349031778446249
GCG,0.7137006608254256
GCU,0.23028113077106063
GGA,0.827000317584048
GGC,0.14900680158017937
GGG,0.6347052671189845
GGU,0.3615881975927114
GUA,0.3252489546071761
GUC,0.4295285669173402
GUG,0.8606333808437623
GUU,0.1996024278840621
UAC,0.3691350865873684
UAU,0.6092315426179404
UCA,0.3734585629810211
UCC,0.5343721337956148
UCG,0.6464152299278652
UCU,0.24547441447802673
UGC,0.5126365446646673
UGG,0.33296016701275155
UGU,0.7684873020057285
UUA,0.5176420990656595
UUC,0.297809849248386
UUG,0.21266009157442806
UUU,0.5312434466082936
