codon,average_decoding_time
AAA,0.4580606306372764
AAC,0.32659803156998807
AAG,0.23013346682785332
AAU,0.5609647470874011
ACA,0.34950082914117914
ACC,0.3821917219739776
ACG,0.6867073646558836
ACU,0.2237573182560455
AGA,0.14821674969913154
AGC,1.3920226843057086
AGG,0.30703924028836743
AGU,1.7432363792475534
AUA,0.4456514402272353
AUC,0.472287159410565
AUG,0.5248721752142063
AUU,0.2663735294716236
CAA,0.464921964998657
CAC,0.5341544505947912
CAG,0.6441704120945057
CAU,0.7868789621772745
CCA,0.31650438304235284
CCC,2.1971628302171973
CCG,0.4497274154171031
CCU,1.631740651386785
CGA,0.5117034287297553
CGC,0.6349767770236556
CGG,2.2057205783039286
CGU,0.3925822221842283
CUA,1.3704507755173183
CUC,1.203003523599333
CUG,1.4045884987269657
CUU,4.445125539665884
GAA,0.30525339683822544
GAC,0.2798196791608349
GAG,0.46674589105775677
GAU,0.5083668494948599
GCA,0.3265945130881351
GCC,0.3690992312492498
GCG,0.851439113378347
GCU,0.25860951528399506
GGA,1.025887205137978
GGC,0.17162931684570867
GGG,0.6800769582504856
GGU,0.38693412459111676
GUA,0.4051294503892764
GUC,0.5127871614396586
GUG,2.0718939684791735
GUU,0.27413560363394635
UAC,0.36948397411255246
UAU,0.6075410097179286
UCA,0.37247801552773474
UCC,0.5353092816832458
UCG,0.6475519336044916
UCU,0.2445244437899155
UGC,0.5107333813694679
UGG,0.33311767235721246
UGU,0.7684263169988198
UUA,0.5213168229325478
UUC,0.2988777733823566
UUG,0.19553050305497133
UUU,0.5296723964128495
