codon,average_decoding_time
AAA,0.45811388911409506
AAC,0.3276395044404053
AAG,0.16135229919119326
AAU,0.5592144133025047
ACA,0.34988553197904193
ACC,0.3821263090967371
ACG,0.5774115583072215
ACU,0.22991702071966608
AGA,0.14788653366880025
AGC,1.3845266488824033
AGG,0.2920988507851284
AGU,1.7410715328641049
AUA,0.4440802975374593
AUC,0.47400583449648837
AUG,0.5532792920237133
AUU,0.2759250871800681
CAA,0.4627256253270581
CAC,0.5374200603058603
CAG,3.457105854756645
CAU,0.7896714964708352
CCA,0.31846642660231833
CCC,2.1991661372054896
CCG,1.8473036540706433
CCU,1.7864450375163525
CGA,0.5109445842713368
CGC,0.6332442023435856
CGG,2.0254541728765436
CGU,0.3925896946674837
CUA,1.3632849736392052
CUC,1.2028116519962084
CUG,1.4668386513367409
CUU,1.2883956374885897
GAA,0.30239803298727846
GAC,0.27872871479148337
GAG,2.1543946234864513
GAU,0.5071971285899429
GCA,0.32501751505194987
GCC,0.37049191903334083
GCG,0.7429859378278887
GCU,0.2255626640092259
GGA,1.0212564747061774
GGC,0.1702884587212144
GGG,1.367822461960895
GGU,0.38627509166944435
GUA,0.4052453463898269
GUC,0.5138965425104113
GUG,0.9948330281993254
GUU,0.28548403326111316
UAC,0.5306254157763592
UAU,0.790682508221935
UCA,0.3765593337492944
UCC,0.5432244612644865
UCG,2.931387711619639
UCU,0.30871812086716244
UGC,0.7056857995731914
UGG,0.32648871938615054
UGU,0.9816819290962416
UUA,0.5754593752399292
UUC,0.3416713907684922
UUG,0.3280301705030534
UUU,0.5787129181934636
