codon,average_decoding_time
AAA,0.45918690810514046
AAC,0.32665385442572625
AAG,0.22957242156523108
AAU,0.5610416821855052
ACA,0.3507649742248761
ACC,0.38137123854093263
ACG,0.6669609609797313
ACU,0.22339369419675217
AGA,0.14786857723196692
AGC,1.3934397615703316
AGG,1.807282297230226
AGU,1.7429974262422316
AUA,0.4446426016973881
AUC,0.4741504251513536
AUG,0.5202014036664401
AUU,0.265303218299701
CAA,0.46383669460759297
CAC,0.5341659412009216
CAG,0.6458810561359052
CAU,0.7902240616952041
CCA,0.31949991152776
CCC,2.1889010329658816
CCG,0.5045455141143134
CCU,1.6213639218418394
CGA,0.5086340979882578
CGC,0.629673847218671
CGG,2.1970611705861716
CGU,0.39123020452106844
CUA,1.3728305162851366
CUC,1.2067142379301778
CUG,1.3962808507391702
CUU,4.444634112648919
GAA,0.272111041755922
GAC,0.27877391739420165
GAG,0.43479393956839857
GAU,0.5048268009740668
GCA,0.32270629869172246
GCC,0.35004298070969597
GCG,0.7087593694970923
GCU,0.23066935720639845
GGA,0.8290897612340834
GGC,0.14926474651576357
GGG,0.6319801610413129
GGU,0.36171930164585375
GUA,0.32440987463827986
GUC,0.43189873018426717
GUG,1.568670659461542
GUU,0.19972605544177724
UAC,0.36928198254207995
UAU,0.6093299204158575
UCA,0.37291076648861954
UCC,0.53397468985332
UCG,0.6460173548435694
UCU,0.245096061231576
UGC,0.5132796064202743
UGG,0.21330633533857868
UGU,0.7681704244084224
UUA,0.5186057630495413
UUC,0.2991890120167823
UUG,0.2124346970444617
UUU,0.5294977727110187
