codon,average_decoding_time
AAA,0.45583373250017384
AAC,0.3272948483577702
AAG,0.1621248646574249
AAU,0.559495118776097
ACA,0.35043145020669464
ACC,0.3833930951616505
ACG,0.5778510955712198
ACU,0.2245804838033485
AGA,0.14779326619796232
AGC,1.3986076119567996
AGG,1.631606821864807
AGU,1.7422084965220541
AUA,0.442778359623003
AUC,0.4710820301014064
AUG,0.5541052631109774
AUU,0.26709915427521724
CAA,0.4637355095995246
CAC,0.5347856915906818
CAG,3.4683635279474254
CAU,0.7890331309408399
CCA,0.3163728026719971
CCC,2.1881085743774595
CCG,1.8462047973318982
CCU,1.6227973325261011
CGA,0.5083948020642666
CGC,0.6333790379681198
CGG,2.0256992666336378
CGU,0.39377046313858044
CUA,1.3677803431268905
CUC,1.2045870650038213
CUG,1.4667509845335112
CUU,4.453551787149593
GAA,0.3055335793193297
GAC,0.2790825429279512
GAG,2.1680120404498813
GAU,0.5073754136142296
GCA,0.3252351156159167
GCC,0.3694065971835696
GCG,0.7419077255426908
GCU,0.25760072179282806
GGA,1.0287537842345185
GGC,0.1713642173855751
GGG,1.3664218226456684
GGU,0.38561730584042014
GUA,0.4048461437153758
GUC,0.5151044441788187
GUG,0.9984171765788672
GUU,0.2737274373074092
UAC,0.3729170319330042
UAU,0.6090257452262019
UCA,0.3710599005960483
UCC,0.5360488475536355
UCG,2.3200876379310325
UCU,0.24617928286534652
UGC,0.5122548074806331
UGG,0.1848298055030734
UGU,0.7694773582830515
UUA,0.5192812078728879
UUC,0.3002828116718662
UUG,0.24297555938407023
UUU,0.5299050096467339
