codon,average_decoding_time
AAA,0.4571863731700506
AAC,0.3272030689123734
AAG,0.16179555661510187
AAU,0.5611705745692517
ACA,0.3507725699702757
ACC,0.3816765918099955
ACG,0.6883132303358961
ACU,0.22460585277045267
AGA,0.1477790152938305
AGC,1.397716927227394
AGG,0.30755808484575103
AGU,1.754863259760999
AUA,0.44415772716502744
AUC,0.4683292236099514
AUG,0.5222371059023126
AUU,0.2664201877214394
CAA,0.46486848574826034
CAC,0.5330484807841033
CAG,3.4516758014146363
CAU,0.7923791909123183
CCA,0.3178392856927897
CCC,2.187667238896965
CCG,0.4498384792816577
CCU,1.6206439523570186
CGA,0.5101903312631564
CGC,0.6332490250829202
CGG,2.1996680282965837
CGU,0.3933379100152037
CUA,1.3664118476021008
CUC,1.2095091088996766
CUG,1.3974373751559792
CUU,4.419909729151699
GAA,0.30283254323690517
GAC,0.280912802161535
GAG,2.1613598205089404
GAU,0.5078204970340955
GCA,0.32642764574001853
GCC,0.36970559153946303
GCG,0.8563716364693957
GCU,0.2559698163463945
GGA,1.0204549669004677
GGC,0.17106622971100177
GGG,0.6798545519588837
GGU,0.38644381927768184
GUA,0.4037885118766898
GUC,0.5130607062363275
GUG,2.0844285504669586
GUU,0.27395773831519965
UAC,0.3702495984147377
UAU,0.6070883253046188
UCA,0.3727814501016099
UCC,0.5353275513085455
UCG,0.6465467627765272
UCU,0.246178221908617
UGC,0.5112985227270872
UGG,0.3351647708001868
UGU,0.7681092878448408
UUA,0.520305364713303
UUC,0.2999651799842847
UUG,0.22523396889346337
UUU,0.5280717454027412
