codon,average_decoding_time
AAA,0.4569602429601237
AAC,0.3256990120229527
AAG,0.16160213994417602
AAU,0.5602539394323763
ACA,0.3515233164694067
ACC,0.3825521723084418
ACG,0.5784300463495139
ACU,0.2293161181364443
AGA,0.1483000525361016
AGC,1.392581813151469
AGG,0.2917623052426253
AGU,1.7470763588527036
AUA,0.4420062261329048
AUC,0.47044167111170887
AUG,0.5194585576143832
AUU,0.2776660963705222
CAA,0.4630036030113178
CAC,0.5328414303262463
CAG,3.469923708513748
CAU,0.787794056389118
CCA,0.31622640999932233
CCC,2.17966032438877
CCG,1.846871622511659
CCU,1.7920222286416074
CGA,0.5099567580906748
CGC,0.6317293273068714
CGG,2.031074347951164
CGU,0.3926844932939339
CUA,1.3780279524890031
CUC,1.205383854605428
CUG,1.397291868716069
CUU,1.2965720257954156
GAA,0.30381911032333353
GAC,0.2796630336889023
GAG,2.1527461474671328
GAU,0.5073765751649072
GCA,0.32581787853435434
GCC,0.3685855405539811
GCG,0.7442337797261924
GCU,0.2261532099283766
GGA,1.0256852185237555
GGC,0.17141220847469438
GGG,1.3631241372155125
GGU,0.38745126289042126
GUA,0.40466260694646394
GUC,0.5124122965736815
GUG,2.077921227081979
GUU,0.2854284539266606
UAC,0.5318593898714157
UAU,0.7899492915116272
UCA,0.3787004070977422
UCC,0.542616047141332
UCG,2.9304820214356146
UCU,0.31022317279658435
UGC,0.703108514780905
UGG,0.32135194098776204
UGU,0.9877229242379932
UUA,0.5771081843077988
UUC,0.3430020783678151
UUG,0.3094537649048618
UUU,0.5771349396503122
