codon,average_decoding_time
AAA,0.4604070502018379
AAC,0.32683881471381504
AAG,0.2309599388394292
AAU,0.5605190605109243
ACA,0.3504455140850728
ACC,0.3811989018768046
ACG,0.6663045631431719
ACU,0.22989007227899508
AGA,0.148441150001011
AGC,1.393666991698944
AGG,1.788328745822603
AGU,1.7498161460326793
AUA,0.44379330601247896
AUC,0.4719231317366252
AUG,0.552257408000124
AUU,0.2784660280079529
CAA,0.4642416167440681
CAC,0.5334817357735862
CAG,0.6463216326507647
CAU,0.7880394114056524
CCA,0.3164382937160343
CCC,2.199837467103228
CCG,0.506991161986482
CCU,1.784470277881894
CGA,0.5103467918482705
CGC,0.6341539715346105
CGG,2.1931190029145307
CGU,0.39220356036574994
CUA,1.3709829464179737
CUC,1.212591257473101
CUG,1.4674547248554413
CUU,1.2917571204554041
GAA,0.2717029286504972
GAC,0.2789077472031753
GAG,0.4347842019440221
GAU,0.5073277255196303
GCA,0.32303764703330135
GCC,0.35035504750172114
GCG,0.7108725412429054
GCU,0.20713211198586895
GGA,0.8248762070320195
GGC,0.14873328948286565
GGG,0.6335237266868248
GGU,0.36208262224192017
GUA,0.3250501218194887
GUC,0.43222721156157684
GUG,0.7678316598503059
GUU,0.21196406736230525
UAC,0.5316910033934056
UAU,0.7884167085273439
UCA,0.37710228328503215
UCC,0.5416478174533071
UCG,0.7843484675649295
UCU,0.30913444846645516
UGC,0.7056002236103938
UGG,0.35453251444940376
UGU,0.983131122075425
UUA,0.5772080149829926
UUC,0.3438522518380164
UUG,0.3269740528282702
UUU,0.5781277379327515
