codon,average_decoding_time
AAA,0.45995675008662773
AAC,0.3257598450882364
AAG,0.1615518385931968
AAU,0.5600431085400421
ACA,0.350410599937401
ACC,0.3817322106086368
ACG,0.6690919458114046
ACU,0.22403866857766308
AGA,0.14811908754140668
AGC,1.3919645712361581
AGG,1.7902873180743948
AGU,1.744733501846746
AUA,0.44473690790637765
AUC,0.4705195495169145
AUG,0.5497121268404009
AUU,0.26544743060642795
CAA,0.46209827900329553
CAC,0.5330763778538566
CAG,3.4656855318241906
CAU,0.7942370598990773
CCA,0.31500943506441714
CCC,2.178782433005211
CCG,0.5066558064552438
CCU,1.618608922349372
CGA,0.5104349385962003
CGC,0.6351797912499962
CGG,2.191010520146867
CGU,0.39398407921697615
CUA,1.3688772154935502
CUC,1.2079068147302536
CUG,1.4605298551720802
CUU,4.427032592950137
GAA,0.27363432235995244
GAC,0.27986632505527004
GAG,1.9371821047160658
GAU,0.5049299571659369
GCA,0.32227569312072485
GCC,0.3509888901479764
GCG,0.7112381639255625
GCU,0.2284234566905068
GGA,0.8263795247394955
GGC,0.14814894768152329
GGG,0.6351898903199433
GGU,0.36184907908121655
GUA,0.3245526210254441
GUC,0.4322547745856819
GUG,0.8567819112445437
GUU,0.20069841346372977
UAC,0.3696681469390476
UAU,0.6048392322694529
UCA,0.37495902661562597
UCC,0.5371737311111262
UCG,0.6502378057382854
UCU,0.24359067156930866
UGC,0.5129286678628374
UGG,0.21491424296907022
UGU,0.7694447190083852
UUA,0.5202223076127651
UUC,0.2981556133741274
UUG,0.21283987301908222
UUU,0.5304136894367537
