codon,average_decoding_time
AAA,0.45799355236526923
AAC,0.32514666426452526
AAG,0.229875753716233
AAU,0.558600225365152
ACA,0.3490886724559371
ACC,0.3811653693192756
ACG,0.6889836344251065
ACU,0.2228486110683784
AGA,0.14956002851348452
AGC,1.3897007918044713
AGG,0.3072896754950428
AGU,1.7551361364008344
AUA,0.443766280456591
AUC,0.47026190295711967
AUG,0.5195394056012507
AUU,0.26611379144997527
CAA,0.46290543109867677
CAC,0.5330426586248377
CAG,0.6477510419510646
CAU,0.7898285156802555
CCA,0.31753871582241155
CCC,2.1906010124085964
CCG,0.44890339308867583
CCU,1.6222605893774424
CGA,0.5088463367493803
CGC,0.6322463362374892
CGG,2.185708842484156
CGU,0.3945247304873186
CUA,1.3639647337404033
CUC,1.208345515485836
CUG,1.4031206289934053
CUU,4.469686345257863
GAA,0.30479029628900517
GAC,0.27892104900908743
GAG,0.4675542192004565
GAU,0.5066760063491285
GCA,0.3265330022069259
GCC,0.37054928750621197
GCG,0.8523514144166244
GCU,0.25624986970772107
GGA,1.0254696382493416
GGC,0.17167842965285476
GGG,0.6850384028512554
GGU,0.38630440535355576
GUA,0.4054113939162896
GUC,0.5130480672815189
GUG,2.0823056947341776
GUU,0.27152563901468224
UAC,0.36980320177813303
UAU,0.6083468039016826
UCA,0.3726351023825154
UCC,0.5338032028017125
UCG,0.6476062018683203
UCU,0.24533273934550293
UGC,0.5121836188285771
UGG,0.3330209411141907
UGU,0.7677400043294578
UUA,0.5204037526869526
UUC,0.2981113788216831
UUG,0.20261255289569913
UUU,0.5282456307356603
