codon,average_decoding_time
AAA,0.4571139640295461
AAC,0.3260257970003288
AAG,0.1612755292624363
AAU,0.5619365410577175
ACA,0.3509102400123908
ACC,0.38208864184274105
ACG,0.6657776344579294
ACU,0.22324272948150775
AGA,0.14804535950039543
AGC,1.3955292241997819
AGG,0.306221521200879
AGU,1.7547009424261089
AUA,0.4434739661635117
AUC,0.46986490169027806
AUG,0.5221310811089293
AUU,0.26580367975271657
CAA,0.4655781894265268
CAC,0.5342177352821297
CAG,3.481776603668785
CAU,0.789461293751402
CCA,0.31737794653555157
CCC,2.185351770997278
CCG,0.5074618774685173
CCU,1.616635445158657
CGA,0.5070604129829682
CGC,0.6359232081630952
CGG,2.211716107677489
CGU,0.3907098265776331
CUA,1.3750357768377575
CUC,1.207072977004047
CUG,1.4038330463603774
CUU,4.454590606498348
GAA,0.2703141080469039
GAC,0.28061332030685027
GAG,1.928924366049165
GAU,0.5071588747391752
GCA,0.3219107601561816
GCC,0.349802432164491
GCG,0.7103565779490962
GCU,0.22918222541544198
GGA,0.827325647621232
GGC,0.14904008683874082
GGG,0.6353666986910033
GGU,0.3612021537138611
GUA,0.3255406701019911
GUC,0.43287136722905134
GUG,1.774410045672301
GUU,0.19978052789695117
UAC,0.3705012307039742
UAU,0.6109302364695739
UCA,0.3725798050512424
UCC,0.537341220889547
UCG,0.6470559938647198
UCU,0.2443457040778872
UGC,0.513665045454568
UGG,0.33265473315536764
UGU,0.7699834155555451
UUA,0.5208615035001894
UUC,0.2989064167121893
UUG,0.1946583769217497
UUU,0.5307693349171687
