codon,average_decoding_time
AAA,0.45777993148302004
AAC,0.3281216969599328
AAG,0.1614918718055852
AAU,0.5608593927620528
ACA,0.34966257051934935
ACC,0.38040598770431827
ACG,0.6668801572671232
ACU,0.22439819599897415
AGA,0.14823316594621191
AGC,1.3949040334036833
AGG,1.794980843964903
AGU,1.7468097561299176
AUA,0.4438499195357667
AUC,0.47197261631039494
AUG,0.5226998111579404
AUU,0.26502569290735273
CAA,0.4642537974962262
CAC,0.535025405085692
CAG,3.475653555948128
CAU,0.7899171383363007
CCA,0.3177392916212113
CCC,2.183302024907688
CCG,0.5042917049682418
CCU,1.6189565167757722
CGA,0.5100698720542156
CGC,0.634703680215532
CGG,2.203765207579085
CGU,0.3921689952798591
CUA,1.370156994082409
CUC,1.2017122729672194
CUG,1.3984848832007992
CUU,4.440161136042655
GAA,0.2721516669719514
GAC,0.27978464483402926
GAG,1.928763319135611
GAU,0.5068121598540747
GCA,0.3228084582322093
GCC,0.35156546103200703
GCG,0.7064756422003576
GCU,0.22820822536862623
GGA,0.8235754049578335
GGC,0.14783486548157443
GGG,0.6322555887340267
GGU,0.36248767780401203
GUA,0.3237531752324973
GUC,0.43227813673425014
GUG,1.766657142728479
GUU,0.19859396667038298
UAC,0.36943698601036645
UAU,0.6083352192029545
UCA,0.37405725026093095
UCC,0.5343704114192478
UCG,0.6438425034605233
UCU,0.24474774868925736
UGC,0.5154303565842021
UGG,0.21458220110871884
UGU,0.7677067300819314
UUA,0.5209955654248798
UUC,0.298713169291925
UUG,0.19469624936230556
UUU,0.5315202895775015
