codon,average_decoding_time
AAA,0.45937159811383105
AAC,0.32720264325280957
AAG,0.23088075693485124
AAU,0.5602565528488331
ACA,0.35199881774171266
ACC,0.38069671369886726
ACG,0.6674604069722889
ACU,0.22479913458040984
AGA,0.14765708144047832
AGC,1.3880381467939136
AGG,0.3056046294489759
AGU,1.7449594238591237
AUA,0.4458711227721579
AUC,0.47323933300961374
AUG,0.5251623371891299
AUU,0.26427457551323164
CAA,0.4650310852171051
CAC,0.530606022262176
CAG,0.6474908004943911
CAU,0.787965343931252
CCA,0.31688044517715713
CCC,2.199808431128147
CCG,0.5072790209177641
CCU,1.6185999771060142
CGA,0.5099590349301535
CGC,0.6344237505677399
CGG,2.198230899535522
CGU,0.3922795800803215
CUA,1.3724959585115977
CUC,1.2062070084799321
CUG,1.3988456460386358
CUU,4.450583410375185
GAA,0.2711564107038575
GAC,0.27885138806424487
GAG,0.4364907438402404
GAU,0.5071527684238241
GCA,0.32428009562869625
GCC,0.3486935639698569
GCG,0.7079114846160144
GCU,0.22917328268931703
GGA,0.8306208364842126
GGC,0.14884141403087428
GGG,0.633240470842472
GGU,0.36303503830283385
GUA,0.3238957426398128
GUC,0.4317578723959688
GUG,1.5589507307950687
GUU,0.19955737953956287
UAC,0.36883149569368173
UAU,0.6061761089862041
UCA,0.3750630678380624
UCC,0.534784761231911
UCG,0.6451748120824952
UCU,0.24457287860817625
UGC,0.5139266725046069
UGG,0.33383112717333074
UGU,0.7672206929345956
UUA,0.5222499215938916
UUC,0.3000351178876749
UUG,0.21362284871966492
UUU,0.5302948216244999
