codon,average_decoding_time
AAA,0.45869431217424805
AAC,0.326439859625283
AAG,0.1609793142820865
AAU,0.5601814627569673
ACA,0.3489222000309973
ACC,0.38232223623608363
ACG,0.5805735381322487
ACU,0.22244218087535833
AGA,0.14814306050168344
AGC,1.4032115828088745
AGG,0.2906630514362068
AGU,1.7415151849942203
AUA,0.44333630848175526
AUC,0.4709485781499368
AUG,0.5512870547228712
AUU,0.2642543814338545
CAA,0.4650987041257034
CAC,0.5350342390150175
CAG,3.4599128422455045
CAU,0.7906659457975347
CCA,0.3191414868178934
CCC,2.1862641511905396
CCG,1.8384095282848505
CCU,1.624804403756239
CGA,0.5108768571426832
CGC,0.6342929990667173
CGG,2.047261948203159
CGU,0.3909259353931967
CUA,1.3694172042158619
CUC,1.2083727752009394
CUG,1.4670639603182551
CUU,4.428192324602246
GAA,0.30275789254870056
GAC,0.279478315057809
GAG,2.1653393602946207
GAU,0.5075656601210271
GCA,0.3279994034330075
GCC,0.3691129095320191
GCG,0.7462957310922104
GCU,0.2566106500485678
GGA,1.0238936072818483
GGC,0.17228057375971945
GGG,1.3694945840411403
GGU,0.3853686416492519
GUA,0.40571529971813286
GUC,0.5143999109997442
GUG,0.9993760507332892
GUU,0.2719313559371911
UAC,0.37135560910726695
UAU,0.6050506900312188
UCA,0.3725923578260454
UCC,0.5384688856509846
UCG,2.3088265196545588
UCU,0.24546760556104147
UGC,0.5127848110047745
UGG,0.3036894522276953
UGU,0.7670677004841265
UUA,0.5221270610379624
UUC,0.3012127487142707
UUG,0.24247696897679533
UUU,0.5302458939860232
