codon,average_decoding_time
AAA,0.4565772228359135
AAC,0.32711839644982876
AAG,0.23013334281201248
AAU,0.5577344272832051
ACA,0.3502503497052818
ACC,0.38224923834509233
ACG,0.577732495668829
ACU,0.22952252418325728
AGA,0.14813531227325302
AGC,1.3891823973482584
AGG,1.6314538406458288
AGU,1.7529531366842679
AUA,0.4424048506261064
AUC,0.4741301472985698
AUG,0.5501574215122891
AUU,0.2791904861366821
CAA,0.4630193023963989
CAC,0.5336689721441596
CAG,0.6497644630466236
CAU,0.7879687702305989
CCA,0.3171276691793956
CCC,2.190118407204652
CCG,1.8461779575172304
CCU,1.7924022737209464
CGA,0.5087916890732783
CGC,0.6344922393458969
CGG,2.027007701501417
CGU,0.39215548930767485
CUA,1.3760697449241985
CUC,1.2066460513594766
CUG,1.4631319648749361
CUU,1.297939736631153
GAA,0.3038193741348896
GAC,0.2790591477309618
GAG,0.46704928430820786
GAU,0.5071557056166723
GCA,0.3238335133463453
GCC,0.3690595895275761
GCG,0.7458028057450634
GCU,0.22582062363161173
GGA,1.022347809501585
GGC,0.17007153461036364
GGG,1.3629275177137938
GGU,0.3870654837868414
GUA,0.40467144607813216
GUC,0.5151798124795713
GUG,0.9900833223613744
GUU,0.2864450634625344
UAC,0.5308160963379298
UAU,0.7886085440110054
UCA,0.37758409421534084
UCC,0.5412274119832362
UCG,2.9233607805629203
UCU,0.3110461228756722
UGC,0.7057349981854266
UGG,0.32478684035369837
UGU,0.9856587336266032
UUA,0.5781452816835694
UUC,0.3445715229914284
UUG,0.3274576923756296
UUU,0.5784078487947085
